seg,log_mono_ns,t_wall_unix,gps_unix_s,lat,lon,alt_m,speed_mps,bearing_deg,h_acc_m,v_acc_m,sat_count,has_fix
0,1543247128889,1788460722.719,1788460722.554,35.1823032,-97.4356217,319.05,0.0000,0.000,27.76,19.63,0,0
0,1543472452847,1788460722.944,1788460722.982,35.1822512,-97.4355002,319.05,0.1940,0.000,227.01,2.52,5,0
0,1543643797170,1788460723.115,1788460723.159,35.1822356,-97.4355620,306.81,0.0200,0.000,204.24,242.20,5,0
0,1543896429409,1788460723.368,1788460723.418,35.1822355,-97.4355459,313.84,0.0610,0.000,78.19,88.87,8,0
0,1544115897326,1788460723.587,1788460723.569,35.1823105,-97.4355452,321.19,0.0610,0.000,59.39,69.86,10,1
0,1544349849513,1788460723.821,1788460723.766,35.1823366,-97.4355548,323.85,0.0070,0.000,41.13,49.30,13,1
0,1544608007534,1788460724.079,1788460723.993,35.1823543,-97.4355580,326.72,0.0130,0.000,29.03,35.47,16,1
0,1544875396127,1788460724.347,1788460724.291,35.1823502,-97.4355722,325.25,0.0620,0.000,22.07,27.10,17,1
0,1545115693159,1788460724.587,1788460724.488,35.1823524,-97.4355784,324.44,0.0850,0.000,17.77,21.90,17,1
0,1545440856908,1788460724.912,1788460724.793,35.1823486,-97.4355786,323.77,0.0880,0.000,14.77,18.29,17,1
0,1545717488835,1788460725.189,1788460725.098,35.1823447,-97.4355788,324.73,0.0700,0.000,12.52,15.65,16,1
0,1545983166908,1788460725.455,1788460725.397,35.1823476,-97.4355838,324.95,0.0590,0.000,10.66,13.50,17,1
0,1546200808731,1788460725.672,1788460725.598,35.1823477,-97.4355812,325.29,0.0380,0.000,9.20,11.79,17,1
0,1546526936752,1788460725.998,1788460725.894,35.1823448,-97.4355816,325.49,0.0140,0.000,7.96,10.35,17,1
0,1546822140398,1788460726.294,1788460726.196,35.1823470,-97.4355855,325.37,0.0400,0.000,6.99,9.21,17,1
0,1547128151960,1788460726.600,1788460726.498,35.1823425,-97.4355868,324.68,0.0360,0.000,6.22,8.27,17,1
0,1547442431179,1788460726.914,1788460726.799,35.1823397,-97.4355878,324.31,0.0650,0.000,5.62,7.55,17,1
0,1547712068835,1788460727.184,1788460727.096,35.1823342,-97.4355899,323.49,0.0340,0.000,5.14,6.94,17,1
0,1548019021022,1788460727.491,1788460727.395,35.1823307,-97.4355925,322.66,0.0200,0.000,4.77,6.47,17,1
0,1548307148574,1788460727.779,1788460727.701,35.1823296,-97.4355940,322.17,0.1710,0.000,4.46,6.07,17,1
0,1548617715970,1788460728.089,1788460727.998,35.1823269,-97.4355945,321.79,0.4240,86.556,4.21,5.75,17,1
0,1548902517063,1788460728.374,1788460728.301,35.1823252,-97.4355940,321.39,0.6800,87.092,3.99,5.47,17,1
0,1549217112688,1788460728.689,1788460728.599,35.1823248,-97.4355926,321.18,0.9250,83.205,3.80,5.20,17,1
0,1549486787532,1788460728.958,1788460728.898,35.1823244,-97.4355896,320.97,1.0770,86.797,3.63,4.96,17,1
0,1549823554823,1788460729.295,1788460729.200,35.1823240,-97.4355859,320.78,1.3370,88.322,3.47,4.75,17,1
0,1550112221438,1788460729.584,1788460729.500,35.1823237,-97.4355818,320.62,1.4900,92.887,3.34,4.57,17,1
0,1550408563990,1788460729.880,1788460729.797,35.1823230,-97.4355773,320.56,1.5350,92.927,3.22,4.40,17,1
0,1550775467896,1788460730.247,1788460730.095,35.1823011,-97.4355780,318.73,1.6750,91.981,9.78,13.63,17,1
0,1550946075604,1788460730.418,1788460730.397,35.1822981,-97.4355739,317.19,1.5940,91.619,7.45,7.46,17,1
0,1551118688833,1788460730.590,1788460730.599,35.1822979,-97.4355700,317.34,1.5610,90.886,7.24,8.00,17,1
0,1551325740500,1788460730.797,1788460730.799,35.1822970,-97.4355664,317.40,1.4630,90.045,6.20,7.22,17,1
0,1551515766750,1788460730.987,1788460730.999,35.1822965,-97.4355630,317.39,1.3430,91.285,5.50,6.64,17,1
0,1551718331698,1788460731.190,1788460731.199,35.1822962,-97.4355600,317.41,1.1630,90.663,4.98,6.19,17,1
0,1551918021229,1788460731.390,1788460731.399,35.1822956,-97.4355577,317.37,1.0350,93.168,4.61,5.82,17,1
0,1552128250031,1788460731.600,1788460731.599,35.1822950,-97.4355560,317.31,0.9410,95.074,4.31,5.52,17,1
0,1552323105552,1788460731.795,1788460731.799,35.1822946,-97.4355541,317.30,1.0780,93.310,4.06,5.26,17,1
0,1552532677947,1788460732.004,1788460731.999,35.1822948,-97.4355521,317.29,1.1360,93.591,3.85,5.06,17,1
0,1552815436229,1788460732.287,1788460732.199,35.1822948,-97.4355497,317.24,1.3130,96.516,3.66,4.84,17,1
0,1553013578156,1788460732.485,1788460732.499,35.1822943,-97.4355451,317.19,1.6730,101.011,3.50,4.65,17,1
0,1553218641072,1788460732.690,1788460732.699,35.1822937,-97.4355415,317.23,1.8380,103.877,3.35,4.47,17,1
0,1553421850239,1788460732.893,1788460732.899,35.1822928,-97.4355383,317.22,1.8600,108.388,3.22,4.30,17,1
0,1553617808728,1788460733.089,1788460733.099,35.1822908,-97.4355349,317.20,2.0120,112.898,3.10,4.14,17,1
0,1553816994353,1788460733.288,1788460733.299,35.1822886,-97.4355312,317.28,2.1800,116.897,2.99,4.00,17,1
0,1554013935759,1788460733.485,1788460733.499,35.1822855,-97.4355275,317.28,2.3670,122.940,2.88,3.88,17,1
0,1554223825863,1788460733.695,1788460733.699,35.1822825,-97.4355237,317.32,2.5840,126.858,2.79,3.77,17,1
0,1554419870082,1788460733.891,1788460733.899,35.1822787,-97.4355200,317.36,2.6910,130.783,2.70,3.67,17,1
0,1554622589665,1788460734.094,1788460734.099,35.1822747,-97.4355164,317.35,2.7360,135.632,2.62,3.57,16,1
0,1554814873832,1788460734.286,1788460734.299,35.1822698,-97.4355128,317.32,2.9210,141.959,2.54,3.49,17,1
0,1555023264144,1788460734.495,1788460734.499,35.1822650,-97.4355097,317.25,3.0180,145.680,2.49,3.41,17,1
0,1555221257894,1788460734.693,1788460734.699,35.1822596,-97.4355069,317.25,3.1700,151.416,2.44,3.34,17,1
0,1555421899405,1788460734.893,1788460734.899,35.1822541,-97.4355049,317.22,3.2220,157.021,2.39,3.28,17,1
0,1555613372998,1788460735.085,1788460735.099,35.1822481,-97.4355032,317.19,3.3950,163.088,2.34,3.22,17,1
0,1555817584040,1788460735.289,1788460735.299,35.1822415,-97.4355021,317.20,3.5640,168.582,2.30,3.18,17,1
0,1556023051644,1788460735.495,1788460735.499,35.1822344,-97.4355015,317.20,3.7970,173.114,2.26,3.15,17,1
0,1556222607321,1788460735.694,1788460735.699,35.1822272,-97.4355010,317.23,3.9580,176.439,2.22,3.11,17,1
0,1556413722477,1788460735.885,1788460735.899,35.1822197,-97.4355003,317.33,4.0830,178.106,2.18,3.07,17,1
0,1556621719040,1788460736.093,1788460736.099,35.1822120,-97.4355003,317.38,4.3020,179.053,2.14,3.03,17,1
0,1556821155967,1788460736.293,1788460736.299,35.1822037,-97.4355007,317.41,4.6380,181.631,2.10,2.99,17,1
0,1557016655446,1788460736.488,1788460736.499,35.1821951,-97.4355014,317.42,4.7290,181.795,2.07,2.96,17,1
0,1557215179456,1788460736.687,1788460736.699,35.1821862,-97.4355018,317.42,4.9080,181.528,2.03,2.93,16,1
0,1557419780914,1788460736.891,1788460736.899,35.1821768,-97.4355021,317.43,5.2020,181.297,2.01,2.90,17,1
0,1557620916487,1788460737.092,1788460737.099,35.1821671,-97.4355025,317.39,5.3250,180.692,1.98,2.88,17,1
0,1557822454300,1788460737.294,1788460737.299,35.1821571,-97.4355027,317.41,5.5500,179.718,1.95,2.86,17,1
0,1558019538935,1788460737.491,1788460737.499,35.1821465,-97.4355026,317.43,5.8040,179.521,1.93,2.83,17,1
0,1558220203310,1788460737.692,1788460737.699,35.1821357,-97.4355030,317.41,5.9800,180.146,1.91,2.81,17,1
0,1558390594924,1788460737.862,1788460737.899,35.1821244,-97.4355031,317.41,6.2960,178.903,1.88,2.79,17,1
0,1558519124508,1788460737.991,1788460737.999,35.1821187,-97.4355035,317.41,6.3320,179.648,1.86,2.77,16,1
0,1558720329143,1788460738.192,1788460738.199,35.1821071,-97.4355037,317.38,6.4790,179.794,1.85,2.75,17,1
0,1558912999455,1788460738.384,1788460738.399,35.1820950,-97.4355038,317.36,6.7070,179.504,1.83,2.73,17,1
0,1559111295445,1788460738.583,1788460738.599,35.1820824,-97.4355039,317.36,7.0050,179.783,1.82,2.72,16,1
0,1559311423882,1788460738.783,1788460738.799,35.1820697,-97.4355037,317.36,7.0240,178.455,1.81,2.70,17,1
0,1559513117216,1788460738.985,1788460738.999,35.1820568,-97.4355025,317.43,7.1090,177.081,1.80,2.69,16,1
0,1559715378986,1788460739.187,1788460739.199,35.1820439,-97.4355018,317.42,7.1890,176.631,1.79,2.68,17,1
0,1559914980653,1788460739.386,1788460739.399,35.1820307,-97.4355018,317.36,7.2800,177.880,1.78,2.66,17,1
0,1560113283153,1788460739.585,1788460739.599,35.1820174,-97.4355018,317.35,7.4200,178.789,1.77,2.65,17,1
0,1560311370653,1788460739.783,1788460739.799,35.1820040,-97.4355021,317.30,7.4210,179.498,1.75,2.64,17,1
0,1560526447996,1788460739.998,1788460739.999,35.1819906,-97.4355027,317.19,7.4590,180.304,1.74,2.62,17,1
0,1560715384351,1788460740.187,1788460740.199,35.1819775,-97.4355026,317.14,7.2740,179.427,1.73,2.61,17,1
0,1560919928205,1788460740.391,1788460740.399,35.1819644,-97.4355026,317.12,7.2260,179.349,1.72,2.60,17,1
0,1561111616850,1788460740.583,1788460740.599,35.1819518,-97.4355025,317.12,6.9230,179.673,1.71,2.59,17,1
0,1561316702684,1788460740.788,1788460740.799,35.1819393,-97.4355021,317.14,6.9350,178.751,1.69,2.58,17,1
0,1561521282788,1788460740.993,1788460740.999,35.1819270,-97.4355023,317.07,6.7750,179.720,1.68,2.56,17,1
0,1561722911225,1788460741.194,1788460741.199,35.1819148,-97.4355021,317.10,6.7460,179.021,1.67,2.55,17,1
0,1561919666121,1788460741.391,1788460741.399,35.1819028,-97.4355018,317.17,6.5260,179.033,1.66,2.54,17,1
0,1562119737319,1788460741.591,1788460741.599,35.1818912,-97.4355022,317.12,6.4150,180.271,1.64,2.53,17,1
0,1562314099037,1788460741.786,1788460741.799,35.1818801,-97.4355026,317.08,6.1810,180.597,1.64,2.52,17,1
0,1562515632319,1788460741.987,1788460741.999,35.1818693,-97.4355025,317.00,5.9960,179.189,1.63,2.52,17,1
0,1562743643360,1788460742.215,1788460742.199,35.1818586,-97.4355025,316.99,5.8770,179.456,1.62,2.51,17,1
0,1562922785496,1788460742.394,1788460742.399,35.1818480,-97.4355030,316.96,5.8920,180.868,1.62,2.50,17,1
0,1563127128412,1788460742.599,1788460742.599,35.1818380,-97.4355031,316.91,5.5640,179.980,1.61,2.49,16,1
0,1563317353777,1788460742.789,1788460742.799,35.1818286,-97.4355026,316.95,5.2100,179.218,1.60,2.48,17,1
0,1563519672891,1788460742.991,1788460742.999,35.1818197,-97.4355025,316.93,4.9950,179.261,1.59,2.47,17,1
0,1563724685183,1788460743.196,1788460743.199,35.1818114,-97.4355026,316.80,4.6750,179.181,1.58,2.46,17,1
0,1563913295026,1788460743.385,1788460743.399,35.1818034,-97.4355031,316.79,4.4020,182.211,1.57,2.45,17,1
0,1564121967839,1788460743.593,1788460743.599,35.1817958,-97.4355039,316.78,4.1690,184.364,1.57,2.44,17,1
0,1564329504662,1788460743.801,1788460743.799,35.1817888,-97.4355048,316.75,3.9700,186.307,1.56,2.44,17,1
0,1564521989141,1788460743.993,1788460743.999,35.1817820,-97.4355065,316.71,3.8660,189.237,1.55,2.43,17,1
0,1564736359662,1788460744.208,1788460744.199,35.1817759,-97.4355085,316.55,3.5810,191.153,1.55,2.42,17,1
0,1564923197005,1788460744.395,1788460744.399,35.1817702,-97.4355106,316.55,3.2970,194.913,1.54,2.42,17,1
0,1565120712943,1788460744.592,1788460744.599,35.1817649,-97.4355136,316.56,3.1900,200.503,1.53,2.42,17,1
0,1565324565338,1788460744.796,1788460744.799,35.1817598,-97.4355169,316.49,3.2040,205.642,1.53,2.41,17,1
0,1565519032422,1788460744.991,1788460744.999,35.1817550,-97.4355205,316.39,3.1110,208.216,1.52,2.41,17,1
0,1565715746432,1788460745.187,1788460745.199,35.1817505,-97.4355256,316.23,3.3070,215.079,1.51,2.40,17,1
0,1565924294869,1788460745.396,1788460745.399,35.1817459,-97.4355299,316.14,3.1240,216.284,1.51,2.40,17,1
0,1566121884661,1788460745.593,1788460745.599,35.1817417,-97.4355346,316.04,3.1360,219.211,1.50,2.40,17,1
0,1566331718307,1788460745.803,1788460745.799,35.1817386,-97.4355402,315.91,3.0040,225.629,1.50,2.39,17,1
0,1566518036640,1788460745.990,1788460745.999,35.1817360,-97.4355457,315.80,2.8640,231.955,1.50,2.39,17,1
0,1566718041067,1788460746.190,1788460746.199,35.1817338,-97.4355514,315.72,2.8990,237.861,1.49,2.39,17,1
0,1566918775546,1788460746.390,1788460746.399,35.1817320,-97.4355571,315.72,2.8390,244.670,1.48,2.39,17,1
0,1567120985129,1788460746.592,1788460746.599,35.1817307,-97.4355638,315.68,3.0330,251.031,1.47,2.38,17,1
0,1567320097161,1788460746.792,1788460746.799,35.1817291,-97.4355707,315.60,3.1480,252.880,1.46,2.38,17,1
0,1567524792785,1788460746.996,1788460746.999,35.1817278,-97.4355774,315.49,3.1810,254.681,1.45,2.38,17,1
0,1567719747421,1788460747.191,1788460747.199,35.1817276,-97.4355845,315.47,3.3450,261.391,1.45,2.37,17,1
0,1567912258410,1788460747.384,1788460747.399,35.1817275,-97.4355922,315.37,3.4420,264.807,1.44,2.37,17,1
0,1568118921171,1788460747.590,1788460747.599,35.1817271,-97.4356001,315.31,3.5840,265.808,1.43,2.36,17,1
0,1568314969973,1788460747.786,1788460747.799,35.1817268,-97.4356082,315.23,3.7200,266.314,1.43,2.36,17,1
0,1568515823254,1788460747.987,1788460747.999,35.1817266,-97.4356169,315.20,4.0440,267.749,1.43,2.35,17,1
0,1568715469035,1788460748.187,1788460748.199,35.1817273,-97.4356259,315.15,4.0770,271.486,1.43,2.35,17,1
0,1568915419087,1788460748.387,1788460748.399,35.1817273,-97.4356353,315.11,4.2640,270.991,1.42,2.34,16,1
0,1569115089868,1788460748.587,1788460748.599,35.1817274,-97.4356455,315.06,4.6050,269.964,1.42,2.34,16,1
0,1569304359608,1788460748.776,1788460748.799,35.1817274,-97.4356563,314.96,4.8420,269.426,1.42,2.33,16,1
0,1569425676326,1788460748.897,1788460748.899,35.1817277,-97.4356615,314.93,4.7130,270.238,1.41,2.33,16,1
0,1569614617420,1788460749.086,1788460749.099,35.1817278,-97.4356723,314.81,4.8840,269.935,1.41,2.32,16,1
0,1569814307212,1788460749.286,1788460749.299,35.1817283,-97.4356836,314.85,5.1220,270.755,1.40,2.32,16,1
0,1570021778253,1788460749.493,1788460749.499,35.1817292,-97.4356948,314.78,5.0670,272.892,1.40,2.32,16,1
0,1570219217732,1788460749.691,1788460749.699,35.1817299,-97.4357067,314.70,5.3170,272.953,1.40,2.32,16,1
0,1570413852003,1788460749.885,1788460749.899,35.1817309,-97.4357191,314.66,5.6350,273.787,1.40,2.32,16,1
0,1570615633618,1788460750.087,1788460750.099,35.1817313,-97.4357321,314.62,5.8090,272.255,1.40,2.32,16,1
0,1570815068513,1788460750.287,1788460750.299,35.1817313,-97.4357454,314.50,6.0440,271.187,1.40,2.32,16,1
0,1571016377992,1788460750.488,1788460750.499,35.1817316,-97.4357589,314.47,6.1400,271.079,1.39,2.32,16,1
0,1571216735492,1788460750.688,1788460750.699,35.1817319,-97.4357724,314.45,6.1510,271.326,1.39,2.32,16,1
0,1571407867524,1788460750.879,1788460750.899,35.1817320,-97.4357866,314.44,6.3370,270.652,1.39,2.32,16,1
0,1571625366899,1788460751.097,1788460751.099,35.1817319,-97.4358006,314.36,6.3220,269.680,1.38,2.32,16,1
0,1571819825180,1788460751.291,1788460751.299,35.1817318,-97.4358154,314.28,6.7070,269.699,1.38,2.32,16,1
0,1571992434398,1788460751.464,1788460751.499,35.1817317,-97.4358303,314.29,6.7340,268.741,1.38,2.32,16,1
0,1572134381586,1788460751.606,1788460751.599,35.1817319,-97.4358377,314.20,6.6860,269.683,1.37,2.32,16,1
0,1572322283565,1788460751.794,1788460751.799,35.1817318,-97.4358523,314.14,6.6340,269.332,1.37,2.32,16,1
0,1572541694450,1788460752.013,1788460751.999,35.1817320,-97.4358674,314.09,6.8230,270.109,1.37,2.32,16,1
0,1572740845856,1788460752.212,1788460752.199,35.1817322,-97.4358822,314.09,6.6880,270.423,1.37,2.32,16,1
0,1572921275336,1788460752.393,1788460752.399,35.1817324,-97.4358965,314.07,6.5590,270.719,1.36,2.32,16,1
0,1573123751481,1788460752.595,1788460752.599,35.1817323,-97.4359111,314.05,6.6040,269.445,1.36,2.31,16,1
0,1573324101012,1788460752.796,1788460752.799,35.1817325,-97.4359253,314.07,6.4340,269.679,1.35,2.31,16,1
0,1573523932731,1788460752.995,1788460752.999,35.1817325,-97.4359394,314.04,6.3340,269.400,1.35,2.31,16,1
0,1573721057106,1788460753.193,1788460753.199,35.1817323,-97.4359536,313.99,6.4020,268.989,1.35,2.31,16,1
0,1573919449241,1788460753.391,1788460753.399,35.1817323,-97.4359675,313.86,6.3070,270.133,1.34,2.30,16,1
0,1574124137991,1788460753.596,1788460753.599,35.1817324,-97.4359818,313.89,6.4350,269.597,1.34,2.30,16,1
0,1574322188616,1788460753.794,1788460753.799,35.1817325,-97.4359960,313.87,6.3950,269.752,1.34,2.30,16,1
0,1574525604085,1788460753.997,1788460753.999,35.1817323,-97.4360103,313.78,6.5120,269.834,1.33,2.30,16,1
0,1574720687418,1788460754.192,1788460754.199,35.1817322,-97.4360246,313.67,6.4870,270.054,1.33,2.30,16,1
0,1574924125908,1788460754.396,1788460754.399,35.1817319,-97.4360385,313.63,6.3480,268.910,1.33,2.30,16,1
0,1575127702835,1788460754.599,1788460754.599,35.1817314,-97.4360522,313.59,6.2190,267.837,1.33,2.29,16,1
0,1575326950595,1788460754.798,1788460754.799,35.1817314,-97.4360660,313.55,6.2410,269.087,1.32,2.29,16,1
0,1575528464657,1788460755.000,1788460754.999,35.1817313,-97.4360802,313.54,6.4600,269.249,1.32,2.28,16,1
0,1575725241168,1788460755.197,1788460755.199,35.1817315,-97.4360945,313.60,6.4830,270.325,1.32,2.28,16,1
0,1575918485282,1788460755.390,1788460755.399,35.1817316,-97.4361091,313.69,6.6910,269.726,1.31,2.28,16,1
0,1576115720803,1788460755.587,1788460755.599,35.1817319,-97.4361237,313.74,6.6240,270.380,1.31,2.27,16,1
0,1576331491376,1788460755.803,1788460755.799,35.1817319,-97.4361382,313.73,6.6060,270.404,1.31,2.27,16,1
0,1576527675438,1788460755.999,1788460755.999,35.1817321,-97.4361529,313.85,6.6770,269.979,1.31,2.27,16,1
0,1576725313667,1788460756.197,1788460756.199,35.1817321,-97.4361676,313.88,6.7130,269.569,1.30,2.26,16,1
0,1576923858199,1788460756.395,1788460756.399,35.1817324,-97.4361822,313.91,6.6070,270.380,1.30,2.26,15,1
0,1577118526271,1788460756.590,1788460756.599,35.1817325,-97.4361966,313.97,6.5520,269.799,1.30,2.25,15,1
0,1577319073876,1788460756.791,1788460756.799,35.1817326,-97.4362112,314.02,6.5870,269.762,1.29,2.24,15,1
0,1577521257053,1788460756.993,1788460756.999,35.1817328,-97.4362254,314.03,6.4200,270.786,1.29,2.24,15,1
0,1577728767105,1788460757.200,1788460757.199,35.1817330,-97.4362393,314.02,6.3310,270.601,1.29,2.24,15,1
0,1577929645073,1788460757.401,1788460757.399,35.1817334,-97.4362535,314.11,6.4520,269.958,1.28,2.23,15,1
0,1578131466792,1788460757.603,1788460757.599,35.1817333,-97.4362677,314.01,6.3750,269.760,1.28,2.23,15,1
0,1578318311583,1788460757.790,1788460757.799,35.1817334,-97.4362818,314.04,6.4400,270.398,1.28,2.22,15,1
0,1578533941896,1788460758.005,1788460757.999,35.1817336,-97.4362960,313.96,6.4060,271.514,1.28,2.22,15,1
0,1578722018198,1788460758.194,1788460758.199,35.1817338,-97.4363102,313.98,6.5000,270.664,1.27,2.21,15,1
0,1578921927989,1788460758.393,1788460758.399,35.1817343,-97.4363246,314.07,6.5370,271.562,1.27,2.21,15,1
0,1579128182677,1788460758.600,1788460758.599,35.1817347,-97.4363391,314.12,6.5870,271.405,1.27,2.20,15,1
0,1579326228927,1788460758.798,1788460758.799,35.1817350,-97.4363539,314.12,6.6640,270.908,1.26,2.20,15,1
0,1579524444604,1788460758.996,1788460758.999,35.1817350,-97.4363686,314.09,6.6590,270.557,1.26,2.20,15,1
0,1579727063718,1788460759.199,1788460759.199,35.1817350,-97.4363836,314.11,6.8110,270.406,1.26,2.19,15,1
0,1579927343562,1788460759.399,1788460759.399,35.1817349,-97.4363986,314.09,6.7140,269.644,1.26,2.19,15,1
0,1580122110333,1788460759.594,1788460759.599,35.1817347,-97.4364133,314.08,6.6470,268.991,1.25,2.18,15,1
0,1580327874499,1788460759.799,1788460759.799,35.1817346,-97.4364279,314.07,6.5810,269.496,1.25,2.18,15,1
0,1580534180437,1788460760.006,1788460759.999,35.1817342,-97.4364422,314.06,6.4460,268.426,1.25,2.18,16,1
0,1580730185124,1788460760.202,1788460760.199,35.1817338,-97.4364564,314.06,6.4360,268.117,1.24,2.17,16,1
0,1580930893197,1788460760.402,1788460760.399,35.1817333,-97.4364704,314.08,6.3760,267.737,1.24,2.17,16,1
0,1581133201895,1788460760.605,1788460760.599,35.1817327,-97.4364846,314.07,6.4030,267.495,1.24,2.16,16,1
0,1581327930801,1788460760.799,1788460760.799,35.1817318,-97.4364985,314.06,6.3010,266.561,1.24,2.16,16,1
0,1581516838874,1788460760.988,1788460760.999,35.1817307,-97.4365126,314.07,6.3650,265.394,1.23,2.15,16,1
0,1581728162832,1788460761.200,1788460761.199,35.1817296,-97.4365266,314.09,6.3380,265.024,1.23,2.15,16,1
0,1581929007728,1788460761.400,1788460761.399,35.1817285,-97.4365405,314.16,6.3300,264.367,1.23,2.14,15,1
0,1582131907936,1788460761.603,1788460761.599,35.1817273,-97.4365546,314.22,6.3990,264.170,1.23,2.14,16,1
0,1582332080124,1788460761.804,1788460761.799,35.1817257,-97.4365684,314.21,6.2970,262.720,1.22,2.14,16,1
0,1582539944186,1788460762.011,1788460761.999,35.1817238,-97.4365823,314.19,6.3410,261.255,1.22,2.13,16,1
0,1582742120019,1788460762.214,1788460762.199,35.1817216,-97.4365959,314.18,6.3510,259.763,1.22,2.13,16,1
0,1582921540800,1788460762.393,1788460762.399,35.1817192,-97.4366092,314.15,6.1050,258.435,1.22,2.13,16,1
0,1583132627832,1788460762.604,1788460762.599,35.1817166,-97.4366227,314.15,6.3360,257.425,1.22,2.13,16,1
0,1583320919863,1788460762.792,1788460762.799,35.1817137,-97.4366361,314.14,6.2750,255.787,1.22,2.13,16,1
0,1583524294602,1788460762.996,1788460762.999,35.1817109,-97.4366494,314.17,6.2630,255.458,1.22,2.12,16,1
0,1583725418352,1788460763.197,1788460763.199,35.1817074,-97.4366628,314.13,6.3310,253.439,1.22,2.12,16,1
0,1583927732415,1788460763.399,1788460763.399,35.1817039,-97.4366760,314.11,6.3170,252.914,1.22,2.12,16,1
0,1584126869602,1788460763.598,1788460763.599,35.1817002,-97.4366894,314.08,6.4380,252.048,1.22,2.13,16,1
0,1584313646008,1788460763.785,1788460763.799,35.1816961,-97.4367029,314.04,6.4980,250.901,1.22,2.13,16,1
0,1584539299550,1788460764.011,1788460763.999,35.1816921,-97.4367164,313.97,6.5070,251.007,1.22,2.13,16,1
0,1584725030227,1788460764.197,1788460764.199,35.1816880,-97.4367303,313.89,6.6900,251.464,1.22,2.13,16,1
0,1584930803300,1788460764.402,1788460764.399,35.1816841,-97.4367443,313.82,6.7210,251.729,1.22,2.13,16,1
0,1585129636685,1788460764.601,1788460764.599,35.1816798,-97.4367587,313.73,6.9190,250.661,1.22,2.14,16,1
0,1585328605643,1788460764.800,1788460764.799,35.1816752,-97.4367733,313.72,7.1050,249.834,1.22,2.14,16,1
0,1585522912727,1788460764.994,1788460764.999,35.1816706,-97.4367878,313.68,7.0610,249.156,1.22,2.14,16,1
0,1585719459341,1788460765.191,1788460765.199,35.1816659,-97.4368024,313.64,7.1220,248.480,1.22,2.14,16,1
0,1585917997518,1788460765.389,1788460765.399,35.1816612,-97.4368172,313.61,7.2160,248.998,1.22,2.15,16,1
0,1586115957414,1788460765.587,1788460765.599,35.1816568,-97.4368320,313.56,7.1800,249.778,1.23,2.15,16,1
0,1586316285539,1788460765.788,1788460765.799,35.1816521,-97.4368467,313.50,7.1860,249.378,1.23,2.15,16,1
0,1586524702882,1788460765.996,1788460765.999,35.1816470,-97.4368613,313.40,7.1790,248.467,1.23,2.16,16,1
0,1586725426216,1788460766.197,1788460766.199,35.1816419,-97.4368762,313.19,7.2910,248.480,1.23,2.16,16,1
0,1586924538507,1788460766.396,1788460766.399,35.1816372,-97.4368911,313.07,7.2280,248.754,1.23,2.16,16,1
0,1587129549966,1788460766.601,1788460766.599,35.1816327,-97.4369059,312.92,7.1670,250.146,1.23,2.17,16,1
0,1587326508715,1788460766.798,1788460766.799,35.1816282,-97.4369204,312.79,7.0500,249.953,1.23,2.17,16,1
0,1587526516059,1788460766.998,1788460766.999,35.1816235,-97.4369355,312.68,7.3100,249.814,1.24,2.17,15,1
0,1587721819549,1788460767.193,1788460767.199,35.1816190,-97.4369506,312.53,7.2920,250.262,1.24,2.18,15,1
0,1587917700486,1788460767.389,1788460767.399,35.1816149,-97.4369654,312.37,7.1340,251.436,1.24,2.18,15,1
0,1588119671423,1788460767.591,1788460767.599,35.1816108,-97.4369802,312.21,7.0900,251.722,1.24,2.19,15,1
0,1588323557830,1788460767.795,1788460767.799,35.1816070,-97.4369945,312.10,6.8370,252.106,1.25,2.20,15,1
0,1588524152830,1788460767.996,1788460767.999,35.1816035,-97.4370088,312.00,6.8040,252.907,1.25,2.20,16,1
0,1588722873038,1788460768.194,1788460768.199,35.1815993,-97.4370229,311.78,6.7690,251.311,1.25,2.21,15,1
0,1588918085434,1788460768.390,1788460768.399,35.1815955,-97.4370372,311.59,6.8110,252.451,1.25,2.21,15,1
0,1589121947673,1788460768.593,1788460768.599,35.1815919,-97.4370511,311.46,6.5800,252.660,1.26,2.22,16,1
0,1589320598819,1788460768.792,1788460768.799,35.1815885,-97.4370656,311.36,6.8700,253.740,1.26,2.22,15,1
0,1589519232881,1788460768.991,1788460768.999,35.1815849,-97.4370803,311.39,6.9760,253.330,1.26,2.22,15,1
0,1589727996735,1788460769.199,1788460769.199,35.1815816,-97.4370948,311.29,6.8610,254.133,1.26,2.23,15,1
0,1589924333819,1788460769.396,1788460769.399,35.1815782,-97.4371097,311.22,7.0390,254.453,1.26,2.23,15,1
0,1590127168454,1788460769.599,1788460769.599,35.1815749,-97.4371245,311.10,6.9500,255.122,1.27,2.23,15,1
0,1590322563871,1788460769.794,1788460769.799,35.1815720,-97.4371394,311.07,6.9670,255.949,1.27,2.23,15,1
0,1590530628506,1788460770.002,1788460769.999,35.1815691,-97.4371543,310.97,6.9470,257.084,1.27,2.23,16,1
0,1590718222360,1788460770.190,1788460770.199,35.1815657,-97.4371698,310.86,7.2150,256.232,1.27,2.24,16,1
0,1590924180224,1788460770.396,1788460770.399,35.1815631,-97.4371850,310.79,7.0180,257.309,1.27,2.24,16,1
0,1591119473610,1788460770.591,1788460770.599,35.1815605,-97.4372002,310.82,7.0330,257.792,1.27,2.24,16,1
0,1591323322256,1788460770.795,1788460770.799,35.1815584,-97.4372151,310.80,6.7970,259.397,1.28,2.24,16,1
0,1591532559599,1788460771.004,1788460770.999,35.1815564,-97.4372299,310.88,6.8110,259.796,1.28,2.24,15,1
0,1591720161474,1788460771.192,1788460771.199,35.1815544,-97.4372448,310.93,6.8660,260.306,1.27,2.24,15,1
0,1591921120849,1788460771.393,1788460771.399,35.1815528,-97.4372597,310.98,6.8140,261.868,1.27,2.23,16,1
0,1592123711682,1788460771.595,1788460771.599,35.1815518,-97.4372746,311.17,6.8010,263.670,1.27,2.23,16,1
0,1592325820641,1788460771.797,1788460771.799,35.1815506,-97.4372895,311.16,6.6970,264.654,1.27,2.22,16,1
0,1592523728922,1788460771.995,1788460771.999,35.1815496,-97.4373039,311.10,6.5090,265.560,1.27,2.22,16,1
0,1592752765224,1788460772.224,1788460772.199,35.1815488,-97.4373181,311.23,6.4600,265.602,1.26,2.21,16,1
0,1592924038505,1788460772.396,1788460772.399,35.1815481,-97.4373319,311.34,6.3220,265.766,1.26,2.21,16,1
0,1593123749494,1788460772.595,1788460772.599,35.1815473,-97.4373457,311.06,6.1400,268.515,1.26,2.21,16,1
0,1593324148453,1788460772.796,1788460772.799,35.1815469,-97.4373592,311.03,6.1000,268.744,1.26,2.20,16,1
0,1593524025328,1788460772.996,1788460772.999,35.1815466,-97.4373727,311.07,6.1200,268.311,1.25,2.20,16,1
0,1593720992671,1788460773.192,1788460773.199,35.1815464,-97.4373859,310.97,5.9360,269.663,1.25,2.19,16,1
0,1593927158765,1788460773.399,1788460773.399,35.1815463,-97.4373991,310.99,5.9370,269.387,1.25,2.19,16,1
0,1594129621942,1788460773.601,1788460773.599,35.1815462,-97.4374117,311.04,5.7240,268.895,1.25,2.18,16,1
0,1594323490171,1788460773.795,1788460773.799,35.1815464,-97.4374237,311.14,5.5000,269.542,1.25,2.18,16,1
0,1594524024963,1788460773.996,1788460773.999,35.1815465,-97.4374354,311.20,5.2710,269.280,1.24,2.18,16,1
0,1594724697306,1788460774.196,1788460774.199,35.1815469,-97.4374465,311.24,5.0630,270.676,1.24,2.17,16,1
0,1594929243296,1788460774.401,1788460774.399,35.1815470,-97.4374572,311.23,4.8350,270.862,1.24,2.17,16,1
0,1595124837046,1788460774.596,1788460774.599,35.1815471,-97.4374674,311.24,4.6220,270.435,1.24,2.17,16,1
0,1595322224546,1788460774.794,1788460774.799,35.1815470,-97.4374769,311.17,4.2500,270.274,1.23,2.16,16,1
0,1595524131421,1788460774.996,1788460774.999,35.1815471,-97.4374856,311.10,3.8760,270.602,1.23,2.16,16,1
0,1595718392098,1788460775.190,1788460775.199,35.1815472,-97.4374936,311.12,3.5930,270.276,1.23,2.16,16,1
0,1595921309025,1788460775.393,1788460775.399,35.1815474,-97.4375009,311.10,3.2780,271.431,1.23,2.15,16,1
0,1596119301681,1788460775.591,1788460775.599,35.1815476,-97.4375073,311.07,2.8310,271.700,1.22,2.15,16,1
0,1596330455483,1788460775.802,1788460775.799,35.1815478,-97.4375130,311.17,2.5650,270.239,1.22,2.14,16,1
0,1596527508608,1788460775.999,1788460775.999,35.1815480,-97.4375178,311.17,2.1400,270.711,1.22,2.14,16,1
0,1596718528816,1788460776.190,1788460776.199,35.1815480,-97.4375219,311.12,1.7650,270.763,1.21,2.13,16,1
0,1596911584910,1788460776.383,1788460776.399,35.1815481,-97.4375252,311.16,1.4460,270.924,1.21,2.13,16,1
0,1597118824233,1788460776.590,1788460776.599,35.1815480,-97.4375279,311.20,1.1570,270.958,1.21,2.12,16,1
0,1597321676055,1788460776.793,1788460776.799,35.1815478,-97.4375302,311.18,0.9330,269.178,1.20,2.12,16,1
0,1597524589597,1788460776.996,1788460776.999,35.1815477,-97.4375320,311.23,0.7820,267.802,1.20,2.11,16,1
0,1597718388816,1788460777.190,1788460777.199,35.1815475,-97.4375333,311.30,0.5840,264.871,1.19,2.10,16,1
0,1597926918503,1788460777.398,1788460777.399,35.1815474,-97.4375346,311.28,0.5470,266.409,1.19,2.10,16,1
0,1598122795638,1788460777.594,1788460777.599,35.1815476,-97.4375360,311.32,0.6190,272.908,1.19,2.09,16,1
0,1598318261576,1788460777.790,1788460777.799,35.1815477,-97.4375377,311.35,0.7880,271.490,1.18,2.09,16,1
0,1598532891680,1788460778.004,1788460777.999,35.1815478,-97.4375400,311.33,1.0320,272.182,1.18,2.08,16,1
0,1598717926003,1788460778.189,1788460778.199,35.1815481,-97.4375428,311.39,1.2550,276.313,1.18,2.08,16,1
0,1598918208138,1788460778.390,1788460778.399,35.1815484,-97.4375460,311.46,1.4560,275.935,1.17,2.07,16,1
0,1599123756211,1788460778.595,1788460778.599,35.1815488,-97.4375498,311.47,1.7500,276.717,1.17,2.06,16,1
0,1599321773034,1788460778.793,1788460778.799,35.1815494,-97.4375542,311.44,1.9880,279.794,1.17,2.06,16,1
0,1599517824857,1788460778.989,1788460778.999,35.1815502,-97.4375589,311.45,2.1050,281.855,1.16,2.05,16,1
0,1599721983607,1788460779.193,1788460779.199,35.1815512,-97.4375641,311.47,2.4210,282.590,1.16,2.05,15,1
0,1599921639336,1788460779.393,1788460779.399,35.1815525,-97.4375695,311.54,2.5510,284.605,1.15,2.04,15,1
0,1600123477044,1788460779.595,1788460779.599,35.1815543,-97.4375752,311.60,2.7650,288.439,1.15,2.03,15,1
0,1600315882356,1788460779.787,1788460779.799,35.1815565,-97.4375811,311.63,2.8860,293.074,1.15,2.03,15,1
0,1600524962356,1788460779.996,1788460779.999,35.1815593,-97.4375867,311.64,2.9910,299.151,1.15,2.02,15,1
0,1600727781419,1788460780.199,1788460780.199,35.1815627,-97.4375924,311.67,3.2060,303.644,1.14,2.02,15,1
0,1600923962460,1788460780.395,1788460780.399,35.1815665,-97.4375979,311.69,3.2510,308.571,1.14,2.01,15,1
0,1601122956731,1788460780.594,1788460780.599,35.1815712,-97.4376029,311.73,3.4510,316.176,1.14,2.00,15,1
0,1601320459439,1788460780.792,1788460780.799,35.1815765,-97.4376072,311.68,3.6070,324.713,1.13,2.00,15,1
0,1601518657773,1788460780.990,1788460780.999,35.1815825,-97.4376108,311.69,3.7660,331.993,1.13,1.99,16,1
0,1601724395325,1788460781.196,1788460781.199,35.1815890,-97.4376139,311.75,3.8440,337.344,1.13,1.98,16,1
0,1601928585793,1788460781.400,1788460781.399,35.1815958,-97.4376163,311.78,3.9540,342.491,1.12,1.98,16,1
0,1602124560324,1788460781.596,1788460781.599,35.1816033,-97.4376177,311.83,4.2110,349.470,1.12,1.97,16,1
0,1602329320533,1788460781.801,1788460781.799,35.1816108,-97.4376185,311.89,4.1840,354.079,1.12,1.96,16,1
1,1602548340324,1788460782.020,1788460781.999,35.1816189,-97.4376191,311.95,4.5240,356.507,1.12,1.96,16,1
1,1602741595689,1788460782.213,1788460782.199,35.1816270,-97.4376193,311.92,4.6210,358.291,1.11,1.95,16,1
1,1602925001053,1788460782.396,1788460782.399,35.1816357,-97.4376193,311.88,4.9940,0.399,1.11,1.95,16,1
1,1603124961991,1788460782.596,1788460782.599,35.1816448,-97.4376193,311.85,5.1230,0.082,1.11,1.95,16,1
1,1603292225584,1788460782.764,1788460782.799,35.1816545,-97.4376194,311.86,5.4380,359.655,1.11,1.94,16,1
1,1603526156626,1788460782.998,1788460782.999,35.1816650,-97.4376194,311.90,5.7510,359.488,1.10,1.94,16,1
1,1603724680220,1788460783.196,1788460783.199,35.1816758,-97.4376195,311.99,5.8390,359.481,1.10,1.93,16,1
1,1603931840115,1788460783.403,1788460783.399,35.1816871,-97.4376196,312.10,6.1850,359.639,1.10,1.93,16,1
1,1604127243240,1788460783.599,1788460783.599,35.1816986,-97.4376196,312.17,6.3960,359.836,1.09,1.93,16,1
1,1604342095688,1788460783.814,1788460783.799,35.1817106,-97.4376199,312.22,6.6450,359.173,1.09,1.92,16,1
1,1604527784698,1788460783.999,1788460783.999,35.1817231,-97.4376200,312.22,6.9600,359.561,1.09,1.92,16,1
1,1604727936105,1788460784.199,1788460784.199,35.1817360,-97.4376201,312.26,7.1920,359.722,1.09,1.91,16,1
1,1604925505427,1788460784.397,1788460784.399,35.1817495,-97.4376201,312.25,7.5350,0.109,1.08,1.91,16,1
1,1605120625115,1788460784.592,1788460784.599,35.1817633,-97.4376201,312.31,7.6040,359.913,1.08,1.91,16,1
1,1605323659177,1788460784.795,1788460784.799,35.1817771,-97.4376201,312.34,7.7180,0.259,1.08,1.90,16,1
1,1605532293813,1788460785.004,1788460784.999,35.1817914,-97.4376201,312.38,7.9340,0.259,1.08,1.90,16,1
1,1605723637406,1788460785.195,1788460785.199,35.1818061,-97.4376200,312.39,8.1700,0.225,1.08,1.90,16,1
1,1605927156365,1788460785.399,1788460785.399,35.1818210,-97.4376200,312.41,8.2260,0.185,1.07,1.90,16,1
1,1606128110219,1788460785.600,1788460785.599,35.1818362,-97.4376199,312.45,8.3970,0.407,1.07,1.89,16,1
1,1606327509385,1788460785.799,1788460785.799,35.1818516,-97.4376198,312.49,8.4990,0.368,1.07,1.89,16,1
1,1606531298291,1788460786.003,1788460785.999,35.1818674,-97.4376197,312.55,8.6520,0.400,1.07,1.88,16,1
1,1606727400479,1788460786.199,1788460786.199,35.1818832,-97.4376198,312.56,8.6960,359.637,1.06,1.88,16,1
1,1606928888864,1788460786.400,1788460786.399,35.1818991,-97.4376198,312.60,8.7720,0.053,1.06,1.88,16,1
1,1607119106937,1788460786.591,1788460786.599,35.1819153,-97.4376198,312.68,8.8880,0.288,1.06,1.88,16,1
1,1607318505947,1788460786.790,1788460786.799,35.1819319,-97.4376195,312.72,9.1630,0.804,1.06,1.87,16,1
1,1607527941260,1788460786.999,1788460786.999,35.1819484,-97.4376193,312.77,9.1150,0.751,1.06,1.87,16,1
1,1607726975218,1788460787.198,1788460787.199,35.1819649,-97.4376191,312.81,9.1580,0.482,1.06,1.87,16,1
1,1607923288395,1788460787.395,1788460787.399,35.1819814,-97.4376189,312.83,9.1560,0.672,1.05,1.87,16,1
1,1608125913239,1788460787.597,1788460787.599,35.1819983,-97.4376188,312.88,9.3060,0.429,1.05,1.86,16,1
1,1608329390218,1788460787.801,1788460787.799,35.1820154,-97.4376187,312.98,9.3630,0.125,1.05,1.86,16,1
1,1608524161520,1788460787.996,1788460787.999,35.1820323,-97.4376187,313.08,9.3350,0.299,1.05,1.86,16,1
1,1608720577041,1788460788.192,1788460788.199,35.1820491,-97.4376185,313.16,9.2410,0.491,1.05,1.86,16,1
1,1608927964541,1788460788.399,1788460788.399,35.1820655,-97.4376184,313.24,9.0830,0.545,1.05,1.86,16,1
1,1609124584176,1788460788.596,1788460788.599,35.1820818,-97.4376182,313.27,9.0310,0.731,1.04,1.86,16,1
1,1609326639957,1788460788.798,1788460788.799,35.1820976,-97.4376182,313.35,8.7300,0.264,1.04,1.85,16,1
1,1609528761103,1788460789.000,1788460788.999,35.1821131,-97.4376180,313.44,8.5790,0.670,1.04,1.85,16,1
1,1609717336207,1788460789.189,1788460789.199,35.1821283,-97.4376178,313.51,8.4220,0.693,1.04,1.85,16,1
1,1609922347873,1788460789.394,1788460789.399,35.1821430,-97.4376176,313.58,8.1420,0.958,1.04,1.85,16,1
1,1610091055634,1788460789.563,1788460789.599,35.1821575,-97.4376172,313.62,8.0300,1.223,1.04,1.86,16,1
1,1610315611155,1788460789.787,1788460789.799,35.1821716,-97.4376169,313.66,7.8070,1.514,1.04,1.85,16,1
1,1610515255530,1788460789.987,1788460789.999,35.1821855,-97.4376167,313.69,7.6660,0.879,1.04,1.85,16,1
1,1610721107613,1788460790.193,1788460790.199,35.1821989,-97.4376165,313.75,7.3710,0.738,1.03,1.85,16,1
1,1610916530634,1788460790.388,1788460790.399,35.1822119,-97.4376164,313.81,7.1850,0.654,1.03,1.85,16,1
1,1611114402821,1788460790.586,1788460790.599,35.1822246,-97.4376162,313.87,7.0230,0.856,1.03,1.85,16,1
1,1611316823446,1788460790.788,1788460790.799,35.1822370,-97.4376161,313.99,6.8410,0.554,1.03,1.84,16,1
1,1611491500998,1788460790.963,1788460790.999,35.1822492,-97.4376160,314.07,6.7310,0.699,1.03,1.85,16,1
1,1611713833498,1788460791.185,1788460791.199,35.1822615,-97.4376157,314.17,6.8070,0.878,1.03,1.85,16,1
1,1611916359539,1788460791.388,1788460791.399,35.1822739,-97.4376156,314.20,6.8380,0.571,1.03,1.85,16,1
1,1612111028914,1788460791.583,1788460791.599,35.1822861,-97.4376154,314.22,6.7500,0.646,1.03,1.85,16,1
1,1612322173758,1788460791.794,1788460791.799,35.1822984,-97.4376150,314.25,6.7940,1.607,1.03,1.85,16,1
1,1612520295320,1788460791.992,1788460791.999,35.1823110,-97.4376151,314.46,7.0100,359.685,1.03,1.85,16,1
1,1612724565529,1788460792.196,1788460792.199,35.1823235,-97.4376151,314.53,6.9090,0.032,1.03,1.85,15,1
1,1612923614383,1788460792.395,1788460792.399,35.1823360,-97.4376150,314.56,6.9190,0.216,1.03,1.86,15,1
1,1613118256101,1788460792.590,1788460792.599,35.1823488,-97.4376149,314.63,7.1000,0.327,1.03,1.86,15,1
1,1613317529331,1788460792.789,1788460792.799,35.1823616,-97.4376149,314.71,7.0710,0.185,1.03,1.86,15,1
1,1613516537924,1788460792.988,1788460792.999,35.1823744,-97.4376149,314.69,7.0800,0.155,1.02,1.85,15,1
1,1613715951570,1788460793.187,1788460793.199,35.1823874,-97.4376148,314.73,7.2380,0.199,1.02,1.85,15,1
1,1613914750112,1788460793.386,1788460793.399,35.1824005,-97.4376148,314.77,7.2620,359.984,1.02,1.85,15,1
1,1614127905059,1788460793.599,1788460793.599,35.1824137,-97.4376147,314.76,7.3180,0.173,1.02,1.85,16,1
1,1614320924226,1788460793.792,1788460793.799,35.1824272,-97.4376144,314.75,7.4810,0.899,1.02,1.85,16,1
1,1614525652663,1788460793.997,1788460793.999,35.1824405,-97.4376142,314.77,7.3800,0.648,1.02,1.85,16,1
1,1614724595476,1788460794.196,1788460794.199,35.1824540,-97.4376139,314.78,7.4830,1.138,1.02,1.85,16,1
1,1614928197299,1788460794.400,1788460794.399,35.1824676,-97.4376138,314.87,7.5730,0.524,1.02,1.85,16,1
1,1615124305111,1788460794.596,1788460794.599,35.1824812,-97.4376139,314.99,7.5870,359.996,1.02,1.85,16,1
1,1615328421309,1788460794.800,1788460794.799,35.1824951,-97.4376140,315.10,7.7440,359.847,1.01,1.85,16,1
1,1615491503653,1788460794.963,1788460794.999,35.1825089,-97.4376139,315.14,7.6630,0.411,1.01,1.85,16,1
1,1615587933913,1788460795.059,1788460795.099,35.1825159,-97.4376140,315.22,7.7170,0.278,1.01,1.84,16,1
1,1615821427507,1788460795.293,1788460795.299,35.1825297,-97.4376138,315.27,7.6750,0.746,1.01,1.84,16,1
1,1616016930892,1788460795.488,1788460795.499,35.1825435,-97.4376136,315.32,7.6510,0.664,1.01,1.84,16,1
1,1616229320475,1788460795.701,1788460795.699,35.1825574,-97.4376135,315.34,7.7100,0.767,1.01,1.84,16,1
1,1616425561204,1788460795.897,1788460795.899,35.1825709,-97.4376133,315.37,7.5700,0.630,1.01,1.83,16,1
1,1616623278913,1788460796.095,1788460796.099,35.1825845,-97.4376134,315.39,7.5170,359.827,1.01,1.83,15,1
1,1616824577194,1788460796.296,1788460796.299,35.1825978,-97.4376132,315.38,7.4480,1.081,1.01,1.83,16,1
1,1617029901100,1788460796.501,1788460796.499,35.1826110,-97.4376131,315.45,7.3090,0.521,1.00,1.82,16,1
1,1617232523652,1788460796.704,1788460796.699,35.1826241,-97.4376129,315.49,7.2790,0.629,1.00,1.82,16,1
1,1617425707610,1788460796.897,1788460796.899,35.1826373,-97.4376127,315.52,7.3610,0.993,1.00,1.82,16,1
1,1617627995891,1788460797.099,1788460797.099,35.1826505,-97.4376126,315.56,7.3260,0.628,1.00,1.81,16,1
1,1617822959745,1788460797.294,1788460797.299,35.1826638,-97.4376124,315.60,7.3560,0.578,1.00,1.81,16,1
1,1618029010110,1788460797.500,1788460797.499,35.1826769,-97.4376121,315.61,7.3170,1.159,1.00,1.81,16,1
1,1618196660266,1788460797.668,1788460797.699,35.1826902,-97.4376121,315.69,7.3040,0.350,1.00,1.81,16,1
1,1618295569485,1788460797.767,1788460797.799,35.1826969,-97.4376121,315.71,7.3830,0.299,1.00,1.80,16,1
1,1618426274797,1788460797.898,1788460797.899,35.1827036,-97.4376120,315.74,7.3480,0.734,0.99,1.80,15,1
1,1618619155318,1788460798.091,1788460798.099,35.1827167,-97.4376117,315.81,7.3050,1.042,0.99,1.79,15,1
1,1618818178339,1788460798.290,1788460798.299,35.1827298,-97.4376116,315.91,7.2030,0.453,0.99,1.79,15,1
1,1619023381516,1788460798.495,1788460798.499,35.1827426,-97.4376115,315.95,7.1140,0.572,0.99,1.79,15,1
1,1619225367714,1788460798.697,1788460798.699,35.1827549,-97.4376112,316.01,6.8490,1.142,0.99,1.79,16,1
1,1619428396151,1788460798.900,1788460798.899,35.1827671,-97.4376109,316.05,6.6870,1.415,0.99,1.79,16,1
1,1619594031984,1788460799.066,1788460799.099,35.1827788,-97.4376106,316.08,6.5270,1.468,0.99,1.79,16,1
1,1619830265630,1788460799.302,1788460799.299,35.1827903,-97.4376105,316.21,6.3250,0.792,0.99,1.78,16,1
1,1620030275161,1788460799.502,1788460799.499,35.1828014,-97.4376103,316.29,6.1000,0.969,0.99,1.78,16,1
1,1620228907661,1788460799.700,1788460799.699,35.1828121,-97.4376102,316.33,5.9410,0.832,0.99,1.78,16,1
1,1620419814953,1788460799.891,1788460799.899,35.1828226,-97.4376101,316.42,5.7930,0.649,0.99,1.78,16,1
1,1620625597453,1788460800.097,1788460800.099,35.1828328,-97.4376099,316.51,5.6380,1.166,0.99,1.78,15,1
1,1620818241463,1788460800.290,1788460800.299,35.1828424,-97.4376098,316.57,5.3380,0.869,0.98,1.78,15,1
1,1621006583130,1788460800.478,1788460800.499,35.1828514,-97.4376099,316.60,4.9730,359.957,0.98,1.78,15,1
1,1621123483703,1788460800.595,1788460800.599,35.1828558,-97.4376097,316.56,4.9220,0.677,0.98,1.77,15,1
1,1621317470109,1788460800.789,1788460800.799,35.1828644,-97.4376096,316.61,4.7820,0.984,0.98,1.77,15,1
1,1621515634379,1788460800.987,1788460800.999,35.1828725,-97.4376092,316.66,4.4320,1.968,0.98,1.77,15,1
1,1621719961411,1788460801.191,1788460801.199,35.1828796,-97.4376093,316.72,3.9730,0.625,0.98,1.77,15,1
1,1621921972765,1788460801.393,1788460801.399,35.1828859,-97.4376094,316.81,3.4340,0.542,0.98,1.77,16,1
1,1622129499431,1788460801.601,1788460801.599,35.1828922,-97.4376089,316.88,3.4550,2.667,0.98,1.77,16,1
1,1622295852504,1788460801.767,1788460801.799,35.1828973,-97.4376085,316.91,2.8320,3.668,0.99,1.77,16,1
1,1622396345317,1788460801.868,1788460801.899,35.1828994,-97.4376086,316.98,2.6030,2.718,0.98,1.77,16,1
1,1622521603806,1788460801.993,1788460801.999,35.1829015,-97.4376087,317.02,2.4020,1.496,0.98,1.77,16,1
1,1622732115525,1788460802.204,1788460802.199,35.1829052,-97.4376087,317.13,2.0240,1.056,0.98,1.77,16,1
1,1622921199587,1788460802.393,1788460802.399,35.1829081,-97.4376085,317.16,1.5840,2.286,0.98,1.77,16,1
1,1623120831879,1788460802.592,1788460802.599,35.1829105,-97.4376085,317.19,1.3330,1.608,0.98,1.77,15,1
1,1623320756983,1788460802.792,1788460802.799,35.1829125,-97.4376084,317.20,1.0570,2.614,0.98,1.77,16,1
1,1623516278702,1788460802.988,1788460802.999,35.1829138,-97.4376084,317.24,0.6850,2.877,0.98,1.77,16,1
1,1623729204014,1788460803.201,1788460803.199,35.1829149,-97.4376084,317.29,0.5700,2.147,0.98,1.77,16,1
1,1623921900108,1788460803.393,1788460803.399,35.1829159,-97.4376082,317.28,0.5750,5.947,0.98,1.77,16,1
1,1624119594118,1788460803.591,1788460803.599,35.1829172,-97.4376081,317.28,0.7270,6.378,0.99,1.77,16,1
1,1624328474639,1788460803.800,1788460803.799,35.1829188,-97.4376077,317.34,0.8970,7.909,0.99,1.77,16,1
1,1624525994795,1788460803.997,1788460803.999,35.1829208,-97.4376073,317.38,1.0700,10.450,0.99,1.77,16,1
1,1624719341357,1788460804.191,1788460804.199,35.1829235,-97.4376069,317.45,1.4030,8.650,0.99,1.77,16,1
1,1624921812972,1788460804.393,1788460804.399,35.1829264,-97.4376063,317.43,1.6270,9.367,0.99,1.77,16,1
1,1625122725889,1788460804.594,1788460804.599,35.1829293,-97.4376056,317.46,1.6720,10.857,0.99,1.77,16,1
1,1625321689222,1788460804.793,1788460804.799,35.1829327,-97.4376046,317.51,1.8730,12.573,0.99,1.77,16,1
1,1625524242399,1788460804.996,1788460804.999,35.1829363,-97.4376035,317.55,1.9940,13.070,0.99,1.77,16,1
1,1625715804534,1788460805.187,1788460805.199,35.1829401,-97.4376018,317.56,2.2540,18.009,0.99,1.77,16,1
1,1625919024586,1788460805.391,1788460805.399,35.1829442,-97.4375996,317.53,2.5250,21.911,0.99,1.77,15,1
1,1626116772555,1788460805.588,1788460805.599,35.1829486,-97.4375968,317.56,2.7030,25.386,0.99,1.77,15,1
1,1626317757919,1788460805.789,1788460805.799,35.1829527,-97.4375937,317.57,2.6790,29.238,0.98,1.78,15,1
1,1626517658492,1788460805.989,1788460805.999,35.1829569,-97.4375896,317.56,3.0210,34.743,0.98,1.78,15,1
1,1626714604117,1788460806.186,1788460806.199,35.1829612,-97.4375848,317.61,3.2410,39.973,0.98,1.77,15,1
1,1626914562867,1788460806.386,1788460806.399,35.1829651,-97.4375794,317.63,3.2200,44.468,0.98,1.77,15,1
1,1627114205679,1788460806.586,1788460806.599,35.1829690,-97.4375737,317.65,3.4500,48.026,0.98,1.77,15,1
1,1627326200575,1788460806.798,1788460806.799,35.1829725,-97.4375667,317.71,3.7280,55.429,0.98,1.78,15,1
1,1627517114169,1788460806.989,1788460806.999,35.1829754,-97.4375593,317.73,3.7980,61.095,0.98,1.78,15,1
1,1627718812554,1788460807.190,1788460807.199,35.1829780,-97.4375514,317.78,3.8460,65.663,0.99,1.78,15,1
1,1627921165523,1788460807.393,1788460807.399,35.1829799,-97.4375429,317.89,3.9850,70.926,0.99,1.78,15,1
1,1628122049481,1788460807.594,1788460807.599,35.1829812,-97.4375341,318.01,4.0690,76.905,0.98,1.78,15,1
1,1628327613648,1788460807.799,1788460807.799,35.1829823,-97.4375249,318.05,4.2110,80.204,0.98,1.78,15,1
1,1628526166148,1788460807.998,1788460807.999,35.1829828,-97.4375151,318.04,4.5320,84.920,0.98,1.78,15,1
1,1628718089429,1788460808.190,1788460808.199,35.1829830,-97.4375048,318.04,4.7370,87.717,0.98,1.78,15,1
1,1628915255991,1788460808.387,1788460808.399,35.1829835,-97.4374943,318.12,4.8630,87.668,0.98,1.78,15,1
1,1629106758179,1788460808.578,1788460808.599,35.1829837,-97.4374828,318.16,5.2650,88.330,0.98,1.78,16,1
1,1629323575314,1788460808.795,1788460808.799,35.1829833,-97.4374709,318.23,5.4610,91.803,0.98,1.78,16,1
1,1629524610679,1788460808.996,1788460808.999,35.1829829,-97.4374581,318.24,5.8420,91.821,0.98,1.77,16,1
1,1629722528387,1788460809.194,1788460809.199,35.1829828,-97.4374449,318.25,6.0730,90.743,0.98,1.77,16,1
1,1629928683074,1788460809.400,1788460809.399,35.1829825,-97.4374310,318.22,6.3870,90.942,0.98,1.76,15,1
1,1630128209064,1788460809.600,1788460809.599,35.1829822,-97.4374164,318.25,6.7290,91.376,0.98,1.75,15,1
1,1630334507397,1788460809.806,1788460809.799,35.1829822,-97.4374014,318.30,6.8860,90.509,0.98,1.75,15,1
1,1630495975314,1788460809.967,1788460809.999,35.1829818,-97.4373855,318.27,7.3080,91.724,0.98,1.74,15,1
1,1630625634741,1788460810.097,1788460810.099,35.1829817,-97.4373772,318.27,7.4480,91.241,0.98,1.73,15,1
1,1630825837397,1788460810.297,1788460810.299,35.1829814,-97.4373602,318.27,7.7600,91.341,0.97,1.73,15,1
1,1631022845834,1788460810.494,1788460810.499,35.1829809,-97.4373427,318.28,7.9560,91.683,0.97,1.72,15,1
1,1631227979167,1788460810.699,1788460810.699,35.1829808,-97.4373247,318.32,8.2270,90.725,0.97,1.71,16,1
1,1631424595730,1788460810.896,1788460810.899,35.1829806,-97.4373061,318.34,8.4740,90.631,0.97,1.71,16,1
1,1631631369740,1788460811.103,1788460811.099,35.1829807,-97.4372871,318.38,8.6880,89.602,0.97,1.70,15,1
1,1631792549115,1788460811.264,1788460811.299,35.1829811,-97.4372676,318.33,8.9800,88.179,0.97,1.69,15,1
1,1632027217500,1788460811.499,1788460811.499,35.1829815,-97.4372478,318.41,9.0600,88.782,0.97,1.69,15,1
1,1632229009011,1788460811.700,1788460811.699,35.1829821,-97.4372274,318.47,9.3040,87.525,0.97,1.68,16,1
1,1632429329792,1788460811.901,1788460811.899,35.1829832,-97.4372067,318.51,9.4590,85.828,0.97,1.68,16,1
1,1632631407865,1788460812.103,1788460812.099,35.1829844,-97.4371859,318.57,9.4880,85.749,0.96,1.67,16,1
1,1632822735938,1788460812.294,1788460812.299,35.1829861,-97.4371648,318.67,9.6000,84.371,0.96,1.67,16,1
1,1633028794427,1788460812.500,1788460812.499,35.1829880,-97.4371437,318.73,9.6230,83.537,0.96,1.67,16,1
1,1633197625885,1788460812.669,1788460812.699,35.1829903,-97.4371225,318.75,9.7660,82.065,0.96,1.66,16,1
1,1633343369740,1788460812.815,1788460812.799,35.1829915,-97.4371117,318.80,9.8000,82.088,0.96,1.66,16,1
1,1633523354062,1788460812.995,1788460812.999,35.1829941,-97.4370903,318.86,9.7930,81.449,0.96,1.65,16,1
1,1633730338541,1788460813.202,1788460813.199,35.1829971,-97.4370691,318.92,9.7920,80.025,0.96,1.65,16,1
1,1633924172708,1788460813.396,1788460813.399,35.1830005,-97.4370479,319.04,9.7710,78.745,0.96,1.65,16,1
1,1634123124323,1788460813.595,1788460813.599,35.1830041,-97.4370268,319.17,9.7500,78.070,0.96,1.65,16,1
1,1634321547031,1788460813.793,1788460813.799,35.1830079,-97.4370059,319.27,9.7570,77.529,0.96,1.65,16,1
1,1634521960572,1788460813.993,1788460813.999,35.1830122,-97.4369851,319.24,9.7900,75.498,0.96,1.65,16,1
1,1634727211093,1788460814.199,1788460814.199,35.1830168,-97.4369644,319.28,9.7490,74.924,0.96,1.65,16,1
1,1634927206145,1788460814.399,1788460814.399,35.1830214,-97.4369437,319.33,9.7530,74.773,0.96,1.65,16,1
1,1635117491353,1788460814.589,1788460814.599,35.1830262,-97.4369230,319.33,9.7960,74.067,0.96,1.64,16,1
1,1635328059062,1788460814.800,1788460814.799,35.1830314,-97.4369023,319.35,9.8780,72.633,0.96,1.64,16,1
1,1635530172968,1788460815.002,1788460814.999,35.1830366,-97.4368817,319.41,9.8280,72.604,0.96,1.64,16,1
1,1635716375780,1788460815.188,1788460815.199,35.1830423,-97.4368612,319.39,9.9020,71.037,0.96,1.63,16,1
1,1635905821249,1788460815.377,1788460815.399,35.1830481,-97.4368407,319.48,9.8590,70.841,0.96,1.63,16,1
1,1636027997707,1788460815.499,1788460815.499,35.1830512,-97.4368306,319.46,9.8300,70.042,0.96,1.62,15,1
1,1636219295155,1788460815.691,1788460815.699,35.1830573,-97.4368103,319.45,9.8870,69.535,0.96,1.62,15,1
1,1636428990884,1788460815.900,1788460815.899,35.1830636,-97.4367900,319.42,9.9570,68.758,0.96,1.62,15,1
1,1636622290936,1788460816.094,1788460816.099,35.1830703,-97.4367698,319.43,9.9020,67.542,0.96,1.62,16,1
1,1636817031561,1788460816.289,1788460816.299,35.1830775,-97.4367500,319.47,9.8000,65.878,0.96,1.61,16,1
1,1637029244999,1788460816.501,1788460816.499,35.1830846,-97.4367304,319.54,9.7670,65.983,0.96,1.61,16,1
1,1637220410155,1788460816.692,1788460816.699,35.1830918,-97.4367108,319.56,9.8200,65.620,0.96,1.61,16,1
1,1637420518071,1788460816.892,1788460816.899,35.1830993,-97.4366910,319.64,9.9000,64.983,0.96,1.61,16,1
1,1637616549530,1788460817.088,1788460817.099,35.1831068,-97.4366712,319.69,9.9670,64.699,0.96,1.60,16,1
1,1637827873748,1788460817.299,1788460817.299,35.1831146,-97.4366517,319.71,9.9500,63.639,0.96,1.60,16,1
1,1638022613957,1788460817.494,1788460817.499,35.1831227,-97.4366321,319.74,10.0120,63.006,0.96,1.60,16,1
1,1638220441613,1788460817.692,1788460817.699,35.1831308,-97.4366128,319.71,10.0320,62.692,0.96,1.60,16,1
1,1638416493644,1788460817.888,1788460817.899,35.1831393,-97.4365934,319.74,10.0420,61.764,0.96,1.59,16,1
1,1638620422706,1788460818.092,1788460818.099,35.1831480,-97.4365742,319.80,9.9790,60.952,0.96,1.59,16,1
1,1638818389425,1788460818.290,1788460818.299,35.1831569,-97.4365551,319.85,10.0510,60.154,0.97,1.59,16,1
1,1639019144685,1788460818.491,1788460818.499,35.1831660,-97.4365361,319.87,9.9950,59.457,0.96,1.59,16,1
1,1639220797810,1788460818.692,1788460818.699,35.1831755,-97.4365173,319.90,10.0980,58.193,0.96,1.58,16,1
1,1639422622498,1788460818.894,1788460818.899,35.1831848,-97.4364983,319.91,10.1370,58.828,0.96,1.58,16,1
1,1639619779320,1788460819.091,1788460819.099,35.1831946,-97.4364794,319.98,10.1990,57.619,0.96,1.58,16,1
1,1639823125727,1788460819.295,1788460819.299,35.1832046,-97.4364606,320.03,10.2200,56.709,0.96,1.58,16,1
1,1639993142550,1788460819.465,1788460819.499,35.1832146,-97.4364419,320.06,10.1720,56.490,0.96,1.58,16,1
1,1640126851352,1788460819.598,1788460819.599,35.1832197,-97.4364325,320.06,10.2330,56.037,0.96,1.57,16,1
1,1640319504893,1788460819.791,1788460819.799,35.1832300,-97.4364141,320.12,10.1540,55.565,0.96,1.57,16,1
1,1640520262289,1788460819.992,1788460819.999,35.1832405,-97.4363957,320.18,10.1930,54.914,0.96,1.57,16,1
1,1640716840258,1788460820.188,1788460820.199,35.1832511,-97.4363776,320.22,10.1370,54.063,0.96,1.57,16,1
1,1640922163435,1788460820.394,1788460820.399,35.1832617,-97.4363598,320.24,10.0000,53.850,0.96,1.57,16,1
1,1641128027132,1788460820.600,1788460820.599,35.1832723,-97.4363423,320.28,9.9180,53.217,0.96,1.57,16,1
1,1641308018122,1788460820.780,1788460820.799,35.1832830,-97.4363250,320.33,9.8470,52.808,0.96,1.57,16,1
1,1641391467757,1788460820.863,1788460820.899,35.1832883,-97.4363165,320.36,9.8120,52.673,0.96,1.56,16,1
1,1641526172653,1788460820.998,1788460820.999,35.1832937,-97.4363080,320.41,9.7600,52.316,0.96,1.55,16,1
1,1641723616820,1788460821.195,1788460821.199,35.1833046,-97.4362913,320.46,9.7300,51.340,0.96,1.55,16,1
1,1641926070778,1788460821.398,1788460821.399,35.1833155,-97.4362750,320.51,9.5720,50.539,0.96,1.55,16,1
1,1642125305778,1788460821.597,1788460821.599,35.1833264,-97.4362588,320.54,9.5120,50.684,0.97,1.55,16,1
1,1642323136976,1788460821.795,1788460821.799,35.1833373,-97.4362429,320.57,9.4150,50.097,0.97,1.55,16,1
1,1642522795621,1788460821.994,1788460821.999,35.1833482,-97.4362276,320.70,9.1250,49.405,0.97,1.55,16,1
1,1642728303590,1788460822.200,1788460822.199,35.1833589,-97.4362124,320.79,9.0880,49.340,0.97,1.55,16,1
1,1642925260309,1788460822.397,1788460822.399,35.1833696,-97.4361974,320.83,9.0800,48.639,0.97,1.55,16,1
1,1643120719059,1788460822.592,1788460822.599,35.1833801,-97.4361830,320.85,8.8230,48.309,0.98,1.55,16,1
1,1643318196194,1788460822.790,1788460822.799,35.1833903,-97.4361688,320.89,8.5870,48.806,0.98,1.55,16,1
1,1643518425204,1788460822.990,1788460822.999,35.1834006,-97.4361549,320.91,8.4730,47.944,0.98,1.55,16,1
1,1643720247079,1788460823.192,1788460823.199,35.1834102,-97.4361414,320.94,8.1250,49.067,0.98,1.55,16,1
1,1643932552496,1788460823.404,1788460823.399,35.1834198,-97.4361284,320.97,7.9910,48.114,0.98,1.55,16,1
1,1644089944579,1788460823.561,1788460823.599,35.1834292,-97.4361155,321.01,7.8050,48.181,0.98,1.55,16,1
1,1644329599892,1788460823.801,1788460823.799,35.1834381,-97.4361033,321.04,7.4050,48.491,0.99,1.55,16,1
1,1644522449735,1788460823.994,1788460823.999,35.1834466,-97.4360914,321.04,7.1330,49.199,0.99,1.55,16,1
1,1644722438381,1788460824.194,1788460824.199,35.1834547,-97.4360799,321.01,6.9410,48.996,0.99,1.55,16,1
1,1644922552339,1788460824.394,1788460824.399,35.1834623,-97.4360687,321.03,6.6340,49.753,0.99,1.55,16,1
1,1645123444110,1788460824.595,1788460824.599,35.1834700,-97.4360582,321.06,6.3290,48.595,1.00,1.55,16,1
1,1645322513172,1788460824.794,1788460824.799,35.1834774,-97.4360484,321.07,6.0330,47.501,1.00,1.55,16,1
1,1645531701506,1788460825.003,1788460824.999,35.1834844,-97.4360390,321.10,5.7790,47.126,1.00,1.55,16,1
1,1645718488329,1788460825.190,1788460825.199,35.1834913,-97.4360301,321.17,5.5240,46.904,1.00,1.55,16,1
1,1645920876089,1788460825.392,1788460825.399,35.1834979,-97.4360216,321.25,5.1290,47.044,1.00,1.55,16,1
1,1646122128120,1788460825.594,1788460825.599,35.1835041,-97.4360138,321.29,4.9220,46.204,1.00,1.55,16,1
1,1646316307183,1788460825.788,1788460825.799,35.1835096,-97.4360065,321.34,4.4920,46.893,1.00,1.55,16,1
1,1646519420255,1788460825.991,1788460825.999,35.1835142,-97.4359998,321.32,4.0260,48.826,1.00,1.55,16,1
1,1646717010516,1788460826.188,1788460826.199,35.1835189,-97.4359935,321.34,3.8050,48.684,1.00,1.55,16,1
1,1646920781818,1788460826.392,1788460826.399,35.1835231,-97.4359879,321.34,3.4000,48.239,1.01,1.55,16,1
1,1647126143172,1788460826.598,1788460826.599,35.1835269,-97.4359828,321.36,3.0760,47.775,1.01,1.55,16,1
1,1647320095047,1788460826.792,1788460826.799,35.1835301,-97.4359783,321.39,2.6840,48.609,1.01,1.55,16,1
1,1647526011140,1788460826.997,1788460826.999,35.1835328,-97.4359745,321.37,2.2970,48.355,1.01,1.55,16,1
1,1647719483380,1788460827.191,1788460827.199,35.1835353,-97.4359715,321.41,1.8680,46.601,1.01,1.54,16,1
1,1647920398432,1788460827.392,1788460827.399,35.1835369,-97.4359691,321.44,1.3460,48.197,1.01,1.54,16,1
1,1648119793953,1788460827.591,1788460827.599,35.1835382,-97.4359673,321.41,1.1160,47.754,1.01,1.54,16,1
1,1648319175567,1788460827.791,1788460827.799,35.1835392,-97.4359661,321.40,0.7760,45.987,1.01,1.54,16,1
1,1648521726921,1788460827.993,1788460827.999,35.1835400,-97.4359653,321.41,0.5250,45.042,1.01,1.54,16,1
1,1648721967494,1788460828.193,1788460828.199,35.1835404,-97.4359646,321.39,0.3950,47.218,1.01,1.53,16,1
1,1648921501921,1788460828.393,1788460828.399,35.1835406,-97.4359641,321.35,0.3310,50.984,1.01,1.53,16,1
1,1649123048640,1788460828.595,1788460828.599,35.1835409,-97.4359636,321.34,0.3270,50.900,1.01,1.53,16,1
1,1649324117181,1788460828.796,1788460828.799,35.1835416,-97.4359628,321.39,0.4530,49.317,1.01,1.53,16,1
1,1649518154421,1788460828.990,1788460828.999,35.1835426,-97.4359617,321.42,0.6830,46.322,1.01,1.53,16,1
1,1649719823119,1788460829.191,1788460829.199,35.1835438,-97.4359602,321.46,0.9350,46.799,1.01,1.52,16,1
1,1649927610098,1788460829.399,1788460829.399,35.1835452,-97.4359581,321.44,1.2710,49.436,1.01,1.52,16,1
1,1650125074316,1788460829.597,1788460829.599,35.1835468,-97.4359555,321.39,1.6020,51.431,1.01,1.52,16,1
1,1650322234785,1788460829.794,1788460829.799,35.1835491,-97.4359524,321.40,1.8680,49.389,1.01,1.52,16,1
1,1650525910098,1788460829.997,1788460829.999,35.1835514,-97.4359487,321.41,2.0730,51.275,1.01,1.52,16,1
1,1650731779212,1788460830.203,1788460830.199,35.1835541,-97.4359449,321.43,2.3330,49.966,1.02,1.52,16,1
1,1650890524420,1788460830.362,1788460830.399,35.1835574,-97.4359404,321.45,2.7070,49.480,1.02,1.52,16,1
1,1651124377754,1788460830.596,1788460830.599,35.1835606,-97.4359353,321.44,3.0310,51.722,1.02,1.51,16,1
1,1651318683587,1788460830.790,1788460830.799,35.1835640,-97.4359295,321.42,3.2760,54.087,1.02,1.51,16,1
1,1651520469681,1788460830.992,1788460830.999,35.1835675,-97.4359229,321.42,3.6130,56.161,1.02,1.51,16,1
1,1651719675097,1788460831.191,1788460831.199,35.1835708,-97.4359156,321.41,3.8140,59.397,1.01,1.51,16,1
1,1651922123014,1788460831.394,1788460831.399,35.1835738,-97.4359073,321.44,4.1360,64.357,1.01,1.51,16,1
1,1652123348326,1788460831.595,1788460831.599,35.1835763,-97.4358984,321.44,4.3430,68.837,1.01,1.51,16,1
1,1652326857284,1788460831.798,1788460831.799,35.1835790,-97.4358890,321.44,4.5420,70.489,1.01,1.51,16,1
1,1652528207441,1788460832.000,1788460831.999,35.1835813,-97.4358789,321.50,4.7250,74.067,1.02,1.51,16,1
1,1652724360253,1788460832.196,1788460832.199,35.1835825,-97.4358682,321.53,4.9590,80.463,1.02,1.51,16,1
1,1652917575930,1788460832.389,1788460832.399,35.1835828,-97.4358569,321.55,5.1470,85.621,1.02,1.51,16,1
1,1653126482909,1788460832.598,1788460832.599,35.1835826,-97.4358451,321.58,5.3250,90.220,1.02,1.51,16,1
1,1653323520930,1788460832.795,1788460832.799,35.1835811,-97.4358334,321.63,5.3120,96.041,1.02,1.51,16,1
1,1653529060617,1788460833.001,1788460832.999,35.1835786,-97.4358219,321.62,5.3990,102.734,1.02,1.51,16,1
1,1653692310617,1788460833.164,1788460833.199,35.1835752,-97.4358106,321.64,5.4700,108.917,1.02,1.51,16,1
1,1653929089628,1788460833.401,1788460833.399,35.1835709,-97.4357996,321.62,5.5320,114.034,1.02,1.51,16,1
1,1654118421763,1788460833.590,1788460833.599,35.1835659,-97.4357890,321.63,5.5410,118.702,1.02,1.51,16,1
1,1654328664471,1788460833.800,1788460833.799,35.1835595,-97.4357789,321.57,5.8110,125.010,1.02,1.51,16,1
1,1654529366971,1788460834.001,1788460833.999,35.1835523,-97.4357695,321.56,5.8440,131.056,1.02,1.51,16,1
1,1654719719836,1788460834.191,1788460834.199,35.1835439,-97.4357611,321.48,5.9480,137.367,1.02,1.51,16,1
1,1654924328377,1788460834.396,1788460834.399,35.1835354,-97.4357524,321.42,6.1420,139.262,1.02,1.51,16,1
1,1655123915721,1788460834.595,1788460834.599,35.1835269,-97.4357432,321.39,6.3790,138.631,1.02,1.51,16,1
1,1655326386398,1788460834.798,1788460834.799,35.1835178,-97.4357335,321.37,6.6860,138.915,1.02,1.52,16,1
1,1655519949575,1788460834.991,1788460834.999,35.1835082,-97.4357237,321.35,6.9310,139.904,1.02,1.52,16,1
1,1655719407075,1788460835.191,1788460835.199,35.1834987,-97.4357137,321.22,6.9830,138.563,1.02,1.52,16,1
1,1655922604314,1788460835.394,1788460835.399,35.1834888,-97.4357034,321.11,7.1550,139.239,1.02,1.52,16,1
1,1656121981189,1788460835.593,1788460835.599,35.1834788,-97.4356926,321.03,7.4550,138.516,1.02,1.52,16,1
1,1656293945200,1788460835.765,1788460835.799,35.1834683,-97.4356816,320.89,7.5960,138.809,1.02,1.53,16,1
1,1656398897856,1788460835.870,1788460835.899,35.1834629,-97.4356759,320.86,7.7200,139.142,1.02,1.52,16,1
1,1656523183168,1788460835.995,1788460835.999,35.1834574,-97.4356704,320.79,7.7670,139.132,1.01,1.52,16,1
1,1656723438741,1788460836.195,1788460836.199,35.1834464,-97.4356593,320.75,7.9060,140.157,1.01,1.52,16,1
1,1656920521345,1788460836.392,1788460836.399,35.1834352,-97.4356481,320.71,7.9850,140.755,1.01,1.52,16,1
1,1657123175147,1788460836.595,1788460836.599,35.1834240,-97.4356369,320.66,7.9980,141.078,1.01,1.52,16,1
1,1657321124991,1788460836.793,1788460836.799,35.1834123,-97.4356261,320.65,8.1060,143.164,1.01,1.52,16,1
1,1657531411709,1788460837.003,1788460836.999,35.1834009,-97.4356154,320.62,7.8930,142.748,1.01,1.52,16,1
1,1657728321761,1788460837.200,1788460837.199,35.1833896,-97.4356050,320.58,7.8100,143.146,1.01,1.51,16,1
1,1657924881293,1788460837.396,1788460837.399,35.1833782,-97.4355950,320.57,7.7050,144.137,1.01,1.51,16,1
1,1658123035355,1788460837.595,1788460837.599,35.1833667,-97.4355856,320.55,7.6120,145.697,1.01,1.52,16,1
1,1658319316397,1788460837.791,1788460837.799,35.1833549,-97.4355766,320.47,7.6360,147.495,1.01,1.52,16,1
1,1658530252386,1788460838.002,1788460837.999,35.1833430,-97.4355682,320.41,7.5660,149.191,1.01,1.52,16,1
1,1658731100147,1788460838.203,1788460838.199,35.1833308,-97.4355604,320.41,7.5580,151.648,1.01,1.52,16,1
1,1658922995771,1788460838.394,1788460838.399,35.1833183,-97.4355535,320.32,7.5500,154.546,1.02,1.52,16,1
1,1659126549053,1788460838.598,1788460838.599,35.1833057,-97.4355469,320.27,7.5570,156.582,1.02,1.52,16,1
1,1659328224730,1788460838.800,1788460838.799,35.1832919,-97.4355415,320.35,7.9610,161.764,1.02,1.52,16,1
1,1659528137542,1788460839.000,1788460838.999,35.1832774,-97.4355366,320.39,8.2360,164.999,1.02,1.52,16,1
1,1659718447021,1788460839.190,1788460839.199,35.1832638,-97.4355319,320.37,7.8330,164.396,1.02,1.52,15,1
1,1659923354625,1788460839.395,1788460839.399,35.1832500,-97.4355278,320.31,7.8210,166.497,1.02,1.52,16,1
1,1660123943323,1788460839.595,1788460839.599,35.1832354,-97.4355244,320.28,8.1910,169.039,1.02,1.52,16,1
1,1660322986604,1788460839.794,1788460839.799,35.1832206,-97.4355217,320.25,8.2450,171.482,1.02,1.52,16,1
1,1660524226396,1788460839.996,1788460839.999,35.1832056,-97.4355200,320.17,8.3860,174.292,1.02,1.52,16,1
1,1660723425250,1788460840.195,1788460840.199,35.1831904,-97.4355185,320.17,8.4330,175.887,1.02,1.52,16,1
1,1660923415562,1788460840.395,1788460840.399,35.1831745,-97.4355181,320.14,8.7240,178.346,1.02,1.52,15,1
1,1661123259521,1788460840.595,1788460840.599,35.1831587,-97.4355170,320.06,8.7310,176.265,1.02,1.52,16,1
1,1661318203635,1788460840.790,1788460840.799,35.1831429,-97.4355160,319.99,8.7710,176.927,1.02,1.53,15,1
1,1661527662281,1788460840.999,1788460840.999,35.1831268,-97.4355157,319.92,8.8910,178.990,1.02,1.53,15,1
1,1661719520145,1788460841.191,1788460841.199,35.1831106,-97.4355155,319.85,8.9620,179.085,1.02,1.54,16,1
1,1661928961968,1788460841.400,1788460841.399,35.1830944,-97.4355150,319.82,9.0290,178.689,1.02,1.54,15,1
1,1662125247541,1788460841.597,1788460841.599,35.1830781,-97.4355149,319.80,9.0330,180.060,1.02,1.54,16,1
1,1662323159260,1788460841.795,1788460841.799,35.1830617,-97.4355148,319.73,9.0590,179.634,1.02,1.54,16,1
2,1662532797228,1788460842.004,1788460841.999,35.1830451,-97.4355147,319.75,9.1890,179.863,1.02,1.54,16,1
2,1662725624676,1788460842.197,1788460842.199,35.1830287,-97.4355154,319.62,9.1840,181.443,1.02,1.55,15,1
2,1662926659728,1788460842.398,1788460842.399,35.1830122,-97.4355154,319.59,9.1350,180.020,1.02,1.55,15,1
2,1663125642124,1788460842.597,1788460842.599,35.1829958,-97.4355155,319.55,9.0900,180.322,1.02,1.56,16,1
2,1663326313166,1788460842.798,1788460842.799,35.1829793,-97.4355153,319.52,9.1330,179.604,1.02,1.56,16,1
2,1663526040561,1788460842.998,1788460842.999,35.1829627,-97.4355152,319.45,9.1790,179.769,1.02,1.56,15,1
2,1663721899832,1788460843.193,1788460843.199,35.1829460,-97.4355153,319.39,9.2210,179.967,1.02,1.56,15,1
2,1663925989259,1788460843.397,1788460843.399,35.1829291,-97.4355150,319.45,9.3150,179.496,1.02,1.57,14,1
2,1664123074467,1788460843.595,1788460843.599,35.1829124,-97.4355149,319.38,9.2830,179.582,1.02,1.57,15,1
2,1664323219363,1788460843.795,1788460843.799,35.1828956,-97.4355152,319.28,9.2680,180.225,1.02,1.58,15,1
2,1664496245405,1788460843.968,1788460843.999,35.1828789,-97.4355154,319.20,9.2380,180.432,1.02,1.58,15,1
2,1664626305561,1788460844.098,1788460844.099,35.1828703,-97.4355150,319.25,9.3360,179.708,1.02,1.57,15,1
2,1664828398009,1788460844.300,1788460844.299,35.1828533,-97.4355148,319.23,9.4180,179.658,1.02,1.58,15,1
2,1665020364311,1788460844.492,1788460844.499,35.1828365,-97.4355150,319.10,9.3130,180.250,1.02,1.58,15,1
2,1665220091342,1788460844.692,1788460844.699,35.1828198,-97.4355156,318.98,9.2390,181.189,1.02,1.58,15,1
2,1665428580404,1788460844.900,1788460844.899,35.1828030,-97.4355158,318.93,9.2780,180.149,1.02,1.58,15,1
2,1665626637904,1788460845.098,1788460845.099,35.1827863,-97.4355158,318.89,9.2130,180.075,1.02,1.59,15,1
2,1665791231758,1788460845.263,1788460845.299,35.1827695,-97.4355159,318.84,9.3030,180.111,1.02,1.59,15,1
2,1666028367592,1788460845.500,1788460845.499,35.1827526,-97.4355157,318.80,9.3310,179.525,1.02,1.59,15,1
2,1666219909675,1788460845.691,1788460845.699,35.1827357,-97.4355158,318.72,9.3860,180.056,1.02,1.60,15,1
2,1666423059414,1788460845.895,1788460845.899,35.1827187,-97.4355160,318.69,9.4060,180.555,1.02,1.60,15,1
2,1666625967019,1788460846.097,1788460846.099,35.1827019,-97.4355164,318.63,9.2990,180.747,1.02,1.60,15,1
2,1666822832435,1788460846.294,1788460846.299,35.1826850,-97.4355167,318.54,9.3450,180.673,1.02,1.61,15,1
2,1667022656498,1788460846.494,1788460846.499,35.1826683,-97.4355165,318.53,9.1640,179.827,1.02,1.61,15,1
2,1667194123008,1788460846.666,1788460846.699,35.1826518,-97.4355165,318.49,9.0730,179.834,1.02,1.61,15,1
2,1667329591289,1788460846.801,1788460846.799,35.1826436,-97.4355165,318.43,9.0720,179.826,1.02,1.61,15,1
2,1667524716393,1788460846.996,1788460846.999,35.1826273,-97.4355164,318.41,8.9880,179.481,1.02,1.61,14,1
2,1667727507487,1788460847.199,1788460847.199,35.1826114,-97.4355168,318.31,8.7910,180.980,1.02,1.62,15,1
2,1667922053685,1788460847.394,1788460847.399,35.1825957,-97.4355171,318.24,8.7020,180.955,1.03,1.62,15,1
2,1668133753789,1788460847.605,1788460847.599,35.1825804,-97.4355176,318.14,8.4770,181.293,1.03,1.63,15,1
2,1668324433685,1788460847.796,1788460847.799,35.1825652,-97.4355177,318.12,8.3740,180.568,1.03,1.63,15,1
2,1668525577122,1788460847.997,1788460847.999,35.1825500,-97.4355176,318.09,8.4020,179.905,1.03,1.63,15,1
2,1668721892330,1788460848.193,1788460848.199,35.1825351,-97.4355178,318.01,8.2360,180.223,1.03,1.64,15,1
2,1668917993372,1788460848.389,1788460848.399,35.1825204,-97.4355185,317.88,8.2250,181.643,1.04,1.64,15,1
2,1669117616965,1788460848.589,1788460848.599,35.1825056,-97.4355192,317.77,8.2230,181.665,1.04,1.65,15,1
2,1669328188997,1788460848.800,1788460848.799,35.1824907,-97.4355196,317.66,8.2730,181.127,1.04,1.66,15,1
2,1669519594934,1788460848.991,1788460848.999,35.1824756,-97.4355200,317.57,8.4040,180.817,1.04,1.66,15,1
2,1669722043059,1788460849.194,1788460849.199,35.1824599,-97.4355200,317.57,8.6170,180.542,1.04,1.67,15,1
2,1669926947903,1788460849.398,1788460849.399,35.1824443,-97.4355201,317.51,8.6520,180.485,1.05,1.67,15,1
2,1670119094882,1788460849.591,1788460849.599,35.1824284,-97.4355203,317.47,8.7970,180.576,1.05,1.68,15,1
2,1670322900871,1788460849.794,1788460849.799,35.1824122,-97.4355203,317.45,8.9140,180.378,1.05,1.68,15,1
2,1670530426600,1788460850.002,1788460849.999,35.1823959,-97.4355200,317.44,8.9940,179.944,1.05,1.68,15,1
2,1670729855715,1788460850.201,1788460850.199,35.1823794,-97.4355199,317.41,9.1360,180.011,1.05,1.69,15,1
2,1670919917173,1788460850.391,1788460850.399,35.1823626,-97.4355200,317.36,9.2710,180.324,1.04,1.69,15,1
2,1671129306340,1788460850.601,1788460850.599,35.1823456,-97.4355200,317.36,9.3890,180.241,1.04,1.69,14,1
2,1671291241288,1788460850.763,1788460850.799,35.1823285,-97.4355199,317.33,9.4730,179.787,1.04,1.70,14,1
2,1671419743058,1788460850.891,1788460850.899,35.1823199,-97.4355200,317.28,9.5340,179.810,1.04,1.69,14,1
2,1671624970558,1788460851.096,1788460851.099,35.1823024,-97.4355200,317.26,9.6570,179.974,1.04,1.69,14,1
2,1671829245871,1788460851.301,1788460851.299,35.1822848,-97.4355199,317.21,9.7570,179.799,1.03,1.69,14,1
2,1672027717121,1788460851.499,1788460851.499,35.1822671,-97.4355196,317.20,9.8160,179.669,1.03,1.69,14,1
2,1672227765298,1788460851.699,1788460851.699,35.1822493,-97.4355195,317.14,9.8320,179.805,1.03,1.69,14,1
2,1672422536027,1788460851.894,1788460851.899,35.1822317,-97.4355193,317.09,9.7320,179.537,1.03,1.69,14,1
2,1672623114047,1788460852.095,1788460852.099,35.1822138,-97.4355189,317.07,9.9100,179.082,1.03,1.69,14,1
2,1672828138839,1788460852.300,1788460852.299,35.1821959,-97.4355185,317.08,9.9000,179.202,1.03,1.69,14,1
2,1673038143787,1788460852.510,1788460852.499,35.1821780,-97.4355182,317.09,9.8330,179.447,1.03,1.69,14,1
2,1673227102537,1788460852.699,1788460852.699,35.1821602,-97.4355179,317.15,9.8100,179.526,1.02,1.69,14,1
2,1673423280089,1788460852.895,1788460852.899,35.1821426,-97.4355178,317.13,9.7380,179.999,1.03,1.70,14,1
2,1673621222693,1788460853.093,1788460853.099,35.1821251,-97.4355177,317.10,9.6410,179.867,1.03,1.70,14,1
2,1673820105922,1788460853.292,1788460853.299,35.1821081,-97.4355175,317.11,9.4350,179.335,1.03,1.70,14,1
2,1673994258057,1788460853.466,1788460853.499,35.1820911,-97.4355173,317.11,9.3510,179.677,1.03,1.70,14,1
2,1674119361755,1788460853.591,1788460853.599,35.1820825,-97.4355169,317.16,9.3970,179.293,1.03,1.70,14,1
2,1674322657589,1788460853.794,1788460853.799,35.1820659,-97.4355173,317.09,9.2020,180.344,1.03,1.71,14,1
2,1674524460713,1788460853.996,1788460853.999,35.1820492,-97.4355172,317.10,9.2510,180.097,1.03,1.71,14,1
2,1674723345401,1788460854.195,1788460854.199,35.1820330,-97.4355172,317.05,8.9740,179.935,1.04,1.71,14,1
2,1674923181130,1788460854.395,1788460854.399,35.1820171,-97.4355171,316.96,8.8550,179.532,1.04,1.72,14,1
2,1675122951390,1788460854.594,1788460854.599,35.1820013,-97.4355177,316.90,8.7290,181.094,1.05,1.73,14,1
2,1675326538838,1788460854.798,1788460854.799,35.1819857,-97.4355173,316.89,8.6140,179.672,1.05,1.73,14,1
2,1675520889463,1788460854.992,1788460854.999,35.1819706,-97.4355175,316.88,8.3660,180.174,1.05,1.74,15,1
2,1675719078890,1788460855.191,1788460855.199,35.1819558,-97.4355174,316.84,8.1520,180.260,1.06,1.74,15,1
2,1675918528421,1788460855.390,1788460855.399,35.1819412,-97.4355169,316.81,8.0740,178.917,1.06,1.75,15,1
2,1676128866390,1788460855.600,1788460855.599,35.1819270,-97.4355164,316.83,7.8250,179.012,1.06,1.75,15,1
2,1676321494775,1788460855.793,1788460855.799,35.1819131,-97.4355160,316.85,7.6180,179.142,1.06,1.75,15,1
2,1676523324723,1788460855.995,1788460855.999,35.1819003,-97.4355169,316.61,7.2380,181.072,1.06,1.75,15,1
2,1676694762015,1788460856.166,1788460856.199,35.1818876,-97.4355176,316.45,7.0830,181.467,1.06,1.76,15,1
2,1676924583890,1788460856.396,1788460856.399,35.1818755,-97.4355187,316.29,6.8070,183.015,1.07,1.76,15,1
2,1677127283629,1788460856.599,1788460856.599,35.1818634,-97.4355192,316.23,6.6420,182.561,1.07,1.77,15,1
2,1677319296910,1788460856.791,1788460856.799,35.1818520,-97.4355192,316.13,6.3230,180.685,1.08,1.77,15,1
2,1677524666285,1788460856.996,1788460856.999,35.1818409,-97.4355191,316.14,6.1040,180.805,1.08,1.77,15,1
2,1677724473108,1788460857.196,1788460857.199,35.1818303,-97.4355192,316.10,5.8210,180.842,1.08,1.78,15,1
2,1677925313681,1788460857.397,1788460857.399,35.1818205,-97.4355197,316.02,5.3630,182.199,1.08,1.78,15,1
2,1678126249306,1788460857.598,1788460857.599,35.1818110,-97.4355200,316.04,5.2060,182.325,1.08,1.78,15,1
2,1678330974149,1788460857.802,1788460857.799,35.1818019,-97.4355205,316.05,4.9200,183.092,1.08,1.79,15,1
2,1678535266754,1788460858.007,1788460857.999,35.1817938,-97.4355216,315.98,4.4740,185.473,1.08,1.79,15,1
2,1678720916128,1788460858.192,1788460858.199,35.1817859,-97.4355234,316.01,4.3600,189.137,1.09,1.79,15,1
2,1678923673420,1788460858.395,1788460858.399,35.1817789,-97.4355254,315.99,4.0150,193.114,1.09,1.80,15,1
2,1679129302795,1788460858.601,1788460858.599,35.1817722,-97.4355283,316.02,3.9290,198.548,1.09,1.80,15,1
2,1679328510503,1788460858.800,1788460858.799,35.1817662,-97.4355319,315.96,3.6690,203.154,1.09,1.81,15,1
2,1679492260399,1788460858.964,1788460858.999,35.1817604,-97.4355359,315.92,3.6250,206.620,1.09,1.81,15,1
2,1679620286336,1788460859.092,1788460859.099,35.1817579,-97.4355386,315.86,3.6320,212.091,1.09,1.81,15,1
2,1679823567118,1788460859.295,1788460859.299,35.1817528,-97.4355434,315.79,3.5600,215.526,1.09,1.82,15,1
2,1680022305503,1788460859.494,1788460859.499,35.1817481,-97.4355491,315.70,3.6860,221.331,1.09,1.82,15,1
2,1680222387951,1788460859.694,1788460859.699,35.1817445,-97.4355551,315.65,3.3110,228.040,1.09,1.83,15,1
2,1680423248524,1788460859.895,1788460859.899,35.1817405,-97.4355621,315.58,3.8580,233.107,1.09,1.84,15,1
2,1680625749461,1788460860.097,1788460860.099,35.1817372,-97.4355693,315.61,3.9180,238.929,1.09,1.85,15,1
2,1680793928471,1788460860.265,1788460860.299,35.1817349,-97.4355775,315.64,4.0260,246.898,1.09,1.85,15,1
2,1680911551805,1788460860.383,1788460860.399,35.1817338,-97.4355819,315.60,4.1340,250.766,1.09,1.85,15,1
2,1681027528836,1788460860.499,1788460860.499,35.1817328,-97.4355858,315.52,3.9930,252.175,1.08,1.85,15,1
2,1681222340815,1788460860.694,1788460860.699,35.1817314,-97.4355947,315.46,4.1430,255.899,1.08,1.85,15,1
2,1681419213992,1788460860.891,1788460860.899,35.1817304,-97.4356041,315.43,4.3140,260.548,1.08,1.86,15,1
2,1681628691075,1788460861.100,1788460861.099,35.1817294,-97.4356144,315.38,4.6320,262.838,1.09,1.86,15,1
2,1681824144669,1788460861.296,1788460861.299,35.1817292,-97.4356246,315.38,4.6490,266.345,1.09,1.87,15,1
2,1682022479356,1788460861.494,1788460861.499,35.1817291,-97.4356352,315.35,4.8290,268.543,1.09,1.88,15,1
2,1682191549460,1788460861.663,1788460861.699,35.1817293,-97.4356461,315.38,5.0000,270.281,1.09,1.88,15,1
2,1682308830919,1788460861.780,1788460861.799,35.1817293,-97.4356518,315.40,5.1360,270.706,1.09,1.88,15,1
2,1682425752065,1788460861.897,1788460861.899,35.1817294,-97.4356576,315.42,5.3080,271.083,1.09,1.88,15,1
2,1682619184565,1788460862.091,1788460862.099,35.1817297,-97.4356695,315.48,5.4970,270.770,1.09,1.88,15,1
2,1682819563054,1788460862.291,1788460862.299,35.1817297,-97.4356822,315.53,5.8320,270.111,1.09,1.88,15,1
2,1683019341596,1788460862.491,1788460862.499,35.1817301,-97.4356958,315.49,6.2680,271.057,1.09,1.89,15,1
2,1683221343679,1788460862.693,1788460862.699,35.1817306,-97.4357102,315.58,6.5650,271.900,1.09,1.89,15,1
2,1683421347116,1788460862.893,1788460862.899,35.1817312,-97.4357248,315.58,6.7110,272.495,1.10,1.89,15,1
2,1683592505189,1788460863.064,1788460863.099,35.1817318,-97.4357399,315.56,6.8650,272.978,1.10,1.90,15,1
2,1683724345502,1788460863.196,1788460863.199,35.1817318,-97.4357478,315.59,7.1050,272.347,1.09,1.89,15,1
2,1683930453679,1788460863.402,1788460863.399,35.1817322,-97.4357640,315.74,7.4150,271.802,1.10,1.90,15,1
2,1684123706283,1788460863.595,1788460863.599,35.1817325,-97.4357807,315.78,7.6150,272.020,1.10,1.90,15,1
2,1684328629043,1788460863.800,1788460863.799,35.1817328,-97.4357981,315.65,7.8910,271.359,1.10,1.90,15,1
2,1684525183210,1788460863.997,1788460863.999,35.1817327,-97.4358160,315.57,8.1680,270.088,1.10,1.91,15,1
2,1684725547428,1788460864.197,1788460864.199,35.1817327,-97.4358345,315.53,8.4480,270.448,1.10,1.91,15,1
2,1684892167376,1788460864.364,1788460864.399,35.1817329,-97.4358535,315.44,8.6160,271.121,1.10,1.92,15,1
2,1685028104303,1788460864.500,1788460864.499,35.1817327,-97.4358634,315.27,8.8090,270.304,1.10,1.92,15,1
2,1685222003209,1788460864.693,1788460864.699,35.1817328,-97.4358828,315.24,8.9350,270.848,1.10,1.92,15,1
2,1685428903366,1788460864.900,1788460864.899,35.1817332,-97.4359025,315.17,8.9930,271.362,1.10,1.93,15,1
2,1685621426074,1788460865.093,1788460865.099,35.1817332,-97.4359225,315.05,9.0700,270.482,1.10,1.93,15,1
2,1685831564355,1788460865.303,1788460865.299,35.1817334,-97.4359422,315.00,9.0640,270.317,1.10,1.93,16,1
2,1686028921022,1788460865.500,1788460865.499,35.1817335,-97.4359623,315.04,9.1710,270.370,1.10,1.94,15,1
2,1686194413157,1788460865.666,1788460865.699,35.1817335,-97.4359825,315.06,9.2590,270.211,1.10,1.94,14,1
2,1686291946959,1788460865.763,1788460865.799,35.1817337,-97.4359925,315.05,9.2390,270.959,1.10,1.94,15,1
2,1686425777896,1788460865.897,1788460865.899,35.1817338,-97.4360027,315.13,9.2470,270.143,1.10,1.94,16,1
2,1686634949198,1788460866.106,1788460866.099,35.1817338,-97.4360234,315.10,9.4060,270.438,1.10,1.94,15,1
2,1686824848834,1788460866.296,1788460866.299,35.1817339,-97.4360439,315.00,9.3480,270.133,1.10,1.95,15,1
2,1687032663782,1788460866.504,1788460866.499,35.1817339,-97.4360641,314.99,9.1850,270.089,1.10,1.95,15,1
2,1687228344823,1788460866.700,1788460866.699,35.1817338,-97.4360842,314.96,9.1260,269.638,1.10,1.95,15,1
2,1687427879406,1788460866.899,1788460866.899,35.1817339,-97.4361038,314.93,8.9520,270.256,1.10,1.95,16,1
2,1687591711906,1788460867.063,1788460867.099,35.1817341,-97.4361230,314.87,8.7830,270.835,1.10,1.94,16,1
2,1687693501542,1788460867.165,1788460867.199,35.1817340,-97.4361326,314.75,8.7850,270.457,1.10,1.93,15,1
2,1687823549146,1788460867.295,1788460867.299,35.1817340,-97.4361419,314.80,8.6400,269.394,1.09,1.93,15,1
2,1688031299510,1788460867.503,1788460867.499,35.1817338,-97.4361608,314.74,8.6660,269.628,1.09,1.93,15,1
2,1688225357739,1788460867.697,1788460867.699,35.1817337,-97.4361798,314.77,8.6450,269.539,1.09,1.93,15,1
2,1688423383573,1788460867.895,1788460867.899,35.1817336,-97.4361988,314.74,8.6490,269.513,1.09,1.93,15,1
2,1688625752948,1788460868.097,1788460868.099,35.1817335,-97.4362175,314.70,8.4610,269.725,1.09,1.92,15,1
2,1688825969406,1788460868.297,1788460868.299,35.1817333,-97.4362361,314.69,8.4690,269.592,1.09,1.92,15,1
2,1688992640239,1788460868.464,1788460868.499,35.1817333,-97.4362544,314.68,8.3400,270.341,1.09,1.92,15,1
2,1689130218208,1788460868.602,1788460868.599,35.1817332,-97.4362639,314.70,8.4840,269.564,1.09,1.92,15,1
2,1689329623989,1788460868.801,1788460868.799,35.1817329,-97.4362825,314.72,8.4460,269.244,1.09,1.92,15,1
2,1689520085187,1788460868.992,1788460868.999,35.1817331,-97.4363009,314.77,8.4130,270.598,1.08,1.91,15,1
2,1689729955291,1788460869.201,1788460869.199,35.1817330,-97.4363192,314.73,8.3250,270.225,1.08,1.91,15,1
2,1689924249562,1788460869.396,1788460869.399,35.1817333,-97.4363372,314.77,8.2110,270.897,1.08,1.91,15,1
2,1690130136332,1788460869.602,1788460869.599,35.1817334,-97.4363550,314.71,8.1210,270.484,1.08,1.91,15,1
2,1690293343312,1788460869.765,1788460869.799,35.1817335,-97.4363728,314.67,8.0890,270.392,1.08,1.91,15,1
2,1690392008989,1788460869.863,1788460869.899,35.1817334,-97.4363814,314.62,7.9310,269.908,1.08,1.91,15,1
2,1690526337009,1788460869.998,1788460869.999,35.1817335,-97.4363900,314.59,7.8830,270.434,1.08,1.90,15,1
2,1690730797374,1788460870.202,1788460870.199,35.1817335,-97.4364072,314.55,7.7840,270.601,1.07,1.90,15,1
2,1690929956593,1788460870.401,1788460870.399,35.1817333,-97.4364238,314.42,7.5620,270.215,1.07,1.90,15,1
2,1691128416020,1788460870.600,1788460870.599,35.1817333,-97.4364404,314.44,7.5350,269.616,1.07,1.90,15,1
2,1691325188311,1788460870.797,1788460870.799,35.1817329,-97.4364564,314.43,7.2970,268.635,1.07,1.89,15,1
2,1691519609926,1788460870.991,1788460870.999,35.1817326,-97.4364723,314.44,7.2630,268.594,1.07,1.89,15,1
2,1691696514821,1788460871.168,1788460871.199,35.1817324,-97.4364881,314.46,7.2160,268.657,1.07,1.89,15,1
2,1691824078207,1788460871.296,1788460871.299,35.1817322,-97.4364957,314.50,7.0620,268.112,1.07,1.89,15,1
2,1692023711384,1788460871.495,1788460871.499,35.1817314,-97.4365112,314.46,7.0560,266.788,1.07,1.88,15,1
2,1692224453988,1788460871.696,1788460871.699,35.1817304,-97.4365263,314.47,6.8940,265.815,1.07,1.88,15,1
2,1692425266748,1788460871.897,1788460871.899,35.1817292,-97.4365411,314.47,6.7580,264.289,1.07,1.88,15,1
2,1692617250498,1788460872.089,1788460872.099,35.1817276,-97.4365558,314.47,6.7190,262.890,1.07,1.88,15,1
2,1692828434717,1788460872.300,1788460872.299,35.1817258,-97.4365705,314.51,6.7820,261.522,1.07,1.88,15,1
2,1693009427738,1788460872.481,1788460872.499,35.1817239,-97.4365850,314.53,6.6820,260.768,1.07,1.88,15,1
2,1693091692790,1788460872.563,1788460872.599,35.1817226,-97.4365924,314.52,6.7450,260.092,1.07,1.87,15,1
2,1693223825029,1788460872.695,1788460872.699,35.1817215,-97.4365996,314.63,6.7460,258.826,1.06,1.87,15,1
2,1693418379873,1788460872.890,1788460872.899,35.1817188,-97.4366142,314.60,6.7160,258.044,1.06,1.87,15,1
2,1693624376331,1788460873.096,1788460873.099,35.1817158,-97.4366287,314.61,6.7870,256.508,1.07,1.87,15,1
2,1693823131227,1788460873.295,1788460873.299,35.1817126,-97.4366427,314.62,6.5560,254.990,1.07,1.87,15,1
2,1694024212737,1788460873.496,1788460873.499,35.1817094,-97.4366567,314.61,6.6110,254.722,1.07,1.87,15,1
2,1694219637373,1788460873.691,1788460873.699,35.1817057,-97.4366706,314.57,6.6460,252.652,1.07,1.87,15,1
2,1694392978570,1788460873.864,1788460873.899,35.1817019,-97.4366848,314.51,6.7510,251.859,1.07,1.87,15,1
2,1694512172945,1788460873.984,1788460873.999,35.1816999,-97.4366919,314.46,6.7370,251.452,1.07,1.87,16,1
2,1694624218102,1788460874.096,1788460874.099,35.1816977,-97.4366992,314.42,6.8940,251.400,1.07,1.87,15,1
2,1694828599456,1788460874.300,1788460874.299,35.1816937,-97.4367140,314.40,7.1220,251.538,1.07,1.87,16,1
2,1695025585029,1788460874.497,1788460874.499,35.1816894,-97.4367287,314.36,7.0930,250.583,1.07,1.87,16,1
2,1695226501695,1788460874.698,1788460874.699,35.1816847,-97.4367433,314.33,7.1150,249.438,1.07,1.87,16,1
2,1695423074872,1788460874.895,1788460874.899,35.1816802,-97.4367580,314.35,7.1400,249.054,1.08,1.87,16,1
2,1695625568205,1788460875.097,1788460875.099,35.1816755,-97.4367729,314.36,7.2920,248.787,1.08,1.88,16,1
2,1695791646799,1788460875.263,1788460875.299,35.1816707,-97.4367880,314.36,7.3950,249.020,1.08,1.88,16,1
2,1695922353830,1788460875.394,1788460875.399,35.1816684,-97.4367953,314.38,7.2940,248.683,1.08,1.88,16,1
2,1696129229299,1788460875.601,1788460875.599,35.1816635,-97.4368106,314.40,7.5260,248.424,1.08,1.88,16,1
2,1696327972528,1788460875.799,1788460875.799,35.1816584,-97.4368263,314.34,7.6470,248.816,1.08,1.89,16,1
2,1696524281851,1788460875.996,1788460875.999,35.1816532,-97.4368419,314.33,7.6430,248.373,1.09,1.89,16,1
2,1696729118986,1788460876.201,1788460876.199,35.1816482,-97.4368580,314.30,7.8270,249.021,1.09,1.90,16,1
2,1696925467892,1788460876.397,1788460876.399,35.1816429,-97.4368740,314.20,7.8110,249.103,1.09,1.90,16,1
2,1697093203309,1788460876.565,1788460876.599,35.1816378,-97.4368899,314.11,7.7120,249.293,1.10,1.91,16,1
2,1697197257840,1788460876.669,1788460876.699,35.1816354,-97.4368977,314.10,7.6710,249.801,1.09,1.90,16,1
2,1697324910496,1788460876.796,1788460876.799,35.1816328,-97.4369056,314.05,7.6540,249.217,1.09,1.90,16,1
2,1697531391382,1788460877.003,1788460876.999,35.1816276,-97.4369215,313.97,7.7600,248.496,1.09,1.91,16,1
2,1697723897788,1788460877.195,1788460877.199,35.1816226,-97.4369374,313.85,7.6730,249.386,1.09,1.91,16,1
2,1697926389975,1788460877.398,1788460877.399,35.1816177,-97.4369532,313.67,7.6320,249.784,1.10,1.91,16,1
2,1698130403829,1788460877.602,1788460877.599,35.1816129,-97.4369694,313.60,7.7850,250.272,1.10,1.92,16,1
2,1698311498152,1788460877.783,1788460877.799,35.1816081,-97.4369856,313.58,7.8700,250.157,1.10,1.92,16,1
2,1698394107319,1788460877.866,1788460877.899,35.1816054,-97.4369937,313.50,7.8640,249.976,1.10,1.92,16,1
2,1698528801121,1788460878.000,1788460877.999,35.1816031,-97.4370019,313.39,7.7960,250.614,1.10,1.92,16,1
2,1698729573048,1788460878.201,1788460878.199,35.1815991,-97.4370180,313.40,7.7030,251.961,1.10,1.93,16,1
2,1698929170131,1788460878.401,1788460878.399,35.1815945,-97.4370341,313.30,7.7270,251.416,1.11,1.93,16,1
2,1699129587839,1788460878.601,1788460878.599,35.1815902,-97.4370502,313.20,7.6660,251.787,1.11,1.93,16,1
2,1699335818412,1788460878.807,1788460878.799,35.1815862,-97.4370661,313.05,7.5510,253.117,1.11,1.94,15,1
2,1699529022996,1788460879.001,1788460878.999,35.1815828,-97.4370820,313.02,7.5260,254.731,1.12,1.94,15,1
2,1699730305964,1788460879.202,1788460879.199,35.1815793,-97.4370976,312.87,7.3190,255.618,1.12,1.95,16,1
2,1699910856589,1788460879.382,1788460879.399,35.1815758,-97.4371130,312.85,7.2850,255.120,1.12,1.95,15,1
2,1700029339662,1788460879.501,1788460879.499,35.1815746,-97.4371206,312.93,7.2650,256.007,1.12,1.95,15,1
2,1700223812214,1788460879.695,1788460879.699,35.1815716,-97.4371359,312.93,7.1790,256.082,1.12,1.95,15,1
2,1700425783360,1788460879.897,1788460879.899,35.1815684,-97.4371513,312.91,7.2280,255.901,1.13,1.95,15,1
2,1700619812318,1788460880.091,1788460880.099,35.1815652,-97.4371670,312.86,7.3490,256.206,1.13,1.96,15,1
2,1700821978516,1788460880.293,1788460880.299,35.1815618,-97.4371825,312.84,7.2890,255.235,1.13,1.96,15,1
2,1701028778828,1788460880.500,1788460880.499,35.1815587,-97.4371982,312.81,7.3150,256.086,1.14,1.97,15,1
2,1701199503880,1788460880.671,1788460880.699,35.1815558,-97.4372141,312.79,7.3480,257.363,1.14,1.97,16,1
2,1701329329401,1788460880.801,1788460880.799,35.1815549,-97.4372217,312.90,7.2300,258.414,1.14,1.97,15,1
2,1701517796797,1788460880.989,1788460880.999,35.1815532,-97.4372373,312.97,7.1520,261.397,1.14,1.97,15,1
2,1701719185286,1788460881.191,1788460881.199,35.1815514,-97.4372528,313.00,7.0620,261.703,1.14,1.97,16,1
2,1701923674140,1788460881.395,1788460881.399,35.1815499,-97.4372678,313.06,6.8480,262.552,1.14,1.97,16,1
2,1702124008463,1788460881.595,1788460881.599,35.1815484,-97.4372829,313.13,6.8550,262.840,1.14,1.97,16,1
2,1702329548047,1788460881.801,1788460881.799,35.1815469,-97.4372976,313.18,6.7030,263.245,1.14,1.97,16,1
2,1702525086224,1788460881.997,1788460881.999,35.1815457,-97.4373120,313.18,6.5380,264.543,1.14,1.97,16,1
2,1702721915130,1788460882.193,1788460882.199,35.1815449,-97.4373261,313.18,6.3950,265.773,1.15,1.98,16,1
2,1702945352838,1788460882.417,1788460882.399,35.1815443,-97.4373399,313.28,6.2660,266.399,1.14,1.97,16,1
2,1703123118098,1788460882.595,1788460882.599,35.1815439,-97.4373535,313.26,6.2020,268.287,1.14,1.97,16,1
2,1703327177369,1788460882.799,1788460882.799,35.1815434,-97.4373668,313.22,5.9870,268.512,1.14,1.97,16,1
2,1703521046952,1788460882.993,1788460882.999,35.1815432,-97.4373800,313.21,5.9840,268.790,1.14,1.97,16,1
2,1703724586015,1788460883.196,1788460883.199,35.1815430,-97.4373929,313.20,5.8170,269.468,1.14,1.96,16,1
2,1703900441015,1788460883.372,1788460883.399,35.1815427,-97.4374054,313.22,5.6970,268.630,1.14,1.96,16,1
2,1704029416379,1788460883.501,1788460883.499,35.1815428,-97.4374114,313.23,5.5690,269.081,1.13,1.95,16,1
2,1704222314400,1788460883.694,1788460883.699,35.1815428,-97.4374236,313.19,5.5190,270.078,1.13,1.95,16,1
2,1704425491379,1788460883.897,1788460883.899,35.1815427,-97.4374353,313.08,5.2540,270.691,1.13,1.95,16,1
2,1704633606900,1788460884.105,1788460884.099,35.1815429,-97.4374466,313.05,5.1470,271.346,1.13,1.96,16,1
2,1704831705233,1788460884.303,1788460884.299,35.1815432,-97.4374572,313.02,4.7910,271.870,1.13,1.96,16,1
2,1705022750493,1788460884.494,1788460884.499,35.1815431,-97.4374673,313.05,4.6040,270.139,1.13,1.95,16,1
2,1705230996535,1788460884.702,1788460884.699,35.1815430,-97.4374770,313.08,4.3450,269.865,1.13,1.95,16,1
2,1705431858045,1788460884.903,1788460884.899,35.1815430,-97.4374860,313.08,4.1170,269.997,1.12,1.95,16,1
2,1705628502472,1788460885.100,1788460885.099,35.1815432,-97.4374945,313.04,3.8270,271.971,1.12,1.95,16,1
2,1705819521899,1788460885.291,1788460885.299,35.1815432,-97.4375024,313.05,3.5680,270.578,1.12,1.95,16,1
2,1706033385389,1788460885.505,1788460885.499,35.1815433,-97.4375096,313.08,3.2530,270.535,1.12,1.95,16,1
2,1706230553462,1788460885.702,1788460885.699,35.1815434,-97.4375160,313.07,2.8830,271.211,1.12,1.95,16,1
2,1706423464764,1788460885.895,1788460885.899,35.1815436,-97.4375219,313.12,2.6680,270.714,1.12,1.95,16,1
2,1706623072420,1788460886.095,1788460886.099,35.1815436,-97.4375270,313.11,2.2320,270.511,1.12,1.94,16,1
2,1706830231847,1788460886.302,1788460886.299,35.1815438,-97.4375314,313.19,1.9530,270.438,1.12,1.94,16,1
2,1707024523305,1788460886.496,1788460886.499,35.1815439,-97.4375351,313.14,1.5630,271.590,1.11,1.94,16,1
2,1707226615336,1788460886.698,1788460886.699,35.1815440,-97.4375382,313.21,1.3730,270.512,1.11,1.93,16,1
2,1707425913618,1788460886.897,1788460886.899,35.1815440,-97.4375407,313.26,1.0790,271.713,1.11,1.93,16,1
2,1707626650076,1788460887.098,1788460887.099,35.1815439,-97.4375424,313.25,0.7430,270.774,1.11,1.93,16,1
2,1707830270440,1788460887.302,1788460887.299,35.1815439,-97.4375437,313.30,0.5360,269.378,1.11,1.93,16,1
2,1708012022003,1788460887.484,1788460887.499,35.1815440,-97.4375448,313.33,0.4970,270.072,1.10,1.92,16,1
2,1708128819242,1788460887.600,1788460887.599,35.1815439,-97.4375455,313.31,0.5780,270.022,1.10,1.91,16,1
2,1708331186221,1788460887.803,1788460887.799,35.1815441,-97.4375473,313.31,0.8290,276.464,1.10,1.91,16,1
2,1708535185596,1788460888.007,1788460887.999,35.1815443,-97.4375497,313.33,1.1270,276.197,1.09,1.91,16,1
2,1708727146586,1788460888.199,1788460888.199,35.1815445,-97.4375526,313.33,1.3080,275.090,1.09,1.90,16,1
2,1708921336534,1788460888.393,1788460888.399,35.1815450,-97.4375560,313.38,1.5670,278.251,1.09,1.90,16,1
2,1709122389711,1788460888.594,1788460888.599,35.1815456,-97.4375599,313.38,1.8150,279.565,1.09,1.90,16,1
2,1709288643044,1788460888.760,1788460888.799,35.1815464,-97.4375642,313.36,2.0230,281.979,1.08,1.89,16,1
2,1709530228513,1788460889.002,1788460888.999,35.1815475,-97.4375691,313.38,2.2900,284.328,1.08,1.89,16,1
2,1709730503773,1788460889.202,1788460889.199,35.1815490,-97.4375743,313.38,2.5380,287.657,1.08,1.89,16,1
2,1709925023773,1788460889.397,1788460889.399,35.1815511,-97.4375799,313.38,2.7690,292.764,1.08,1.89,15,1
2,1710126664346,1788460889.598,1788460889.599,35.1815538,-97.4375856,313.42,3.0130,297.644,1.08,1.88,15,1
2,1710331123096,1788460889.803,1788460889.799,35.1815570,-97.4375913,313.37,3.1960,302.938,1.07,1.88,15,1
2,1710528419450,1788460890.000,1788460889.999,35.1815607,-97.4375969,313.31,3.3030,307.777,1.07,1.87,15,1
2,1710708817783,1788460890.180,1788460890.199,35.1815654,-97.4376023,313.32,3.5950,313.532,1.07,1.87,15,1
2,1710793722262,1788460890.265,1788460890.299,35.1815678,-97.4376049,313.33,3.6070,315.853,1.07,1.86,16,1
2,1710925499033,1788460890.397,1788460890.399,35.1815705,-97.4376074,313.31,3.7440,318.815,1.06,1.86,16,1
2,1711124626637,1788460890.596,1788460890.599,35.1815764,-97.4376121,313.28,3.9870,324.557,1.06,1.85,16,1
2,1711321429762,1788460890.793,1788460890.799,35.1815830,-97.4376161,313.27,4.1040,331.237,1.06,1.85,16,1
2,1711535245803,1788460891.007,1788460890.999,35.1815902,-97.4376195,313.35,4.2160,336.735,1.06,1.84,16,1
2,1711729577887,1788460891.201,1788460891.199,35.1815977,-97.4376223,313.34,4.3650,341.797,1.05,1.84,16,1
2,1711922077053,1788460891.394,1788460891.399,35.1816058,-97.4376240,313.33,4.6110,348.856,1.05,1.84,16,1
2,1712124170334,1788460891.596,1788460891.599,35.1816146,-97.4376250,313.38,4.8710,353.609,1.05,1.83,16,1
2,1712322909241,1788460891.794,1788460891.799,35.1816237,-97.4376257,313.39,5.0390,356.154,1.05,1.83,15,1
2,1712531593616,1788460892.003,1788460891.999,35.1816330,-97.4376259,313.36,5.2090,358.169,1.05,1.83,15,1
2,1712733838355,1788460892.205,1788460892.199,35.1816429,-97.4376262,313.36,5.5060,358.672,1.05,1.83,15,1
2,1712923223928,1788460892.395,1788460892.399,35.1816534,-97.4376263,313.38,5.8120,359.204,1.05,1.83,15,1
2,1713131738876,1788460892.603,1788460892.599,35.1816646,-97.4376263,313.41,6.1920,0.032,1.05,1.83,15,1
2,1713325145855,1788460892.797,1788460892.799,35.1816762,-97.4376262,313.45,6.4420,0.143,1.05,1.83,15,1
2,1713523069813,1788460892.995,1788460892.999,35.1816882,-97.4376261,313.48,6.6230,0.514,1.04,1.83,15,1
2,1713725330594,1788460893.197,1788460893.199,35.1817008,-97.4376260,313.50,6.9780,0.175,1.04,1.83,15,1
2,1713925674761,1788460893.397,1788460893.399,35.1817139,-97.4376260,313.48,7.2730,0.173,1.04,1.83,15,1
2,1714129600855,1788460893.601,1788460893.599,35.1817274,-97.4376259,313.51,7.5310,0.277,1.04,1.82,15,1
2,1714322147834,1788460893.794,1788460893.799,35.1817414,-97.4376257,313.52,7.7790,0.464,1.04,1.82,15,1
2,1714525011063,1788460893.996,1788460893.999,35.1817560,-97.4376257,313.54,8.0210,0.169,1.03,1.82,15,1
2,1714721960073,1788460894.193,1788460894.199,35.1817709,-97.4376256,313.54,8.2150,0.133,1.03,1.82,15,1
2,1714930585958,1788460894.402,1788460894.399,35.1817862,-97.4376255,313.55,8.4970,0.191,1.03,1.82,15,1
2,1715131166688,1788460894.603,1788460894.599,35.1818020,-97.4376255,313.62,8.6570,359.723,1.03,1.82,15,1
2,1715327340646,1788460894.799,1788460894.799,35.1818177,-97.4376255,313.64,8.6840,0.093,1.03,1.82,15,1
2,1715525916635,1788460894.997,1788460894.999,35.1818338,-97.4376254,313.72,8.8760,359.963,1.03,1.82,15,1
2,1715729065125,1788460895.201,1788460895.199,35.1818498,-97.4376253,313.74,8.9030,0.122,1.03,1.82,15,1
2,1715924047208,1788460895.396,1788460895.399,35.1818665,-97.4376252,313.80,9.2190,0.407,1.02,1.81,15,1
2,1716124729552,1788460895.596,1788460895.599,35.1818829,-97.4376254,313.83,9.0860,359.539,1.02,1.81,15,1
2,1716324886583,1788460895.796,1788460895.799,35.1818996,-97.4376255,313.85,9.2650,359.697,1.02,1.81,15,1
2,1716524728510,1788460895.996,1788460895.999,35.1819164,-97.4376255,313.91,9.2620,359.836,1.02,1.81,15,1
2,1716723964447,1788460896.195,1788460896.199,35.1819338,-97.4376258,314.01,9.5950,359.041,1.02,1.81,15,1
2,1716927354916,1788460896.399,1788460896.399,35.1819512,-97.4376257,314.00,9.6470,0.330,1.02,1.81,15,1
2,1717127620489,1788460896.599,1788460896.599,35.1819690,-97.4376257,314.00,9.8620,359.793,1.02,1.81,15,1
2,1717323991791,1788460896.795,1788460896.799,35.1819869,-97.4376258,314.05,9.8600,359.735,1.02,1.81,15,1
2,1717511207780,1788460896.983,1788460896.999,35.1820051,-97.4376261,314.07,10.0340,359.301,1.01,1.81,15,1
2,1717624957572,1788460897.096,1788460897.099,35.1820143,-97.4376263,314.12,10.0790,359.103,1.01,1.80,15,1
2,1717819220436,1788460897.291,1788460897.299,35.1820327,-97.4376266,314.23,10.1840,358.884,1.01,1.80,15,1
2,1718019269186,1788460897.491,1788460897.499,35.1820513,-97.4376267,314.28,10.2620,359.855,1.01,1.80,15,1
2,1718218574759,1788460897.690,1788460897.699,35.1820702,-97.4376268,314.37,10.4460,359.635,1.01,1.80,15,1
2,1718417550801,1788460897.889,1788460897.899,35.1820894,-97.4376268,314.46,10.5830,359.663,1.01,1.80,15,1
2,1718621848092,1788460898.093,1788460898.099,35.1821086,-97.4376269,314.48,10.5710,0.023,1.01,1.80,15,1
2,1718830445124,1788460898.302,1788460898.299,35.1821280,-97.4376269,314.58,10.6800,359.706,1.01,1.80,15,1
2,1719023316478,1788460898.495,1788460898.499,35.1821474,-97.4376268,314.58,10.7330,0.119,1.01,1.81,15,1
2,1719223817051,1788460898.695,1788460898.699,35.1821669,-97.4376267,314.63,10.7880,0.170,1.01,1.81,15,1
2,1719424251634,1788460898.896,1788460898.899,35.1821866,-97.4376266,314.66,10.8460,0.449,1.00,1.81,15,1
2,1719618214967,1788460899.090,1788460899.099,35.1822061,-97.4376263,314.75,10.7980,0.583,1.00,1.81,15,1
2,1719820648457,1788460899.292,1788460899.299,35.1822256,-97.4376260,314.79,10.7840,0.528,1.00,1.81,15,1
2,1720022556581,1788460899.494,1788460899.499,35.1822453,-97.4376258,314.90,10.8620,0.610,1.00,1.81,15,1
2,1720194316634,1788460899.666,1788460899.699,35.1822650,-97.4376256,315.00,10.8520,0.269,1.00,1.82,15,1
2,1720281303821,1788460899.753,1788460899.799,35.1822749,-97.4376255,315.07,10.8950,0.458,1.00,1.81,14,1
2,1720422740435,1788460899.894,1788460899.899,35.1822848,-97.4376251,315.11,10.8710,1.036,1.00,1.81,14,1
2,1720622111373,1788460900.094,1788460900.099,35.1823044,-97.4376245,315.16,10.8830,1.478,1.00,1.81,14,1
2,1720815791894,1788460900.287,1788460900.299,35.1823242,-97.4376238,315.21,10.9130,1.378,1.00,1.82,14,1
2,1721022991425,1788460900.494,1788460900.499,35.1823440,-97.4376232,315.19,10.9360,1.300,1.00,1.82,14,1
2,1721221076581,1788460900.693,1788460900.699,35.1823636,-97.4376224,315.19,10.8560,1.886,0.99,1.82,14,1
2,1721429639289,1788460900.901,1788460900.899,35.1823831,-97.4376216,315.16,10.7740,1.744,0.99,1.82,14,1
2,1721587173039,1788460901.059,1788460901.099,35.1824025,-97.4376210,315.22,10.7550,1.258,0.99,1.82,14,1
2,1721706109393,1788460901.178,1788460901.199,35.1824124,-97.4376207,315.25,10.8080,1.334,0.99,1.81,14,1
2,1721822508195,1788460901.294,1788460901.299,35.1824221,-97.4376203,315.24,10.7530,1.402,0.99,1.81,14,1
2,1722018572622,1788460901.490,1788460901.499,35.1824414,-97.4376197,315.29,10.6800,1.230,0.99,1.82,14,1
2,1722217805643,1788460901.689,1788460901.699,35.1824607,-97.4376191,315.33,10.7040,1.485,0.99,1.82,14,1
3,1722422869706,1788460901.894,1788460901.899,35.1824799,-97.4376184,315.42,10.5820,1.788,0.99,1.82,14,1
3,1722627348143,1788460902.099,1788460902.099,35.1824990,-97.4376176,315.43,10.5730,1.837,0.99,1.82,14,1
3,1722822960747,1788460902.294,1788460902.299,35.1825182,-97.4376171,315.42,10.6270,1.166,0.99,1.82,15,1
3,1722993374289,1788460902.465,1788460902.499,35.1825372,-97.4376167,315.50,10.5200,0.992,0.99,1.82,15,1
3,1723129078716,1788460902.601,1788460902.599,35.1825467,-97.4376164,315.56,10.4500,1.051,0.98,1.82,15,1
3,1723324849809,1788460902.796,1788460902.799,35.1825654,-97.4376161,315.65,10.3460,0.905,0.98,1.82,15,1
3,1723523007257,1788460902.994,1788460902.999,35.1825840,-97.4376156,315.74,10.2370,1.307,0.98,1.82,15,1
3,1723718437465,1788460903.190,1788460903.199,35.1826023,-97.4376151,315.76,10.0720,0.897,0.98,1.81,15,1
3,1723922255070,1788460903.394,1788460903.399,35.1826201,-97.4376149,315.86,9.7680,0.386,0.98,1.81,14,1
3,1724121432726,1788460903.593,1788460903.599,35.1826375,-97.4376146,315.93,9.6500,0.616,0.98,1.81,14,1
3,1724295205799,1788460903.767,1788460903.799,35.1826548,-97.4376141,315.97,9.5580,1.411,0.98,1.81,14,1
3,1724391727153,1788460903.863,1788460903.899,35.1826632,-97.4376141,316.00,9.3870,0.732,0.98,1.81,14,1
3,1724622404653,1788460904.094,1788460904.099,35.1826797,-97.4376137,316.07,9.0830,1.131,0.98,1.80,14,1
3,1724830548350,1788460904.302,1788460904.299,35.1826957,-97.4376133,316.11,8.8040,0.705,0.98,1.80,14,1
3,1725025549496,1788460904.497,1788460904.499,35.1827112,-97.4376129,316.16,8.5590,1.177,0.98,1.80,14,1
3,1725224636007,1788460904.696,1788460904.699,35.1827264,-97.4376125,316.23,8.3370,1.163,0.98,1.80,15,1
3,1725423097309,1788460904.895,1788460904.899,35.1827411,-97.4376121,316.28,8.1240,0.795,0.98,1.80,15,1
3,1725631769079,1788460905.103,1788460905.099,35.1827553,-97.4376119,316.31,7.8750,0.518,0.98,1.80,15,1
3,1725832124808,1788460905.304,1788460905.299,35.1827690,-97.4376118,316.36,7.5330,0.379,0.98,1.80,15,1
3,1726022858871,1788460905.494,1788460905.499,35.1827822,-97.4376115,316.43,7.2270,0.763,0.98,1.80,15,1
3,1726222991371,1788460905.694,1788460905.699,35.1827948,-97.4376112,316.52,6.9260,0.974,0.98,1.80,15,1
3,1726423081683,1788460905.895,1788460905.899,35.1828068,-97.4376108,316.54,6.6660,1.328,0.97,1.80,15,1
3,1726625797829,1788460906.097,1788460906.099,35.1828184,-97.4376106,316.61,6.3810,0.661,0.97,1.79,15,1
3,1726822919600,1788460906.294,1788460906.299,35.1828296,-97.4376103,316.66,6.1560,1.054,0.97,1.79,15,1
3,1726991963818,1788460906.463,1788460906.499,35.1828400,-97.4376101,316.70,5.7520,0.894,0.97,1.79,15,1
3,1727222622777,1788460906.694,1788460906.699,35.1828497,-97.4376099,316.73,5.3280,0.747,0.97,1.79,15,1
3,1727422223089,1788460906.894,1788460906.899,35.1828587,-97.4376098,316.74,4.9730,0.458,0.97,1.79,15,1
3,1727619791006,1788460907.091,1788460907.099,35.1828672,-97.4376097,316.83,4.6460,0.613,0.97,1.80,15,1
3,1727821842412,1788460907.293,1788460907.299,35.1828749,-97.4376095,316.90,4.2320,0.817,0.97,1.80,15,1
3,1728023303818,1788460907.495,1788460907.499,35.1828823,-97.4376091,317.06,3.9890,2.493,0.98,1.80,15,1
3,1728220855641,1788460907.692,1788460907.699,35.1828887,-97.4376088,317.13,3.5440,2.423,0.98,1.80,15,1
3,1728389759755,1788460907.861,1788460907.899,35.1828945,-97.4376086,317.23,3.1970,2.470,0.98,1.80,15,1
3,1728522012099,1788460907.993,1788460907.999,35.1828965,-97.4376088,317.24,2.7180,1.145,0.98,1.80,15,1
3,1728716000641,1788460908.187,1788460908.199,35.1829008,-97.4376086,317.27,2.3150,1.889,0.98,1.80,15,1
3,1728923501474,1788460908.395,1788460908.399,35.1829045,-97.4376083,317.32,1.9960,3.714,0.98,1.80,15,1
3,1729118796266,1788460908.590,1788460908.599,35.1829076,-97.4376079,317.41,1.7270,4.733,0.98,1.80,15,1
3,1729323188922,1788460908.795,1788460908.799,35.1829097,-97.4376079,317.35,1.1830,3.819,0.98,1.80,15,1
3,1729520926422,1788460908.992,1788460908.999,35.1829113,-97.4376078,317.41,0.8450,2.786,0.98,1.80,15,1
3,1729691792672,1788460909.163,1788460909.199,35.1829127,-97.4376077,317.45,0.7110,2.527,0.98,1.80,15,1
3,1729919990432,1788460909.391,1788460909.399,35.1829137,-97.4376078,317.54,0.5060,0.842,0.98,1.80,15,1
3,1730125696890,1788460909.597,1788460909.599,35.1829147,-97.4376077,317.59,0.5250,359.195,0.98,1.81,15,1
3,1730325658921,1788460909.797,1788460909.799,35.1829156,-97.4376077,317.61,0.4360,0.874,0.98,1.81,15,1
3,1730522816734,1788460909.994,1788460909.999,35.1829169,-97.4376075,317.66,0.6160,3.044,0.98,1.81,15,1
3,1730723094025,1788460910.195,1788460910.199,35.1829187,-97.4376073,317.61,0.9480,2.879,0.98,1.81,15,1
3,1730925869806,1788460910.397,1788460910.399,35.1829206,-97.4376073,317.70,1.0660,0.641,0.98,1.81,15,1
3,1731094261161,1788460910.566,1788460910.599,35.1829229,-97.4376072,317.75,1.2560,0.647,0.99,1.81,15,1
3,1731223198296,1788460910.695,1788460910.699,35.1829243,-97.4376069,317.78,1.3820,4.147,0.98,1.81,15,1
3,1731423463921,1788460910.895,1788460910.899,35.1829272,-97.4376065,317.79,1.5630,5.406,0.99,1.81,15,1
3,1731630237983,1788460911.102,1788460911.099,35.1829304,-97.4376060,317.81,1.7370,6.653,0.99,1.81,15,1
3,1731828689754,1788460911.300,1788460911.299,35.1829340,-97.4376054,317.82,1.9700,7.060,0.99,1.81,15,1
3,1732022487410,1788460911.494,1788460911.499,35.1829381,-97.4376044,317.78,2.2670,9.321,0.99,1.81,15,1
3,1732222756733,1788460911.694,1788460911.699,35.1829425,-97.4376032,317.76,2.4650,11.894,0.99,1.81,15,1
3,1732429768452,1788460911.901,1788460911.899,35.1829471,-97.4376014,317.67,2.6470,15.681,0.99,1.82,15,1
3,1732631029598,1788460912.103,1788460912.099,35.1829521,-97.4375991,317.71,2.8930,19.799,0.99,1.82,15,1
3,1732820324597,1788460912.292,1788460912.299,35.1829571,-97.4375959,317.68,3.1040,25.260,0.99,1.82,15,1
3,1733019734962,1788460912.491,1788460912.499,35.1829618,-97.4375920,317.66,3.2120,32.120,0.99,1.82,15,1
3,1733226978035,1788460912.698,1788460912.699,35.1829663,-97.4375874,317.73,3.2960,37.306,0.99,1.82,15,1
3,1733423302097,1788460912.895,1788460912.899,35.1829709,-97.4375821,317.74,3.5220,41.283,0.99,1.82,15,1
3,1733629467983,1788460913.101,1788460913.099,35.1829753,-97.4375759,317.76,3.8060,46.401,0.99,1.82,15,1
3,1733790330639,1788460913.262,1788460913.299,35.1829788,-97.4375689,317.79,3.7650,53.928,0.99,1.82,15,1
3,1734031213712,1788460913.503,1788460913.499,35.1829820,-97.4375614,317.81,3.9240,59.200,0.99,1.82,15,1
3,1734231708816,1788460913.703,1788460913.699,35.1829842,-97.4375531,317.92,4.0020,66.515,0.99,1.83,15,1
3,1734430074649,1788460913.902,1788460913.899,35.1829856,-97.4375444,317.99,4.0260,73.454,0.99,1.83,15,1
3,1734624547305,1788460914.096,1788460914.099,35.1829868,-97.4375355,318.07,4.1270,77.683,0.99,1.83,15,1
3,1734819169232,1788460914.291,1788460914.299,35.1829872,-97.4375262,318.11,4.2490,83.506,0.99,1.83,15,1
3,1735023393086,1788460914.495,1788460914.499,35.1829875,-97.4375161,318.14,4.6260,86.383,0.99,1.83,15,1
3,1735197015117,1788460914.668,1788460914.699,35.1829872,-97.4375057,318.18,4.7430,90.168,0.99,1.83,15,1
3,1735320880274,1788460914.792,1788460914.799,35.1829873,-97.4375000,318.24,4.9440,90.250,0.98,1.82,15,1
3,1735527332773,1788460914.999,1788460914.999,35.1829870,-97.4374890,318.42,5.0220,90.962,0.98,1.82,15,1
3,1735723980898,1788460915.195,1788460915.199,35.1829867,-97.4374772,318.62,5.3150,91.155,0.98,1.81,15,1
3,1735923263815,1788460915.395,1788460915.399,35.1829862,-97.4374650,318.64,5.5320,92.333,0.98,1.81,15,1
3,1736123456367,1788460915.595,1788460915.599,35.1829860,-97.4374519,318.68,5.9980,90.619,0.98,1.80,15,1
3,1736325930117,1788460915.797,1788460915.799,35.1829860,-97.4374381,318.58,6.3400,89.921,0.98,1.80,15,1
3,1736529565065,1788460916.001,1788460915.999,35.1829857,-97.4374236,318.55,6.5760,90.640,0.98,1.79,15,1
3,1736723786679,1788460916.195,1788460916.199,35.1829855,-97.4374086,318.62,6.8710,90.473,0.98,1.79,15,1
3,1736924333710,1788460916.396,1788460916.399,35.1829853,-97.4373927,318.60,7.2550,90.494,0.98,1.79,15,1
3,1737121106783,1788460916.593,1788460916.599,35.1829851,-97.4373764,318.58,7.4280,90.523,0.98,1.78,15,1
3,1737319450794,1788460916.791,1788460916.799,35.1829849,-97.4373595,318.60,7.6940,90.596,0.98,1.77,15,1
3,1737523794283,1788460916.995,1788460916.999,35.1829848,-97.4373418,318.58,8.0260,89.980,0.98,1.77,15,1
3,1737722718085,1788460917.194,1788460917.199,35.1829848,-97.4373238,318.59,8.1740,89.817,0.98,1.76,15,1
3,1737891137304,1788460917.363,1788460917.399,35.1829850,-97.4373053,318.64,8.4100,89.327,0.98,1.76,15,1
3,1738124307200,1788460917.596,1788460917.599,35.1829851,-97.4372865,318.67,8.5420,89.264,0.98,1.76,15,1
3,1738323620116,1788460917.795,1788460917.799,35.1829854,-97.4372675,318.68,8.6790,88.741,0.98,1.75,15,1
3,1738530902304,1788460918.002,1788460917.999,35.1829859,-97.4372481,318.66,8.8180,88.114,0.98,1.75,14,1
3,1738722742876,1788460918.194,1788460918.199,35.1829867,-97.4372285,318.69,8.9470,86.797,0.98,1.74,15,1
3,1738923717564,1788460918.395,1788460918.399,35.1829878,-97.4372085,318.72,9.0980,86.224,0.97,1.74,15,1
3,1739123270012,1788460918.595,1788460918.599,35.1829889,-97.4371884,318.74,9.1580,85.850,0.97,1.73,15,1
3,1739293042512,1788460918.765,1788460918.799,35.1829904,-97.4371681,318.74,9.2840,84.688,0.97,1.72,15,1
3,1739423009803,1788460918.894,1788460918.899,35.1829910,-97.4371578,318.75,9.2840,84.905,0.97,1.72,15,1
3,1739629654126,1788460919.101,1788460919.099,35.1829925,-97.4371374,318.78,9.2770,84.698,0.97,1.71,15,1
3,1739827811209,1788460919.299,1788460919.299,35.1829942,-97.4371170,318.78,9.3130,84.077,0.97,1.71,15,1
3,1740029951053,1788460919.501,1788460919.499,35.1829963,-97.4370964,318.81,9.4460,82.737,0.97,1.71,15,1
3,1740227649543,1788460919.699,1788460919.699,35.1829987,-97.4370757,318.87,9.4950,81.624,0.97,1.70,15,1
3,1740424195480,1788460919.896,1788460919.899,35.1830015,-97.4370550,318.91,9.5390,80.361,0.97,1.70,15,1
3,1740609042824,1788460920.081,1788460920.099,35.1830047,-97.4370342,318.99,9.5670,79.179,0.97,1.70,15,1
3,1740690506626,1788460920.162,1788460920.199,35.1830062,-97.4370237,319.00,9.6040,79.462,0.96,1.69,15,1
3,1740823635376,1788460920.295,1788460920.299,35.1830078,-97.4370133,319.02,9.5770,79.247,0.96,1.69,15,1
3,1741020352355,1788460920.492,1788460920.499,35.1830114,-97.4369926,319.04,9.6600,77.693,0.96,1.69,15,1
3,1741220830584,1788460920.692,1788460920.699,35.1830152,-97.4369718,319.07,9.6880,77.011,0.96,1.68,15,1
3,1741423280427,1788460920.895,1788460920.899,35.1830194,-97.4369511,319.18,9.6480,76.076,0.96,1.68,15,1
3,1741630478448,1788460921.102,1788460921.099,35.1830237,-97.4369304,319.29,9.6730,75.602,0.96,1.68,15,1
3,1741823892823,1788460921.295,1788460921.299,35.1830285,-97.4369096,319.32,9.8210,74.275,0.96,1.68,15,1
3,1742007627042,1788460921.479,1788460921.499,35.1830335,-97.4368890,319.33,9.7670,73.390,0.96,1.68,15,1
3,1742122313708,1788460921.594,1788460921.599,35.1830360,-97.4368786,319.28,9.8690,73.289,0.96,1.67,15,1
3,1742325295167,1788460921.797,1788460921.799,35.1830415,-97.4368579,319.27,9.9360,71.908,0.96,1.67,14,1
3,1742520515792,1788460921.992,1788460921.999,35.1830472,-97.4368373,319.30,9.8880,71.103,0.96,1.67,14,1
3,1742723754854,1788460922.195,1788460922.199,35.1830531,-97.4368167,319.25,9.9670,70.354,0.96,1.66,15,1
3,1742921307406,1788460922.393,1788460922.399,35.1830593,-97.4367960,319.30,9.9760,69.490,0.96,1.66,15,1
3,1743118046573,1788460922.590,1788460922.599,35.1830656,-97.4367758,319.33,9.9340,68.977,0.96,1.66,15,1
3,1743323075166,1788460922.795,1788460922.799,35.1830725,-97.4367554,319.42,10.0130,67.422,0.96,1.65,15,1
3,1743522204229,1788460922.994,1788460922.999,35.1830792,-97.4367351,319.44,10.0640,67.836,0.96,1.65,15,1
3,1743722704697,1788460923.194,1788460923.199,35.1830862,-97.4367149,319.41,9.9740,66.925,0.97,1.65,15,1
3,1743925472614,1788460923.397,1788460923.399,35.1830934,-97.4366947,319.38,10.0540,66.521,0.97,1.65,15,1
3,1744121084854,1788460923.593,1788460923.599,35.1831010,-97.4366746,319.39,10.1240,64.959,0.97,1.65,15,1
3,1744323241728,1788460923.795,1788460923.799,35.1831090,-97.4366545,319.41,10.1660,64.042,0.97,1.64,15,1
3,1744521939593,1788460923.993,1788460923.999,35.1831172,-97.4366348,319.41,10.1300,62.785,0.97,1.64,15,1
3,1744692611468,1788460924.164,1788460924.199,35.1831256,-97.4366152,319.45,10.0800,62.223,0.97,1.64,15,1
3,1744824883551,1788460924.296,1788460924.299,35.1831297,-97.4366054,319.49,10.0560,62.430,0.96,1.64,15,1
3,1745022370530,1788460924.494,1788460924.499,35.1831383,-97.4365859,319.51,10.0630,61.678,0.96,1.63,15,1
3,1745222265218,1788460924.694,1788460924.699,35.1831471,-97.4365667,319.52,10.0640,60.393,0.96,1.63,15,1
3,1745417177249,1788460924.889,1788460924.899,35.1831562,-97.4365478,319.57,9.9870,59.675,0.96,1.63,15,1
3,1745621601363,1788460925.093,1788460925.099,35.1831656,-97.4365288,319.59,10.1160,58.832,0.96,1.63,15,1
3,1745826586155,1788460925.298,1788460925.299,35.1831750,-97.4365100,319.60,10.0550,58.335,0.96,1.63,15,1
3,1746016964592,1788460925.488,1788460925.499,35.1831846,-97.4364916,319.62,9.9730,57.403,0.96,1.63,15,1
3,1746223110321,1788460925.695,1788460925.699,35.1831943,-97.4364733,319.63,10.0060,56.800,0.96,1.63,15,1
3,1746422741728,1788460925.894,1788460925.899,35.1832043,-97.4364550,319.64,10.0460,56.222,0.96,1.62,15,1
3,1746623909957,1788460926.095,1788460926.099,35.1832144,-97.4364367,319.67,10.0800,55.929,0.96,1.62,15,1
3,1746822013186,1788460926.293,1788460926.299,35.1832245,-97.4364186,319.70,9.9940,55.217,0.96,1.62,15,1
3,1747031673082,1788460926.503,1788460926.499,35.1832348,-97.4364008,319.72,9.9400,54.543,0.96,1.62,15,1
3,1747224194904,1788460926.696,1788460926.699,35.1832454,-97.4363831,319.80,9.9700,53.681,0.96,1.62,15,1
3,1747391667665,1788460926.863,1788460926.899,35.1832560,-97.4363656,319.87,9.9260,53.760,0.96,1.62,15,1
3,1747489941050,1788460926.961,1788460926.999,35.1832612,-97.4363569,319.88,9.8750,53.530,0.96,1.62,15,1
3,1747622619071,1788460927.094,1788460927.099,35.1832666,-97.4363483,319.90,9.9020,52.864,0.96,1.61,15,1
3,1747823101258,1788460927.295,1788460927.299,35.1832774,-97.4363310,319.96,9.8880,52.521,0.96,1.61,15,1
3,1748029880842,1788460927.501,1788460927.499,35.1832884,-97.4363141,319.97,9.8020,51.595,0.96,1.61,15,1
3,1748229762039,1788460927.701,1788460927.699,35.1832995,-97.4362973,320.01,9.8320,51.390,0.96,1.61,15,1
3,1748424271883,1788460927.896,1788460927.899,35.1833107,-97.4362804,320.08,9.8560,51.122,0.96,1.61,15,1
3,1748625549279,1788460928.097,1788460928.099,35.1833220,-97.4362642,320.12,9.6540,49.772,0.96,1.61,15,1
3,1748785422612,1788460928.257,1788460928.299,35.1833330,-97.4362481,320.12,9.5630,50.213,0.97,1.61,15,1
3,1748887748341,1788460928.359,1788460928.399,35.1833388,-97.4362401,320.13,9.6700,49.643,0.97,1.61,15,1
3,1749010420268,1788460928.482,1788460928.499,35.1833442,-97.4362323,320.10,9.5100,49.323,0.97,1.60,15,1
3,1749123568497,1788460928.595,1788460928.599,35.1833497,-97.4362247,320.18,9.3430,48.842,0.96,1.60,15,1
3,1749309127924,1788460928.781,1788460928.799,35.1833605,-97.4362096,320.30,9.0490,49.052,0.97,1.60,15,1
3,1749422383914,1788460928.894,1788460928.899,35.1833662,-97.4362021,320.35,9.1460,48.297,0.96,1.60,15,1
3,1749626641049,1788460929.098,1788460929.099,35.1833767,-97.4361873,320.38,8.9140,49.246,0.97,1.60,15,1
3,1749822361935,1788460929.294,1788460929.299,35.1833870,-97.4361725,320.35,8.8580,49.833,0.97,1.60,15,1
3,1750017948028,1788460929.489,1788460929.499,35.1833976,-97.4361584,320.39,8.6290,47.793,0.97,1.60,15,1
3,1750189382403,1788460929.661,1788460929.699,35.1834081,-97.4361446,320.53,8.4910,47.868,0.97,1.60,15,1
3,1750313687560,1788460929.785,1788460929.799,35.1834129,-97.4361377,320.53,8.4060,48.533,0.97,1.60,15,1
3,1750424153549,1788460929.896,1788460929.899,35.1834180,-97.4361309,320.52,8.4090,47.835,0.97,1.59,15,1
3,1750623204799,1788460930.095,1788460930.099,35.1834281,-97.4361175,320.62,8.2250,47.932,0.97,1.59,15,1
3,1750830921413,1788460930.302,1788460930.299,35.1834377,-97.4361044,320.65,8.0000,47.913,0.97,1.59,15,1
3,1751017143393,1788460930.489,1788460930.499,35.1834470,-97.4360916,320.66,7.8040,48.440,0.98,1.59,15,1
3,1751230556309,1788460930.702,1788460930.699,35.1834561,-97.4360791,320.68,7.6040,48.474,0.98,1.59,15,1
3,1751420597403,1788460930.892,1788460930.899,35.1834649,-97.4360671,320.73,7.3330,48.386,0.98,1.59,15,1
3,1751624400736,1788460931.096,1788460931.099,35.1834734,-97.4360558,320.74,6.9780,47.562,0.98,1.59,15,1
3,1751817973080,1788460931.289,1788460931.299,35.1834814,-97.4360448,320.76,6.7030,48.204,0.98,1.59,15,1
3,1752024126673,1788460931.496,1788460931.499,35.1834892,-97.4360342,320.76,6.4840,47.952,0.99,1.59,15,1
3,1752219190580,1788460931.691,1788460931.699,35.1834966,-97.4360240,320.77,6.1830,48.565,0.99,1.59,15,1
3,1752423413757,1788460931.895,1788460931.899,35.1835036,-97.4360146,320.81,5.7780,47.656,0.99,1.59,15,1
3,1752642763757,1788460932.114,1788460932.099,35.1835101,-97.4360057,320.85,5.3550,48.103,0.99,1.59,15,1
3,1752822639069,1788460932.294,1788460932.299,35.1835160,-97.4359974,320.88,4.9750,48.966,0.99,1.59,15,1
3,1753024073131,1788460932.496,1788460932.499,35.1835212,-97.4359898,320.86,4.5870,49.261,0.99,1.59,15,1
3,1753223246829,1788460932.695,1788460932.699,35.1835261,-97.4359828,320.86,4.1510,49.189,0.99,1.59,15,1
3,1753423967819,1788460932.895,1788460932.899,35.1835308,-97.4359766,320.88,3.7910,48.254,0.99,1.59,15,1
3,1753618537506,1788460933.090,1788460933.099,35.1835348,-97.4359710,320.86,3.3630,48.883,0.99,1.59,15,1
3,1753821318339,1788460933.293,1788460933.299,35.1835382,-97.4359659,320.89,2.9050,49.563,1.00,1.59,15,1
3,1754018072871,1788460933.490,1788460933.499,35.1835411,-97.4359619,320.88,2.4720,48.915,1.00,1.59,15,1
3,1754230591412,1788460933.702,1788460933.699,35.1835432,-97.4359585,320.83,2.0030,50.600,1.00,1.59,15,1
3,1754423313652,1788460933.895,1788460933.899,35.1835449,-97.4359555,320.84,1.6340,52.754,1.00,1.58,15,1
3,1754621041620,1788460934.093,1788460934.099,35.1835466,-97.4359535,320.85,1.2580,49.314,1.00,1.58,15,1
3,1754819866724,1788460934.291,1788460934.299,35.1835478,-97.4359523,320.83,0.8440,48.681,1.00,1.58,15,1
3,1755031082610,1788460934.503,1788460934.499,35.1835485,-97.4359516,320.85,0.5040,47.132,1.00,1.58,15,1
3,1755223565214,1788460934.695,1788460934.699,35.1835490,-97.4359512,320.86,0.3120,45.880,1.00,1.58,15,1
3,1755423187089,1788460934.895,1788460934.899,35.1835492,-97.4359509,320.87,0.1390,45.880,1.00,1.58,15,1
3,1755610947141,1788460935.082,1788460935.099,35.1835492,-97.4359508,320.84,0.0690,45.880,1.00,1.58,15,1
3,1755820649745,1788460935.292,1788460935.299,35.1835495,-97.4359504,320.84,0.2380,45.880,1.00,1.58,15,1
3,1756024183182,1788460935.496,1788460935.499,35.1835500,-97.4359499,320.85,0.4090,41.080,1.00,1.58,15,1
3,1756224003078,1788460935.695,1788460935.699,35.1835508,-97.4359486,320.88,0.7180,49.990,1.00,1.58,15,1
3,1756419888755,1788460935.891,1788460935.899,35.1835519,-97.4359469,320.88,1.0290,51.177,1.00,1.58,15,1
3,1756619557193,1788460936.091,1788460936.099,35.1835533,-97.4359448,320.85,1.2480,49.063,1.00,1.57,15,1
3,1756827464849,1788460936.299,1788460936.299,35.1835550,-97.4359425,320.87,1.4480,47.691,1.00,1.57,15,1
3,1757023449015,1788460936.495,1788460936.499,35.1835571,-97.4359395,320.88,1.7850,48.890,1.00,1.57,15,1
3,1757223186724,1788460936.695,1788460936.699,35.1835592,-97.4359360,320.84,2.0640,51.828,1.00,1.57,15,1
3,1757421598182,1788460936.893,1788460936.899,35.1835616,-97.4359320,320.87,2.2750,53.042,1.00,1.57,15,1
3,1757623542869,1788460937.095,1788460937.099,35.1835641,-97.4359275,320.84,2.5570,54.563,1.00,1.57,15,1
3,1757818825421,1788460937.290,1788460937.299,35.1835668,-97.4359225,320.85,2.7740,56.216,1.00,1.57,15,1
3,1758026574327,1788460937.498,1788460937.499,35.1835696,-97.4359169,320.85,2.9930,57.434,1.00,1.57,15,1
3,1758222909952,1788460937.694,1788460937.699,35.1835726,-97.4359107,320.82,3.3420,59.390,1.00,1.56,15,1
3,1758430800786,1788460937.902,1788460937.899,35.1835751,-97.4359037,320.81,3.5110,64.077,1.00,1.56,15,1
3,1758623830577,1788460938.095,1788460938.099,35.1835776,-97.4358959,320.83,3.8140,66.845,1.00,1.56,15,1
3,1758823032973,1788460938.295,1788460938.299,35.1835797,-97.4358875,320.77,4.0980,70.785,1.00,1.56,15,1
3,1759025006619,1788460938.496,1788460938.499,35.1835813,-97.4358785,320.71,4.2560,75.273,1.00,1.56,15,1
3,1759225702400,1788460938.697,1788460938.699,35.1835823,-97.4358687,320.71,4.4890,80.226,1.00,1.56,15,1
3,1759424640994,1788460938.896,1788460938.899,35.1835829,-97.4358585,320.69,4.6700,84.191,1.00,1.56,15,1
3,1759618877504,1788460939.090,1788460939.099,35.1835825,-97.4358479,320.65,4.8240,89.769,1.00,1.56,15,1
3,1759823189535,1788460939.295,1788460939.299,35.1835814,-97.4358369,320.65,5.0630,95.224,1.00,1.56,15,1
3,1760025695733,1788460939.497,1788460939.499,35.1835793,-97.4358257,320.68,5.1880,101.279,1.00,1.55,15,1
3,1760224095629,1788460939.696,1788460939.699,35.1835766,-97.4358145,320.71,5.3320,104.931,1.00,1.55,15,1
3,1760433819326,1788460939.905,1788460939.899,35.1835726,-97.4358035,320.70,5.4850,111.842,1.00,1.55,15,1
3,1760623121149,1788460940.095,1788460940.099,35.1835676,-97.4357926,320.72,5.5910,117.541,1.00,1.54,15,1
3,1760822579483,1788460940.294,1788460940.299,35.1835619,-97.4357823,320.75,5.6360,122.455,1.00,1.54,15,1
3,1761024541358,1788460940.496,1788460940.499,35.1835551,-97.4357724,320.74,5.8320,128.133,1.00,1.54,15,1
3,1761223328805,1788460940.695,1788460940.699,35.1835474,-97.4357630,320.76,6.0330,133.659,1.00,1.54,15,1
3,1761421994118,1788460940.893,1788460940.899,35.1835391,-97.4357535,320.74,6.3150,135.973,1.00,1.54,15,1
3,1761622937555,1788460941.094,1788460941.099,35.1835303,-97.4357440,320.73,6.5280,137.974,1.00,1.54,15,1
3,1761820169951,1788460941.292,1788460941.299,35.1835214,-97.4357345,320.67,6.5950,138.228,1.00,1.54,15,1
3,1762018771357,1788460941.490,1788460941.499,35.1835121,-97.4357246,320.67,6.8620,138.577,1.00,1.54,15,1
3,1762221432242,1788460941.693,1788460941.699,35.1835024,-97.4357142,320.67,7.1560,138.683,1.00,1.54,15,1
3,1762392101201,1788460941.864,1788460941.899,35.1834923,-97.4357037,320.61,7.3510,139.226,1.00,1.54,15,1
3,1762523556617,1788460941.995,1788460941.999,35.1834875,-97.4356982,320.60,7.3730,138.376,1.00,1.53,15,1
3,1762718113024,1788460942.190,1788460942.199,35.1834773,-97.4356872,320.57,7.5570,138.491,1.00,1.53,15,1
3,1762923806409,1788460942.395,1788460942.399,35.1834669,-97.4356765,320.54,7.5320,139.507,1.00,1.53,15,1
3,1763122943440,1788460942.594,1788460942.599,35.1834565,-97.4356655,320.53,7.7360,139.162,1.00,1.53,15,1
3,1763323121773,1788460942.795,1788460942.799,35.1834457,-97.4356546,320.47,7.7770,140.005,1.00,1.53,15,1
3,1763522769742,1788460942.994,1788460942.999,35.1834349,-97.4356437,320.44,7.7960,140.229,1.00,1.53,15,1
3,1763724369325,1788460943.196,1788460943.199,35.1834241,-97.4356328,320.41,7.8100,140.282,1.00,1.53,15,1
3,1763919075211,1788460943.391,1788460943.399,35.1834130,-97.4356222,320.35,7.8390,141.593,1.00,1.53,15,1
3,1764121349481,1788460943.593,1788460943.599,35.1834019,-97.4356117,320.33,7.7740,142.203,1.00,1.53,15,1
3,1764328846877,1788460943.800,1788460943.799,35.1833907,-97.4356015,320.27,7.7470,142.805,1.00,1.53,15,1
3,1764539576512,1788460944.011,1788460943.999,35.1833793,-97.4355918,320.27,7.6700,144.394,1.00,1.53,15,1
3,1764720154742,1788460944.192,1788460944.199,35.1833680,-97.4355825,320.20,7.5950,145.683,1.00,1.53,15,1
3,1764922696148,1788460944.394,1788460944.399,35.1833562,-97.4355735,320.19,7.6710,147.427,1.00,1.53,15,1
3,1765094305679,1788460944.566,1788460944.599,35.1833444,-97.4355650,320.13,7.5820,148.686,1.00,1.53,15,1
3,1765196895106,1788460944.668,1788460944.699,35.1833384,-97.4355608,320.11,7.5640,149.307,1.00,1.53,15,1
3,1765323797606,1788460944.795,1788460944.799,35.1833324,-97.4355567,320.08,7.5630,149.908,1.00,1.53,15,1
3,1765522572345,1788460944.994,1788460944.999,35.1833201,-97.4355492,320.05,7.5390,152.839,1.00,1.53,15,1
3,1765722699845,1788460945.194,1788460945.199,35.1833077,-97.4355420,320.00,7.6240,154.496,1.00,1.53,15,1
3,1765923680314,1788460945.395,1788460945.399,35.1832949,-97.4355355,319.99,7.6070,157.032,1.00,1.53,14,1
3,1766123134012,1788460945.595,1788460945.599,35.1832817,-97.4355300,319.94,7.7170,160.311,1.00,1.53,15,1
3,1766322869533,1788460945.794,1788460945.799,35.1832680,-97.4355251,319.87,7.8270,163.012,1.00,1.53,15,1
3,1766524579064,1788460945.996,1788460945.999,35.1832542,-97.4355210,319.83,7.8380,165.475,1.00,1.53,15,1
3,1766723789637,1788460946.195,1788460946.199,35.1832399,-97.4355180,319.70,8.0530,169.870,1.00,1.53,14,1
3,1766920166616,1788460946.392,1788460946.399,35.1832256,-97.4355155,319.62,7.9640,171.816,1.00,1.53,15,1
3,1767122149324,1788460946.594,1788460946.599,35.1832109,-97.4355137,319.59,8.1040,174.567,1.00,1.53,14,1
3,1767323970626,1788460946.795,1788460946.799,35.1831965,-97.4355123,319.52,8.0180,175.416,1.00,1.53,15,1
3,1767523294115,1788460946.995,1788460946.999,35.1831814,-97.4355113,319.43,8.3200,176.991,1.00,1.54,14,1
3,1767722108438,1788460947.194,1788460947.199,35.1831659,-97.4355109,319.30,8.5540,178.341,1.00,1.54,15,1
3,1767885858386,1788460947.357,1788460947.399,35.1831507,-97.4355104,319.16,8.3970,178.002,1.00,1.54,14,1
3,1767992194897,1788460947.464,1788460947.499,35.1831429,-97.4355102,319.11,8.4590,178.492,1.00,1.54,13,1
3,1768224199167,1788460947.696,1788460947.699,35.1831274,-97.4355103,318.98,8.5830,180.242,1.00,1.54,13,1
3,1768426025365,1788460947.898,1788460947.899,35.1831117,-97.4355104,318.90,8.6380,180.099,1.00,1.55,14,1
3,1768625989896,1788460948.097,1788460948.099,35.1830958,-97.4355100,318.87,8.7590,179.062,1.00,1.55,14,1
3,1768822237396,1788460948.294,1788460948.299,35.1830797,-97.4355100,318.81,8.8840,180.110,1.00,1.55,14,1
3,1769019208282,1788460948.491,1788460948.499,35.1830634,-97.4355098,318.75,8.9840,179.235,1.00,1.55,14,1
3,1769214788281,1788460948.686,1788460948.699,35.1830469,-97.4355093,318.73,9.0870,178.517,1.00,1.56,14,1
3,1769322688646,1788460948.794,1788460948.799,35.1830387,-97.4355097,318.66,9.0920,180.393,1.00,1.55,13,1
3,1769530937136,1788460949.002,1788460948.999,35.1830222,-97.4355098,318.56,9.1680,179.938,1.00,1.56,14,1
3,1769726517135,1788460949.198,1788460949.199,35.1830056,-97.4355098,318.52,9.1430,179.861,1.00,1.56,13,1
3,1769921810208,1788460949.393,1788460949.399,35.1829887,-97.4355097,318.52,9.3090,179.831,1.00,1.57,14,1
3,1770120491614,1788460949.592,1788460949.599,35.1829718,-97.4355094,318.54,9.2820,179.320,1.00,1.57,14,1
3,1770316278073,1788460949.788,1788460949.799,35.1829547,-97.4355089,318.55,9.4200,179.088,1.00,1.57,14,1
3,1770519874583,1788460949.991,1788460949.999,35.1829374,-97.4355080,318.58,9.5400,177.595,1.00,1.58,14,1
3,1770718536927,1788460950.190,1788460950.199,35.1829201,-97.4355078,318.54,9.5590,179.234,1.00,1.58,14,1
3,1770922657968,1788460950.394,1788460950.399,35.1829027,-97.4355079,318.46,9.6390,179.939,1.00,1.58,14,1
3,1771118093749,1788460950.590,1788460950.599,35.1828851,-97.4355081,318.40,9.7840,180.089,1.00,1.59,14,1
3,1771324246614,1788460950.796,1788460950.799,35.1828672,-97.4355078,318.38,9.8710,179.205,1.00,1.59,14,1
3,1771523069947,1788460950.995,1788460950.999,35.1828491,-97.4355076,318.35,10.0150,179.394,1.00,1.59,14,1
3,1771718547812,1788460951.190,1788460951.199,35.1828310,-97.4355070,318.37,10.0050,178.292,1.00,1.59,14,1
3,1771910699999,1788460951.382,1788460951.399,35.1828132,-97.4355066,318.32,9.8800,178.724,1.00,1.59,14,1
3,1772018504530,1788460951.490,1788460951.499,35.1828044,-97.4355069,318.22,9.8380,179.689,1.00,1.59,14,1
3,1772217807864,1788460951.689,1788460951.699,35.1827865,-97.4355066,318.19,9.8990,179.075,1.00,1.59,14,1
3,1772421786353,1788460951.893,1788460951.899,35.1827686,-97.4355063,318.21,9.8840,179.342,1.00,1.60,14,1
3,1772627450884,1788460952.099,1788460952.099,35.1827508,-97.4355061,318.18,9.8050,179.283,1.00,1.60,14,1
3,1772820165103,1788460952.292,1788460952.299,35.1827330,-97.4355062,318.12,9.8580,180.080,1.00,1.60,14,1
3,1773022351665,1788460952.494,1788460952.499,35.1827150,-97.4355061,318.13,9.8760,179.540,1.00,1.60,14,1
3,1773231223749,1788460952.703,1788460952.699,35.1826970,-97.4355057,318.15,9.9000,179.016,1.00,1.60,14,1
3,1773424311926,1788460952.896,1788460952.899,35.1826791,-97.4355057,318.09,9.9400,179.710,1.01,1.61,14,1
3,1773618548384,1788460953.090,1788460953.099,35.1826610,-97.4355056,318.09,9.9440,179.608,1.01,1.61,14,1
3,1773821797915,1788460953.293,1788460953.299,35.1826430,-97.4355055,318.08,9.9370,179.693,1.01,1.62,13,1
3,1774021591040,1788460953.493,1788460953.499,35.1826250,-97.4355054,318.08,9.9090,179.662,1.01,1.62,13,1
3,1774230522238,1788460953.702,1788460953.699,35.1826072,-97.4355052,318.08,9.8540,179.349,1.01,1.62,13,1
3,1774424599634,1788460953.896,1788460953.899,35.1825894,-97.4355053,318.02,9.8450,180.169,1.01,1.62,13,1
3,1774625913540,1788460954.097,1788460954.099,35.1825717,-97.4355054,317.96,9.7970,179.931,1.01,1.62,13,1
3,1774790348696,1788460954.262,1788460954.299,35.1825543,-97.4355056,317.87,9.7080,179.911,1.01,1.63,14,1
3,1775023725519,1788460954.495,1788460954.499,35.1825371,-97.4355056,317.80,9.5240,179.587,1.01,1.63,13,1
3,1775222566665,1788460954.694,1788460954.699,35.1825199,-97.4355054,317.76,9.5000,179.448,1.01,1.63,14,1
3,1775422868331,1788460954.894,1788460954.899,35.1825028,-97.4355056,317.68,9.4530,180.503,1.01,1.64,14,1
3,1775621812289,1788460955.093,1788460955.099,35.1824858,-97.4355060,317.59,9.4250,180.510,1.01,1.64,15,1
3,1775823051352,1788460955.295,1788460955.299,35.1824685,-97.4355060,317.57,9.5320,180.173,1.01,1.64,14,1
3,1776011294737,1788460955.483,1788460955.499,35.1824514,-97.4355061,317.54,9.4770,180.037,1.02,1.65,14,1
3,1776124577862,1788460955.596,1788460955.599,35.1824429,-97.4355064,317.53,9.3780,180.369,1.01,1.65,14,1
3,1776322516508,1788460955.794,1788460955.799,35.1824261,-97.4355068,317.46,9.3460,180.510,1.01,1.65,14,1
3,1776533066195,1788460956.005,1788460955.999,35.1824092,-97.4355069,317.43,9.3000,180.339,1.01,1.65,14,1
3,1776721685310,1788460956.193,1788460956.199,35.1823925,-97.4355071,317.41,9.1880,180.391,1.01,1.65,14,1
3,1776919426716,1788460956.391,1788460956.399,35.1823760,-97.4355072,317.39,9.1390,180.487,1.01,1.65,14,1
3,1777122691872,1788460956.594,1788460956.599,35.1823596,-97.4355073,317.36,9.0620,180.313,1.01,1.65,14,1
3,1777322969841,1788460956.794,1788460956.799,35.1823432,-97.4355074,317.35,9.0470,180.150,1.01,1.65,14,1
3,1777522365205,1788460956.994,1788460956.999,35.1823269,-97.4355076,317.34,8.9830,180.483,1.01,1.65,14,1
3,1777718714737,1788460957.190,1788460957.199,35.1823107,-97.4355077,317.28,8.9650,180.079,1.01,1.65,14,1
3,1777924675361,1788460957.396,1788460957.399,35.1822946,-97.4355080,317.27,8.9180,180.276,1.00,1.65,15,1
3,1778121875570,1788460957.593,1788460957.599,35.1822785,-97.4355081,317.24,8.8840,180.049,1.00,1.65,15,1
3,1778321711507,1788460957.793,1788460957.799,35.1822626,-97.4355082,317.22,8.8000,180.235,1.00,1.65,15,1
3,1778522705413,1788460957.994,1788460957.999,35.1822468,-97.4355084,317.18,8.7530,180.304,1.00,1.65,14,1
3,1778722146715,1788460958.194,1788460958.199,35.1822311,-97.4355085,317.16,8.6820,180.175,1.00,1.65,14,1
3,1778922873590,1788460958.394,1788460958.399,35.1822152,-97.4355085,317.18,8.8030,179.727,1.00,1.65,14,1
3,1779121736663,1788460958.593,1788460958.599,35.1821993,-97.4355085,317.18,8.7960,180.032,1.00,1.65,14,1
3,1779322591871,1788460958.794,1788460958.799,35.1821835,-97.4355084,317.16,8.7240,179.585,1.00,1.65,14,1
3,1779520576142,1788460958.992,1788460958.999,35.1821678,-97.4355084,317.10,8.7110,179.706,1.00,1.65,14,1
3,1779718773538,1788460959.190,1788460959.199,35.1821525,-97.4355082,317.08,8.4950,179.459,1.00,1.65,14,1
3,1779921760621,1788460959.393,1788460959.399,35.1821371,-97.4355085,317.03,8.5090,180.865,1.00,1.66,14,1
3,1780125198121,1788460959.597,1788460959.599,35.1821216,-97.4355083,317.07,8.5330,179.244,1.00,1.66,14,1
3,1780321097496,1788460959.793,1788460959.799,35.1821067,-97.4355082,317.05,8.2300,179.605,1.00,1.66,14,1
3,1780523523590,1788460959.995,1788460959.999,35.1820920,-97.4355081,316.98,8.1660,179.609,1.00,1.67,14,1
3,1780723016142,1788460960.195,1788460960.199,35.1820774,-97.4355081,316.95,8.0560,179.709,1.01,1.67,14,1
3,1780917260725,1788460960.389,1788460960.399,35.1820629,-97.4355089,316.84,8.0570,181.247,1.01,1.68,14,1
3,1781121850204,1788460960.593,1788460960.599,35.1820486,-97.4355089,316.80,7.9300,180.294,1.01,1.68,14,1
3,1781320779371,1788460960.792,1788460960.799,35.1820344,-97.4355091,316.75,7.8570,180.344,1.01,1.68,14,1
3,1781491368589,1788460960.963,1788460960.999,35.1820204,-97.4355096,316.70,7.7300,180.911,1.02,1.69,14,1
3,1781723187131,1788460961.195,1788460961.199,35.1820068,-97.4355096,316.66,7.5530,179.976,1.02,1.69,14,1
3,1781923186975,1788460961.395,1788460961.399,35.1819937,-97.4355108,316.42,7.3390,182.261,1.02,1.69,13,1
3,1782127640672,1788460961.599,1788460961.599,35.1819808,-97.4355109,316.34,7.1060,180.852,1.02,1.70,14,1
3,1782323672443,1788460961.795,1788460961.799,35.1819685,-97.4355111,316.27,6.8180,180.256,1.03,1.71,14,1
4,1782521460776,1788460961.993,1788460961.999,35.1819566,-97.4355114,316.19,6.5490,180.710,1.03,1.71,14,1
4,1782728003537,1788460962.199,1788460962.199,35.1819450,-97.4355116,316.06,6.4230,180.625,1.03,1.72,14,1
4,1782922444682,1788460962.394,1788460962.399,35.1819338,-97.4355114,316.01,6.1790,179.414,1.03,1.72,14,1
4,1783114856141,1788460962.586,1788460962.599,35.1819232,-97.4355110,315.94,5.8700,178.686,1.03,1.72,15,1
4,1783322821453,1788460962.794,1788460962.799,35.1819129,-97.4355105,315.91,5.6430,178.574,1.03,1.72,15,1
4,1783522877859,1788460962.994,1788460962.999,35.1819031,-97.4355103,315.92,5.3660,179.135,1.03,1.72,15,1
4,1783722932026,1788460963.194,1788460963.199,35.1818935,-97.4355098,315.97,5.1960,178.590,1.03,1.72,15,1
4,1783918841661,1788460963.390,1788460963.399,35.1818845,-97.4355098,315.98,4.9370,179.675,1.04,1.73,15,1
4,1784123572234,1788460963.595,1788460963.599,35.1818760,-97.4355097,315.99,4.6320,179.659,1.04,1.73,15,1
4,1784321620359,1788460963.793,1788460963.799,35.1818682,-97.4355097,315.92,4.3040,179.296,1.04,1.74,15,1
4,1784524244734,1788460963.996,1788460963.999,35.1818609,-97.4355096,315.85,4.0480,179.272,1.04,1.74,15,1
4,1784725252234,1788460964.197,1788460964.199,35.1818539,-97.4355099,315.75,3.8650,180.311,1.05,1.75,15,1
4,1784922084786,1788460964.394,1788460964.399,35.1818472,-97.4355102,315.62,3.7760,180.586,1.05,1.75,15,1
4,1785124078900,1788460964.596,1788460964.599,35.1818407,-97.4355104,315.55,3.5880,179.982,1.05,1.75,15,1
4,1785328388952,1788460964.800,1788460964.799,35.1818346,-97.4355102,315.54,3.3030,179.421,1.05,1.75,15,1
4,1785516575619,1788460964.988,1788460964.999,35.1818288,-97.4355106,315.45,3.1810,181.377,1.05,1.75,15,1
4,1785627669577,1788460965.099,1788460965.099,35.1818261,-97.4355110,315.41,3.0390,182.418,1.05,1.75,15,1
4,1785823868952,1788460965.295,1788460965.299,35.1818204,-97.4355108,315.40,3.0780,180.143,1.05,1.75,15,1
4,1786033223588,1788460965.505,1788460965.499,35.1818149,-97.4355107,315.37,2.9940,179.382,1.05,1.75,15,1
4,1786223843900,1788460965.695,1788460965.699,35.1818096,-97.4355108,315.24,2.9650,179.708,1.05,1.75,15,1
4,1786424129837,1788460965.896,1788460965.899,35.1818043,-97.4355111,315.13,2.9290,180.586,1.05,1.75,15,1
4,1786623114264,1788460966.095,1788460966.099,35.1817989,-97.4355111,315.13,2.9330,180.797,1.05,1.76,15,1
4,1786824098744,1788460966.296,1788460966.299,35.1817934,-97.4355113,315.14,3.0020,181.649,1.05,1.76,15,1
4,1787029419316,1788460966.501,1788460966.499,35.1817882,-97.4355122,315.13,2.9020,184.862,1.05,1.76,15,1
4,1787224663170,1788460966.696,1788460966.699,35.1817829,-97.4355137,315.03,3.0060,188.884,1.05,1.77,15,1
4,1787427518743,1788460966.899,1788460966.899,35.1817779,-97.4355151,314.93,2.9230,191.426,1.05,1.77,15,1
4,1787622720358,1788460967.094,1788460967.099,35.1817727,-97.4355166,314.90,2.9540,193.182,1.06,1.78,15,1
4,1787822516399,1788460967.294,1788460967.299,35.1817674,-97.4355187,314.89,3.0980,196.601,1.06,1.78,15,1
4,1788024560774,1788460967.496,1788460967.499,35.1817618,-97.4355218,314.84,3.3630,201.639,1.06,1.78,15,1
4,1788216008639,1788460967.687,1788460967.699,35.1817564,-97.4355254,314.74,3.4420,205.409,1.06,1.79,15,1
4,1788287975983,1788460967.759,1788460967.799,35.1817539,-97.4355274,314.72,3.3940,208.528,1.06,1.79,15,1
4,1788426029941,1788460967.898,1788460967.899,35.1817509,-97.4355296,314.76,3.6330,211.352,1.06,1.79,15,1
4,1788625348587,1788460968.097,1788460968.099,35.1817459,-97.4355347,314.68,3.6300,215.639,1.06,1.79,15,1
4,1788822252545,1788460968.294,1788460968.299,35.1817412,-97.4355406,314.60,3.7110,221.612,1.06,1.80,15,1
4,1789023237284,1788460968.495,1788460968.499,35.1817371,-97.4355472,314.51,3.7340,228.497,1.06,1.80,15,1
4,1789222537753,1788460968.694,1788460968.699,35.1817333,-97.4355538,314.54,3.7780,233.884,1.06,1.81,15,1
4,1789422344784,1788460968.894,1788460968.899,35.1817307,-97.4355611,314.54,3.7070,241.755,1.06,1.81,15,1
4,1789595397753,1788460969.067,1788460969.099,35.1817283,-97.4355686,314.55,3.7060,246.707,1.06,1.82,15,1
4,1789693090565,1788460969.165,1788460969.199,35.1817275,-97.4355723,314.53,3.6940,250.590,1.05,1.81,15,1
4,1789921352388,1788460969.393,1788460969.399,35.1817258,-97.4355802,314.60,3.8610,253.445,1.05,1.82,15,1
4,1790123189055,1788460969.595,1788460969.599,35.1817247,-97.4355882,314.59,3.8010,257.408,1.06,1.82,15,1
4,1790322759940,1788460969.794,1788460969.799,35.1817238,-97.4355967,314.57,4.0110,260.115,1.06,1.83,14,1
4,1790519836555,1788460969.991,1788460969.999,35.1817230,-97.4356058,314.50,4.1840,262.151,1.06,1.83,15,1
4,1790723507440,1788460970.195,1788460970.199,35.1817225,-97.4356150,314.47,4.2080,264.246,1.06,1.84,15,1
4,1790924569732,1788460970.396,1788460970.399,35.1817223,-97.4356248,314.39,4.4370,266.339,1.07,1.84,15,1
4,1791121699159,1788460970.593,1788460970.599,35.1817231,-97.4356344,314.39,4.4430,270.475,1.07,1.85,15,1
4,1791325333169,1788460970.797,1788460970.799,35.1817233,-97.4356446,314.37,4.6560,271.704,1.07,1.85,15,1
4,1791529678585,1788460971.001,1788460970.999,35.1817235,-97.4356553,314.31,4.8690,271.827,1.07,1.85,15,1
4,1791723415773,1788460971.195,1788460971.199,35.1817237,-97.4356663,314.32,5.0250,271.308,1.08,1.86,15,1
4,1791922801242,1788460971.394,1788460971.399,35.1817234,-97.4356778,314.29,5.2360,269.876,1.08,1.86,15,1
4,1792122745877,1788460971.594,1788460971.599,35.1817239,-97.4356896,314.34,5.4060,270.960,1.08,1.87,15,1
4,1792292810564,1788460971.764,1788460971.799,35.1817245,-97.4357014,314.30,5.4520,272.671,1.08,1.87,15,1
4,1792392064627,1788460971.864,1788460971.899,35.1817245,-97.4357078,314.22,5.6390,272.217,1.08,1.87,15,1
4,1792524378637,1788460971.996,1788460971.999,35.1817246,-97.4357141,314.15,5.6880,271.998,1.08,1.86,15,1
4,1792726947908,1788460972.198,1788460972.199,35.1817248,-97.4357271,314.13,5.9920,271.335,1.08,1.87,15,1
4,1792919032075,1788460972.391,1788460972.399,35.1817251,-97.4357405,314.12,6.1180,271.757,1.08,1.87,15,1
4,1793123319262,1788460972.595,1788460972.599,35.1817254,-97.4357544,314.04,6.3510,271.883,1.08,1.88,15,1
4,1793323506918,1788460972.795,1788460972.799,35.1817255,-97.4357688,313.99,6.5000,270.592,1.08,1.88,15,1
4,1793525067074,1788460972.997,1788460972.999,35.1817257,-97.4357835,314.01,6.7010,270.887,1.08,1.88,15,1
4,1793694310147,1788460973.166,1788460973.199,35.1817260,-97.4357986,313.94,6.8720,270.746,1.09,1.89,15,1
4,1793821138116,1788460973.293,1788460973.299,35.1817264,-97.4358065,313.89,7.0750,271.375,1.08,1.89,15,1
4,1793993141553,1788460973.465,1788460973.499,35.1817267,-97.4358224,313.79,7.2840,271.369,1.08,1.89,15,1
4,1794227581137,1788460973.699,1788460973.699,35.1817269,-97.4358385,313.68,7.3520,271.203,1.08,1.90,15,1
4,1794423194001,1788460973.895,1788460973.899,35.1817271,-97.4358550,313.65,7.5340,270.748,1.09,1.90,15,1
4,1794625929626,1788460974.097,1788460974.099,35.1817273,-97.4358717,313.56,7.6160,270.744,1.09,1.91,15,1
4,1794831651084,1788460974.303,1788460974.299,35.1817268,-97.4358892,313.47,7.9600,268.545,1.09,1.91,15,1
4,1795027454105,1788460974.499,1788460974.499,35.1817273,-97.4359063,313.48,7.8270,270.659,1.09,1.91,15,1
4,1795224105407,1788460974.696,1788460974.699,35.1817272,-97.4359239,313.33,8.0230,269.818,1.09,1.92,15,1
4,1795424792386,1788460974.896,1788460974.899,35.1817275,-97.4359414,313.30,7.9960,270.672,1.09,1.92,15,1
4,1795623837230,1788460975.095,1788460975.099,35.1817278,-97.4359593,313.42,8.1120,270.139,1.09,1.92,15,1
4,1795831539990,1788460975.303,1788460975.299,35.1817280,-97.4359771,313.33,8.0880,270.931,1.09,1.92,15,1
4,1795992221657,1788460975.464,1788460975.499,35.1817282,-97.4359948,313.39,8.0830,269.757,1.09,1.92,15,1
4,1796212925615,1788460975.684,1788460975.699,35.1817284,-97.4360122,313.38,7.9080,270.314,1.09,1.92,15,1
4,1796387691761,1788460975.859,1788460975.899,35.1817286,-97.4360294,313.30,7.7650,270.636,1.09,1.92,15,1
4,1796526727438,1788460975.998,1788460975.999,35.1817287,-97.4360380,313.28,7.8380,270.718,1.08,1.92,15,1
4,1796723059417,1788460976.195,1788460976.199,35.1817289,-97.4360549,313.29,7.6660,270.309,1.08,1.92,15,1
4,1796923450719,1788460976.395,1788460976.399,35.1817293,-97.4360718,313.29,7.7110,271.397,1.08,1.92,15,1
4,1797123455146,1788460976.595,1788460976.599,35.1817294,-97.4360885,313.31,7.5930,270.497,1.08,1.92,15,1
4,1797323396812,1788460976.795,1788460976.799,35.1817296,-97.4361051,313.34,7.4940,270.739,1.08,1.92,15,1
4,1797537905302,1788460977.009,1788460976.999,35.1817296,-97.4361213,313.26,7.3500,270.477,1.08,1.92,15,1
4,1797695006083,1788460977.166,1788460977.199,35.1817296,-97.4361373,313.27,7.2940,270.192,1.08,1.92,15,1
4,1797785445979,1788460977.257,1788460977.299,35.1817297,-97.4361452,313.36,7.2640,270.250,1.08,1.91,15,1
4,1797923273375,1788460977.395,1788460977.399,35.1817294,-97.4361530,313.31,7.1820,269.705,1.07,1.90,15,1
4,1798125086604,1788460977.597,1788460977.599,35.1817296,-97.4361686,313.37,7.1120,270.412,1.07,1.91,14,1
4,1798322745510,1788460977.794,1788460977.799,35.1817297,-97.4361840,313.39,7.0430,270.243,1.07,1.91,15,1
4,1798522116395,1788460977.994,1788460977.999,35.1817299,-97.4361995,313.38,7.0740,270.703,1.07,1.91,15,1
4,1798723339051,1788460978.195,1788460978.199,35.1817300,-97.4362148,313.37,6.9890,270.515,1.07,1.91,15,1
4,1798923862072,1788460978.395,1788460978.399,35.1817300,-97.4362301,313.40,6.9930,269.884,1.07,1.91,15,1
4,1799113339520,1788460978.585,1788460978.599,35.1817300,-97.4362456,313.42,7.0160,269.703,1.07,1.91,15,1
4,1799192356708,1788460978.664,1788460978.699,35.1817301,-97.4362531,313.40,6.9350,270.083,1.07,1.90,15,1
4,1799332497645,1788460978.804,1788460978.799,35.1817303,-97.4362608,313.45,6.9640,270.301,1.06,1.90,15,1
4,1799523189051,1788460978.995,1788460978.999,35.1817304,-97.4362763,313.41,7.0710,270.792,1.06,1.90,15,1
4,1799723948895,1788460979.195,1788460979.199,35.1817305,-97.4362920,313.41,7.1860,270.443,1.06,1.90,15,1
4,1799924042228,1788460979.396,1788460979.399,35.1817306,-97.4363075,313.44,7.0810,270.273,1.06,1.90,15,1
4,1800123679676,1788460979.595,1788460979.599,35.1817305,-97.4363227,313.41,6.9470,270.028,1.06,1.90,15,1
4,1800334037384,1788460979.806,1788460979.799,35.1817302,-97.4363378,313.35,6.8750,269.138,1.06,1.90,15,1
4,1800525188842,1788460979.997,1788460979.999,35.1817302,-97.4363530,313.33,6.9120,269.859,1.06,1.90,15,1
4,1800723962228,1788460980.195,1788460980.199,35.1817302,-97.4363681,313.30,6.8970,270.191,1.06,1.90,15,1
4,1800923092644,1788460980.395,1788460980.399,35.1817305,-97.4363831,313.32,6.8230,270.306,1.06,1.90,15,1
4,1801131833530,1788460980.603,1788460980.599,35.1817305,-97.4363983,313.36,7.0010,269.969,1.06,1.90,15,1
4,1801323476811,1788460980.795,1788460980.799,35.1817305,-97.4364136,313.36,6.9470,269.964,1.06,1.90,15,1
4,1801529748061,1788460981.001,1788460980.999,35.1817305,-97.4364288,313.38,6.9350,269.775,1.06,1.90,15,1
4,1801723812279,1788460981.195,1788460981.199,35.1817303,-97.4364440,313.43,6.9220,268.948,1.06,1.90,15,1
4,1801894775144,1788460981.366,1788460981.399,35.1817296,-97.4364591,313.41,6.8820,267.285,1.06,1.90,15,1
4,1802022705509,1788460981.494,1788460981.499,35.1817294,-97.4364667,313.47,6.9240,266.979,1.05,1.89,15,1
4,1802225463633,1788460981.697,1788460981.699,35.1817287,-97.4364820,313.47,6.9430,266.689,1.05,1.89,15,1
4,1802423016238,1788460981.895,1788460981.899,35.1817279,-97.4364969,313.48,6.7990,266.540,1.05,1.89,15,1
4,1802619841967,1788460982.091,1788460982.099,35.1817269,-97.4365120,313.48,6.9040,265.308,1.05,1.89,15,1
4,1802830679727,1788460982.302,1788460982.299,35.1817257,-97.4365270,313.49,6.8460,264.772,1.05,1.89,15,1
4,1803025149050,1788460982.497,1788460982.499,35.1817243,-97.4365416,313.51,6.6780,263.234,1.05,1.90,15,1
4,1803192406758,1788460982.664,1788460982.699,35.1817228,-97.4365561,313.48,6.6420,263.026,1.06,1.90,15,1
4,1803330788373,1788460982.802,1788460982.799,35.1817220,-97.4365630,313.48,6.4750,262.428,1.05,1.89,15,1
4,1803524191914,1788460982.996,1788460982.999,35.1817199,-97.4365770,313.48,6.4740,260.253,1.06,1.89,15,1
4,1803725890195,1788460983.197,1788460983.199,35.1817179,-97.4365910,313.48,6.4590,259.807,1.06,1.90,15,1
4,1803923073112,1788460983.395,1788460983.399,35.1817152,-97.4366047,313.50,6.4510,256.932,1.06,1.90,15,1
4,1804122611289,1788460983.594,1788460983.599,35.1817123,-97.4366184,313.55,6.4630,255.167,1.06,1.90,15,1
4,1804332349101,1788460983.804,1788460983.799,35.1817090,-97.4366317,313.55,6.2920,253.895,1.06,1.90,15,1
4,1804532647747,1788460984.004,1788460983.999,35.1817057,-97.4366451,313.53,6.3970,253.340,1.07,1.90,15,1
4,1804723845768,1788460984.195,1788460984.199,35.1817021,-97.4366583,313.48,6.3160,252.418,1.07,1.90,15,1
4,1804925193060,1788460984.397,1788460984.399,35.1816981,-97.4366716,313.42,6.3830,250.817,1.07,1.90,15,1
4,1805122489726,1788460984.594,1788460984.599,35.1816939,-97.4366845,313.29,6.2370,250.233,1.07,1.91,15,1
4,1805320642382,1788460984.792,1788460984.799,35.1816899,-97.4366975,313.23,6.3330,249.722,1.08,1.91,15,1
4,1805510455559,1788460984.982,1788460984.999,35.1816862,-97.4367106,313.23,6.3270,250.380,1.08,1.91,15,1
4,1805622390611,1788460985.094,1788460985.099,35.1816843,-97.4367168,313.16,6.1970,250.365,1.08,1.91,15,1
4,1805822808684,1788460985.294,1788460985.299,35.1816805,-97.4367292,313.13,6.0150,249.633,1.08,1.91,15,1
4,1805993182955,1788460985.465,1788460985.499,35.1816772,-97.4367411,313.10,5.7490,250.322,1.08,1.91,15,1
4,1806122479986,1788460985.594,1788460985.599,35.1816752,-97.4367469,313.03,5.7170,249.890,1.08,1.91,15,1
4,1806312750767,1788460985.784,1788460985.799,35.1816716,-97.4367584,313.02,5.6250,248.902,1.08,1.91,15,1
4,1806423026340,1788460985.895,1788460985.899,35.1816699,-97.4367640,312.99,5.5550,248.704,1.08,1.91,15,1
4,1806624960976,1788460986.096,1788460986.099,35.1816664,-97.4367749,312.96,5.3480,248.926,1.08,1.91,15,1
4,1806791249778,1788460986.263,1788460986.299,35.1816634,-97.4367855,312.99,5.1090,249.266,1.08,1.92,15,1
4,1807023746652,1788460986.495,1788460986.499,35.1816603,-97.4367954,312.98,4.8370,248.413,1.08,1.92,15,1
4,1807199455871,1788460986.671,1788460986.699,35.1816573,-97.4368054,312.91,4.8580,249.598,1.08,1.92,15,1
4,1807286643840,1788460986.758,1788460986.799,35.1816559,-97.4368103,312.86,4.8230,250.351,1.08,1.92,15,1
4,1807394864361,1788460986.866,1788460986.899,35.1816546,-97.4368154,312.81,4.8450,251.514,1.08,1.92,15,1
4,1807524931027,1788460986.996,1788460986.999,35.1816532,-97.4368204,312.76,4.8030,251.459,1.08,1.92,15,1
4,1807710998423,1788460987.182,1788460987.199,35.1816503,-97.4368297,312.74,4.5310,249.655,1.08,1.92,15,1
4,1807791339413,1788460987.263,1788460987.299,35.1816489,-97.4368344,312.72,4.5000,249.300,1.08,1.92,15,1
4,1807912154204,1788460987.384,1788460987.399,35.1816474,-97.4368392,312.69,4.6570,249.492,1.08,1.91,14,1
4,1808091861079,1788460987.563,1788460987.599,35.1816444,-97.4368488,312.63,4.6780,248.914,1.08,1.92,15,1
4,1808293967746,1788460987.765,1788460987.799,35.1816415,-97.4368581,312.63,4.5330,249.156,1.08,1.92,15,1
4,1808394414725,1788460987.866,1788460987.899,35.1816403,-97.4368630,312.58,4.6290,250.423,1.08,1.92,15,1
4,1808532402433,1788460988.004,1788460987.999,35.1816387,-97.4368678,312.51,4.6440,250.466,1.08,1.91,15,1
4,1808689546548,1788460988.161,1788460988.199,35.1816361,-97.4368776,312.48,4.7240,251.295,1.08,1.92,15,1
4,1808813780350,1788460988.285,1788460988.299,35.1816344,-97.4368822,312.40,4.6060,250.423,1.08,1.91,15,1
4,1809015297225,1788460988.487,1788460988.499,35.1816321,-97.4368918,312.50,4.5990,251.343,1.08,1.91,15,1
4,1809123140037,1788460988.595,1788460988.599,35.1816307,-97.4368965,312.50,4.5970,251.349,1.08,1.91,15,1
4,1809294826808,1788460988.766,1788460988.799,35.1816282,-97.4369061,312.50,4.5860,251.649,1.08,1.91,15,1
4,1809512167172,1788460988.984,1788460988.999,35.1816256,-97.4369158,312.49,4.6330,251.509,1.09,1.92,14,1
4,1809591543787,1788460989.063,1788460989.099,35.1816242,-97.4369207,312.49,4.7220,251.395,1.08,1.92,15,1
4,1809793032433,1788460989.265,1788460989.299,35.1816212,-97.4369309,312.47,4.8930,250.898,1.09,1.92,15,1
4,1809891809412,1788460989.363,1788460989.399,35.1816198,-97.4369358,312.47,4.8410,250.702,1.09,1.92,15,1
4,1810131707276,1788460989.603,1788460989.599,35.1816168,-97.4369461,312.48,4.9510,250.083,1.09,1.92,15,1
4,1810322819828,1788460989.794,1788460989.799,35.1816132,-97.4369567,312.44,5.2070,248.763,1.09,1.92,15,1
4,1810524443943,1788460989.996,1788460989.999,35.1816099,-97.4369667,312.44,4.8940,248.485,1.09,1.93,15,1
4,1810725234099,1788460990.197,1788460990.199,35.1816068,-97.4369778,312.39,5.3210,250.303,1.10,1.93,15,1
4,1810924629880,1788460990.396,1788460990.399,35.1816041,-97.4369890,312.29,5.2980,252.585,1.10,1.94,15,1
4,1811123260505,1788460990.595,1788460990.599,35.1816014,-97.4370003,312.23,5.2940,253.694,1.10,1.94,15,1
4,1811311386130,1788460990.783,1788460990.799,35.1815983,-97.4370113,312.25,5.3010,252.288,1.11,1.94,15,1
4,1811522216703,1788460990.994,1788460990.999,35.1815947,-97.4370228,312.17,5.5370,250.960,1.11,1.95,15,1
4,1811723767224,1788460991.195,1788460991.199,35.1815913,-97.4370348,312.14,5.8120,251.118,1.11,1.95,15,1
4,1811922833317,1788460991.394,1788460991.399,35.1815881,-97.4370468,312.14,5.7620,251.463,1.12,1.95,15,1
4,1812124916807,1788460991.596,1788460991.599,35.1815852,-97.4370593,312.09,5.9030,253.736,1.12,1.96,15,1
4,1812325553109,1788460991.797,1788460991.799,35.1815828,-97.4370719,311.94,5.9000,255.970,1.12,1.96,15,1
4,1812522747900,1788460991.994,1788460991.999,35.1815799,-97.4370845,311.90,5.9540,254.997,1.12,1.96,14,1
4,1812724872119,1788460992.196,1788460992.199,35.1815765,-97.4370971,311.89,6.0710,253.163,1.13,1.96,14,1
4,1812932568786,1788460992.404,1788460992.399,35.1815734,-97.4371097,311.97,6.0170,253.165,1.13,1.96,14,1
4,1813123162900,1788460992.595,1788460992.599,35.1815703,-97.4371222,312.02,5.9900,253.134,1.13,1.96,14,1
4,1813323611910,1788460992.795,1788460992.799,35.1815674,-97.4371350,311.99,6.1050,254.350,1.13,1.96,14,1
4,1813523618733,1788460992.995,1788460992.999,35.1815645,-97.4371481,311.94,6.2130,254.812,1.13,1.96,14,1
4,1813722230348,1788460993.194,1788460993.199,35.1815616,-97.4371616,311.94,6.3640,255.428,1.14,1.96,14,1
4,1813924080400,1788460993.396,1788460993.399,35.1815589,-97.4371749,311.94,6.3070,255.626,1.14,1.97,14,1
4,1814092656025,1788460993.564,1788460993.599,35.1815561,-97.4371887,311.83,6.4260,256.343,1.14,1.97,14,1
4,1814211393629,1788460993.683,1788460993.699,35.1815546,-97.4371953,311.78,6.3150,256.214,1.14,1.97,14,1
4,1814323108681,1788460993.795,1788460993.799,35.1815538,-97.4372020,311.81,6.3080,257.819,1.14,1.96,13,1
4,1814524514150,1788460993.996,1788460993.999,35.1815520,-97.4372154,311.80,6.2150,259.473,1.14,1.97,14,1
4,1814722467639,1788460994.194,1788460994.199,35.1815513,-97.4372287,311.93,6.0730,262.968,1.14,1.97,14,1
4,1814892523629,1788460994.364,1788460994.399,35.1815498,-97.4372421,311.95,6.1540,262.969,1.14,1.97,15,1
4,1815127570764,1788460994.599,1788460994.599,35.1815487,-97.4372553,311.96,6.0160,264.282,1.15,1.97,15,1
4,1815324792899,1788460994.796,1788460994.799,35.1815473,-97.4372686,311.96,6.0350,263.320,1.15,1.97,15,1
4,1815493068628,1788460994.965,1788460994.999,35.1815463,-97.4372817,311.97,5.9520,264.818,1.15,1.98,15,1
4,1815630481805,1788460995.102,1788460995.099,35.1815459,-97.4372881,312.08,5.8560,264.804,1.14,1.97,15,1
4,1815791117743,1788460995.263,1788460995.299,35.1815448,-97.4373011,312.07,5.8570,265.241,1.14,1.97,15,1
4,1816025430243,1788460995.497,1788460995.499,35.1815442,-97.4373141,312.07,5.8660,266.423,1.14,1.97,14,1
4,1816224210243,1788460995.696,1788460995.699,35.1815439,-97.4373267,312.11,5.6700,267.290,1.14,1.97,14,1
4,1816426771388,1788460995.898,1788460995.899,35.1815435,-97.4373393,312.11,5.7400,267.966,1.14,1.97,14,1
4,1816625032743,1788460996.097,1788460996.099,35.1815433,-97.4373523,312.09,5.8120,269.124,1.14,1.97,15,1
4,1816787741180,1788460996.259,1788460996.299,35.1815433,-97.4373649,312.18,5.6920,269.324,1.14,1.97,15,1
4,1816922401545,1788460996.394,1788460996.399,35.1815429,-97.4373709,312.13,5.5480,269.006,1.14,1.97,15,1
4,1817123495972,1788460996.595,1788460996.599,35.1815428,-97.4373833,312.11,5.5890,269.482,1.14,1.97,15,1
4,1817324564826,1788460996.796,1788460996.799,35.1815427,-97.4373953,312.06,5.4500,269.616,1.14,1.97,15,1
4,1817510592117,1788460996.982,1788460996.999,35.1815426,-97.4374071,312.11,5.3400,269.393,1.14,1.97,15,1
4,1817623752326,1788460997.095,1788460997.099,35.1815425,-97.4374127,312.11,5.2180,269.412,1.13,1.97,15,1
4,1817823059825,1788460997.295,1788460997.299,35.1815423,-97.4374240,312.07,5.1010,269.505,1.13,1.97,15,1
4,1818034529513,1788460997.506,1788460997.499,35.1815421,-97.4374350,312.09,4.9760,269.354,1.13,1.97,15,1
4,1818193790919,1788460997.665,1788460997.699,35.1815422,-97.4374458,312.09,4.8960,270.396,1.13,1.97,15,1
4,1818314098263,1788460997.786,1788460997.799,35.1815422,-97.4374509,312.09,4.7310,270.635,1.12,1.96,15,1
4,1818424275450,1788460997.896,1788460997.899,35.1815423,-97.4374560,312.11,4.6360,271.078,1.12,1.96,15,1
4,1818625892846,1788460998.097,1788460998.099,35.1815425,-97.4374658,312.17,4.4420,270.750,1.12,1.96,15,1
4,1818791957325,1788460998.263,1788460998.299,35.1815425,-97.4374752,312.16,4.2340,269.998,1.12,1.96,15,1
4,1819025579773,1788460998.497,1788460998.499,35.1815425,-97.4374842,312.20,4.0260,269.905,1.12,1.96,15,1
4,1819225816804,1788460998.697,1788460998.699,35.1815426,-97.4374925,312.17,3.7450,271.105,1.12,1.96,15,1
4,1819431179669,1788460998.903,1788460998.899,35.1815427,-97.4375001,312.25,3.4280,270.715,1.12,1.96,15,1
4,1819624567116,1788460999.096,1788460999.099,35.1815426,-97.4375069,312.24,3.0480,270.204,1.11,1.96,15,1
4,1819834841491,1788460999.306,1788460999.299,35.1815428,-97.4375128,312.26,2.6820,271.229,1.11,1.95,15,1
4,1820025189304,1788460999.497,1788460999.499,35.1815429,-97.4375184,312.32,2.5180,271.068,1.11,1.95,15,1
4,1820223907741,1788460999.695,1788460999.699,35.1815433,-97.4375230,312.35,2.0470,272.802,1.11,1.95,15,1
4,1820429814043,1788460999.901,1788460999.899,35.1815435,-97.4375269,312.36,1.7110,272.837,1.11,1.95,15,1
4,1820629689408,1788461000.101,1788461000.099,35.1815436,-97.4375301,312.40,1.4100,272.218,1.11,1.95,15,1
4,1820822861647,1788461000.294,1788461000.299,35.1815438,-97.4375326,312.42,1.0660,272.352,1.10,1.95,15,1
4,1821029098835,1788461000.501,1788461000.499,35.1815439,-97.4375346,312.41,0.8680,272.865,1.10,1.95,15,1
4,1821231010866,1788461000.702,1788461000.699,35.1815439,-97.4375363,312.48,0.7420,270.775,1.10,1.95,15,1
4,1821426240762,1788461000.898,1788461000.899,35.1815439,-97.4375375,312.45,0.4960,271.421,1.10,1.95,15,1
4,1821624341959,1788461001.096,1788461001.099,35.1815440,-97.4375385,312.48,0.4140,273.952,1.09,1.94,15,1
4,1821827418418,1788461001.299,1788461001.299,35.1815438,-97.4375395,312.55,0.4670,262.527,1.09,1.94,15,1
4,1822029600813,1788461001.501,1788461001.499,35.1815439,-97.4375404,312.56,0.4350,272.625,1.09,1.94,14,1
4,1822225595605,1788461001.697,1788461001.699,35.1815438,-97.4375419,312.56,0.6680,270.129,1.09,1.94,15,1
4,1822434531178,1788461001.906,1788461001.899,35.1815440,-97.4375437,312.57,0.8240,273.695,1.09,1.93,15,1
4,1822630372688,1788461002.102,1788461002.099,35.1815443,-97.4375461,312.58,1.1320,277.327,1.08,1.93,15,1
4,1822829945917,1788461002.301,1788461002.299,35.1815446,-97.4375491,312.60,1.3990,275.911,1.08,1.93,15,1
4,1823026550917,1788461002.498,1788461002.499,35.1815450,-97.4375526,312.64,1.6600,275.674,1.08,1.93,15,1
4,1823225835448,1788461002.697,1788461002.699,35.1815454,-97.4375564,312.61,1.7440,277.783,1.08,1.93,15,1
4,1823426989355,1788461002.898,1788461002.899,35.1815462,-97.4375607,312.64,2.0440,280.014,1.08,1.93,15,1
4,1823590394146,1788461003.062,1788461003.099,35.1815472,-97.4375654,312.67,2.1970,282.618,1.07,1.93,15,1
4,1823710803573,1788461003.182,1788461003.199,35.1815479,-97.4375680,312.72,2.3540,284.620,1.07,1.92,15,1
4,1823824079146,1788461003.296,1788461003.299,35.1815486,-97.4375706,312.73,2.3790,286.317,1.07,1.91,15,1
4,1824024791646,1788461003.496,1788461003.499,35.1815504,-97.4375759,312.73,2.6600,290.226,1.07,1.91,15,1
4,1824223560240,1788461003.695,1788461003.699,35.1815528,-97.4375815,312.76,2.8440,294.949,1.06,1.91,15,1
4,1824424177479,1788461003.896,1788461003.899,35.1815560,-97.4375870,312.86,3.0160,300.924,1.06,1.91,15,1
4,1824628574927,1788461004.100,1788461004.099,35.1815596,-97.4375925,312.88,3.1740,305.663,1.06,1.90,15,1
4,1824824899667,1788461004.296,1788461004.299,35.1815635,-97.4375978,312.97,3.2350,309.183,1.06,1.90,15,1
4,1824989661437,1788461004.461,1788461004.499,35.1815681,-97.4376028,312.97,3.4110,315.669,1.06,1.90,15,1
4,1825122411333,1788461004.594,1788461004.599,35.1815706,-97.4376051,312.99,3.4350,319.562,1.05,1.89,15,1
4,1825324008781,1788461004.795,1788461004.799,35.1815761,-97.4376094,312.97,3.7250,326.349,1.05,1.89,15,1
4,1825525189614,1788461004.997,1788461004.999,35.1815822,-97.4376130,312.97,3.8150,332.197,1.05,1.88,15,1
4,1825726450083,1788461005.198,1788461005.199,35.1815888,-97.4376162,313.02,3.9140,336.804,1.05,1.88,15,1
4,1825923217739,1788461005.395,1788461005.399,35.1815958,-97.4376189,313.08,4.0280,341.165,1.04,1.88,15,1
4,1826124979301,1788461005.596,1788461005.599,35.1816031,-97.4376208,313.07,4.1600,346.873,1.04,1.88,15,1
4,1826295410395,1788461005.767,1788461005.799,35.1816109,-97.4376219,313.10,4.3090,352.052,1.04,1.87,15,1
4,1826423902062,1788461005.895,1788461005.899,35.1816150,-97.4376223,313.14,4.4110,353.902,1.04,1.86,15,1
4,1826627707166,1788461006.099,1788461006.099,35.1816232,-97.4376231,313.17,4.5220,355.494,1.04,1.86,15,1
4,1826825422895,1788461006.297,1788461006.299,35.1816320,-97.4376236,313.23,4.8300,357.276,1.04,1.86,15,1
4,1827025591957,1788461006.497,1788461006.499,35.1816411,-97.4376238,313.22,5.0730,358.737,1.03,1.86,15,1
4,1827223775603,1788461006.695,1788461006.699,35.1816505,-97.4376243,313.23,5.2030,357.748,1.03,1.86,15,1
4,1827425042686,1788461006.897,1788461006.899,35.1816603,-97.4376245,313.24,5.4520,358.831,1.03,1.86,15,1
4,1827625716436,1788461007.097,1788461007.099,35.1816707,-97.4376247,313.32,5.7210,358.792,1.03,1.86,15,1
4,1827834832738,1788461007.306,1788461007.299,35.1816813,-97.4376248,313.30,5.9160,359.810,1.03,1.85,15,1
4,1828024527738,1788461007.496,1788461007.499,35.1816925,-97.4376249,313.26,6.2340,359.911,1.03,1.85,15,1
4,1828223193207,1788461007.695,1788461007.699,35.1817042,-97.4376249,313.32,6.4580,0.278,1.03,1.85,15,1
4,1828423602634,1788461007.895,1788461007.899,35.1817161,-97.4376250,313.40,6.5720,359.589,1.02,1.85,15,1
4,1828625530186,1788461008.097,1788461008.099,35.1817285,-97.4376252,313.44,6.8590,359.541,1.02,1.84,15,1
4,1828826591800,1788461008.298,1788461008.299,35.1817410,-97.4376253,313.48,6.9480,359.720,1.02,1.84,15,1
4,1829026952946,1788461008.498,1788461008.499,35.1817542,-97.4376253,313.51,7.2680,0.089,1.02,1.84,15,1
4,1829226377269,1788461008.698,1788461008.699,35.1817676,-97.4376254,313.57,7.4010,359.673,1.02,1.84,15,1
4,1829425146904,1788461008.897,1788461008.899,35.1817814,-97.4376255,313.62,7.5860,359.443,1.02,1.83,15,1
4,1829624205602,1788461009.096,1788461009.099,35.1817956,-97.4376256,313.62,7.8480,359.919,1.02,1.83,15,1
4,1829824097321,1788461009.296,1788461009.299,35.1818101,-97.4376257,313.72,8.0100,359.425,1.01,1.83,15,1
4,1830036933258,1788461009.508,1788461009.499,35.1818251,-97.4376258,313.74,8.2990,359.889,1.01,1.83,15,1
4,1830224303414,1788461009.696,1788461009.699,35.1818405,-97.4376258,313.89,8.4200,359.701,1.01,1.82,15,1
4,1830393853831,1788461009.865,1788461009.899,35.1818561,-97.4376260,313.99,8.6230,359.577,1.01,1.82,15,1
4,1830526998154,1788461009.998,1788461009.999,35.1818640,-97.4376260,314.02,8.6890,359.891,1.01,1.82,15,1
4,1830723924196,1788461010.195,1788461010.199,35.1818801,-97.4376261,314.08,8.8990,359.396,1.01,1.82,15,1
4,1830924444352,1788461010.396,1788461010.399,35.1818966,-97.4376260,314.14,9.0660,0.312,1.01,1.81,15,1
4,1831123742477,1788461010.595,1788461010.599,35.1819132,-97.4376259,314.22,9.1440,0.442,1.01,1.81,15,1
4,1831334879352,1788461010.806,1788461010.799,35.1819301,-97.4376259,314.29,9.3420,0.209,1.01,1.81,15,1
4,1831525913831,1788461010.997,1788461010.999,35.1819473,-97.4376258,314.35,9.4850,0.199,1.01,1.81,15,1
4,1831725800341,1788461011.197,1788461011.199,35.1819646,-97.4376258,314.38,9.5740,359.839,1.01,1.81,15,1
4,1831924918101,1788461011.396,1788461011.399,35.1819819,-97.4376259,314.48,9.5360,359.778,1.00,1.81,15,1
4,1832123495966,1788461011.595,1788461011.599,35.1819996,-97.4376256,314.51,9.8070,0.708,1.00,1.82,15,1
4,1832324629091,1788461011.796,1788461011.799,35.1820173,-97.4376254,314.56,9.7620,0.313,1.00,1.82,15,1
4,1832523025757,1788461011.995,1788461011.999,35.1820350,-97.4376253,314.64,9.7530,0.243,1.00,1.82,15,1
4,1832723819091,1788461012.195,1788461012.199,35.1820526,-97.4376253,314.73,9.7550,0.067,1.00,1.82,15,1
4,1832923347320,1788461012.395,1788461012.399,35.1820702,-97.4376251,314.78,9.7020,0.577,1.00,1.82,15,1
4,1833124448153,1788461012.596,1788461012.599,35.1820881,-97.4376249,314.86,9.8730,0.468,1.00,1.82,15,1
4,1833322619924,1788461012.794,1788461012.799,35.1821060,-97.4376247,314.90,9.8840,0.514,1.00,1.82,15,1
4,1833519396174,1788461012.991,1788461012.999,35.1821241,-97.4376246,314.94,9.9810,0.066,1.00,1.82,15,1
4,1833721362684,1788461013.193,1788461013.199,35.1821420,-97.4376244,314.96,9.8730,0.547,1.00,1.82,15,1
4,1833922761903,1788461013.394,1788461013.399,35.1821602,-97.4376241,314.98,10.0230,0.529,1.00,1.82,15,1
4,1834123639663,1788461013.595,1788461013.599,35.1821784,-97.4376238,315.03,10.0340,0.842,1.00,1.82,15,1
4,1834322581330,1788461013.794,1788461013.799,35.1821967,-97.4376236,315.10,10.1110,0.246,1.00,1.82,15,1
4,1834523211434,1788461013.995,1788461013.999,35.1822150,-97.4376234,315.22,10.0380,0.676,1.00,1.82,15,1
4,1834722313204,1788461014.194,1788461014.199,35.1822332,-97.4376233,315.27,10.0830,0.182,1.00,1.83,15,1
4,1834917522475,1788461014.389,1788461014.399,35.1822516,-97.4376229,315.39,10.1490,1.021,1.00,1.83,15,1
4,1835124873777,1788461014.596,1788461014.599,35.1822698,-97.4376228,315.50,10.0180,0.374,0.99,1.83,15,1
4,1835322744663,1788461014.794,1788461014.799,35.1822880,-97.4376224,315.56,10.0260,1.055,0.99,1.83,15,1
4,1835524146694,1788461014.996,1788461014.999,35.1823063,-97.4376224,315.68,10.1110,359.931,0.99,1.83,14,1
4,1835721855600,1788461015.193,1788461015.199,35.1823244,-97.4376221,315.69,10.0130,0.458,0.99,1.83,14,1
4,1835893382475,1788461015.365,1788461015.399,35.1823427,-97.4376218,315.64,10.0970,0.779,0.99,1.84,14,1
4,1836023246329,1788461015.495,1788461015.499,35.1823519,-97.4376216,315.73,10.0850,1.041,0.99,1.83,14,1
4,1836223111641,1788461015.695,1788461015.699,35.1823702,-97.4376212,315.81,10.1060,0.994,0.99,1.83,15,1
4,1836423906537,1788461015.895,1788461015.899,35.1823883,-97.4376208,315.78,10.0200,0.814,0.99,1.83,15,1
4,1836624116589,1788461016.096,1788461016.099,35.1824065,-97.4376206,315.81,10.0500,0.508,0.99,1.83,15,1
4,1836822769193,1788461016.294,1788461016.299,35.1824247,-97.4376202,315.80,10.0930,0.746,0.99,1.84,15,1
4,1837024396224,1788461016.496,1788461016.499,35.1824429,-97.4376198,315.86,10.0210,1.234,0.99,1.84,15,1
4,1837189757787,1788461016.661,1788461016.699,35.1824609,-97.4376192,315.92,9.9250,1.512,0.99,1.84,15,1
4,1837293583412,1788461016.765,1788461016.799,35.1824700,-97.4376190,315.94,9.9370,1.265,0.99,1.84,15,1
4,1837422782891,1788461016.894,1788461016.899,35.1824791,-97.4376187,316.01,9.9440,1.284,0.98,1.83,15,1
4,1837624714714,1788461017.096,1788461017.099,35.1824969,-97.4376184,316.08,9.8420,0.666,0.98,1.83,15,1
4,1837826680443,1788461017.298,1788461017.299,35.1825146,-97.4376181,316.18,9.7070,0.890,0.98,1.83,15,1
4,1838025822161,1788461017.497,1788461017.499,35.1825323,-97.4376176,316.19,9.7520,1.464,0.98,1.84,15,1
4,1838223178203,1788461017.695,1788461017.699,35.1825496,-97.4376171,316.24,9.5260,1.290,0.98,1.84,15,1
4,1838424111953,1788461017.896,1788461017.899,35.1825668,-97.4376166,316.30,9.4620,1.252,0.98,1.84,15,1
4,1838593492213,1788461018.065,1788461018.099,35.1825837,-97.4376160,316.35,9.3140,1.458,0.98,1.84,15,1
4,1838723774349,1788461018.195,1788461018.199,35.1825921,-97.4376159,316.40,9.2700,0.830,0.98,1.84,15,1
4,1838923663307,1788461018.395,1788461018.399,35.1826087,-97.4376156,316.45,9.1570,0.826,0.98,1.84,15,1
4,1839124013880,1788461018.595,1788461018.599,35.1826249,-97.4376152,316.48,8.9490,1.009,0.98,1.84,15,1
4,1839325645390,1788461018.797,1788461018.799,35.1826408,-97.4376148,316.54,8.8020,1.167,0.98,1.84,15,1
4,1839527013932,1788461018.998,1788461018.999,35.1826567,-97.4376142,316.59,8.7440,1.575,0.98,1.84,15,1
4,1839726164296,1788461019.198,1788461019.199,35.1826722,-97.4376138,316.64,8.5900,1.247,0.98,1.85,15,1
4,1839892318359,1788461019.364,1788461019.399,35.1826876,-97.4376134,316.70,8.4440,1.171,0.98,1.85,15,1
4,1839993330494,1788461019.465,1788461019.499,35.1826951,-97.4376132,316.79,8.3350,1.074,0.98,1.84,15,1
4,1840124211067,1788461019.596,1788461019.599,35.1827025,-97.4376131,316.78,8.1990,0.883,0.97,1.84,15,1
4,1840323303306,1788461019.795,1788461019.799,35.1827170,-97.4376126,316.83,8.0360,1.489,0.97,1.84,15,1
4,1840529795806,1788461020.001,1788461019.999,35.1827311,-97.4376122,316.87,7.7690,1.370,0.97,1.84,15,1
4,1840723297785,1788461020.195,1788461020.199,35.1827448,-97.4376121,316.95,7.5580,0.550,0.97,1.84,15,1
4,1840892974296,1788461020.364,1788461020.399,35.1827583,-97.4376118,317.06,7.3980,1.068,0.97,1.85,15,1
4,1841125764296,1788461020.597,1788461020.599,35.1827712,-97.4376115,317.11,7.1220,0.995,0.97,1.84,15,1
4,1841290255337,1788461020.762,1788461020.799,35.1827838,-97.4376112,317.20,6.9890,0.910,0.97,1.84,15,1
4,1841394571171,1788461020.866,1788461020.899,35.1827900,-97.4376111,317.21,6.8860,1.037,0.97,1.84,15,1
4,1841525562368,1788461020.997,1788461020.999,35.1827962,-97.4376109,317.22,6.8560,0.800,0.97,1.83,15,1
4,1841723825806,1788461021.195,1788461021.199,35.1828081,-97.4376107,317.25,6.5900,0.818,0.96,1.83,15,1
4,1841924185441,1788461021.396,1788461021.399,35.1828194,-97.4376106,317.30,6.2040,0.443,0.96,1.83,15,1
4,1842136996379,1788461021.608,1788461021.599,35.1828302,-97.4376106,317.38,5.9000,359.785,0.96,1.83,15,1
4,1842292628514,1788461021.764,1788461021.799,35.1828406,-97.4376104,317.43,5.6970,1.002,0.96,1.83,15,1
5,1842520771535,1788461021.992,1788461021.999,35.1828504,-97.4376102,317.48,5.4370,0.390,0.96,1.82,15,1
5,1842726927108,1788461022.198,1788461022.199,35.1828596,-97.4376103,317.48,5.0150,0.033,0.96,1.82,15,1
5,1842924233097,1788461022.396,1788461022.399,35.1828679,-97.4376103,317.53,4.5860,359.769,0.96,1.82,15,1
5,1843127217264,1788461022.599,1788461022.599,35.1828757,-97.4376105,317.62,4.2870,359.112,0.96,1.82,15,1
5,1843322511118,1788461022.794,1788461022.799,35.1828824,-97.4376108,317.67,3.7460,358.238,0.96,1.83,15,1
5,1843523982628,1788461022.995,1788461022.999,35.1828885,-97.4376111,317.65,3.3730,358.142,0.97,1.83,15,1
5,1843724168149,1788461023.196,1788461023.199,35.1828939,-97.4376110,317.67,2.9770,359.829,0.97,1.83,15,1
5,1843924210024,1788461023.396,1788461023.399,35.1828986,-97.4376111,317.73,2.6090,359.731,0.97,1.83,15,1
5,1844137263930,1788461023.609,1788461023.599,35.1829027,-97.4376111,317.79,2.2510,0.243,0.97,1.83,15,1
5,1844324107784,1788461023.796,1788461023.799,35.1829064,-97.4376109,317.80,2.0360,1.522,0.97,1.83,15,1
5,1844524446638,1788461023.996,1788461023.999,35.1829092,-97.4376108,317.79,1.6140,2.106,0.98,1.83,15,1
5,1844726957003,1788461024.198,1788461024.199,35.1829114,-97.4376104,317.87,1.2360,4.411,0.98,1.83,15,1
5,1844926894711,1788461024.398,1788461024.399,35.1829131,-97.4376103,317.89,0.9980,3.520,0.98,1.84,15,1
5,1845124761690,1788461024.596,1788461024.599,35.1829144,-97.4376103,317.92,0.6870,3.139,0.98,1.84,15,1
5,1845319890336,1788461024.791,1788461024.799,35.1829154,-97.4376102,317.96,0.5710,3.078,0.98,1.84,15,1
5,1845526750857,1788461024.998,1788461024.999,35.1829161,-97.4376102,317.98,0.3370,2.518,0.98,1.84,15,1
5,1845722928721,1788461025.194,1788461025.199,35.1829166,-97.4376102,317.99,0.2820,358.686,0.98,1.85,15,1
5,1845896561533,1788461025.368,1788461025.399,35.1829174,-97.4376102,318.03,0.4240,0.485,0.99,1.85,15,1
5,1846024318721,1788461025.496,1788461025.499,35.1829179,-97.4376102,318.05,0.4570,357.920,0.98,1.85,15,1
5,1846225924085,1788461025.697,1788461025.699,35.1829192,-97.4376101,318.09,0.6990,1.908,0.99,1.85,15,1
5,1846426704033,1788461025.898,1788461025.899,35.1829208,-97.4376100,318.09,0.7980,2.352,0.99,1.86,15,1
5,1846624879814,1788461026.096,1788461026.099,35.1829229,-97.4376099,318.12,1.1620,2.842,0.99,1.86,15,1
5,1846810444762,1788461026.282,1788461026.299,35.1829254,-97.4376097,318.11,1.3610,2.767,0.99,1.86,15,1
5,1846927495231,1788461026.399,1788461026.399,35.1829268,-97.4376095,318.14,1.4110,3.984,0.99,1.86,15,1
5,1847125379137,1788461026.597,1788461026.599,35.1829298,-97.4376092,318.16,1.6440,4.603,0.99,1.86,15,1
5,1847323714710,1788461026.795,1788461026.799,35.1829329,-97.4376087,318.16,1.7260,6.320,0.99,1.86,15,1
5,1847525600543,1788461026.997,1788461026.999,35.1829365,-97.4376080,318.17,2.0230,8.483,0.99,1.87,15,1
5,1847727881741,1788461027.199,1788461027.199,35.1829406,-97.4376069,318.16,2.2970,11.177,0.99,1.86,15,1
5,1847925184189,1788461027.397,1788461027.399,35.1829449,-97.4376054,318.27,2.4730,13.946,0.99,1.86,15,1
5,1848091761481,1788461027.563,1788461027.599,35.1829494,-97.4376034,318.26,2.6310,17.656,0.99,1.86,15,1
5,1848223215751,1788461027.695,1788461027.699,35.1829518,-97.4376023,318.35,2.7320,19.627,0.99,1.86,15,1
5,1848424357522,1788461027.896,1788461027.899,35.1829567,-97.4375994,318.30,3.0450,23.064,0.99,1.86,15,1
5,1848626477105,1788461028.098,1788461028.099,35.1829615,-97.4375960,318.27,3.1100,27.863,0.99,1.85,15,1
5,1848824962887,1788461028.296,1788461028.299,35.1829661,-97.4375917,318.35,3.1950,33.682,0.99,1.86,15,1
5,1849023946168,1788461028.495,1788461028.499,35.1829705,-97.4375869,318.39,3.2730,38.811,0.99,1.86,15,1
5,1849192865126,1788461028.664,1788461028.699,35.1829746,-97.4375811,318.42,3.4950,44.961,0.99,1.86,15,1
5,1849392032365,1788461028.864,1788461028.899,35.1829784,-97.4375747,318.48,3.6480,50.491,0.99,1.86,15,1
5,1849490789970,1788461028.962,1788461028.999,35.1829802,-97.4375712,318.56,3.6790,54.012,0.99,1.86,15,1
5,1849622451063,1788461029.094,1788461029.099,35.1829816,-97.4375677,318.62,3.7030,57.715,0.99,1.85,15,1
5,1849825584344,1788461029.297,1788461029.299,35.1829845,-97.4375606,318.71,3.6880,61.494,0.99,1.86,15,1
5,1850011189865,1788461029.483,1788461029.499,35.1829867,-97.4375527,318.72,3.8260,67.389,0.99,1.86,14,1
5,1850126618667,1788461029.598,1788461029.599,35.1829874,-97.4375487,318.72,3.7500,71.982,0.98,1.85,14,1
5,1850335721480,1788461029.807,1788461029.799,35.1829890,-97.4375404,318.81,3.9190,75.287,0.98,1.85,14,1
5,1850523084396,1788461029.995,1788461029.999,35.1829896,-97.4375320,318.82,3.8550,81.619,0.98,1.85,14,1
5,1850723899240,1788461030.195,1788461030.199,35.1829901,-97.4375232,318.85,4.0620,84.490,0.98,1.85,14,1
5,1850893605594,1788461030.365,1788461030.399,35.1829903,-97.4375141,318.89,4.0990,87.149,0.98,1.85,14,1
5,1851023991219,1788461030.495,1788461030.499,35.1829902,-97.4375093,318.87,4.2350,89.193,0.98,1.84,14,1
5,1851223674865,1788461030.695,1788461030.699,35.1829901,-97.4375000,318.89,4.2400,89.752,0.98,1.84,14,1
5,1851424849656,1788461030.896,1788461030.899,35.1829899,-97.4374901,318.88,4.5010,90.751,0.98,1.84,14,1
5,1851624162260,1788461031.096,1788461031.099,35.1829897,-97.4374796,318.86,4.7400,90.935,0.98,1.83,14,1
5,1851825787000,1788461031.297,1788461031.299,35.1829891,-97.4374689,318.89,4.9010,93.009,0.98,1.83,14,1
5,1852025179031,1788461031.497,1788461031.499,35.1829890,-97.4374574,318.92,5.2420,91.137,0.97,1.82,14,1
5,1852191287781,1788461031.663,1788461031.699,35.1829890,-97.4374454,318.89,5.4470,90.435,0.97,1.81,14,1
5,1852325974760,1788461031.797,1788461031.799,35.1829888,-97.4374393,318.87,5.5170,90.857,0.97,1.80,14,1
5,1852524456531,1788461031.996,1788461031.999,35.1829885,-97.4374267,318.91,5.7200,91.553,0.97,1.80,14,1
5,1852729041843,1788461032.201,1788461032.199,35.1829883,-97.4374137,318.92,5.9660,91.260,0.97,1.80,14,1
5,1852924236062,1788461032.396,1788461032.399,35.1829880,-97.4373999,318.92,6.2510,91.090,0.97,1.79,14,1
5,1853126232052,1788461032.598,1788461032.599,35.1829878,-97.4373858,318.96,6.4510,91.038,0.97,1.79,14,1
5,1853334751062,1788461032.806,1788461032.799,35.1829875,-97.4373713,318.95,6.5460,90.878,0.97,1.79,14,1
5,1853491856062,1788461032.963,1788461032.999,35.1829873,-97.4373564,318.93,6.7680,90.526,0.97,1.78,14,1
5,1853594245176,1788461033.066,1788461033.099,35.1829872,-97.4373487,318.95,6.8920,90.344,0.97,1.77,14,1
5,1853725811374,1788461033.197,1788461033.199,35.1829872,-97.4373409,318.97,6.9590,90.171,0.96,1.76,14,1
5,1853925806166,1788461033.397,1788461033.399,35.1829872,-97.4373251,319.03,7.1820,89.667,0.96,1.76,14,1
5,1854127506114,1788461033.599,1788461033.599,35.1829875,-97.4373091,319.03,7.3560,89.057,0.96,1.76,14,1
5,1854328100437,1788461033.800,1788461033.799,35.1829876,-97.4372926,319.08,7.5560,89.306,0.96,1.75,14,1
5,1854740689134,1788461034.212,1788461033.999,35.1829879,-97.4372757,319.11,7.7100,88.971,0.96,1.75,14,1
5,1854756040436,1788461034.228,1788461034.199,35.1829883,-97.4372583,319.15,7.9310,88.197,0.96,1.74,14,1
5,1854890408874,1788461034.362,1788461034.399,35.1829888,-97.4372407,319.22,8.0320,88.008,0.96,1.74,14,1
5,1855024763145,1788461034.496,1788461034.499,35.1829891,-97.4372317,319.34,8.1400,87.330,0.96,1.73,15,1
5,1855230174967,1788461034.702,1788461034.699,35.1829897,-97.4372135,319.37,8.3540,86.901,0.95,1.73,15,1
5,1855430370592,1788461034.902,1788461034.899,35.1829907,-97.4371951,319.40,8.4610,86.120,0.95,1.72,15,1
5,1855626494759,1788461035.098,1788461035.099,35.1829917,-97.4371763,319.47,8.5510,85.859,0.95,1.72,15,1
5,1855826678873,1788461035.298,1788461035.299,35.1829930,-97.4371574,319.53,8.6760,84.768,0.95,1.71,15,1
5,1856025108821,1788461035.497,1788461035.499,35.1829946,-97.4371381,319.55,8.8200,83.759,0.95,1.71,15,1
5,1856196106477,1788461035.668,1788461035.699,35.1829965,-97.4371188,319.60,8.8420,82.983,0.95,1.71,15,1
5,1856291994394,1788461035.763,1788461035.799,35.1829974,-97.4371091,319.67,8.8520,83.067,0.95,1.70,15,1
5,1856422343561,1788461035.894,1788461035.899,35.1829985,-97.4370995,319.75,8.7830,82.337,0.95,1.69,15,1
5,1856624767571,1788461036.096,1788461036.099,35.1830009,-97.4370801,319.80,8.9290,81.383,0.95,1.69,15,1
5,1856825767154,1788461036.297,1788461036.299,35.1830036,-97.4370607,319.85,8.9560,80.135,0.95,1.69,15,1
5,1857023527519,1788461036.495,1788461036.499,35.1830066,-97.4370412,319.86,9.0500,79.026,0.95,1.69,15,1
5,1857222965123,1788461036.694,1788461036.699,35.1830099,-97.4370218,319.90,9.0080,78.092,0.95,1.68,15,1
5,1857422308039,1788461036.894,1788461036.899,35.1830132,-97.4370023,319.95,9.0380,78.228,0.95,1.68,15,1
5,1857590490539,1788461037.062,1788461037.099,35.1830169,-97.4369830,319.95,9.0570,76.462,0.95,1.68,15,1
5,1857692173769,1788461037.164,1788461037.199,35.1830188,-97.4369732,319.96,9.0820,76.311,0.95,1.68,15,1
5,1857821365591,1788461037.293,1788461037.299,35.1830208,-97.4369635,319.95,9.0590,75.721,0.94,1.67,15,1
5,1858022594289,1788461037.494,1788461037.499,35.1830249,-97.4369441,319.97,9.1510,75.065,0.94,1.67,15,1
5,1858210600956,1788461037.682,1788461037.699,35.1830293,-97.4369248,320.00,9.1220,74.220,0.94,1.67,15,1
5,1858292425695,1788461037.764,1788461037.799,35.1830316,-97.4369151,320.01,9.1660,74.076,0.94,1.66,15,1
5,1858525592570,1788461037.997,1788461037.999,35.1830363,-97.4368957,320.07,9.2050,73.300,0.94,1.66,15,1
5,1858723408143,1788461038.195,1788461038.199,35.1830412,-97.4368766,320.07,9.1290,72.317,0.94,1.66,15,1
5,1858894188351,1788461038.366,1788461038.399,35.1830464,-97.4368576,320.09,9.1250,71.377,0.94,1.66,15,1
5,1858988654028,1788461038.460,1788461038.499,35.1830491,-97.4368480,320.11,9.2000,71.143,0.94,1.65,15,1
5,1859123109185,1788461038.595,1788461038.599,35.1830518,-97.4368384,320.11,9.1980,70.691,0.94,1.65,15,1
5,1859323010903,1788461038.794,1788461038.799,35.1830576,-97.4368194,320.12,9.2880,69.488,0.94,1.65,15,1
5,1859534410591,1788461039.006,1788461038.999,35.1830636,-97.4368006,320.16,9.1590,68.457,0.94,1.64,15,1
5,1859721241424,1788461039.193,1788461039.199,35.1830697,-97.4367819,320.15,9.2000,68.336,0.94,1.64,15,1
5,1859891502726,1788461039.363,1788461039.399,35.1830760,-97.4367631,320.19,9.1870,67.337,0.94,1.64,15,1
5,1860123765695,1788461039.595,1788461039.599,35.1830824,-97.4367442,320.22,9.3350,67.426,0.94,1.63,15,1
5,1860290841893,1788461039.762,1788461039.799,35.1830890,-97.4367256,320.23,9.2660,66.503,0.94,1.63,15,1
5,1860390511111,1788461039.862,1788461039.899,35.1830926,-97.4367163,320.22,9.2640,65.634,0.94,1.63,15,1
5,1860523917570,1788461039.995,1788461039.999,35.1830961,-97.4367069,320.16,9.3600,65.443,0.94,1.62,15,1
5,1860723751997,1788461040.195,1788461040.199,35.1831034,-97.4366883,320.18,9.4310,63.988,0.94,1.62,15,1
5,1860923565330,1788461040.395,1788461040.399,35.1831108,-97.4366699,320.22,9.3360,63.655,0.94,1.62,15,1
5,1861124101892,1788461040.596,1788461040.599,35.1831185,-97.4366518,320.22,9.3180,62.334,0.94,1.62,15,1
5,1861294529965,1788461040.766,1788461040.799,35.1831264,-97.4366336,320.24,9.3690,62.098,0.94,1.62,15,1
5,1861514570798,1788461040.986,1788461040.999,35.1831342,-97.4366154,320.25,9.3480,62.234,0.94,1.61,15,1
5,1861689836944,1788461041.161,1788461041.199,35.1831420,-97.4365974,320.26,9.2930,61.930,0.94,1.61,15,1
5,1861797863611,1788461041.269,1788461041.299,35.1831463,-97.4365883,320.25,9.4030,60.900,0.94,1.61,15,1
5,1861923688454,1788461041.395,1788461041.399,35.1831504,-97.4365793,320.24,9.4250,60.457,0.94,1.60,15,1
5,1862123452934,1788461041.595,1788461041.599,35.1831589,-97.4365613,320.26,9.4790,59.887,0.94,1.60,15,1
5,1862326948819,1788461041.798,1788461041.799,35.1831676,-97.4365433,320.28,9.4770,59.492,0.94,1.60,15,1
5,1862524124808,1788461041.996,1788461041.999,35.1831765,-97.4365253,320.31,9.5620,58.745,0.94,1.60,15,1
5,1862720326423,1788461042.192,1788461042.199,35.1831856,-97.4365075,320.36,9.5300,57.997,0.94,1.60,15,1
5,1862923080642,1788461042.395,1788461042.399,35.1831947,-97.4364897,320.40,9.5310,58.283,0.94,1.60,15,1
5,1863093368662,1788461042.565,1788461042.599,35.1832039,-97.4364721,320.41,9.5280,57.340,0.94,1.60,15,1
5,1863222797933,1788461042.694,1788461042.699,35.1832086,-97.4364632,320.43,9.5970,57.387,0.94,1.59,15,1
5,1863423465173,1788461042.895,1788461042.899,35.1832181,-97.4364455,320.43,9.6880,56.882,0.94,1.59,15,1
5,1863634184391,1788461043.106,1788461043.099,35.1832277,-97.4364278,320.46,9.6090,56.683,0.94,1.59,15,1
5,1863823997152,1788461043.295,1788461043.299,35.1832374,-97.4364102,320.46,9.7080,55.892,0.94,1.59,15,1
5,1864025082464,1788461043.497,1788461043.499,35.1832474,-97.4363927,320.47,9.7100,55.195,0.94,1.59,15,1
5,1864223768714,1788461043.695,1788461043.699,35.1832575,-97.4363752,320.47,9.7300,54.946,0.94,1.59,15,1
5,1864388437256,1788461043.860,1788461043.899,35.1832676,-97.4363580,320.48,9.6070,54.267,0.94,1.59,15,1
5,1864523027203,1788461043.995,1788461043.999,35.1832727,-97.4363495,320.48,9.6310,53.873,0.94,1.58,15,1
5,1864724587151,1788461044.196,1788461044.199,35.1832830,-97.4363325,320.53,9.6090,53.417,0.94,1.58,15,1
5,1864923324287,1788461044.395,1788461044.399,35.1832931,-97.4363154,320.54,9.6050,54.196,0.94,1.58,15,1
5,1865123237568,1788461044.595,1788461044.599,35.1833035,-97.4362986,320.54,9.5390,52.970,0.94,1.58,15,1
5,1865329260068,1788461044.801,1788461044.799,35.1833140,-97.4362824,320.53,9.3980,51.731,0.94,1.58,15,1
5,1865523579755,1788461044.995,1788461044.999,35.1833245,-97.4362663,320.47,9.3950,51.421,0.95,1.58,15,1
5,1865719139495,1788461045.191,1788461045.199,35.1833354,-97.4362502,320.46,9.4880,50.951,0.95,1.58,15,1
5,1865892031474,1788461045.364,1788461045.399,35.1833458,-97.4362347,320.48,9.1660,49.826,0.95,1.58,15,1
5,1866123876838,1788461045.595,1788461045.599,35.1833563,-97.4362194,320.50,9.0890,50.255,0.95,1.58,15,1
5,1866310575484,1788461045.782,1788461045.799,35.1833670,-97.4362045,320.49,9.0340,48.584,0.95,1.58,15,1
5,1866408791474,1788461045.880,1788461045.899,35.1833721,-97.4361970,320.55,8.8880,49.865,0.95,1.58,15,1
5,1866520207203,1788461045.992,1788461045.999,35.1833773,-97.4361898,320.59,8.7320,49.495,0.95,1.57,15,1
5,1866723799859,1788461046.195,1788461046.199,35.1833874,-97.4361753,320.64,8.6590,49.600,0.95,1.57,15,1
5,1866913462775,1788461046.385,1788461046.399,35.1833974,-97.4361612,320.69,8.4810,49.037,0.95,1.57,15,1
5,1867088019859,1788461046.560,1788461046.599,35.1834072,-97.4361475,320.74,8.2640,49.089,0.96,1.57,15,1
5,1867209482723,1788461046.681,1788461046.699,35.1834118,-97.4361409,320.72,8.0660,49.166,0.95,1.57,15,1
5,1867311402150,1788461046.783,1788461046.799,35.1834166,-97.4361344,320.74,7.9940,48.658,0.95,1.56,15,1
5,1867409645223,1788461046.881,1788461046.899,35.1834212,-97.4361279,320.71,7.9320,48.717,0.95,1.56,15,1
5,1867526725484,1788461046.998,1788461046.999,35.1834257,-97.4361214,320.69,7.8870,48.863,0.95,1.55,15,1
5,1867733715692,1788461047.205,1788461047.199,35.1834348,-97.4361088,320.69,7.6640,48.162,0.95,1.55,15,1
5,1867891424494,1788461047.363,1788461047.399,35.1834436,-97.4360965,320.75,7.3900,48.811,0.95,1.55,15,1
5,1868124452306,1788461047.596,1788461047.599,35.1834526,-97.4360848,320.80,7.2600,47.256,0.95,1.55,15,1
5,1868312397723,1788461047.784,1788461047.799,35.1834611,-97.4360734,320.81,7.0390,47.421,0.96,1.55,15,1
5,1868511131160,1788461047.983,1788461047.999,35.1834692,-97.4360622,320.81,6.8100,48.157,0.96,1.55,15,1
5,1868625341785,1788461048.097,1788461048.099,35.1834730,-97.4360568,320.83,6.6930,48.347,0.96,1.55,15,1
5,1868822502983,1788461048.294,1788461048.299,35.1834806,-97.4360462,320.82,6.4170,48.547,0.96,1.55,15,1
5,1869037071941,1788461048.509,1788461048.499,35.1834881,-97.4360362,320.78,6.1920,47.498,0.96,1.55,15,1
5,1869225745431,1788461048.697,1788461048.699,35.1834949,-97.4360271,320.80,5.6360,46.848,0.96,1.55,15,1
5,1869426661577,1788461048.898,1788461048.899,35.1835014,-97.4360184,320.77,5.3980,47.340,0.96,1.55,15,1
5,1869623891524,1788461049.095,1788461049.099,35.1835074,-97.4360104,320.78,4.9180,47.217,0.96,1.55,15,1
5,1869810730483,1788461049.282,1788461049.299,35.1835127,-97.4360029,320.81,4.5340,48.448,0.96,1.55,15,1
5,1870025964545,1788461049.497,1788461049.499,35.1835176,-97.4359961,320.77,4.1350,48.210,0.97,1.55,15,1
5,1870193861628,1788461049.665,1788461049.699,35.1835218,-97.4359902,320.71,3.6320,48.380,0.97,1.55,15,1
5,1870333201524,1788461049.805,1788461049.799,35.1835239,-97.4359874,320.71,3.5160,48.149,0.97,1.54,15,1
5,1870524127670,1788461049.996,1788461049.999,35.1835277,-97.4359822,320.69,3.1990,47.719,0.97,1.54,15,1
5,1870722812045,1788461050.194,1788461050.199,35.1835312,-97.4359780,320.69,2.7350,45.873,0.97,1.54,15,1
5,1870924602514,1788461050.396,1788461050.399,35.1835339,-97.4359742,320.69,2.3210,46.902,0.97,1.54,15,1
5,1871125998034,1788461050.597,1788461050.599,35.1835363,-97.4359712,320.68,1.9340,45.965,0.97,1.54,15,1
5,1871292298347,1788461050.764,1788461050.799,35.1835383,-97.4359687,320.69,1.5560,46.075,0.97,1.54,15,1
5,1871524892253,1788461050.996,1788461050.999,35.1835397,-97.4359665,320.73,1.2530,48.329,0.97,1.54,15,1
5,1871727850794,1788461051.199,1788461051.199,35.1835410,-97.4359653,320.70,0.9490,44.645,0.97,1.54,15,1
5,1871923500117,1788461051.395,1788461051.399,35.1835418,-97.4359641,320.69,0.7540,46.343,0.98,1.54,15,1
5,1872110375378,1788461051.582,1788461051.599,35.1835424,-97.4359635,320.70,0.3990,44.252,0.98,1.54,15,1
5,1872196649388,1788461051.668,1788461051.699,35.1835425,-97.4359635,320.68,0.2620,40.718,0.98,1.54,15,1
5,1872323008138,1788461051.794,1788461051.799,35.1835425,-97.4359633,320.69,0.1900,40.718,0.97,1.54,15,1
5,1872524060221,1788461051.996,1788461051.999,35.1835427,-97.4359634,320.70,0.0960,40.718,0.98,1.54,15,1
5,1872720575950,1788461052.192,1788461052.199,35.1835428,-97.4359635,320.71,0.0450,40.718,0.98,1.54,15,1
5,1872923725950,1788461052.395,1788461052.399,35.1835431,-97.4359633,320.73,0.2020,40.718,0.98,1.54,15,1
5,1873124109596,1788461052.596,1788461052.599,35.1835435,-97.4359627,320.74,0.4040,52.069,0.98,1.54,15,1
5,1873332864908,1788461052.804,1788461052.799,35.1835441,-97.4359617,320.73,0.6560,51.083,0.98,1.53,15,1
5,1873524526471,1788461052.996,1788461052.999,35.1835452,-97.4359604,320.73,0.9040,46.041,0.98,1.53,15,1
5,1873724268710,1788461053.196,1788461053.199,35.1835465,-97.4359587,320.69,1.1950,45.885,0.98,1.53,15,1
5,1873895859700,1788461053.367,1788461053.399,35.1835484,-97.4359566,320.73,1.4030,44.903,0.98,1.53,15,1
5,1874011639231,1788461053.483,1788461053.499,35.1835494,-97.4359554,320.74,1.5040,46.446,0.98,1.53,15,1
5,1874124177460,1788461053.596,1788461053.599,35.1835503,-97.4359540,320.72,1.6520,47.620,0.98,1.52,15,1
5,1874325419283,1788461053.797,1788461053.799,35.1835526,-97.4359509,320.74,1.9520,47.763,0.98,1.52,15,1
5,1874529161470,1788461054.001,1788461053.999,35.1835551,-97.4359476,320.72,2.1080,46.824,0.98,1.52,15,1
5,1874735379752,1788461054.207,1788461054.199,35.1835578,-97.4359436,320.69,2.4350,49.489,0.98,1.52,15,1
5,1874925712668,1788461054.397,1788461054.399,35.1835606,-97.4359390,320.66,2.6820,51.568,0.98,1.52,15,1
5,1875123992147,1788461054.595,1788461054.599,35.1835639,-97.4359341,320.70,2.8580,51.693,0.98,1.52,15,1
5,1875326197720,1788461054.798,1788461054.799,35.1835670,-97.4359284,320.69,3.1860,54.468,0.98,1.52,15,1
5,1875524695741,1788461054.996,1788461054.999,35.1835702,-97.4359218,320.67,3.5350,57.511,0.98,1.52,15,1
5,1875726019699,1788461055.198,1788461055.199,35.1835735,-97.4359149,320.72,3.6300,59.623,0.98,1.52,15,1
5,1875926978866,1788461055.398,1788461055.399,35.1835765,-97.4359072,320.71,3.9170,62.619,0.98,1.52,15,1
5,1876128001470,1788461055.599,1788461055.599,35.1835793,-97.4358988,320.75,4.1390,65.598,0.98,1.52,15,1
5,1876322855897,1788461055.794,1788461055.799,35.1835818,-97.4358900,320.77,4.2580,69.309,0.98,1.52,15,1
5,1876526002199,1788461055.997,1788461055.999,35.1835837,-97.4358806,320.76,4.4480,73.671,0.98,1.52,15,1
5,1876724720845,1788461056.196,1788461056.199,35.1835848,-97.4358706,320.73,4.6730,79.179,0.99,1.52,15,1
5,1876929908501,1788461056.401,1788461056.399,35.1835853,-97.4358602,320.71,4.7170,83.370,0.99,1.52,15,1
5,1877124251261,1788461056.596,1788461056.599,35.1835850,-97.4358494,320.71,4.8970,89.343,0.99,1.52,15,1
5,1877326965011,1788461056.798,1788461056.799,35.1835835,-97.4358385,320.74,4.9810,96.728,0.99,1.52,15,1
5,1877523824646,1788461056.995,1788461056.999,35.1835811,-97.4358276,320.77,5.1010,102.945,0.99,1.51,15,1
5,1877724456573,1788461057.196,1788461057.199,35.1835781,-97.4358169,320.73,5.1540,106.534,0.99,1.51,15,1
5,1877925457875,1788461057.397,1788461057.399,35.1835740,-97.4358063,320.76,5.3320,113.520,0.99,1.51,15,1
5,1878124414282,1788461057.596,1788461057.599,35.1835690,-97.4357961,320.79,5.3810,119.890,0.99,1.50,15,1
5,1878325429594,1788461057.797,1788461057.799,35.1835632,-97.4357864,320.75,5.3900,124.463,0.98,1.50,15,1
5,1878531350219,1788461058.003,1788461057.999,35.1835567,-97.4357773,320.78,5.4950,129.822,0.98,1.50,15,1
5,1878724404073,1788461058.196,1788461058.199,35.1835497,-97.4357686,320.79,5.5770,132.979,0.98,1.50,15,1
5,1878928617198,1788461058.400,1788461058.399,35.1835421,-97.4357600,320.76,5.7450,135.583,0.98,1.50,15,1
5,1879124198135,1788461058.596,1788461058.599,35.1835343,-97.4357509,320.73,5.9960,135.854,0.99,1.50,15,1
5,1879324228031,1788461058.796,1788461058.799,35.1835262,-97.4357418,320.68,6.1720,136.754,0.99,1.50,15,1
5,1879523544646,1788461058.995,1788461058.999,35.1835179,-97.4357324,320.59,6.2990,136.675,0.99,1.50,15,1
5,1879723669489,1788461059.195,1788461059.199,35.1835090,-97.4357228,320.50,6.5410,137.989,0.98,1.50,15,1
5,1879924806000,1788461059.396,1788461059.399,35.1834999,-97.4357128,320.43,6.7950,138.257,0.98,1.50,15,1
5,1880124443447,1788461059.596,1788461059.599,35.1834904,-97.4357024,320.38,7.0330,137.842,0.98,1.50,15,1
5,1880323110791,1788461059.795,1788461059.799,35.1834806,-97.4356919,320.29,7.1940,138.451,0.98,1.50,15,1
5,1880524767562,1788461059.996,1788461059.999,35.1834705,-97.4356814,320.23,7.3330,139.441,0.98,1.51,15,1
5,1880724541781,1788461060.196,1788461060.199,35.1834602,-97.4356706,320.19,7.4720,139.449,0.98,1.51,15,1
5,1880926309541,1788461060.398,1788461060.399,35.1834495,-97.4356597,320.16,7.6480,140.196,0.98,1.51,15,1
5,1881123092249,1788461060.595,1788461060.599,35.1834387,-97.4356486,320.14,7.7860,140.410,0.98,1.51,15,1
5,1881326236416,1788461060.798,1788461060.799,35.1834278,-97.4356377,320.11,7.7420,140.581,0.98,1.51,15,1
5,1881523913812,1788461060.995,1788461060.999,35.1834167,-97.4356272,320.06,7.7490,141.696,0.98,1.50,15,1
5,1881723737666,1788461061.195,1788461061.199,35.1834057,-97.4356168,320.05,7.6670,142.003,0.98,1.50,15,1
5,1881928252093,1788461061.400,1788461061.399,35.1833948,-97.4356067,320.00,7.6220,142.855,0.98,1.50,15,1
5,1882092196520,1788461061.564,1788461061.599,35.1833837,-97.4355970,319.95,7.5760,144.351,0.98,1.50,15,1
5,1882339621780,1788461061.811,1788461061.799,35.1833727,-97.4355877,319.89,7.4380,145.209,0.98,1.50,15,1
5,1882521355322,1788461061.993,1788461061.999,35.1833614,-97.4355787,319.88,7.4370,146.884,0.98,1.50,15,1
5,1882731497769,1788461062.203,1788461062.199,35.1833499,-97.4355703,319.85,7.4370,148.581,0.98,1.50,15,1
5,1882922706467,1788461062.394,1788461062.399,35.1833382,-97.4355622,319.85,7.4530,150.286,0.98,1.51,15,1
5,1883120449176,1788461062.592,1788461062.599,35.1833264,-97.4355546,319.84,7.3460,152.195,0.98,1.51,15,1
5,1883327429540,1788461062.799,1788461062.799,35.1833142,-97.4355476,319.78,7.4200,154.531,0.99,1.51,15,1
5,1883494070582,1788461062.966,1788461062.999,35.1833021,-97.4355413,319.74,7.2760,156.773,0.99,1.51,15,1
5,1883621105061,1788461063.093,1788461063.099,35.1832958,-97.4355384,319.75,7.3170,157.930,0.98,1.50,14,1
5,1883825399071,1788461063.297,1788461063.299,35.1832829,-97.4355330,319.74,7.5360,161.050,0.98,1.50,14,1
5,1884021919748,1788461063.493,1788461063.499,35.1832696,-97.4355282,319.74,7.6250,163.420,0.98,1.50,14,1
5,1884226578342,1788461063.698,1788461063.699,35.1832561,-97.4355243,319.71,7.7020,166.525,0.98,1.50,14,1
5,1884424107613,1788461063.896,1788461063.899,35.1832422,-97.4355209,319.69,7.8510,168.737,0.98,1.50,14,1
5,1884624165477,1788461064.096,1788461064.099,35.1832282,-97.4355185,319.68,7.7850,171.961,0.99,1.51,14,1
5,1884791076935,1788461064.263,1788461064.299,35.1832141,-97.4355168,319.60,7.9180,173.787,0.98,1.51,14,1
5,1884924590425,1788461064.396,1788461064.399,35.1832070,-97.4355161,319.62,7.8840,175.017,0.98,1.50,14,1
5,1885124695946,1788461064.596,1788461064.599,35.1831928,-97.4355149,319.58,7.9400,176.208,0.98,1.51,14,1
5,1885320322612,1788461064.792,1788461064.799,35.1831779,-97.4355143,319.47,8.2390,177.683,0.98,1.51,14,1
5,1885523727664,1788461064.995,1788461064.999,35.1831638,-97.4355133,319.27,7.8930,176.512,0.99,1.51,14,1
5,1885726600893,1788461065.198,1788461065.199,35.1831498,-97.4355133,319.02,7.7580,178.256,0.99,1.51,14,1
5,1885923809695,1788461065.395,1788461065.399,35.1831355,-97.4355130,318.80,7.9370,178.204,0.99,1.52,14,1
5,1886126717820,1788461065.598,1788461065.599,35.1831206,-97.4355126,318.79,8.2220,178.870,0.99,1.52,13,1
5,1886323659851,1788461065.795,1788461065.799,35.1831055,-97.4355122,318.77,8.3340,179.077,0.99,1.52,13,1
5,1886520369174,1788461065.992,1788461065.999,35.1830900,-97.4355119,318.73,8.5330,179.142,0.99,1.53,13,1
5,1886721478601,1788461066.193,1788461066.199,35.1830746,-97.4355117,318.69,8.4730,179.315,0.99,1.53,13,1
5,1886925246987,1788461066.397,1788461066.399,35.1830591,-97.4355116,318.67,8.5530,179.816,1.00,1.54,13,1
5,1887124567716,1788461066.596,1788461066.599,35.1830431,-97.4355110,318.73,8.7260,178.597,1.00,1.54,14,1
5,1887323797924,1788461066.795,1788461066.799,35.1830273,-97.4355111,318.67,8.7850,179.771,1.00,1.55,15,1
5,1887524865841,1788461066.996,1788461066.999,35.1830114,-97.4355110,318.63,8.7610,179.484,1.00,1.55,15,1
5,1887720585632,1788461067.192,1788461067.199,35.1829956,-97.4355111,318.55,8.7630,179.991,1.00,1.56,15,1
5,1887919832038,1788461067.391,1788461067.399,35.1829795,-97.4355110,318.52,8.8390,179.614,1.00,1.56,14,1
5,1888123613340,1788461067.595,1788461067.599,35.1829632,-97.4355106,318.53,8.8970,179.007,1.00,1.57,15,1
5,1888323850840,1788461067.795,1788461067.799,35.1829471,-97.4355109,318.47,8.9190,180.441,1.00,1.57,15,1
5,1888524258028,1788461067.996,1788461067.999,35.1829310,-97.4355111,318.45,8.9070,180.508,1.01,1.58,15,1
5,1888724278600,1788461068.196,1788461068.199,35.1829149,-97.4355119,318.29,8.9340,181.181,1.01,1.58,15,1
5,1888923964538,1788461068.395,1788461068.399,35.1828988,-97.4355122,318.29,8.8870,181.335,1.01,1.59,15,1
5,1889120358392,1788461068.592,1788461068.599,35.1828827,-97.4355125,318.24,8.8620,180.822,1.01,1.59,15,1
5,1889319545736,1788461068.791,1788461068.799,35.1828666,-97.4355127,318.19,8.8990,180.397,1.01,1.59,15,1
5,1889519161777,1788461068.991,1788461068.999,35.1828501,-97.4355130,318.24,9.0140,180.993,1.02,1.60,15,1
5,1889720441048,1788461069.192,1788461069.199,35.1828337,-97.4355134,318.26,8.9970,181.106,1.02,1.60,14,1
5,1889922697506,1788461069.394,1788461069.399,35.1828176,-97.4355134,318.22,8.8990,179.763,1.02,1.61,15,1
5,1890120762194,1788461069.592,1788461069.599,35.1828011,-97.4355136,318.23,9.0780,180.817,1.02,1.61,15,1
5,1890318947194,1788461069.790,1788461069.799,35.1827848,-97.4355137,318.19,9.0180,180.349,1.02,1.61,15,1
5,1890532451048,1788461070.004,1788461069.999,35.1827685,-97.4355142,318.13,9.0550,181.262,1.02,1.61,15,1
5,1890720655527,1788461070.192,1788461070.199,35.1827522,-97.4355143,318.09,9.0950,179.770,1.02,1.61,15,1
5,1890924323183,1788461070.396,1788461070.399,35.1827358,-97.4355143,318.04,9.0880,179.894,1.02,1.61,15,1
5,1891124874693,1788461070.596,1788461070.599,35.1827193,-97.4355148,317.97,9.1320,181.135,1.02,1.61,15,1
5,1891330147089,1788461070.802,1788461070.799,35.1827030,-97.4355156,317.82,9.1420,181.562,1.02,1.61,15,1
5,1891525943131,1788461070.997,1788461070.999,35.1826864,-97.4355159,317.75,9.2100,181.073,1.02,1.62,15,1
5,1891723366360,1788461071.195,1788461071.199,35.1826697,-97.4355161,317.75,9.1860,180.881,1.02,1.62,15,1
5,1891919974849,1788461071.391,1788461071.399,35.1826530,-97.4355165,317.76,9.2230,181.182,1.02,1.62,15,1
5,1892123286516,1788461071.595,1788461071.599,35.1826363,-97.4355166,317.71,9.2080,180.173,1.02,1.62,15,1
5,1892323387245,1788461071.795,1788461071.799,35.1826194,-97.4355168,317.69,9.3760,180.600,1.02,1.63,14,1
5,1892521791412,1788461071.993,1788461071.999,35.1826026,-97.4355171,317.64,9.3060,180.604,1.02,1.63,15,1
5,1892725519276,1788461072.197,1788461072.199,35.1825857,-97.4355173,317.60,9.3260,180.468,1.02,1.63,15,1
5,1892923972505,1788461072.395,1788461072.399,35.1825691,-97.4355173,317.50,9.2040,179.816,1.02,1.64,15,1
5,1893120158859,1788461072.592,1788461072.599,35.1825525,-97.4355172,317.42,9.2110,179.234,1.03,1.64,15,1
5,1893324680422,1788461072.796,1788461072.799,35.1825358,-97.4355171,317.38,9.2340,179.646,1.03,1.64,15,1
5,1893522520786,1788461072.994,1788461072.999,35.1825190,-97.4355165,317.39,9.2330,178.604,1.03,1.64,15,1
5,1893720341932,1788461073.192,1788461073.199,35.1825023,-97.4355165,317.37,9.2370,179.978,1.03,1.65,15,1
5,1893923127973,1788461073.395,1788461073.399,35.1824857,-97.4355166,317.28,9.2120,179.901,1.03,1.65,15,1
5,1894125856567,1788461073.597,1788461073.599,35.1824690,-97.4355163,317.24,9.2180,179.377,1.03,1.66,15,1
5,1894296616359,1788461073.768,1788461073.799,35.1824524,-97.4355162,317.21,9.1720,179.616,1.03,1.66,15,1
5,1894423434432,1788461073.895,1788461073.899,35.1824441,-97.4355161,317.19,9.1310,179.460,1.03,1.66,15,1
5,1894636885369,1788461074.108,1788461074.099,35.1824276,-97.4355164,317.09,9.1790,180.009,1.03,1.66,14,1
5,1894819360421,1788461074.291,1788461074.299,35.1824111,-97.4355163,317.03,9.1460,179.669,1.03,1.66,15,1
5,1895019198494,1788461074.491,1788461074.499,35.1823948,-97.4355165,316.94,9.0650,180.165,1.03,1.67,15,1
5,1895220157713,1788461074.692,1788461074.699,35.1823783,-97.4355166,316.88,9.1170,180.177,1.03,1.67,15,1
5,1895424353390,1788461074.896,1788461074.899,35.1823618,-97.4355165,316.83,9.0920,179.689,1.03,1.67,15,1
5,1895624642400,1788461075.096,1788461075.099,35.1823453,-97.4355165,316.82,9.1210,180.134,1.03,1.67,14,1
5,1895826111671,1788461075.298,1788461075.299,35.1823286,-97.4355165,316.82,9.1520,180.115,1.03,1.68,14,1
5,1896019428910,1788461075.491,1788461075.499,35.1823120,-97.4355164,316.81,9.1500,179.640,1.03,1.68,14,1
5,1896220178025,1788461075.692,1788461075.699,35.1822955,-97.4355164,316.74,9.1430,179.909,1.03,1.68,14,1
5,1896423743702,1788461075.895,1788461075.899,35.1822791,-97.4355164,316.69,9.0920,179.533,1.03,1.68,14,1
5,1896624158858,1788461076.096,1788461076.099,35.1822624,-97.4355163,316.65,9.1710,179.894,1.03,1.69,14,1
5,1896824030212,1788461076.296,1788461076.299,35.1822459,-97.4355161,316.60,9.1080,179.562,1.03,1.69,14,1
5,1897009742920,1788461076.481,1788461076.499,35.1822296,-97.4355161,316.53,9.0020,179.724,1.03,1.69,14,1
5,1897095376618,1788461076.567,1788461076.599,35.1822211,-97.4355159,316.56,9.1310,179.219,1.03,1.69,14,1
5,1897223707608,1788461076.695,1788461076.699,35.1822129,-97.4355159,316.49,9.1340,179.583,1.03,1.69,14,1
5,1897424930628,1788461076.896,1788461076.899,35.1821964,-97.4355156,316.51,9.0640,178.989,1.03,1.69,14,1
5,1897620915680,1788461077.092,1788461077.099,35.1821799,-97.4355153,316.50,9.0810,179.329,1.03,1.69,14,1
5,1897825831774,1788461077.297,1788461077.299,35.1821634,-97.4355148,316.54,9.0330,178.743,1.03,1.70,14,1
5,1898018383701,1788461077.490,1788461077.499,35.1821470,-97.4355148,316.53,9.0430,179.885,1.03,1.70,14,1
5,1898219706878,1788461077.691,1788461077.699,35.1821308,-97.4355149,316.48,8.9820,180.121,1.03,1.70,14,1
5,1898392838336,1788461077.864,1788461077.899,35.1821151,-97.4355155,316.38,8.6930,181.134,1.03,1.70,14,1
5,1898621089795,1788461078.093,1788461078.099,35.1820995,-97.4355154,316.28,8.6430,179.753,1.03,1.71,14,1
5,1898822389430,1788461078.294,1788461078.299,35.1820839,-97.4355151,316.30,8.5980,179.381,1.04,1.71,14,1
5,1899019119690,1788461078.491,1788461078.499,35.1820683,-97.4355156,316.23,8.6440,180.802,1.04,1.72,14,1
5,1899224934326,1788461078.696,1788461078.699,35.1820525,-97.4355150,316.27,8.6410,179.097,1.04,1.72,14,1
5,1899417658544,1788461078.889,1788461078.899,35.1820372,-97.4355149,316.21,8.4510,179.393,1.04,1.72,14,1
5,1899621820628,1788461079.093,1788461079.099,35.1820219,-97.4355149,316.20,8.4530,179.813,1.05,1.72,14,1
5,1899809138648,1788461079.281,1788461079.299,35.1820068,-97.4355145,316.23,8.2870,179.288,1.05,1.73,14,1
5,1899919264117,1788461079.391,1788461079.399,35.1819995,-97.4355148,316.15,8.1770,180.036,1.04,1.72,14,1
5,1900116678909,1788461079.588,1788461079.599,35.1819850,-97.4355148,316.10,7.9800,179.755,1.05,1.73,14,1
5,1900319009898,1788461079.790,1788461079.799,35.1819711,-97.4355147,316.07,7.6510,179.601,1.05,1.73,14,1
5,1900522159429,1788461079.994,1788461079.999,35.1819574,-97.4355143,316.07,7.4760,179.351,1.05,1.73,14,1
5,1900723294117,1788461080.195,1788461080.199,35.1819439,-97.4355143,316.11,7.3960,179.922,1.05,1.74,14,1
5,1900926484429,1788461080.398,1788461080.399,35.1819307,-97.4355143,316.11,7.2680,180.123,1.05,1.74,14,1
5,1901124874064,1788461080.596,1788461080.599,35.1819180,-97.4355143,316.10,6.9860,180.436,1.05,1.74,14,1
5,1901325439637,1788461080.797,1788461080.799,35.1819059,-97.4355157,315.95,6.7290,183.582,1.05,1.74,14,1
5,1901524933439,1788461080.996,1788461080.999,35.1818942,-97.4355160,315.90,6.5060,181.704,1.05,1.75,14,1
5,1901718984533,1788461081.190,1788461081.199,35.1818827,-97.4355160,315.84,6.3500,180.518,1.06,1.75,14,1
5,1901924132189,1788461081.396,1788461081.399,35.1818716,-97.4355160,315.82,6.0940,179.971,1.06,1.75,14,1
5,1902125616825,1788461081.597,1788461081.599,35.1818607,-97.4355157,315.82,5.9600,179.619,1.06,1.76,14,1
5,1902320582918,1788461081.792,1788461081.799,35.1818504,-97.4355162,315.75,5.7180,180.908,1.06,1.76,14,1
6,1902526885418,1788461081.998,1788461081.999,35.1818407,-97.4355162,315.70,5.4240,180.242,1.06,1.76,14,1
6,1902733369533,1788461082.205,1788461082.199,35.1818315,-97.4355164,315.58,5.1060,180.575,1.06,1.77,14,1
6,1902927526251,1788461082.399,1788461082.399,35.1818225,-97.4355162,315.64,4.8850,180.321,1.06,1.77,14,1
6,1903120699324,1788461082.592,1788461082.599,35.1818139,-97.4355167,315.56,4.7440,181.643,1.07,1.77,14,1
6,1903323128751,1788461082.795,1788461082.799,35.1818057,-97.4355173,315.59,4.4890,183.464,1.07,1.77,14,1
6,1903522679636,1788461082.994,1788461082.999,35.1817983,-97.4355186,315.53,4.0640,186.589,1.07,1.78,14,1
6,1903724274949,1788461083.196,1788461083.199,35.1817913,-97.4355203,315.45,3.9590,188.572,1.07,1.78,14,1
6,1903924576303,1788461083.396,1788461083.399,35.1817846,-97.4355226,315.39,3.7470,191.923,1.07,1.79,14,1
6,1904127968490,1788461083.599,1788461083.599,35.1817787,-97.4355250,315.27,3.5010,195.593,1.08,1.79,14,1
6,1904324294949,1788461083.796,1788461083.799,35.1817734,-97.4355286,315.19,3.3100,203.386,1.08,1.80,14,1
6,1904525652292,1788461083.997,1788461083.999,35.1817677,-97.4355314,315.20,3.3790,203.533,1.08,1.81,14,1
6,1904719737761,1788461084.191,1788461084.199,35.1817621,-97.4355350,315.17,3.4730,206.271,1.08,1.82,15,1
6,1904923909167,1788461084.395,1788461084.399,35.1817574,-97.4355387,315.11,3.1330,210.191,1.09,1.82,14,1
6,1905125925417,1788461084.597,1788461084.599,35.1817531,-97.4355434,315.13,3.2200,217.174,1.09,1.83,15,1
6,1905328668959,1788461084.800,1788461084.799,35.1817487,-97.4355485,315.15,3.2960,220.903,1.09,1.84,15,1
6,1905525391146,1788461084.997,1788461084.999,35.1817447,-97.4355536,315.06,3.2150,222.930,1.09,1.85,15,1
6,1905720788021,1788461085.192,1788461085.199,35.1817413,-97.4355594,315.03,3.2480,228.736,1.09,1.85,15,1
6,1905923825104,1788461085.395,1788461085.399,35.1817384,-97.4355661,314.95,3.4310,237.459,1.10,1.86,15,1
6,1906128156302,1788461085.600,1788461085.599,35.1817360,-97.4355734,314.85,3.6450,243.495,1.09,1.86,15,1
6,1906326598906,1788461085.798,1788461085.799,35.1817337,-97.4355808,314.86,3.6690,247.532,1.09,1.87,15,1
6,1906525610990,1788461085.997,1788461085.999,35.1817320,-97.4355886,314.91,3.7270,251.936,1.09,1.87,15,1
6,1906724047812,1788461086.196,1788461086.199,35.1817307,-97.4355971,314.83,3.8750,256.888,1.09,1.88,15,1
6,1906924719375,1788461086.396,1788461086.399,35.1817292,-97.4356055,314.78,3.8730,258.055,1.09,1.88,15,1
6,1907120838854,1788461086.592,1788461086.599,35.1817281,-97.4356143,314.75,4.0590,259.969,1.09,1.89,15,1
6,1907320251406,1788461086.792,1788461086.799,35.1817273,-97.4356234,314.75,4.1800,262.567,1.10,1.89,15,1
6,1907524154895,1788461086.996,1788461086.999,35.1817271,-97.4356324,314.93,4.1780,265.795,1.10,1.89,15,1
6,1907720338489,1788461087.192,1788461087.199,35.1817274,-97.4356419,314.91,4.3900,269.337,1.10,1.90,15,1
6,1907920702968,1788461087.392,1788461087.399,35.1817277,-97.4356519,314.88,4.5650,270.971,1.11,1.90,15,1
6,1908120883385,1788461087.592,1788461087.599,35.1817276,-97.4356622,314.84,4.6880,270.554,1.11,1.91,15,1
6,1908325940624,1788461087.797,1788461087.799,35.1817277,-97.4356730,314.81,5.0030,270.807,1.11,1.91,15,1
6,1908528579791,1788461088.000,1788461087.999,35.1817281,-97.4356844,314.82,5.2630,271.958,1.11,1.91,15,1
6,1908727371874,1788461088.199,1788461088.199,35.1817283,-97.4356964,314.79,5.5270,271.432,1.11,1.92,15,1
6,1908924644009,1788461088.396,1788461088.399,35.1817284,-97.4357088,314.67,5.6800,271.293,1.11,1.92,15,1
6,1909125545624,1788461088.597,1788461088.599,35.1817283,-97.4357216,314.53,5.8260,270.418,1.11,1.92,15,1
6,1909312149582,1788461088.784,1788461088.799,35.1817286,-97.4357347,314.46,5.9800,271.186,1.11,1.93,15,1
6,1909425919947,1788461088.897,1788461088.899,35.1817282,-97.4357418,314.30,6.0880,270.181,1.11,1.92,15,1
6,1909631907238,1788461089.103,1788461089.099,35.1817283,-97.4357558,314.20,6.3550,270.751,1.11,1.93,15,1
6,1909826555519,1788461089.298,1788461089.299,35.1817286,-97.4357702,314.18,6.5190,271.189,1.11,1.94,15,1
6,1910025125259,1788461089.497,1788461089.499,35.1817289,-97.4357856,314.13,6.9550,271.548,1.11,1.94,15,1
6,1910226027551,1788461089.698,1788461089.699,35.1817290,-97.4358011,314.09,7.0600,270.762,1.11,1.95,15,1
6,1910421386665,1788461089.893,1788461089.899,35.1817292,-97.4358169,314.05,7.2010,270.873,1.11,1.96,15,1
6,1910627457342,1788461090.099,1788461090.099,35.1817296,-97.4358330,314.02,7.3310,271.621,1.11,1.96,15,1
6,1910827017707,1788461090.299,1788461090.299,35.1817300,-97.4358495,314.02,7.4870,271.458,1.11,1.97,15,1
6,1911027448696,1788461090.499,1788461090.499,35.1817306,-97.4358658,314.05,7.4090,272.097,1.11,1.97,15,1
6,1911224915884,1788461090.696,1788461090.699,35.1817311,-97.4358823,314.00,7.5180,272.161,1.11,1.98,15,1
6,1911427911352,1788461090.899,1788461090.899,35.1817314,-97.4358991,313.96,7.6410,271.507,1.12,1.98,15,1
6,1911624785154,1788461091.096,1788461091.099,35.1817314,-97.4359164,313.98,7.8590,270.198,1.12,1.98,15,1
6,1911831541040,1788461091.303,1788461091.299,35.1817316,-97.4359338,313.96,7.9370,270.430,1.11,1.98,15,1
6,1912011391248,1788461091.483,1788461091.499,35.1817319,-97.4359511,313.95,7.7770,270.836,1.11,1.98,15,1
6,1912129127446,1788461091.601,1788461091.599,35.1817319,-97.4359599,313.85,7.9190,270.839,1.11,1.98,15,1
6,1912327289060,1788461091.799,1788461091.799,35.1817323,-97.4359775,313.83,7.9770,271.458,1.11,1.98,15,1
6,1912526907654,1788461091.998,1788461091.999,35.1817328,-97.4359949,313.82,7.8500,271.314,1.11,1.99,15,1
6,1912719582550,1788461092.191,1788461092.199,35.1817330,-97.4360124,313.73,7.8840,270.798,1.11,1.99,15,1
6,1912925357914,1788461092.397,1788461092.399,35.1817333,-97.4360300,313.59,8.0100,271.502,1.11,1.99,15,1
6,1913126423174,1788461092.598,1788461092.599,35.1817335,-97.4360476,313.57,7.9470,270.556,1.11,1.99,15,1
6,1913324898018,1788461092.796,1788461092.799,35.1817337,-97.4360650,313.52,7.8140,270.414,1.11,1.99,15,1
6,1913527432029,1788461092.999,1788461092.999,35.1817339,-97.4360821,313.48,7.7510,270.755,1.11,1.99,15,1
6,1913726742237,1788461093.198,1788461093.199,35.1817338,-97.4360992,313.35,7.7650,270.568,1.11,1.99,15,1
6,1913924481872,1788461093.396,1788461093.399,35.1817340,-97.4361164,313.41,7.7610,270.327,1.11,1.99,14,1
6,1914130752757,1788461093.602,1788461093.599,35.1817342,-97.4361332,313.36,7.6590,270.970,1.11,1.99,15,1
6,1914325446559,1788461093.797,1788461093.799,35.1817341,-97.4361501,313.39,7.6960,270.231,1.11,1.99,15,1
6,1914526361091,1788461093.998,1788461093.999,35.1817341,-97.4361668,313.34,7.5880,270.370,1.11,1.99,15,1
6,1914726715570,1788461094.198,1788461094.199,35.1817342,-97.4361835,313.33,7.6180,270.517,1.11,1.99,14,1
6,1914927189163,1788461094.399,1788461094.399,35.1817343,-97.4362005,313.32,7.7070,270.093,1.11,1.99,14,1
6,1915125066455,1788461094.597,1788461094.599,35.1817343,-97.4362172,313.30,7.6130,270.270,1.11,1.99,14,1
6,1915324550674,1788461094.796,1788461094.799,35.1817343,-97.4362340,313.30,7.6540,269.949,1.10,1.99,14,1
6,1915529635830,1788461095.001,1788461094.999,35.1817343,-97.4362507,313.32,7.5950,270.085,1.10,1.99,14,1
6,1915726146142,1788461095.198,1788461095.199,35.1817342,-97.4362674,313.31,7.6110,269.761,1.10,1.99,14,1
6,1915927969111,1788461095.399,1788461095.399,35.1817343,-97.4362842,313.32,7.6850,270.247,1.10,1.99,14,1
6,1916125474267,1788461095.597,1788461095.599,35.1817343,-97.4363011,313.31,7.6790,270.108,1.10,1.98,14,1
6,1916326625205,1788461095.798,1788461095.799,35.1817343,-97.4363178,313.28,7.6260,270.225,1.10,1.98,14,1
6,1916526071923,1788461095.998,1788461095.999,35.1817340,-97.4363345,313.16,7.6320,269.937,1.10,1.98,14,1
6,1916727863798,1788461096.199,1788461096.199,35.1817345,-97.4363511,313.28,7.5920,271.068,1.10,1.98,14,1
6,1916925762652,1788461096.397,1788461096.399,35.1817345,-97.4363678,313.26,7.6230,270.215,1.10,1.98,14,1
6,1917124935673,1788461096.596,1788461096.599,35.1817343,-97.4363842,313.18,7.4400,269.817,1.10,1.98,14,1
6,1917327132704,1788461096.799,1788461096.799,35.1817343,-97.4364005,313.20,7.4710,269.577,1.10,1.98,14,1
6,1917493884214,1788461096.965,1788461096.999,35.1817341,-97.4364165,313.20,7.2690,269.407,1.10,1.98,14,1
6,1917624753485,1788461097.096,1788461097.099,35.1817339,-97.4364244,313.19,7.2450,269.250,1.10,1.98,14,1
6,1917829146141,1788461097.301,1788461097.299,35.1817337,-97.4364403,313.22,7.2740,268.767,1.10,1.98,14,1
6,1918025383277,1788461097.497,1788461097.499,35.1817331,-97.4364561,313.16,7.1690,268.055,1.10,1.98,14,1
6,1918236748954,1788461097.708,1788461097.699,35.1817324,-97.4364717,313.12,7.1010,267.549,1.10,1.98,14,1
6,1918425149943,1788461097.897,1788461097.899,35.1817317,-97.4364872,313.17,7.1030,266.725,1.10,1.98,14,1
6,1918628585360,1788461098.100,1788461098.099,35.1817309,-97.4365027,313.16,7.0650,266.663,1.10,1.98,14,1
6,1918787715047,1788461098.259,1788461098.299,35.1817300,-97.4365180,313.19,7.0140,265.803,1.10,1.98,14,1
6,1918896350516,1788461098.368,1788461098.399,35.1817294,-97.4365255,313.23,6.9800,265.170,1.09,1.97,14,1
6,1919037401974,1788461098.509,1788461098.499,35.1817291,-97.4365329,313.32,6.8580,265.386,1.09,1.97,14,1
6,1919237887964,1788461098.709,1788461098.699,35.1817278,-97.4365477,313.33,6.7770,264.209,1.09,1.97,14,1
6,1919425212339,1788461098.897,1788461098.899,35.1817265,-97.4365625,313.40,6.8020,263.699,1.09,1.97,14,1
6,1919633096870,1788461099.105,1788461099.099,35.1817248,-97.4365770,313.44,6.6880,262.035,1.09,1.97,14,1
6,1919825598276,1788461099.297,1788461099.299,35.1817226,-97.4365915,313.45,6.6770,260.506,1.09,1.97,14,1
6,1920026106193,1788461099.498,1788461099.499,35.1817201,-97.4366060,313.54,6.7800,257.986,1.10,1.97,14,1
6,1920194892443,1788461099.666,1788461099.699,35.1817173,-97.4366200,313.54,6.5330,257.066,1.10,1.97,14,1
6,1920326150151,1788461099.798,1788461099.799,35.1817155,-97.4366271,313.54,6.6330,255.730,1.10,1.96,14,1
6,1920526229838,1788461099.998,1788461099.999,35.1817123,-97.4366412,313.58,6.6790,254.582,1.10,1.96,14,1
6,1920724530255,1788461100.196,1788461100.199,35.1817088,-97.4366553,313.54,6.6150,254.119,1.10,1.96,14,1
6,1920924729890,1788461100.396,1788461100.399,35.1817049,-97.4366691,313.47,6.5910,252.346,1.10,1.96,14,1
6,1921121190307,1788461100.593,1788461100.599,35.1817012,-97.4366829,313.45,6.6190,252.238,1.10,1.97,14,1
6,1921324015046,1788461100.795,1788461100.799,35.1816974,-97.4366968,313.43,6.6190,251.919,1.11,1.98,14,1
6,1921528917130,1788461101.000,1788461100.999,35.1816933,-97.4367107,313.42,6.7060,250.899,1.11,1.98,14,1
6,1921727933327,1788461101.199,1788461101.199,35.1816893,-97.4367246,313.43,6.7490,250.301,1.11,1.98,14,1
6,1921925658432,1788461101.397,1788461101.399,35.1816853,-97.4367385,313.44,6.7350,250.457,1.11,1.99,14,1
6,1922124212025,1788461101.596,1788461101.599,35.1816808,-97.4367526,313.42,6.8720,249.779,1.11,1.99,14,1
6,1922324433275,1788461101.796,1788461101.799,35.1816763,-97.4367666,313.44,6.8460,248.545,1.11,2.00,14,1
6,1922529105723,1788461102.001,1788461101.999,35.1816719,-97.4367806,313.39,6.8410,249.378,1.12,2.00,15,1
6,1922733016504,1788461102.205,1788461102.199,35.1816673,-97.4367947,313.36,6.9150,248.871,1.12,2.00,15,1
6,1922933191348,1788461102.405,1788461102.399,35.1816629,-97.4368092,313.31,7.0470,249.985,1.12,2.00,15,1
6,1923124430879,1788461102.596,1788461102.599,35.1816584,-97.4368235,313.24,6.9540,249.423,1.12,2.01,15,1
6,1923324540150,1788461102.796,1788461102.799,35.1816541,-97.4368372,313.28,6.7090,249.004,1.12,2.01,15,1
6,1923531389733,1788461103.003,1788461102.999,35.1816499,-97.4368512,313.25,6.7780,249.898,1.12,2.01,15,1
6,1923725353223,1788461103.197,1788461103.199,35.1816458,-97.4368653,313.21,6.8140,250.411,1.12,2.01,15,1
6,1923919071868,1788461103.391,1788461103.399,35.1816415,-97.4368792,313.14,6.7370,250.135,1.12,2.01,15,1
6,1924122111556,1788461103.594,1788461103.599,35.1816375,-97.4368931,313.11,6.6860,250.863,1.12,2.01,15,1
6,1924332815618,1788461103.804,1788461103.799,35.1816335,-97.4369070,313.09,6.6950,250.721,1.12,2.02,15,1
6,1924524681191,1788461103.996,1788461103.999,35.1816294,-97.4369210,313.06,6.7470,250.517,1.12,2.02,15,1
6,1924725645358,1788461104.197,1788461104.199,35.1816253,-97.4369350,313.02,6.7330,250.752,1.13,2.02,15,1
6,1924924913795,1788461104.396,1788461104.399,35.1816212,-97.4369494,312.82,6.8560,252.092,1.13,2.02,15,1
6,1925122189107,1788461104.594,1788461104.599,35.1816168,-97.4369634,312.58,6.7300,251.065,1.13,2.03,15,1
6,1925326030826,1788461104.798,1788461104.799,35.1816130,-97.4369779,312.31,6.8250,253.154,1.13,2.03,15,1
6,1925524404003,1788461104.996,1788461104.999,35.1816092,-97.4369924,312.16,6.8750,253.528,1.13,2.03,15,1
6,1925724686920,1788461105.196,1788461105.199,35.1816066,-97.4370063,312.28,6.5050,255.222,1.13,2.03,14,1
6,1925925199576,1788461105.397,1788461105.399,35.1816030,-97.4370203,312.25,6.6680,253.528,1.14,2.03,14,1
6,1926124918795,1788461105.596,1788461105.599,35.1815992,-97.4370343,312.15,6.6520,252.536,1.14,2.03,14,1
6,1926325527128,1788461105.797,1788461105.799,35.1815956,-97.4370475,312.11,6.3420,251.853,1.14,2.04,14,1
6,1926529152440,1788461106.001,1788461105.999,35.1815924,-97.4370607,312.21,6.2990,252.136,1.14,2.04,14,1
6,1926726594940,1788461106.198,1788461106.199,35.1815886,-97.4370743,312.18,6.5590,251.642,1.14,2.04,14,1
6,1926927526450,1788461106.399,1788461106.399,35.1815851,-97.4370877,312.23,6.4920,251.993,1.15,2.04,14,1
6,1927126173638,1788461106.598,1788461106.599,35.1815818,-97.4371010,312.25,6.3710,252.812,1.15,2.04,14,1
6,1927335220252,1788461106.807,1788461106.799,35.1815785,-97.4371146,312.28,6.4740,253.480,1.15,2.03,14,1
6,1927526000825,1788461106.997,1788461106.999,35.1815753,-97.4371283,312.38,6.5110,253.751,1.15,2.03,14,1
6,1927724952023,1788461107.196,1788461107.199,35.1815719,-97.4371420,312.40,6.5610,253.367,1.15,2.03,14,1
6,1927929845565,1788461107.401,1788461107.399,35.1815689,-97.4371555,312.33,6.3890,254.671,1.15,2.04,14,1
6,1928124276450,1788461107.596,1788461107.599,35.1815661,-97.4371690,312.46,6.4050,254.919,1.15,2.04,14,1
6,1928313964262,1788461107.785,1788461107.799,35.1815629,-97.4371828,312.35,6.4820,255.284,1.16,2.04,15,1
6,1928392156710,1788461107.864,1788461107.899,35.1815615,-97.4371898,312.36,6.5360,255.821,1.16,2.03,14,1
6,1928626199783,1788461108.098,1788461108.099,35.1815586,-97.4372037,312.35,6.5290,256.037,1.16,2.04,14,1
6,1928831815304,1788461108.303,1788461108.299,35.1815562,-97.4372178,312.37,6.5450,257.313,1.16,2.04,14,1
6,1929020562439,1788461108.492,1788461108.499,35.1815540,-97.4372320,312.36,6.5670,258.604,1.16,2.04,14,1
6,1929225716137,1788461108.697,1788461108.699,35.1815524,-97.4372459,312.47,6.4480,260.698,1.17,2.04,14,1
6,1929425006606,1788461108.896,1788461108.899,35.1815505,-97.4372598,312.46,6.4480,260.784,1.17,2.05,14,1
6,1929627416814,1788461109.099,1788461109.099,35.1815488,-97.4372740,312.44,6.5370,262.192,1.17,2.05,15,1
6,1929826825668,1788461109.298,1788461109.299,35.1815477,-97.4372882,312.47,6.4600,264.364,1.17,2.05,15,1
6,1930026016345,1788461109.498,1788461109.499,35.1815465,-97.4373023,312.46,6.3970,265.151,1.17,2.05,15,1
6,1930227805668,1788461109.699,1788461109.699,35.1815455,-97.4373161,312.38,6.1860,265.985,1.17,2.05,15,1
6,1930427745407,1788461109.899,1788461109.899,35.1815447,-97.4373294,312.41,6.0250,266.104,1.17,2.05,15,1
6,1930634408376,1788461110.106,1788461110.099,35.1815442,-97.4373427,312.37,6.0210,267.248,1.17,2.05,14,1
6,1930826577178,1788461110.298,1788461110.299,35.1815440,-97.4373557,312.38,5.9360,269.213,1.17,2.05,15,1
6,1931024403636,1788461110.496,1788461110.499,35.1815440,-97.4373682,312.48,5.7010,269.194,1.17,2.05,15,1
6,1931225249157,1788461110.697,1788461110.699,35.1815437,-97.4373806,312.50,5.6240,268.995,1.17,2.05,15,1
6,1931428632855,1788461110.900,1788461110.899,35.1815436,-97.4373927,312.49,5.5090,269.795,1.17,2.05,15,1
6,1931624802699,1788461111.096,1788461111.099,35.1815437,-97.4374047,312.52,5.4820,270.190,1.17,2.05,15,1
6,1931843299313,1788461111.315,1788461111.299,35.1815438,-97.4374164,312.52,5.2960,270.651,1.17,2.05,15,1
6,1932023237907,1788461111.495,1788461111.499,35.1815437,-97.4374278,312.49,5.1760,270.126,1.17,2.05,15,1
6,1932226727542,1788461111.698,1788461111.699,35.1815438,-97.4374388,312.55,4.9880,270.390,1.16,2.05,15,1
6,1932427359730,1788461111.899,1788461111.899,35.1815439,-97.4374491,312.57,4.6790,270.850,1.16,2.04,15,1
6,1932643089157,1788461112.115,1788461112.099,35.1815439,-97.4374591,312.58,4.5260,270.913,1.16,2.04,15,1
6,1932826409104,1788461112.298,1788461112.299,35.1815440,-97.4374687,312.64,4.3990,270.988,1.16,2.04,15,1
6,1933039149521,1788461112.511,1788461112.499,35.1815440,-97.4374778,312.61,4.1380,271.033,1.16,2.04,15,1
6,1933226081240,1788461112.698,1788461112.699,35.1815439,-97.4374865,312.63,3.9350,270.347,1.16,2.04,15,1
6,1933427063063,1788461112.899,1788461112.899,35.1815436,-97.4374949,312.58,3.7540,269.041,1.16,2.04,14,1
6,1933627976604,1788461113.099,1788461113.099,35.1815435,-97.4375025,312.57,3.4150,269.353,1.15,2.04,14,1
6,1933794106031,1788461113.266,1788461113.299,35.1815436,-97.4375094,312.55,3.0920,270.562,1.15,2.04,14,1
6,1933925423271,1788461113.397,1788461113.399,35.1815438,-97.4375127,312.61,3.0250,271.204,1.15,2.03,14,1
6,1934127272698,1788461113.599,1788461113.599,35.1815440,-97.4375188,312.67,2.6890,271.067,1.15,2.03,15,1
6,1934325515771,1788461113.797,1788461113.799,35.1815441,-97.4375239,312.66,2.2650,271.293,1.14,2.03,15,1
6,1934526736083,1788461113.998,1788461113.999,35.1815442,-97.4375285,312.66,1.9910,271.385,1.14,2.03,15,1
6,1934717487698,1788461114.189,1788461114.199,35.1815443,-97.4375321,312.66,1.5770,271.708,1.14,2.03,15,1
6,1934925161343,1788461114.397,1788461114.399,35.1815441,-97.4375352,312.65,1.4080,270.338,1.14,2.02,15,1
6,1935127207697,1788461114.599,1788461114.599,35.1815440,-97.4375379,312.68,1.1540,269.259,1.14,2.02,15,1
6,1935338997906,1788461114.810,1788461114.799,35.1815440,-97.4375399,312.67,0.8510,270.002,1.13,2.02,15,1
6,1935524870614,1788461114.996,1788461114.999,35.1815440,-97.4375414,312.67,0.6540,269.753,1.13,2.02,15,1
6,1935727565822,1788461115.199,1788461115.199,35.1815441,-97.4375428,312.66,0.6270,270.292,1.13,2.01,15,1
6,1935927331916,1788461115.399,1788461115.399,35.1815443,-97.4375442,312.65,0.6730,274.284,1.13,2.01,15,1
6,1936126196707,1788461115.598,1788461115.599,35.1815446,-97.4375462,312.68,0.9380,275.842,1.12,2.01,15,1
6,1936320667853,1788461115.792,1788461115.799,35.1815447,-97.4375488,312.69,1.2200,273.603,1.12,2.00,15,1
6,1936515727124,1788461115.987,1788461115.999,35.1815451,-97.4375519,312.75,1.4550,276.755,1.12,2.00,15,1
6,1936627285978,1788461116.099,1788461116.099,35.1815453,-97.4375537,312.77,1.5820,278.180,1.12,1.99,14,1
6,1936825325353,1788461116.297,1788461116.299,35.1815458,-97.4375577,312.77,1.8220,278.913,1.11,1.99,14,1
6,1937025437592,1788461116.497,1788461116.499,35.1815466,-97.4375620,312.73,2.0400,282.356,1.11,1.99,14,1
6,1937226999884,1788461116.698,1788461116.699,35.1815475,-97.4375668,312.71,2.2220,283.538,1.11,1.99,14,1
6,1937425920821,1788461116.897,1788461116.899,35.1815488,-97.4375720,312.72,2.5250,285.948,1.11,1.99,14,1
6,1937625589832,1788461117.097,1788461117.099,35.1815506,-97.4375778,312.69,2.8250,290.518,1.11,1.98,14,1
6,1937826063790,1788461117.298,1788461117.299,35.1815531,-97.4375836,312.73,2.9840,295.102,1.10,1.98,14,1
6,1938027927800,1788461117.499,1788461117.499,35.1815563,-97.4375893,312.77,3.1380,300.906,1.10,1.98,14,1
6,1938229010925,1788461117.700,1788461117.699,35.1815598,-97.4375948,312.70,3.2050,306.238,1.10,1.97,14,1
6,1938436909415,1788461117.908,1788461117.899,35.1815639,-97.4376003,312.72,3.4080,309.884,1.10,1.97,14,1
6,1938625695561,1788461118.097,1788461118.099,35.1815688,-97.4376056,312.78,3.6020,315.046,1.10,1.97,14,1
6,1938825585508,1788461118.297,1788461118.299,35.1815745,-97.4376103,312.78,3.8470,323.215,1.09,1.96,14,1
6,1939024769727,1788461118.496,1788461118.499,35.1815807,-97.4376145,312.75,3.9860,329.720,1.09,1.96,14,1
6,1939228904102,1788461118.700,1788461118.699,35.1815873,-97.4376181,312.76,4.0530,334.721,1.09,1.96,14,1
6,1939429310821,1788461118.901,1788461118.899,35.1815945,-97.4376212,312.80,4.2130,339.553,1.09,1.95,14,1
6,1939630919258,1788461119.102,1788461119.099,35.1816021,-97.4376234,312.89,4.2450,344.847,1.08,1.95,14,1
6,1939827936862,1788461119.299,1788461119.299,35.1816101,-97.4376248,312.92,4.5250,350.042,1.08,1.95,14,1
6,1940025699570,1788461119.497,1788461119.499,35.1816185,-97.4376259,312.99,4.6530,353.099,1.08,1.95,14,1
6,1940225568372,1788461119.697,1788461119.699,35.1816272,-97.4376268,313.06,4.8110,354.655,1.08,1.95,14,1
6,1940415666341,1788461119.887,1788461119.899,35.1816364,-97.4376274,313.03,5.1600,356.690,1.08,1.95,15,1
6,1940626984310,1788461120.098,1788461120.099,35.1816456,-97.4376276,312.97,5.2450,358.516,1.08,1.95,15,1
6,1940825068997,1788461120.297,1788461120.299,35.1816556,-97.4376277,313.03,5.5390,359.318,1.08,1.95,15,1
6,1941032012278,1788461120.503,1788461120.499,35.1816661,-97.4376278,313.15,5.8100,359.580,1.07,1.94,15,1
6,1941226167955,1788461120.698,1788461120.699,35.1816768,-97.4376280,313.16,5.9690,359.629,1.07,1.94,15,1
6,1941429684778,1788461120.901,1788461120.899,35.1816881,-97.4376281,313.18,6.2820,359.625,1.07,1.94,15,1
6,1941626939466,1788461121.098,1788461121.099,35.1816996,-97.4376282,313.21,6.4740,359.840,1.07,1.93,15,1
6,1941825618997,1788461121.297,1788461121.299,35.1817117,-97.4376284,313.31,6.6850,359.683,1.07,1.92,15,1
6,1942039927695,1788461121.511,1788461121.499,35.1817243,-97.4376283,313.35,7.0160,0.318,1.06,1.92,15,1
6,1942225503372,1788461121.697,1788461121.699,35.1817373,-97.4376284,313.38,7.1920,359.899,1.06,1.92,15,1
6,1942425867642,1788461121.897,1788461121.899,35.1817505,-97.4376283,313.37,7.3880,0.333,1.06,1.91,15,1
6,1942631383424,1788461122.103,1788461122.099,35.1817643,-97.4376283,313.43,7.6420,359.921,1.06,1.91,15,1
6,1942826853007,1788461122.298,1788461122.299,35.1817783,-97.4376281,313.48,7.7520,0.694,1.06,1.91,15,1
6,1943033465403,1788461122.505,1788461122.499,35.1817929,-97.4376280,313.53,8.0460,0.335,1.05,1.91,15,1
6,1943225539517,1788461122.697,1788461122.699,35.1818079,-97.4376280,313.59,8.2880,0.020,1.05,1.90,15,1
6,1943428171392,1788461122.900,1788461122.899,35.1818229,-97.4376278,313.70,8.2800,0.397,1.05,1.90,15,1
6,1943622116080,1788461123.094,1788461123.099,35.1818384,-97.4376277,313.73,8.5970,0.443,1.05,1.90,15,1
6,1943822270559,1788461123.294,1788461123.299,35.1818538,-97.4376275,313.70,8.5670,0.751,1.05,1.90,15,1
6,1944025321392,1788461123.497,1788461123.499,35.1818697,-97.4376272,313.70,8.7700,0.749,1.05,1.89,15,1
6,1944240439777,1788461123.712,1788461123.699,35.1818859,-97.4376270,313.77,8.9570,0.596,1.05,1.89,15,1
6,1944422338267,1788461123.894,1788461123.899,35.1819024,-97.4376267,313.85,9.0970,0.541,1.05,1.89,15,1
6,1944626746027,1788461124.098,1788461124.099,35.1819189,-97.4376264,313.90,9.0940,0.741,1.05,1.89,15,1
6,1944829084204,1788461124.301,1788461124.299,35.1819357,-97.4376263,314.02,9.2540,359.941,1.05,1.89,15,1
6,1945023694204,1788461124.495,1788461124.499,35.1819525,-97.4376262,314.08,9.2870,0.497,1.05,1.89,15,1
6,1945226658423,1788461124.698,1788461124.699,35.1819695,-97.4376260,314.15,9.3650,0.505,1.05,1.89,15,1
6,1945425894673,1788461124.897,1788461124.899,35.1819866,-97.4376258,314.27,9.4260,0.276,1.05,1.88,15,1
6,1945625224829,1788461125.097,1788461125.099,35.1820039,-97.4376256,314.33,9.5420,0.642,1.05,1.88,15,1
6,1945820513787,1788461125.292,1788461125.299,35.1820213,-97.4376254,314.42,9.5900,0.565,1.04,1.88,15,1
6,1945992222641,1788461125.464,1788461125.499,35.1820387,-97.4376252,314.50,9.6490,0.475,1.04,1.88,15,1
6,1946229078579,1788461125.701,1788461125.699,35.1820560,-97.4376252,314.58,9.5070,359.956,1.04,1.88,15,1
6,1946424739828,1788461125.896,1788461125.899,35.1820731,-97.4376251,314.64,9.4680,0.487,1.04,1.88,15,1
6,1946624722016,1788461126.096,1788461126.099,35.1820906,-97.4376250,314.76,9.6330,359.975,1.04,1.88,15,1
6,1946824544464,1788461126.296,1788461126.299,35.1821078,-97.4376250,314.82,9.5300,0.010,1.04,1.88,15,1
6,1947019081078,1788461126.491,1788461126.499,35.1821250,-97.4376250,314.88,9.5120,0.069,1.04,1.88,15,1
6,1947220121286,1788461126.692,1788461126.699,35.1821422,-97.4376249,314.89,9.4580,0.449,1.04,1.88,15,1
6,1947424614932,1788461126.896,1788461126.899,35.1821593,-97.4376247,314.91,9.4790,0.427,1.04,1.88,15,1
6,1947623337120,1788461127.095,1788461127.099,35.1821762,-97.4376245,314.93,9.3150,0.581,1.04,1.88,15,1
6,1947826606703,1788461127.298,1788461127.299,35.1821930,-97.4376245,314.97,9.3000,0.163,1.04,1.87,15,1
6,1948025234151,1788461127.497,1788461127.499,35.1822097,-97.4376245,315.04,9.2600,359.969,1.04,1.87,15,1
6,1948226810192,1788461127.698,1788461127.699,35.1822263,-97.4376245,315.10,9.1540,0.162,1.03,1.87,15,1
6,1948428256026,1788461127.900,1788461127.899,35.1822430,-97.4376244,315.16,9.2270,0.308,1.03,1.87,15,1
6,1948620159307,1788461128.092,1788461128.099,35.1822597,-97.4376245,315.19,9.2150,359.942,1.03,1.88,15,1
6,1948821801442,1788461128.293,1788461128.299,35.1822763,-97.4376248,315.26,9.1380,359.027,1.03,1.88,15,1
6,1949019956702,1788461128.491,1788461128.499,35.1822928,-97.4376246,315.32,9.1370,0.458,1.03,1.88,14,1
6,1949221988525,1788461128.693,1788461128.699,35.1823093,-97.4376243,315.32,9.1350,0.790,1.03,1.88,14,1
6,1949428277536,1788461128.900,1788461128.899,35.1823260,-97.4376242,315.35,9.2160,0.204,1.03,1.88,14,1
6,1949621972275,1788461129.093,1788461129.099,35.1823424,-97.4376237,315.30,9.0980,1.559,1.03,1.88,14,1
6,1949823140869,1788461129.295,1788461129.299,35.1823590,-97.4376233,315.39,9.1590,1.159,1.03,1.88,14,1
6,1950027176337,1788461129.499,1788461129.499,35.1823756,-97.4376230,315.46,9.1750,0.862,1.03,1.88,14,1
6,1950228564775,1788461129.700,1788461129.699,35.1823918,-97.4376227,315.54,8.9620,0.978,1.03,1.88,14,1
6,1950428645192,1788461129.900,1788461129.899,35.1824081,-97.4376225,315.61,9.0410,0.416,1.03,1.88,14,1
6,1950626714723,1788461130.098,1788461130.099,35.1824244,-97.4376223,315.65,8.9630,0.691,1.03,1.88,13,1
6,1950821698837,1788461130.293,1788461130.299,35.1824406,-97.4376222,315.69,8.9850,359.930,1.03,1.89,14,1
6,1951019832952,1788461130.491,1788461130.499,35.1824569,-97.4376218,315.73,9.0100,0.926,1.03,1.89,14,1
6,1951222948420,1788461130.694,1788461130.699,35.1824730,-97.4376214,315.84,8.8920,1.098,1.03,1.89,14,1
6,1951425581493,1788461130.897,1788461130.899,35.1824890,-97.4376213,315.87,8.8860,0.146,1.03,1.89,14,1
6,1951627088576,1788461131.099,1788461131.099,35.1825049,-97.4376211,315.93,8.7450,0.608,1.03,1.89,15,1
6,1951825320035,1788461131.297,1788461131.299,35.1825208,-97.4376208,315.95,8.8130,1.093,1.03,1.89,15,1
6,1952026672326,1788461131.498,1788461131.499,35.1825365,-97.4376205,316.04,8.6370,0.848,1.03,1.89,15,1
6,1952229061285,1788461131.701,1788461131.699,35.1825520,-97.4376199,316.07,8.5850,1.609,1.03,1.89,15,1
6,1952426004774,1788461131.897,1788461131.899,35.1825675,-97.4376194,316.11,8.6250,1.515,1.03,1.89,15,1
6,1952640673889,1788461132.112,1788461132.099,35.1825828,-97.4376190,316.14,8.4730,1.228,1.03,1.89,15,1
6,1952830247847,1788461132.302,1788461132.299,35.1825980,-97.4376185,316.18,8.3610,1.603,1.03,1.89,15,1
6,1953033904201,1788461132.505,1788461132.499,35.1826128,-97.4376180,316.23,8.1600,1.443,1.03,1.89,15,1
6,1953225551545,1788461132.697,1788461132.699,35.1826272,-97.4376176,316.21,8.0350,1.318,1.03,1.88,15,1
6,1953421214513,1788461132.893,1788461132.899,35.1826412,-97.4376172,316.29,7.7430,1.358,1.03,1.88,14,1
6,1953621033472,1788461133.093,1788461133.099,35.1826551,-97.4376167,316.36,7.6280,1.809,1.03,1.88,15,1
6,1953824508836,1788461133.296,1788461133.299,35.1826689,-97.4376162,316.38,7.6820,1.501,1.03,1.88,14,1
6,1954028037898,1788461133.500,1788461133.499,35.1826825,-97.4376156,316.41,7.5440,2.108,1.03,1.88,14,1
6,1954226723367,1788461133.698,1788461133.699,35.1826960,-97.4376153,316.54,7.3780,1.256,1.03,1.88,14,1
6,1954427592221,1788461133.899,1788461133.899,35.1827097,-97.4376148,316.60,7.5480,1.444,1.03,1.89,14,1
6,1954626952325,1788461134.098,1788461134.099,35.1827231,-97.4376143,316.63,7.4640,1.587,1.03,1.89,14,1
6,1954824802742,1788461134.296,1788461134.299,35.1827363,-97.4376140,316.68,7.3350,1.201,1.03,1.89,15,1
6,1955026452586,1788461134.498,1788461134.499,35.1827493,-97.4376136,316.69,7.2180,1.416,1.03,1.89,15,1
6,1955225635242,1788461134.697,1788461134.699,35.1827619,-97.4376133,316.77,6.9460,1.019,1.03,1.89,15,1
6,1955425127690,1788461134.897,1788461134.899,35.1827744,-97.4376131,316.83,6.8620,0.939,1.03,1.89,15,1
6,1955622907794,1788461135.094,1788461135.099,35.1827862,-97.4376128,316.90,6.5410,1.015,1.03,1.90,15,1
6,1955827392950,1788461135.299,1788461135.299,35.1827974,-97.4376126,316.96,6.2090,1.176,1.03,1.90,15,1
6,1956029220241,1788461135.501,1788461135.499,35.1828083,-97.4376123,316.97,6.0100,0.873,1.02,1.90,15,1
6,1956222720918,1788461135.694,1788461135.699,35.1828188,-97.4376122,317.04,5.7850,0.557,1.02,1.89,15,1
6,1956424859773,1788461135.896,1788461135.899,35.1828286,-97.4376121,317.11,5.3950,0.579,1.02,1.89,15,1
6,1956623040450,1788461136.095,1788461136.099,35.1828381,-97.4376120,317.24,5.1610,1.046,1.02,1.89,15,1
6,1956825662168,1788461136.297,1788461136.299,35.1828470,-97.4376118,317.27,4.9510,0.785,1.02,1.89,15,1
6,1957020868783,1788461136.492,1788461136.499,35.1828550,-97.4376119,317.28,4.4670,0.396,1.02,1.89,15,1
6,1957219876387,1788461136.691,1788461136.699,35.1828626,-97.4376117,317.34,4.1580,0.902,1.02,1.89,15,1
6,1957425279199,1788461136.897,1788461136.899,35.1828697,-97.4376115,317.43,3.8940,1.207,1.02,1.89,15,1
6,1957622752741,1788461137.094,1788461137.099,35.1828759,-97.4376113,317.49,3.4490,1.669,1.02,1.89,15,1
6,1957820719772,1788461137.292,1788461137.299,35.1828814,-97.4376114,317.55,3.0270,0.506,1.03,1.89,15,1
6,1958024935709,1788461137.496,1788461137.499,35.1828863,-97.4376115,317.54,2.7600,0.170,1.03,1.89,15,1
6,1958223206647,1788461137.695,1788461137.699,35.1828905,-97.4376115,317.60,2.3290,359.878,1.03,1.89,15,1
6,1958425611438,1788461137.897,1788461137.899,35.1828939,-97.4376116,317.63,1.9160,359.931,1.03,1.89,15,1
6,1958624482949,1788461138.096,1788461138.099,35.1828970,-97.4376114,317.70,1.6580,0.974,1.03,1.89,15,1
6,1958823856959,1788461138.295,1788461138.299,35.1828991,-97.4376113,317.73,1.1530,0.766,1.03,1.89,15,1
6,1959017624719,1788461138.489,1788461138.499,35.1829006,-97.4376110,317.83,0.8470,4.239,1.03,1.89,15,1
6,1959229401803,1788461138.701,1788461138.699,35.1829017,-97.4376107,317.88,0.5660,7.238,1.03,1.88,15,1
6,1959427483105,1788461138.899,1788461138.899,35.1829024,-97.4376107,317.92,0.3650,3.730,1.03,1.88,15,1
6,1959627244094,1788461139.099,1788461139.099,35.1829027,-97.4376105,317.95,0.1990,3.730,1.03,1.88,15,1
6,1959827452219,1788461139.299,1788461139.299,35.1829030,-97.4376104,318.00,0.1140,3.730,1.03,1.88,15,1
6,1960020158782,1788461139.492,1788461139.499,35.1829034,-97.4376103,318.07,0.1400,3.730,1.03,1.87,15,1
6,1960219806073,1788461139.691,1788461139.699,35.1829040,-97.4376101,318.11,0.3060,0.897,1.03,1.87,15,1
6,1960422332531,1788461139.894,1788461139.899,35.1829051,-97.4376101,318.16,0.5680,359.203,1.03,1.87,15,1
6,1960620859198,1788461140.092,1788461140.099,35.1829066,-97.4376100,318.22,0.7770,359.365,1.03,1.87,15,1
6,1960822765865,1788461140.294,1788461140.299,35.1829087,-97.4376099,318.24,1.0920,1.142,1.03,1.87,15,1
6,1961023010448,1788461140.494,1788461140.499,35.1829112,-97.4376097,318.24,1.3500,2.149,1.03,1.87,15,1
6,1961227406281,1788461140.699,1788461140.699,35.1829143,-97.4376094,318.26,1.6430,3.025,1.04,1.87,15,1
6,1961429280344,1788461140.901,1788461140.899,35.1829176,-97.4376089,318.33,1.8150,4.762,1.04,1.87,15,1
6,1961626323573,1788461141.098,1788461141.099,35.1829215,-97.4376082,318.35,2.1490,7.293,1.04,1.87,15,1
6,1961827007895,1788461141.298,1788461141.299,35.1829256,-97.4376076,318.38,2.2150,6.963,1.04,1.88,15,1
6,1962020673833,1788461141.492,1788461141.499,35.1829301,-97.4376066,318.41,2.5200,10.013,1.04,1.88,15,1
6,1962223891906,1788461141.695,1788461141.699,35.1829348,-97.4376048,318.47,2.7040,14.719,1.04,1.88,15,1
7,1962431188885,1788461141.903,1788461141.899,35.1829394,-97.4376030,318.67,2.6500,17.076,1.04,1.88,15,1
7,1962640568520,1788461142.112,1788461142.099,35.1829446,-97.4376004,318.64,3.0530,21.212,1.04,1.88,15,1
7,1962832049562,1788461142.304,1788461142.299,35.1829496,-97.4375971,318.56,3.2020,25.999,1.04,1.88,15,1
7,1963025851437,1788461142.497,1788461142.499,35.1829548,-97.4375932,318.57,3.3470,29.761,1.03,1.88,15,1
7,1963227586645,1788461142.699,1788461142.699,35.1829594,-97.4375877,318.56,3.6020,39.369,1.03,1.88,15,1
7,1963423437426,1788461142.895,1788461142.899,35.1829641,-97.4375817,318.54,3.7990,43.827,1.03,1.88,15,1
7,1963626750603,1788461143.098,1788461143.099,35.1829687,-97.4375754,318.59,3.7820,46.906,1.03,1.88,15,1
7,1963829253988,1788461143.301,1788461143.299,35.1829724,-97.4375683,318.62,3.8500,53.339,1.03,1.88,15,1
7,1964026620915,1788461143.498,1788461143.499,35.1829757,-97.4375602,318.62,4.1470,60.915,1.03,1.88,15,1
7,1964223011332,1788461143.694,1788461143.699,35.1829784,-97.4375515,318.63,4.2520,66.586,1.03,1.88,15,1
7,1964427622947,1788461143.899,1788461143.899,35.1829804,-97.4375426,318.64,4.1730,71.759,1.03,1.88,15,1
7,1964625899405,1788461144.097,1788461144.099,35.1829822,-97.4375336,318.72,4.1960,75.345,1.03,1.88,15,1
7,1964824194665,1788461144.296,1788461144.299,35.1829830,-97.4375243,318.73,4.2760,80.234,1.03,1.88,15,1
7,1965023921540,1788461144.495,1788461144.499,35.1829836,-97.4375143,318.70,4.5690,84.648,1.03,1.88,15,1
7,1965219777425,1788461144.691,1788461144.699,35.1829839,-97.4375038,318.70,4.7570,86.792,1.03,1.88,15,1
7,1965427542061,1788461144.899,1788461144.899,35.1829843,-97.4374935,318.73,4.7640,87.280,1.03,1.87,15,1
7,1965624682321,1788461145.096,1788461145.099,35.1829846,-97.4374824,318.74,5.0410,87.530,1.03,1.87,15,1
7,1965822060498,1788461145.294,1788461145.299,35.1829843,-97.4374708,318.80,5.2410,90.832,1.03,1.86,14,1
7,1966022031175,1788461145.494,1788461145.499,35.1829838,-97.4374588,318.78,5.4870,92.293,1.02,1.86,14,1
7,1966215988623,1788461145.687,1788461145.699,35.1829834,-97.4374464,318.80,5.6130,92.193,1.02,1.85,14,1
7,1966428172790,1788461145.900,1788461145.899,35.1829829,-97.4374338,318.83,5.7350,92.395,1.02,1.85,15,1
7,1966624010914,1788461146.095,1788461146.099,35.1829823,-97.4374205,318.87,6.0550,92.488,1.02,1.84,15,1
7,1966830959977,1788461146.302,1788461146.299,35.1829820,-97.4374068,318.88,6.2490,91.528,1.02,1.84,15,1
7,1967030739560,1788461146.502,1788461146.499,35.1829815,-97.4373928,318.90,6.4170,91.993,1.02,1.83,15,1
7,1967225847789,1788461146.697,1788461146.699,35.1829810,-97.4373782,318.92,6.6500,91.516,1.02,1.83,14,1
7,1967422418570,1788461146.894,1788461146.899,35.1829806,-97.4373631,318.93,6.8280,91.395,1.02,1.82,14,1
7,1967626676800,1788461147.098,1788461147.099,35.1829804,-97.4373476,318.92,7.0490,90.427,1.02,1.82,14,1
7,1967829403674,1788461147.301,1788461147.299,35.1829804,-97.4373317,318.94,7.2170,89.830,1.01,1.82,14,1
7,1968021208414,1788461147.493,1788461147.499,35.1829804,-97.4373155,318.91,7.3820,89.101,1.01,1.81,14,1
7,1968223683101,1788461147.695,1788461147.699,35.1829807,-97.4372987,318.93,7.5890,88.578,1.01,1.81,14,1
7,1968425713935,1788461147.897,1788461147.899,35.1829810,-97.4372815,318.93,7.8080,87.830,1.01,1.81,13,1
7,1968626623518,1788461148.098,1788461148.099,35.1829816,-97.4372641,318.93,7.9550,87.147,1.01,1.81,13,1
7,1968825571174,1788461148.297,1788461148.299,35.1829823,-97.4372463,318.94,8.1230,86.589,1.01,1.80,13,1
7,1969015924872,1788461148.487,1788461148.499,35.1829831,-97.4372282,318.94,8.2260,86.287,1.01,1.80,13,1
7,1969225114455,1788461148.697,1788461148.699,35.1829842,-97.4372097,318.95,8.4270,85.517,1.01,1.80,13,1
7,1969416032476,1788461148.888,1788461148.899,35.1829854,-97.4371910,318.96,8.5650,84.944,1.01,1.80,14,1
7,1969624057476,1788461149.096,1788461149.099,35.1829869,-97.4371719,318.98,8.7040,83.630,1.01,1.79,14,1
7,1969821814299,1788461149.293,1788461149.299,35.1829886,-97.4371527,318.98,8.8070,83.513,1.01,1.79,14,1
7,1970030999038,1788461149.502,1788461149.499,35.1829904,-97.4371333,319.01,8.8140,83.040,1.01,1.79,13,1
7,1970219620132,1788461149.691,1788461149.699,35.1829924,-97.4371139,319.05,8.9130,82.457,1.01,1.79,14,1
7,1970420779663,1788461149.892,1788461149.899,35.1829946,-97.4370943,319.08,8.9730,81.802,1.01,1.79,14,1
7,1970626693257,1788461150.098,1788461150.099,35.1829972,-97.4370747,319.11,8.9870,80.597,1.01,1.79,14,1
7,1970820246955,1788461150.292,1788461150.299,35.1830000,-97.4370550,319.14,9.0420,79.907,1.01,1.78,14,1
7,1971021541329,1788461150.493,1788461150.499,35.1830030,-97.4370354,319.19,9.0490,79.090,1.01,1.78,14,1
7,1971227634194,1788461150.699,1788461150.699,35.1830061,-97.4370157,319.21,9.1400,78.688,1.01,1.78,14,1
7,1971425835288,1788461150.897,1788461150.899,35.1830095,-97.4369958,319.21,9.2190,77.979,1.01,1.78,14,1
7,1971621277996,1788461151.093,1788461151.099,35.1830133,-97.4369760,319.20,9.2460,76.673,1.01,1.78,14,1
7,1971825767788,1788461151.297,1788461151.299,35.1830174,-97.4369563,319.20,9.2450,75.434,1.01,1.77,14,1
7,1972025312683,1788461151.497,1788461151.499,35.1830217,-97.4369364,319.18,9.3580,74.915,1.01,1.77,14,1
7,1972221266954,1788461151.693,1788461151.699,35.1830262,-97.4369166,319.22,9.3280,74.484,1.01,1.77,14,1
7,1972423771381,1788461151.895,1788461151.899,35.1830309,-97.4368969,319.22,9.3200,73.306,1.01,1.77,14,1
7,1972631454871,1788461152.103,1788461152.099,35.1830360,-97.4368772,319.20,9.4440,72.369,1.01,1.77,14,1
7,1972828585443,1788461152.300,1788461152.299,35.1830412,-97.4368574,319.21,9.4470,72.099,1.01,1.77,14,1
7,1973027780287,1788461152.499,1788461152.499,35.1830468,-97.4368375,319.25,9.5770,70.904,1.01,1.76,14,1
7,1973197139714,1788461152.669,1788461152.699,35.1830526,-97.4368177,319.28,9.5960,70.089,1.01,1.76,14,1
7,1973425513151,1788461152.897,1788461152.899,35.1830585,-97.4367981,319.32,9.4840,69.884,1.01,1.76,14,1
7,1973626004662,1788461153.097,1788461153.099,35.1830646,-97.4367785,319.29,9.5610,68.754,1.01,1.76,14,1
7,1973824972474,1788461153.296,1788461153.299,35.1830710,-97.4367590,319.27,9.5730,68.088,1.01,1.76,14,1
7,1974024723308,1788461153.496,1788461153.499,35.1830775,-97.4367394,319.30,9.6330,67.814,1.01,1.75,14,1
7,1974226211224,1788461153.698,1788461153.699,35.1830843,-97.4367200,319.29,9.6290,66.702,1.01,1.75,14,1
7,1974423036953,1788461153.895,1788461153.899,35.1830913,-97.4367006,319.22,9.6880,66.162,1.01,1.75,14,1
7,1974629177057,1788461154.101,1788461154.099,35.1830988,-97.4366814,319.22,9.6950,64.240,1.01,1.75,14,1
7,1974831101224,1788461154.303,1788461154.299,35.1831064,-97.4366623,319.22,9.6590,63.922,1.01,1.75,14,1
7,1975025681693,1788461154.497,1788461154.499,35.1831143,-97.4366433,319.21,9.6860,62.987,1.01,1.75,14,1
7,1975224323359,1788461154.696,1788461154.699,35.1831223,-97.4366243,319.21,9.7690,62.662,1.01,1.75,14,1
7,1975424378307,1788461154.896,1788461154.899,35.1831304,-97.4366053,319.28,9.7180,62.483,1.01,1.75,14,1
7,1975627452682,1788461155.099,1788461155.099,35.1831388,-97.4365864,319.23,9.8070,61.626,1.01,1.74,14,1
7,1975821419973,1788461155.293,1788461155.299,35.1831473,-97.4365675,319.16,9.8650,60.888,1.01,1.74,14,1
7,1976027422161,1788461155.499,1788461155.499,35.1831560,-97.4365487,319.18,9.8040,60.285,1.01,1.74,14,1
7,1976221619661,1788461155.693,1788461155.699,35.1831650,-97.4365303,319.20,9.7550,59.271,1.01,1.74,14,1
7,1976422539452,1788461155.894,1788461155.899,35.1831744,-97.4365120,319.28,9.8100,57.721,1.01,1.74,14,1
7,1976623303984,1788461156.095,1788461156.099,35.1831835,-97.4364938,319.22,9.6990,58.588,1.01,1.74,14,1
7,1976825615286,1788461156.297,1788461156.299,35.1831928,-97.4364761,319.24,9.5800,57.126,1.01,1.74,14,1
7,1977028457629,1788461156.500,1788461156.499,35.1832022,-97.4364586,319.33,9.4970,56.708,1.01,1.74,14,1
7,1977225929973,1788461156.697,1788461156.699,35.1832116,-97.4364412,319.29,9.5010,56.408,1.01,1.74,14,1
7,1977426955702,1788461156.898,1788461156.899,35.1832212,-97.4364239,319.31,9.4840,55.763,1.01,1.74,14,1
7,1977624820702,1788461157.096,1788461157.099,35.1832310,-97.4364068,319.29,9.5110,54.839,1.01,1.74,14,1
7,1977824096171,1788461157.296,1788461157.299,35.1832409,-97.4363901,319.28,9.3820,54.370,1.01,1.74,14,1
7,1978028218983,1788461157.500,1788461157.499,35.1832508,-97.4363735,319.27,9.3370,53.857,1.01,1.74,14,1
7,1978226221639,1788461157.698,1788461157.699,35.1832606,-97.4363574,319.31,9.0820,53.587,1.01,1.74,14,1
7,1978426187004,1788461157.898,1788461157.899,35.1832706,-97.4363414,319.27,9.1660,52.713,1.01,1.74,14,1
7,1978627319764,1788461158.099,1788461158.099,35.1832807,-97.4363257,319.34,9.0530,51.861,1.01,1.74,14,1
7,1978821399191,1788461158.293,1788461158.299,35.1832910,-97.4363102,319.39,9.0770,51.313,1.01,1.74,14,1
7,1979024304556,1788461158.496,1788461158.499,35.1833010,-97.4362946,319.38,8.9960,52.185,1.01,1.74,14,1
7,1979224345545,1788461158.696,1788461158.699,35.1833113,-97.4362791,319.40,9.0510,51.002,1.01,1.74,14,1
7,1979426061691,1788461158.898,1788461158.899,35.1833220,-97.4362637,319.41,9.1680,49.828,1.01,1.75,14,1
7,1979626125076,1788461159.098,1788461159.099,35.1833325,-97.4362485,319.39,9.0370,50.013,1.01,1.75,14,1
7,1979829967524,1788461159.301,1788461159.299,35.1833426,-97.4362333,319.43,8.9440,50.399,1.02,1.75,14,1
7,1979992992211,1788461159.464,1788461159.499,35.1833526,-97.4362182,319.43,8.8340,50.744,1.02,1.75,14,1
7,1980126034711,1788461159.598,1788461159.599,35.1833577,-97.4362108,319.46,8.8320,50.062,1.01,1.74,14,1
7,1980333194138,1788461159.805,1788461159.799,35.1833681,-97.4361961,319.53,8.7970,49.168,1.01,1.74,14,1
7,1980525827420,1788461159.997,1788461159.999,35.1833785,-97.4361819,319.60,8.6180,48.461,1.02,1.74,14,1
7,1980727789972,1788461160.199,1788461160.199,35.1833886,-97.4361679,319.57,8.5170,48.489,1.02,1.74,14,1
7,1980928058149,1788461160.400,1788461160.399,35.1833982,-97.4361539,319.51,8.3770,49.858,1.02,1.75,14,1
7,1981129208253,1788461160.601,1788461160.599,35.1834073,-97.4361401,319.48,8.1030,50.482,1.02,1.75,14,1
7,1981292849451,1788461160.764,1788461160.799,35.1834167,-97.4361270,319.51,7.8900,48.920,1.02,1.75,14,1
7,1981531376117,1788461161.003,1788461160.999,35.1834258,-97.4361142,319.51,7.7090,49.235,1.02,1.74,14,1
7,1981721943044,1788461161.193,1788461161.199,35.1834349,-97.4361020,319.55,7.4520,48.234,1.02,1.75,14,1
7,1981912416273,1788461161.384,1788461161.399,35.1834435,-97.4360898,319.52,7.3810,49.187,1.02,1.75,14,1
7,1982030670961,1788461161.502,1788461161.499,35.1834478,-97.4360839,319.49,7.3030,48.841,1.02,1.74,14,1
7,1982225538669,1788461161.697,1788461161.699,35.1834559,-97.4360721,319.47,7.0190,49.637,1.02,1.74,14,1
7,1982421984554,1788461161.893,1788461161.899,35.1834636,-97.4360611,319.49,6.5940,49.465,1.02,1.74,14,1
7,1982633508304,1788461162.105,1788461162.099,35.1834710,-97.4360505,319.52,6.3420,49.702,1.03,1.74,14,1
7,1982827157887,1788461162.299,1788461162.299,35.1834783,-97.4360405,319.60,6.0350,48.704,1.03,1.74,14,1
7,1983028030023,1788461162.500,1788461162.499,35.1834853,-97.4360311,319.63,5.7980,48.030,1.03,1.74,14,1
7,1983225559658,1788461162.697,1788461162.699,35.1834918,-97.4360220,319.64,5.4810,48.756,1.03,1.74,14,1
7,1983425289033,1788461162.897,1788461162.899,35.1834980,-97.4360136,319.69,5.0990,48.943,1.03,1.74,14,1
7,1983625610543,1788461163.097,1788461163.099,35.1835038,-97.4360057,319.72,4.8380,48.138,1.03,1.74,14,1
7,1983826762314,1788461163.298,1788461163.299,35.1835091,-97.4359984,319.77,4.4150,48.875,1.03,1.74,14,1
7,1984030932627,1788461163.502,1788461163.499,35.1835140,-97.4359913,319.82,4.1860,49.413,1.03,1.74,14,1
7,1984228575960,1788461163.700,1788461163.699,35.1835184,-97.4359851,319.85,3.7110,49.149,1.03,1.74,14,1
7,1984430472470,1788461163.902,1788461163.899,35.1835225,-97.4359795,319.89,3.3600,48.822,1.03,1.74,14,1
7,1984625135022,1788461164.097,1788461164.099,35.1835262,-97.4359745,319.91,3.0470,48.618,1.03,1.74,14,1
7,1984829792470,1788461164.301,1788461164.299,35.1835295,-97.4359699,319.93,2.7830,48.867,1.03,1.74,14,1
7,1985026510803,1788461164.498,1788461164.499,35.1835322,-97.4359661,319.90,2.3060,48.098,1.03,1.74,14,1
7,1985225502157,1788461164.697,1788461164.699,35.1835345,-97.4359631,319.94,1.8050,47.919,1.03,1.74,14,1
7,1985428459605,1788461164.900,1788461164.899,35.1835364,-97.4359605,319.94,1.5380,48.244,1.03,1.74,14,1
7,1985625271011,1788461165.097,1788461165.099,35.1835379,-97.4359586,319.94,1.2120,46.892,1.03,1.74,14,1
7,1985831511688,1788461165.303,1788461165.299,35.1835389,-97.4359571,319.93,0.9150,47.339,1.03,1.74,14,1
7,1986029085907,1788461165.501,1788461165.499,35.1835396,-97.4359563,319.92,0.5380,45.792,1.03,1.74,14,1
7,1986221220803,1788461165.693,1788461165.699,35.1835399,-97.4359556,319.93,0.3650,50.093,1.03,1.73,14,1
7,1986425746376,1788461165.897,1788461165.899,35.1835403,-97.4359553,319.94,0.2450,45.433,1.03,1.73,14,1
7,1986621485699,1788461166.093,1788461166.099,35.1835405,-97.4359549,319.95,0.2020,45.433,1.03,1.73,14,1
7,1986792415438,1788461166.264,1788461166.299,35.1835410,-97.4359545,320.00,0.3350,38.106,1.03,1.73,14,1
7,1987026130438,1788461166.498,1788461166.499,35.1835416,-97.4359537,319.98,0.5010,45.873,1.03,1.73,14,1
7,1987226355855,1788461166.698,1788461166.699,35.1835426,-97.4359528,319.99,0.7300,38.557,1.03,1.73,14,1
7,1987426068459,1788461166.898,1788461166.899,35.1835437,-97.4359516,319.95,0.8710,40.396,1.03,1.73,14,1
7,1987625033875,1788461167.097,1788461167.099,35.1835451,-97.4359500,319.92,1.0540,41.783,1.03,1.72,14,1
7,1987827583719,1788461167.299,1788461167.299,35.1835467,-97.4359479,319.92,1.3380,44.727,1.03,1.72,14,1
7,1988030364500,1788461167.502,1788461167.499,35.1835486,-97.4359452,319.95,1.5900,48.284,1.03,1.72,14,1
7,1988191701167,1788461167.663,1788461167.699,35.1835509,-97.4359422,319.98,1.9110,47.894,1.03,1.72,14,1
7,1988424842781,1788461167.896,1788461167.899,35.1835534,-97.4359387,319.94,2.1030,48.685,1.03,1.72,14,1
7,1988625438875,1788461168.097,1788461168.099,35.1835564,-97.4359350,320.00,2.3580,47.107,1.03,1.72,14,1
7,1988826274396,1788461168.298,1788461168.299,35.1835593,-97.4359309,320.02,2.4580,48.630,1.03,1.72,14,1
7,1989020719031,1788461168.492,1788461168.499,35.1835622,-97.4359262,320.02,2.7220,51.537,1.03,1.72,14,1
7,1989223090437,1788461168.695,1788461168.699,35.1835651,-97.4359208,320.01,2.9840,55.333,1.03,1.72,14,1
7,1989429150854,1788461168.901,1788461168.899,35.1835681,-97.4359148,320.02,3.1880,57.622,1.03,1.71,14,1
7,1989629380749,1788461169.101,1788461169.099,35.1835713,-97.4359084,320.05,3.4200,58.393,1.03,1.71,14,1
7,1989824866687,1788461169.296,1788461169.299,35.1835740,-97.4359014,320.05,3.5650,62.497,1.03,1.71,14,1
7,1990024685281,1788461169.496,1788461169.499,35.1835766,-97.4358941,320.16,3.5860,65.163,1.03,1.71,14,1
7,1990229716062,1788461169.701,1788461169.699,35.1835787,-97.4358861,320.12,3.8970,69.811,1.03,1.71,14,1
7,1990428501843,1788461169.900,1788461169.899,35.1835802,-97.4358774,320.09,4.0910,74.961,1.03,1.71,14,1
7,1990622847572,1788461170.094,1788461170.099,35.1835811,-97.4358683,320.14,4.1640,79.861,1.04,1.71,14,1
7,1990837101791,1788461170.309,1788461170.299,35.1835813,-97.4358588,320.09,4.3680,84.602,1.04,1.71,14,1
7,1991031573457,1788461170.503,1788461170.499,35.1835811,-97.4358490,320.12,4.4550,89.531,1.04,1.71,14,1
7,1991225114655,1788461170.697,1788461170.699,35.1835796,-97.4358388,320.14,4.7090,96.836,1.04,1.71,14,1
7,1991426048301,1788461170.898,1788461170.899,35.1835776,-97.4358283,320.11,4.8680,100.876,1.04,1.71,14,1
7,1991628413770,1788461171.100,1788461171.099,35.1835752,-97.4358183,320.19,4.6940,104.933,1.04,1.70,14,1
7,1991824048717,1788461171.296,1788461171.299,35.1835718,-97.4358085,320.11,4.7720,109.895,1.04,1.70,14,1
7,1992026662676,1788461171.498,1788461171.499,35.1835676,-97.4357987,320.10,4.9720,115.357,1.04,1.69,14,1
7,1992226434655,1788461171.698,1788461171.699,35.1835627,-97.4357892,320.04,5.1070,120.172,1.04,1.69,14,1
7,1992426102155,1788461171.898,1788461171.899,35.1835569,-97.4357802,319.96,5.1350,125.357,1.03,1.69,14,1
7,1992627130540,1788461172.099,1788461172.099,35.1835506,-97.4357718,319.96,5.1350,130.169,1.03,1.68,14,1
7,1992828264915,1788461172.300,1788461172.299,35.1835441,-97.4357633,319.96,5.3040,131.854,1.03,1.68,14,1
7,1993027911998,1788461172.499,1788461172.499,35.1835369,-97.4357550,319.91,5.5000,134.885,1.03,1.68,14,1
7,1993226847050,1788461172.698,1788461172.699,35.1835293,-97.4357464,319.86,5.7610,136.495,1.03,1.68,14,1
7,1993427271061,1788461172.899,1788461172.899,35.1835214,-97.4357378,319.88,5.8900,137.583,1.03,1.68,14,1
7,1993594196321,1788461173.066,1788461173.099,35.1835134,-97.4357291,319.91,6.0180,138.367,1.03,1.68,14,1
7,1993724710279,1788461173.196,1788461173.199,35.1835095,-97.4357244,319.85,6.1140,137.490,1.03,1.67,14,1
7,1993924635279,1788461173.396,1788461173.399,35.1835011,-97.4357152,319.84,6.3350,137.745,1.03,1.67,14,1
7,1994129892727,1788461173.601,1788461173.599,35.1834925,-97.4357058,319.82,6.4700,138.117,1.03,1.67,14,1
7,1994326995852,1788461173.798,1788461173.799,35.1834836,-97.4356963,319.79,6.5770,138.878,1.03,1.67,14,1
7,1994520143352,1788461173.992,1788461173.999,35.1834745,-97.4356865,319.74,6.7570,138.657,1.02,1.67,14,1
7,1994725463300,1788461174.197,1788461174.199,35.1834651,-97.4356765,319.74,6.8980,139.259,1.02,1.67,14,1
7,1994920850591,1788461174.392,1788461174.399,35.1834553,-97.4356665,319.74,7.1490,140.157,1.02,1.67,14,1
7,1995127225279,1788461174.599,1788461174.599,35.1834453,-97.4356563,319.72,7.2480,140.273,1.02,1.66,14,1
7,1995327930695,1788461174.799,1788461174.799,35.1834351,-97.4356460,319.72,7.2870,140.328,1.02,1.66,14,1
7,1995527396320,1788461174.999,1788461174.999,35.1834250,-97.4356356,319.69,7.3610,140.021,1.02,1.66,14,1
7,1995730933091,1788461175.202,1788461175.199,35.1834146,-97.4356252,319.64,7.4610,140.751,1.02,1.66,14,1
7,1995925936060,1788461175.397,1788461175.399,35.1834040,-97.4356150,319.60,7.4700,141.406,1.02,1.65,14,1
7,1996120463559,1788461175.592,1788461175.599,35.1833930,-97.4356048,319.55,7.6200,142.631,1.02,1.65,14,1
7,1996311562309,1788461175.783,1788461175.799,35.1833816,-97.4355949,319.55,7.6920,144.215,1.02,1.65,14,1
7,1996409269914,1788461175.881,1788461175.899,35.1833759,-97.4355900,319.54,7.6490,144.640,1.01,1.65,14,1
7,1996523948976,1788461175.995,1788461175.999,35.1833702,-97.4355852,319.53,7.6410,144.957,1.01,1.64,14,1
7,1996721561528,1788461176.193,1788461176.199,35.1833584,-97.4355759,319.49,7.7610,146.965,1.01,1.64,14,1
7,1996925945018,1788461176.397,1788461176.399,35.1833466,-97.4355672,319.47,7.6430,148.293,1.01,1.64,14,1
7,1997126495851,1788461176.598,1788461176.599,35.1833345,-97.4355590,319.43,7.6700,150.765,1.01,1.64,14,1
7,1997329385590,1788461176.801,1788461176.799,35.1833219,-97.4355512,319.42,7.7670,152.668,1.01,1.64,14,1
7,1997526851788,1788461176.998,1788461176.999,35.1833095,-97.4355436,319.35,7.7120,153.733,1.01,1.64,14,1
7,1997709843298,1788461177.181,1788461177.199,35.1832970,-97.4355369,319.32,7.5600,156.008,1.01,1.64,14,1
7,1997828620955,1788461177.300,1788461177.299,35.1832902,-97.4355341,319.32,7.6910,158.140,1.01,1.64,14,1
7,1998027376371,1788461177.499,1788461177.499,35.1832769,-97.4355287,319.20,7.7750,160.866,1.01,1.64,14,1
7,1998224876059,1788461177.696,1788461177.699,35.1832635,-97.4355237,319.18,7.7640,162.762,1.01,1.63,14,1
7,1998422409079,1788461177.894,1788461177.899,35.1832496,-97.4355197,319.15,7.8630,166.689,1.01,1.64,13,1
7,1998633831996,1788461178.105,1788461178.099,35.1832353,-97.4355161,319.16,8.0910,168.390,1.01,1.64,14,1
7,1998835143194,1788461178.307,1788461178.299,35.1832208,-97.4355133,319.16,8.0460,171.472,1.01,1.64,14,1
7,1998996181319,1788461178.468,1788461178.499,35.1832064,-97.4355115,319.07,8.0350,173.878,1.01,1.64,14,1
7,1999111334548,1788461178.583,1788461178.599,35.1831989,-97.4355107,319.08,8.1810,174.905,1.01,1.64,14,1
7,1999226686423,1788461178.698,1788461178.699,35.1831914,-97.4355103,319.07,8.2120,176.254,1.01,1.63,14,1
7,1999429944339,1788461178.901,1788461178.899,35.1831763,-97.4355098,319.06,8.3250,178.583,1.01,1.64,14,1
7,1999628626891,1788461179.100,1788461179.099,35.1831612,-97.4355091,319.01,8.3850,177.846,1.01,1.64,14,1
7,1999821294964,1788461179.293,1788461179.299,35.1831457,-97.4355088,318.93,8.5640,178.848,1.01,1.64,14,1
7,2000026347204,1788461179.498,1788461179.499,35.1831301,-97.4355086,318.89,8.6630,179.423,1.02,1.65,14,1
7,2000226656891,1788461179.698,1788461179.699,35.1831145,-97.4355091,318.77,8.6370,180.948,1.02,1.65,14,1
7,2000394108402,1788461179.866,1788461179.899,35.1830985,-97.4355088,318.76,8.8190,179.050,1.02,1.65,14,1
7,2000521908766,1788461179.993,1788461179.999,35.1830901,-97.4355090,318.74,8.9380,179.899,1.02,1.65,14,1
7,2000727623193,1788461180.199,1788461180.199,35.1830738,-97.4355090,318.75,8.9880,179.981,1.02,1.65,14,1
7,2000926576162,1788461180.398,1788461180.399,35.1830572,-97.4355088,318.75,9.1320,179.508,1.01,1.65,14,1
7,2001126592203,1788461180.598,1788461180.599,35.1830405,-97.4355088,318.72,9.2590,179.856,1.01,1.65,14,1
7,2001327818193,1788461180.799,1788461180.799,35.1830236,-97.4355092,318.63,9.3530,180.766,1.02,1.66,14,1
7,2001534290953,1788461181.006,1788461180.999,35.1830066,-97.4355094,318.61,9.3660,180.297,1.02,1.66,14,1
7,2001696074807,1788461181.168,1788461181.199,35.1829894,-97.4355095,318.62,9.4820,180.232,1.02,1.66,14,1
7,2001928231891,1788461181.400,1788461181.399,35.1829722,-97.4355094,318.61,9.5010,179.771,1.01,1.66,14,1
7,2002124993870,1788461181.596,1788461181.599,35.1829551,-97.4355096,318.53,9.4690,180.248,1.01,1.66,14,1
7,2002309805380,1788461181.781,1788461181.799,35.1829379,-97.4355097,318.44,9.5760,180.014,1.01,1.66,14,1
7,2002410214443,1788461181.882,1788461181.899,35.1829291,-97.4355096,318.45,9.6080,179.528,1.01,1.66,14,1
7,2002520785380,1788461181.992,1788461181.999,35.1829204,-97.4355097,318.45,9.6480,179.749,1.01,1.66,14,1
7,2002725021578,1788461182.197,1788461182.199,35.1829030,-97.4355092,318.45,9.6390,178.659,1.01,1.66,14,1
7,2002926775380,1788461182.398,1788461182.399,35.1828855,-97.4355091,318.42,9.6790,179.493,1.01,1.66,14,1
7,2003093331109,1788461182.565,1788461182.599,35.1828680,-97.4355088,318.39,9.6830,179.222,1.01,1.66,14,1
7,2003330818348,1788461182.802,1788461182.799,35.1828504,-97.4355085,318.38,9.7690,179.051,1.01,1.66,14,1
7,2003522641578,1788461182.994,1788461182.999,35.1828326,-97.4355082,318.34,9.8320,178.843,1.01,1.67,14,1
7,2003722305900,1788461183.194,1788461183.199,35.1828151,-97.4355078,318.29,9.7420,178.839,1.01,1.67,14,1
7,2003925379442,1788461183.397,1788461183.399,35.1827973,-97.4355075,318.27,9.8380,179.277,1.01,1.67,14,1
7,2004128530640,1788461183.600,1788461183.599,35.1827797,-97.4355077,318.22,9.7770,179.946,1.01,1.67,14,1
7,2004337751421,1788461183.809,1788461183.799,35.1827619,-97.4355080,318.16,9.8640,180.403,1.01,1.67,14,1
7,2004527724442,1788461183.999,1788461183.999,35.1827440,-97.4355078,318.14,9.8920,179.028,1.01,1.67,14,1
7,2004725060692,1788461184.197,1788461184.199,35.1827259,-97.4355074,318.18,9.9470,178.934,1.01,1.67,14,1
7,2004923390900,1788461184.395,1788461184.399,35.1827079,-97.4355076,318.13,9.9250,180.221,1.01,1.68,14,1
7,2005123878191,1788461184.595,1788461184.599,35.1826899,-97.4355079,318.07,10.0020,180.491,1.01,1.68,14,1
7,2005328931212,1788461184.800,1788461184.799,35.1826719,-97.4355078,318.05,9.9480,179.399,1.01,1.68,14,1
7,2005525901212,1788461184.997,1788461184.999,35.1826536,-97.4355077,318.07,10.1090,179.833,1.01,1.68,14,1
7,2005728441368,1788461185.200,1788461185.199,35.1826353,-97.4355073,318.06,10.0880,178.927,1.01,1.68,14,1
7,2005894836212,1788461185.366,1788461185.399,35.1826170,-97.4355073,318.04,10.1300,179.803,1.01,1.69,14,1
7,2006023806160,1788461185.495,1788461185.499,35.1826077,-97.4355074,318.08,10.1570,180.081,1.01,1.68,14,1
7,2006209421160,1788461185.681,1788461185.699,35.1825893,-97.4355076,318.04,10.2070,180.072,1.01,1.69,14,1
7,2006308312410,1788461185.780,1788461185.799,35.1825802,-97.4355080,317.98,10.1600,180.562,1.01,1.68,14,1
7,2006396492306,1788461185.868,1788461185.899,35.1825711,-97.4355083,317.92,10.1320,180.820,1.01,1.68,14,1
7,2006510915326,1788461185.982,1788461185.999,35.1825618,-97.4355082,317.92,10.1600,180.239,1.01,1.68,14,1
7,2006610768816,1788461186.082,1788461186.099,35.1825526,-97.4355084,317.85,10.2120,180.066,1.01,1.68,14,1
7,2006711599180,1788461186.183,1788461186.199,35.1825435,-97.4355083,317.86,10.1510,179.676,1.00,1.68,14,1
7,2006824653295,1788461186.296,1788461186.299,35.1825343,-97.4355085,317.81,10.1630,179.834,1.00,1.67,14,1
7,2007030854389,1788461186.502,1788461186.499,35.1825156,-97.4355083,317.81,10.3250,179.305,1.00,1.68,14,1
7,2007192985795,1788461186.664,1788461186.699,35.1824971,-97.4355082,317.77,10.2380,179.685,1.00,1.68,14,1
7,2007293690691,1788461186.765,1788461186.799,35.1824879,-97.4355086,317.71,10.2030,180.654,1.00,1.68,14,1
7,2007420088243,1788461186.892,1788461186.899,35.1824785,-97.4355086,317.68,10.3100,179.894,1.00,1.67,14,1
7,2007612394753,1788461187.084,1788461187.099,35.1824600,-97.4355086,317.62,10.3000,179.777,1.00,1.68,14,1
7,2007722264388,1788461187.194,1788461187.199,35.1824507,-97.4355087,317.63,10.2810,179.988,1.00,1.68,14,1
7,2007911784180,1788461187.383,1788461187.399,35.1824320,-97.4355088,317.58,10.3060,180.024,1.00,1.68,14,1
7,2008028196940,1788461187.500,1788461187.499,35.1824228,-97.4355092,317.55,10.2810,180.754,1.00,1.68,14,1
7,2008226457617,1788461187.698,1788461187.699,35.1824040,-97.4355094,317.54,10.3520,180.465,1.00,1.68,14,1
7,2008427926263,1788461187.899,1788461187.899,35.1823854,-97.4355096,317.52,10.3230,180.273,1.00,1.68,14,1
7,2008593285742,1788461188.065,1788461188.099,35.1823668,-97.4355097,317.50,10.2560,180.006,1.00,1.68,14,1
7,2008820414492,1788461188.292,1788461188.299,35.1823482,-97.4355097,317.52,10.2330,180.320,0.99,1.68,14,1
7,2009028622930,1788461188.500,1788461188.499,35.1823298,-97.4355099,317.49,10.2070,180.245,0.99,1.68,14,1
7,2009220319440,1788461188.692,1788461188.699,35.1823115,-97.4355099,317.48,10.1110,179.790,0.99,1.68,14,1
7,2009422135169,1788461188.894,1788461188.899,35.1822931,-97.4355099,317.47,10.1210,180.054,0.99,1.68,14,1
7,2009624388034,1788461189.096,1788461189.099,35.1822750,-97.4355099,317.47,10.0280,180.159,0.99,1.68,14,1
7,2009832222877,1788461189.304,1788461189.299,35.1822568,-97.4355100,317.45,10.0170,180.226,0.99,1.68,14,1
7,2010010366575,1788461189.482,1788461189.499,35.1822388,-97.4355100,317.44,9.9690,179.865,0.99,1.68,14,1
7,2010123574700,1788461189.595,1788461189.599,35.1822299,-97.4355101,317.43,9.8910,179.896,0.99,1.67,14,1
7,2010322185221,1788461189.794,1788461189.799,35.1822120,-97.4355100,317.38,9.9180,179.201,0.98,1.67,14,1
7,2010532582877,1788461190.004,1788461189.999,35.1821943,-97.4355099,317.36,9.7970,179.828,0.98,1.68,14,1
7,2010720305325,1788461190.192,1788461190.199,35.1821767,-97.4355098,317.31,9.7360,179.635,0.98,1.68,14,1
7,2010923735377,1788461190.395,1788461190.399,35.1821593,-97.4355095,317.25,9.6660,179.018,0.98,1.68,14,1
7,2011121306158,1788461190.593,1788461190.599,35.1821416,-97.4355095,317.27,9.7670,179.958,0.98,1.68,14,1
7,2011293493866,1788461190.765,1788461190.799,35.1821239,-97.4355095,317.24,9.8020,180.084,0.99,1.68,14,1
7,2011424224752,1788461190.896,1788461190.899,35.1821153,-97.4355098,317.21,9.6540,180.845,0.98,1.68,14,1
7,2011622197564,1788461191.094,1788461191.099,35.1820980,-97.4355096,317.19,9.5730,179.337,0.99,1.68,14,1
7,2011830265637,1788461191.302,1788461191.299,35.1820812,-97.4355097,317.11,9.3290,180.194,0.99,1.69,14,1
7,2011996355428,1788461191.468,1788461191.499,35.1820646,-97.4355107,317.00,9.2420,181.849,0.99,1.69,14,1
7,2012121065324,1788461191.593,1788461191.599,35.1820564,-97.4355110,316.91,9.2050,181.454,0.99,1.69,14,1
7,2012327004855,1788461191.798,1788461191.799,35.1820397,-97.4355104,316.99,9.1800,179.347,0.99,1.69,14,1
7,2012534659647,1788461192.006,1788461191.999,35.1820236,-97.4355100,316.96,8.8820,178.867,1.00,1.70,14,1
7,2012724488136,1788461192.196,1788461192.199,35.1820079,-97.4355099,316.92,8.7210,179.541,1.00,1.70,14,1
7,2012923275897,1788461192.395,1788461192.399,35.1819921,-97.4355098,316.93,8.7100,179.638,1.00,1.70,14,1
7,2013131223241,1788461192.603,1788461192.599,35.1819770,-97.4355096,316.90,8.3770,179.321,1.00,1.71,14,1
7,2013319956730,1788461192.791,1788461192.799,35.1819620,-97.4355093,316.85,8.3390,178.707,1.00,1.71,14,1
7,2013522201470,1788461192.994,1788461192.999,35.1819471,-97.4355091,316.85,8.2260,179.618,1.00,1.71,14,1
7,2013729330584,1788461193.201,1788461193.199,35.1819326,-97.4355088,316.88,7.9960,179.186,1.01,1.71,14,1
7,2013924845532,1788461193.396,1788461193.399,35.1819186,-97.4355085,316.82,7.8020,179.185,1.01,1.72,14,1
7,2014123071521,1788461193.595,1788461193.599,35.1819046,-97.4355088,316.73,7.8180,180.398,1.01,1.72,14,1
7,2014324726000,1788461193.796,1788461193.799,35.1818907,-97.4355088,316.73,7.6890,180.085,1.01,1.72,14,1
7,2014536191261,1788461194.008,1788461193.999,35.1818773,-97.4355085,316.74,7.3200,179.232,1.01,1.73,14,1
7,2014725512771,1788461194.197,1788461194.199,35.1818648,-97.4355085,316.76,6.9030,179.888,1.01,1.73,14,1
7,2014925741886,1788461194.397,1788461194.399,35.1818528,-97.4355085,316.74,6.6220,179.968,1.02,1.74,14,1
7,2015124085115,1788461194.596,1788461194.599,35.1818411,-97.4355083,316.75,6.4330,179.801,1.02,1.74,14,1
7,2015327401469,1788461194.799,1788461194.799,35.1818303,-97.4355084,316.81,5.9520,180.415,1.02,1.74,14,1
7,2015526859125,1788461194.998,1788461194.999,35.1818204,-97.4355091,316.70,5.5860,182.280,1.02,1.74,14,1
7,2015725034750,1788461195.197,1788461195.199,35.1818110,-97.4355097,316.55,5.2840,182.384,1.02,1.75,14,1
7,2015926785531,1788461195.398,1788461195.399,35.1818022,-97.4355102,316.58,4.7980,183.446,1.02,1.75,14,1
7,2016129630166,1788461195.601,1788461195.599,35.1817943,-97.4355113,316.51,4.4490,185.370,1.02,1.75,14,1
7,2016326562666,1788461195.798,1788461195.799,35.1817869,-97.4355131,316.43,4.2030,189.047,1.02,1.76,14,1
7,2016521525062,1788461195.993,1788461195.999,35.1817803,-97.4355157,316.32,3.8820,194.382,1.03,1.76,14,1
7,2016710996520,1788461196.182,1788461196.199,35.1817740,-97.4355185,316.22,3.6930,197.308,1.03,1.77,14,1
7,2016796330947,1788461196.268,1788461196.299,35.1817708,-97.4355194,316.39,3.6070,198.283,1.03,1.77,14,1
7,2016925938447,1788461196.397,1788461196.399,35.1817677,-97.4355209,316.29,3.6640,199.370,1.02,1.77,14,1
7,2017123616624,1788461196.595,1788461196.599,35.1817619,-97.4355245,316.18,3.6230,204.096,1.02,1.77,14,1
7,2017326085791,1788461196.798,1788461196.799,35.1817564,-97.4355288,316.14,3.6450,209.367,1.02,1.78,14,1
7,2017526713083,1788461196.998,1788461196.999,35.1817511,-97.4355331,316.15,3.5150,212.467,1.03,1.78,14,1
7,2017733180322,1788461197.205,1788461197.199,35.1817463,-97.4355379,316.03,3.4870,216.107,1.03,1.79,14,1
7,2017928181416,1788461197.400,1788461197.399,35.1817424,-97.4355430,315.91,3.1790,220.547,1.03,1.79,14,1
7,2018114975374,1788461197.586,1788461197.599,35.1817388,-97.4355488,315.88,3.3290,227.499,1.03,1.80,14,1
7,2018330937197,1788461197.802,1788461197.799,35.1817357,-97.4355549,315.85,3.3250,233.432,1.03,1.81,14,1
7,2018526097405,1788461197.998,1788461197.999,35.1817330,-97.4355614,315.79,3.3080,238.423,1.04,1.81,14,1
7,2018727338082,1788461198.199,1788461198.199,35.1817309,-97.4355681,315.78,3.3640,244.504,1.04,1.82,14,1
7,2018926870738,1788461198.398,1788461198.399,35.1817292,-97.4355746,315.88,3.1890,249.454,1.04,1.82,14,1
7,2019125998134,1788461198.597,1788461198.599,35.1817272,-97.4355820,315.92,3.5250,251.554,1.04,1.83,13,1
7,2019326532405,1788461198.798,1788461198.799,35.1817267,-97.4355899,315.97,3.7090,258.801,1.04,1.83,14,1
7,2019528959436,1788461199.000,1788461198.999,35.1817266,-97.4355980,315.93,3.6860,263.580,1.04,1.83,14,1
7,2019722553915,1788461199.194,1788461199.199,35.1817267,-97.4356061,315.95,3.7140,267.685,1.04,1.83,14,1
7,2019926525477,1788461199.398,1788461199.399,35.1817272,-97.4356142,315.94,3.7240,270.421,1.04,1.84,14,1
7,2020125924748,1788461199.597,1788461199.599,35.1817276,-97.4356230,315.97,4.0130,272.218,1.05,1.85,14,1
7,2020325882821,1788461199.797,1788461199.799,35.1817277,-97.4356318,315.91,4.0200,271.331,1.05,1.85,14,1
7,2020525628134,1788461199.997,1788461199.999,35.1817282,-97.4356411,315.88,4.2540,272.746,1.06,1.86,14,1
7,2020725221727,1788461200.197,1788461200.199,35.1817284,-97.4356511,315.90,4.5050,272.436,1.06,1.87,14,1
7,2020928405790,1788461200.400,1788461200.399,35.1817284,-97.4356614,315.88,4.6120,271.410,1.07,1.87,14,1
7,2021130779644,1788461200.602,1788461200.599,35.1817286,-97.4356722,315.84,4.8590,271.671,1.07,1.87,14,1
7,2021329445425,1788461200.801,1788461200.799,35.1817287,-97.4356831,315.82,4.9320,271.497,1.07,1.88,14,1
7,2021523910581,1788461200.995,1788461200.999,35.1817290,-97.4356947,315.79,5.2700,272.465,1.07,1.88,14,1
7,2021727353237,1788461201.199,1788461201.199,35.1817298,-97.4357064,315.69,5.3650,274.053,1.07,1.89,14,1
7,2021925866727,1788461201.397,1788461201.399,35.1817305,-97.4357185,315.69,5.5000,274.497,1.08,1.90,14,1
7,2022128531466,1788461201.600,1788461201.599,35.1817308,-97.4357313,315.60,5.7150,273.254,1.08,1.90,14,1
7,2022330454747,1788461201.802,1788461201.799,35.1817311,-97.4357444,315.51,5.9550,273.051,1.08,1.91,14,1
8,2022535751362,1788461202.007,1788461201.999,35.1817314,-97.4357578,315.43,6.1000,272.543,1.09,1.91,14,1
8,2022726705633,1788461202.198,1788461202.199,35.1817319,-97.4357716,315.36,6.2980,272.513,1.09,1.92,14,1
8,2022926676153,1788461202.398,1788461202.399,35.1817324,-97.4357859,315.33,6.5050,272.527,1.09,1.93,14,1
8,2023129692820,1788461202.601,1788461202.599,35.1817329,-97.4358007,315.39,6.7420,272.402,1.09,1.94,14,1
8,2023328100893,1788461202.800,1788461202.799,35.1817331,-97.4358154,315.37,6.6420,271.367,1.09,1.94,14,1
8,2023525576466,1788461202.997,1788461202.999,35.1817334,-97.4358305,315.36,6.8820,271.304,1.09,1.95,14,1
8,2023734854799,1788461203.206,1788461203.199,35.1817334,-97.4358461,315.28,7.1150,270.684,1.09,1.95,15,1
8,2023927447351,1788461203.399,1788461203.399,35.1817332,-97.4358624,315.16,7.3930,270.139,1.09,1.96,15,1
8,2024129022768,1788461203.601,1788461203.599,35.1817336,-97.4358787,315.08,7.4710,271.223,1.10,1.96,15,1
8,2024329743809,1788461203.801,1788461203.799,35.1817336,-97.4358950,314.99,7.4420,270.760,1.10,1.97,15,1
8,2024529428913,1788461204.001,1788461203.999,35.1817333,-97.4359120,314.92,7.6970,269.844,1.10,1.97,15,1
8,2024727753288,1788461204.199,1788461204.199,35.1817334,-97.4359292,314.86,7.7950,270.300,1.10,1.97,15,1
8,2024928357299,1788461204.400,1788461204.399,35.1817335,-97.4359462,314.83,7.7420,270.543,1.10,1.97,15,1
8,2025131223444,1788461204.603,1788461204.599,35.1817336,-97.4359636,314.76,7.9510,270.523,1.10,1.98,15,1
8,2025328819903,1788461204.800,1788461204.799,35.1817332,-97.4359814,314.69,8.0530,268.832,1.10,1.98,15,1
8,2025527617975,1788461204.999,1788461204.999,35.1817332,-97.4359990,314.65,8.0330,269.692,1.10,1.98,15,1
8,2025721775475,1788461205.193,1788461205.199,35.1817334,-97.4360168,314.64,8.0960,270.422,1.10,1.98,15,1
8,2025930789225,1788461205.402,1788461205.399,35.1817334,-97.4360345,314.63,8.0510,269.756,1.10,1.98,15,1
8,2026130088027,1788461205.602,1788461205.599,35.1817335,-97.4360523,314.64,8.0850,270.108,1.10,1.99,14,1
8,2026314017715,1788461205.786,1788461205.799,35.1817337,-97.4360703,314.64,8.2050,270.758,1.10,1.99,14,1
8,2026428784225,1788461205.900,1788461205.899,35.1817338,-97.4360792,314.61,8.1650,270.390,1.10,1.98,14,1
8,2026630336777,1788461206.102,1788461206.099,35.1817343,-97.4360973,314.68,8.2660,271.374,1.10,1.99,14,1
8,2026830814329,1788461206.302,1788461206.299,35.1817345,-97.4361151,314.59,8.1110,270.745,1.10,1.99,14,1
8,2027028902454,1788461206.500,1788461206.499,35.1817343,-97.4361329,314.57,8.0490,269.575,1.10,1.99,14,1
8,2027227595943,1788461206.699,1788461206.699,35.1817344,-97.4361506,314.50,8.0800,270.365,1.10,1.99,14,1
8,2027431422662,1788461206.903,1788461206.899,35.1817344,-97.4361684,314.52,8.0640,270.092,1.10,1.99,14,1
8,2027593313027,1788461207.065,1788461207.099,35.1817345,-97.4361861,314.53,8.0720,270.288,1.10,1.99,14,1
8,2027826096047,1788461207.298,1788461207.299,35.1817348,-97.4362035,314.48,7.9230,270.948,1.10,2.00,14,1
8,2028027946464,1788461207.499,1788461207.499,35.1817351,-97.4362207,314.48,7.8720,270.834,1.10,2.00,13,1
8,2028227716099,1788461207.699,1788461207.699,35.1817352,-97.4362380,314.49,7.8480,270.173,1.10,2.00,14,1
8,2028426343391,1788461207.898,1788461207.899,35.1817354,-97.4362553,314.54,7.8660,270.375,1.09,2.00,14,1
8,2028628242297,1788461208.100,1788461208.099,35.1817354,-97.4362726,314.48,7.8690,270.378,1.09,2.00,15,1
8,2028829805214,1788461208.301,1788461208.299,35.1817356,-97.4362898,314.48,7.8090,271.116,1.09,2.00,15,1
8,2029028082974,1788461208.500,1788461208.499,35.1817356,-97.4363069,314.46,7.7430,270.136,1.09,2.00,15,1
8,2029227102766,1788461208.699,1788461208.699,35.1817358,-97.4363240,314.50,7.7400,270.322,1.09,2.00,15,1
8,2029427090630,1788461208.899,1788461208.899,35.1817363,-97.4363404,314.57,7.4430,271.384,1.09,2.01,15,1
8,2029627884588,1788461209.099,1788461209.099,35.1817365,-97.4363569,314.57,7.4690,270.958,1.09,2.01,15,1
8,2029840411880,1788461209.312,1788461209.299,35.1817367,-97.4363734,314.60,7.5050,270.718,1.09,2.01,15,1
8,2030022481984,1788461209.494,1788461209.499,35.1817368,-97.4363898,314.59,7.4540,270.703,1.09,2.01,15,1
8,2030224609901,1788461209.696,1788461209.699,35.1817367,-97.4364058,314.47,7.2780,270.427,1.09,2.01,15,1
8,2030440430994,1788461209.912,1788461209.899,35.1817366,-97.4364216,314.43,7.1990,270.012,1.09,2.00,15,1
8,2030625179067,1788461210.097,1788461210.099,35.1817364,-97.4364372,314.49,7.0570,268.835,1.09,2.00,15,1
8,2030828710057,1788461210.300,1788461210.299,35.1817362,-97.4364528,314.50,7.0520,269.448,1.09,2.00,15,1
8,2031043471515,1788461210.515,1788461210.499,35.1817357,-97.4364682,314.50,7.0240,268.192,1.09,2.00,15,1
8,2031227925838,1788461210.699,1788461210.699,35.1817353,-97.4364836,314.53,6.9870,267.888,1.09,2.00,15,1
8,2031427467400,1788461210.899,1788461210.899,35.1817344,-97.4364988,314.52,6.8990,266.522,1.09,2.00,15,1
8,2031626694588,1788461211.098,1788461211.099,35.1817336,-97.4365138,314.56,6.8440,266.145,1.09,2.01,15,1
8,2031828565942,1788461211.300,1788461211.299,35.1817323,-97.4365287,314.58,6.7480,264.748,1.09,2.01,15,1
8,2032027643390,1788461211.499,1788461211.499,35.1817308,-97.4365434,314.52,6.7500,263.718,1.09,2.01,15,1
8,2032236432400,1788461211.708,1788461211.699,35.1817293,-97.4365578,314.52,6.5720,262.842,1.09,2.01,15,1
8,2032427738233,1788461211.899,1788461211.899,35.1817274,-97.4365720,314.63,6.5810,260.700,1.09,2.01,15,1
8,2032639423910,1788461212.111,1788461212.099,35.1817249,-97.4365863,314.59,6.6140,259.413,1.10,2.01,15,1
8,2032827938545,1788461212.299,1788461212.299,35.1817225,-97.4366001,314.61,6.4030,258.176,1.10,2.02,15,1
8,2033029691045,1788461212.501,1788461212.499,35.1817199,-97.4366137,314.61,6.3540,257.369,1.10,2.02,15,1
8,2033225195472,1788461212.697,1788461212.699,35.1817171,-97.4366271,314.64,6.2920,256.451,1.10,2.02,15,1
8,2033424652816,1788461212.896,1788461212.899,35.1817139,-97.4366405,314.57,6.2810,255.011,1.11,2.02,15,1
8,2033630987608,1788461213.102,1788461213.099,35.1817106,-97.4366539,314.56,6.3610,254.150,1.11,2.02,15,1
8,2033826570212,1788461213.298,1788461213.299,35.1817067,-97.4366673,314.47,6.3700,251.882,1.11,2.02,15,1
8,2034016278128,1788461213.488,1788461213.499,35.1817027,-97.4366807,314.43,6.4930,251.121,1.11,2.03,15,1
8,2034225398285,1788461213.697,1788461213.699,35.1816987,-97.4366943,314.43,6.5500,250.522,1.11,2.03,15,1
8,2034427842816,1788461213.899,1788461213.899,35.1816947,-97.4367077,314.32,6.4910,250.730,1.11,2.03,15,1
8,2034622066774,1788461214.094,1788461214.099,35.1816905,-97.4367215,314.25,6.6870,250.225,1.11,2.04,15,1
8,2034827214430,1788461214.299,1788461214.299,35.1816861,-97.4367353,314.23,6.7430,249.125,1.12,2.04,14,1
8,2035030238128,1788461214.502,1788461214.499,35.1816817,-97.4367492,314.21,6.7940,249.075,1.12,2.04,15,1
8,2035226310628,1788461214.698,1788461214.699,35.1816770,-97.4367631,314.21,6.8000,247.973,1.12,2.04,15,1
8,2035422144690,1788461214.894,1788461214.899,35.1816725,-97.4367771,314.23,6.8560,248.658,1.12,2.05,15,1
8,2035622246617,1788461215.094,1788461215.099,35.1816678,-97.4367914,314.20,7.0210,248.607,1.11,2.04,15,1
8,2035827159013,1788461215.299,1788461215.299,35.1816633,-97.4368060,314.13,7.0900,249.648,1.11,2.05,14,1
8,2036032099430,1788461215.504,1788461215.499,35.1816585,-97.4368203,314.13,7.0270,247.958,1.11,2.05,15,1
8,2036225524586,1788461215.697,1788461215.699,35.1816540,-97.4368349,314.14,7.0900,249.146,1.12,2.05,15,1
8,2036425032346,1788461215.897,1788461215.899,35.1816494,-97.4368498,314.07,7.2460,249.968,1.12,2.05,15,1
8,2036627203909,1788461216.099,1788461216.099,35.1816448,-97.4368646,314.05,7.2140,249.534,1.12,2.05,15,1
8,2036827235315,1788461216.299,1788461216.299,35.1816399,-97.4368792,313.99,7.1760,248.611,1.12,2.06,15,1
8,2037029044117,1788461216.501,1788461216.499,35.1816353,-97.4368939,313.97,7.1700,249.143,1.12,2.06,15,1
8,2037233090679,1788461216.705,1788461216.699,35.1816310,-97.4369082,313.96,6.9660,249.650,1.12,2.06,15,1
8,2037427213179,1788461216.899,1788461216.899,35.1816267,-97.4369228,313.92,7.0650,250.029,1.12,2.06,14,1
8,2037630732502,1788461217.102,1788461217.099,35.1816223,-97.4369377,313.89,7.1790,250.066,1.12,2.06,14,1
8,2037842015783,1788461217.314,1788461217.299,35.1816178,-97.4369523,313.90,7.0860,249.605,1.12,2.07,13,1
8,2038026091616,1788461217.498,1788461217.499,35.1816135,-97.4369674,313.83,7.2510,250.668,1.12,2.07,13,1
8,2038227136512,1788461217.699,1788461217.699,35.1816096,-97.4369824,313.78,7.1550,252.282,1.12,2.07,13,1
8,2038421493491,1788461217.893,1788461217.899,35.1816056,-97.4369974,313.78,7.1750,252.058,1.12,2.07,13,1
8,2038626752606,1788461218.098,1788461218.099,35.1816010,-97.4370123,313.73,7.2090,250.190,1.12,2.08,13,1
8,2038828847345,1788461218.300,1788461218.299,35.1815971,-97.4370273,313.69,7.2110,251.644,1.13,2.08,13,1
8,2039028531876,1788461218.500,1788461218.499,35.1815936,-97.4370426,313.69,7.2420,253.612,1.13,2.08,13,1
8,2039225978647,1788461218.697,1788461218.699,35.1815897,-97.4370575,313.68,7.0850,252.721,1.13,2.08,13,1
8,2039425538751,1788461218.897,1788461218.899,35.1815859,-97.4370723,313.62,7.0390,252.726,1.13,2.09,13,1
8,2039626291043,1788461219.098,1788461219.099,35.1815817,-97.4370875,313.54,7.2320,252.158,1.13,2.09,13,1
8,2039812888439,1788461219.284,1788461219.299,35.1815783,-97.4371024,313.50,7.0950,253.542,1.13,2.09,13,1
8,2039912584637,1788461219.384,1788461219.399,35.1815774,-97.4371095,313.72,6.8410,254.989,1.13,2.08,13,1
8,2040031074324,1788461219.503,1788461219.499,35.1815758,-97.4371171,313.76,7.0590,255.286,1.13,2.08,13,1
8,2040229834480,1788461219.701,1788461219.699,35.1815718,-97.4371322,313.70,7.2150,253.175,1.13,2.08,13,1
8,2040430289532,1788461219.902,1788461219.899,35.1815685,-97.4371473,313.66,7.1090,254.516,1.13,2.09,14,1
8,2040628063803,1788461220.100,1788461220.099,35.1815656,-97.4371626,313.65,7.1450,256.507,1.14,2.09,14,1
8,2040831650313,1788461220.303,1788461220.299,35.1815625,-97.4371781,313.59,7.2340,256.338,1.14,2.09,14,1
8,2041025121563,1788461220.497,1788461220.499,35.1815596,-97.4371936,313.56,7.1650,257.237,1.14,2.09,13,1
8,2041211779011,1788461220.683,1788461220.699,35.1815570,-97.4372088,313.62,7.0590,257.792,1.15,2.10,14,1
8,2041349955001,1788461220.821,1788461220.799,35.1815560,-97.4372165,313.60,7.1130,258.753,1.15,2.09,13,1
8,2041526293438,1788461220.998,1788461220.999,35.1815548,-97.4372316,313.77,6.9230,261.758,1.15,2.10,13,1
8,2041725751459,1788461221.197,1788461221.199,35.1815529,-97.4372466,313.77,6.9320,261.608,1.15,2.10,13,1
8,2041923370105,1788461221.395,1788461221.399,35.1815514,-97.4372615,313.76,6.7980,262.334,1.15,2.11,13,1
8,2042126935677,1788461221.598,1788461221.599,35.1815499,-97.4372762,313.67,6.7320,263.249,1.16,2.11,13,1
8,2042327086875,1788461221.799,1788461221.799,35.1815486,-97.4372908,313.66,6.6840,263.894,1.16,2.11,13,1
8,2042526537813,1788461221.998,1788461221.999,35.1815482,-97.4373049,313.67,6.4620,266.264,1.16,2.12,13,1
8,2042729245469,1788461222.201,1788461222.199,35.1815475,-97.4373190,313.59,6.3960,266.649,1.16,2.12,13,1
8,2042928020156,1788461222.400,1788461222.399,35.1815471,-97.4373330,313.57,6.3740,267.776,1.16,2.12,13,1
8,2043128991771,1788461222.600,1788461222.599,35.1815467,-97.4373466,313.53,6.1640,268.335,1.16,2.13,13,1
8,2043326865677,1788461222.798,1788461222.799,35.1815462,-97.4373601,313.55,6.1690,268.187,1.16,2.13,13,1
8,2043532133646,1788461223.004,1788461222.999,35.1815460,-97.4373733,313.54,6.0080,268.533,1.16,2.13,13,1
8,2043725716510,1788461223.197,1788461223.199,35.1815459,-97.4373864,313.55,5.9320,269.329,1.16,2.14,13,1
8,2043925466406,1788461223.397,1788461223.399,35.1815458,-97.4373992,313.55,5.8260,269.666,1.16,2.14,13,1
8,2044122806406,1788461223.594,1788461223.599,35.1815459,-97.4374114,313.57,5.5660,270.172,1.16,2.14,13,1
8,2044325078802,1788461223.797,1788461223.799,35.1815460,-97.4374235,313.54,5.4950,270.858,1.16,2.14,12,1
8,2044534524218,1788461224.006,1788461223.999,35.1815460,-97.4374353,313.57,5.3710,270.076,1.16,2.15,13,1
8,2044729490156,1788461224.201,1788461224.199,35.1815461,-97.4374465,313.56,5.0940,270.523,1.16,2.15,14,1
8,2044926126145,1788461224.398,1788461224.399,35.1815462,-97.4374573,313.55,4.8810,270.939,1.16,2.15,14,1
8,2045124633697,1788461224.596,1788461224.599,35.1815463,-97.4374676,313.61,4.6320,270.338,1.16,2.14,14,1
8,2045332653541,1788461224.804,1788461224.799,35.1815466,-97.4374772,313.52,4.4090,271.583,1.16,2.14,14,1
8,2045523927707,1788461224.995,1788461224.999,35.1815467,-97.4374863,313.51,4.0690,271.033,1.15,2.14,14,1
8,2045726433957,1788461225.198,1788461225.199,35.1815463,-97.4374948,313.46,3.8380,269.354,1.15,2.14,14,1
8,2045924985884,1788461225.396,1788461225.399,35.1815465,-97.4375023,313.41,3.4010,270.874,1.15,2.14,14,1
8,2046127426301,1788461225.599,1788461225.599,35.1815467,-97.4375090,313.43,3.0210,271.692,1.15,2.14,14,1
8,2046347723801,1788461225.819,1788461225.799,35.1815467,-97.4375154,313.53,2.8680,270.579,1.15,2.14,14,1
8,2046532473749,1788461226.004,1788461225.999,35.1815466,-97.4375209,313.52,2.4530,270.129,1.15,2.14,14,1
8,2046726696457,1788461226.198,1788461226.199,35.1815466,-97.4375259,313.57,2.2380,270.141,1.15,2.14,14,1
8,2046927377342,1788461226.399,1788461226.399,35.1815468,-97.4375299,313.67,1.7910,270.727,1.15,2.13,14,1
8,2047127243800,1788461226.599,1788461226.599,35.1815469,-97.4375333,313.75,1.4610,271.156,1.14,2.13,14,1
8,2047328280415,1788461226.800,1788461226.799,35.1815470,-97.4375359,313.73,1.1940,272.962,1.14,2.13,14,1
8,2047522020050,1788461226.994,1788461226.999,35.1815469,-97.4375381,313.77,0.9370,272.026,1.14,2.13,14,1
8,2047724773956,1788461227.196,1788461227.199,35.1815468,-97.4375395,313.81,0.6200,270.587,1.14,2.12,14,1
8,2047925311613,1788461227.397,1788461227.399,35.1815467,-97.4375406,313.81,0.4600,268.880,1.13,2.12,14,1
8,2048128844216,1788461227.600,1788461227.599,35.1815467,-97.4375414,313.82,0.3380,270.027,1.13,2.12,14,1
8,2048332826665,1788461227.804,1788461227.799,35.1815466,-97.4375422,313.86,0.3120,270.899,1.13,2.12,14,1
8,2048527175934,1788461227.999,1788461227.999,35.1815466,-97.4375433,313.90,0.4960,270.397,1.13,2.11,14,1
8,2048727856977,1788461228.199,1788461228.199,35.1815466,-97.4375450,313.91,0.7730,272.846,1.13,2.11,14,1
8,2048925769268,1788461228.397,1788461228.399,35.1815467,-97.4375473,313.94,1.0190,274.833,1.12,2.11,14,1
8,2049128549998,1788461228.600,1788461228.599,35.1815469,-97.4375501,314.00,1.2860,274.122,1.12,2.11,14,1
8,2049333424841,1788461228.805,1788461228.799,35.1815472,-97.4375534,314.03,1.4810,275.800,1.12,2.11,14,1
8,2049529148904,1788461229.001,1788461228.999,35.1815476,-97.4375569,314.05,1.6490,278.367,1.12,2.11,14,1
8,2049723685206,1788461229.195,1788461229.199,35.1815484,-97.4375611,314.12,1.9430,281.483,1.12,2.11,14,1
8,2049928637705,1788461229.400,1788461229.399,35.1815492,-97.4375658,314.16,2.1980,282.471,1.12,2.11,14,1
8,2050125340570,1788461229.597,1788461229.599,35.1815506,-97.4375709,314.15,2.4810,286.621,1.11,2.11,14,1
8,2050327392341,1788461229.799,1788461229.799,35.1815522,-97.4375763,314.21,2.6160,289.161,1.11,2.10,14,1
8,2050526651091,1788461229.998,1788461229.999,35.1815543,-97.4375819,314.24,2.8270,293.262,1.11,2.10,14,1
8,2050726577183,1788461230.198,1788461230.199,35.1815571,-97.4375876,314.32,3.0160,297.930,1.11,2.10,14,1
8,2050926744320,1788461230.398,1788461230.399,35.1815603,-97.4375932,314.39,3.1550,302.197,1.11,2.10,14,1
8,2051126542966,1788461230.598,1788461230.599,35.1815640,-97.4375987,314.43,3.2570,307.753,1.11,2.09,14,1
8,2051328286768,1788461230.800,1788461230.799,35.1815684,-97.4376037,314.48,3.3900,313.928,1.10,2.08,14,1
8,2051522023174,1788461230.994,1788461230.999,35.1815736,-97.4376083,314.50,3.6060,320.684,1.10,2.08,13,1
8,2051726033174,1788461231.198,1788461231.199,35.1815793,-97.4376125,314.53,3.7520,327.798,1.10,2.08,14,1
8,2051928282444,1788461231.400,1788461231.399,35.1815855,-97.4376161,314.50,3.8890,333.932,1.10,2.07,14,1
8,2052112609943,1788461231.584,1788461231.599,35.1815922,-97.4376192,314.46,4.1040,338.420,1.09,2.07,14,1
8,2052227794995,1788461231.699,1788461231.699,35.1815957,-97.4376204,314.46,4.1340,341.522,1.09,2.06,14,1
8,2052426944371,1788461231.898,1788461231.899,35.1816029,-97.4376225,314.51,4.1120,345.751,1.09,2.06,14,1
8,2052630323746,1788461232.102,1788461232.099,35.1816107,-97.4376236,314.58,4.3220,351.536,1.08,2.06,14,1
8,2052828003537,1788461232.299,1788461232.299,35.1816187,-97.4376241,314.57,4.4950,356.238,1.08,2.05,15,1
8,2053024594215,1788461232.496,1788461232.499,35.1816271,-97.4376244,314.60,4.6950,357.547,1.08,2.05,14,1
8,2053226594215,1788461232.698,1788461232.699,35.1816360,-97.4376247,314.64,4.9300,358.403,1.08,2.05,14,1
8,2053427394006,1788461232.899,1788461232.899,35.1816452,-97.4376249,314.68,5.1750,358.609,1.08,2.05,14,1
8,2053627199006,1788461233.099,1788461233.099,35.1816550,-97.4376252,314.71,5.4540,358.429,1.08,2.04,14,1
8,2053833249527,1788461233.305,1788461233.299,35.1816653,-97.4376252,314.76,5.7020,359.880,1.08,2.04,14,1
8,2054026817964,1788461233.498,1788461233.499,35.1816758,-97.4376252,314.80,5.8000,359.565,1.08,2.04,15,1
8,2054225455515,1788461233.697,1788461233.699,35.1816869,-97.4376251,314.79,6.1960,359.832,1.08,2.04,14,1
8,2054430876298,1788461233.902,1788461233.899,35.1816983,-97.4376250,314.79,6.3110,0.054,1.07,2.03,14,1
8,2054626988693,1788461234.098,1788461234.099,35.1817101,-97.4376250,314.77,6.6440,359.607,1.07,2.03,14,1
8,2054813186557,1788461234.285,1788461234.299,35.1817225,-97.4376249,314.79,6.8600,359.886,1.07,2.02,14,1
8,2055032668745,1788461234.504,1788461234.499,35.1817353,-97.4376250,314.81,7.1070,359.501,1.07,2.02,14,1
8,2055229047079,1788461234.701,1788461234.699,35.1817485,-97.4376249,314.82,7.3160,359.988,1.07,2.01,14,1
8,2055433199683,1788461234.905,1788461234.899,35.1817622,-97.4376249,314.84,7.6080,0.010,1.07,2.00,14,1
8,2055626282860,1788461235.098,1788461235.099,35.1817763,-97.4376248,314.87,7.8110,0.241,1.07,2.00,14,1
8,2055827992495,1788461235.299,1788461235.299,35.1817907,-97.4376247,314.88,8.0290,0.172,1.07,1.99,14,1
8,2056028426245,1788461235.500,1788461235.499,35.1818057,-97.4376245,314.95,8.3110,0.550,1.06,1.98,14,1
8,2056194946766,1788461235.666,1788461235.699,35.1818210,-97.4376242,314.97,8.4580,0.857,1.06,1.98,14,1
8,2056427755463,1788461235.899,1788461235.899,35.1818365,-97.4376241,315.05,8.5650,0.124,1.06,1.97,14,1
8,2056628330203,1788461236.100,1788461236.099,35.1818520,-97.4376240,315.15,8.5380,0.103,1.06,1.97,13,1
8,2056830629891,1788461236.302,1788461236.299,35.1818677,-97.4376240,315.21,8.6800,0.187,1.06,1.96,14,1
8,2057028444943,1788461236.500,1788461236.499,35.1818837,-97.4376241,315.27,8.8960,359.562,1.06,1.96,14,1
8,2057224570099,1788461236.696,1788461236.699,35.1819000,-97.4376241,315.34,8.9430,0.183,1.06,1.95,14,1
8,2057428723797,1788461236.900,1788461236.899,35.1819165,-97.4376239,315.35,9.1760,0.316,1.06,1.95,14,1
8,2057624601817,1788461237.096,1788461237.099,35.1819334,-97.4376238,315.38,9.3650,0.212,1.06,1.94,14,1
8,2057827584108,1788461237.299,1788461237.299,35.1819503,-97.4376234,315.37,9.3600,1.084,1.06,1.94,14,1
8,2058025396713,1788461237.497,1788461237.499,35.1819673,-97.4376232,315.39,9.4620,0.565,1.06,1.93,14,1
8,2058227766348,1788461237.699,1788461237.699,35.1819844,-97.4376232,315.49,9.4390,359.838,1.05,1.93,14,1
8,2058430231452,1788461237.902,1788461237.899,35.1820020,-97.4376233,315.57,9.7100,359.822,1.05,1.92,14,1
8,2058625749056,1788461238.097,1788461238.099,35.1820195,-97.4376232,315.66,9.6800,0.463,1.05,1.92,14,1
8,2058828434681,1788461238.300,1788461238.299,35.1820372,-97.4376231,315.80,9.7890,359.999,1.05,1.91,14,1
8,2059031790149,1788461238.503,1788461238.499,35.1820546,-97.4376230,315.81,9.6970,0.271,1.05,1.91,14,1
8,2059226037494,1788461238.698,1788461238.699,35.1820723,-97.4376231,315.89,9.7380,0.043,1.05,1.90,14,1
8,2059426366921,1788461238.898,1788461238.899,35.1820902,-97.4376230,315.98,9.8970,0.268,1.05,1.90,14,1
8,2059630573482,1788461239.102,1788461239.099,35.1821079,-97.4376228,316.05,9.7630,0.422,1.05,1.90,14,1
8,2059828114055,1788461239.300,1788461239.299,35.1821258,-97.4376227,316.10,9.9060,0.079,1.05,1.89,14,1
8,2060028017389,1788461239.500,1788461239.499,35.1821434,-97.4376226,316.08,9.7820,0.517,1.05,1.89,14,1
8,2060225619472,1788461239.697,1788461239.699,35.1821611,-97.4376224,316.16,9.8390,0.270,1.05,1.88,14,1
8,2060431318951,1788461239.903,1788461239.899,35.1821788,-97.4376222,316.19,9.8130,0.519,1.05,1.88,14,1
8,2060626614993,1788461240.098,1788461240.099,35.1821965,-97.4376220,316.20,9.7530,0.626,1.04,1.88,14,1
8,2060827617754,1788461240.299,1788461240.299,35.1822142,-97.4376220,316.29,9.7980,359.865,1.04,1.88,14,1
8,2061027646816,1788461240.499,1788461240.499,35.1822316,-97.4376220,316.33,9.6290,359.929,1.04,1.87,14,1
8,2061227714264,1788461240.699,1788461240.699,35.1822490,-97.4376218,316.45,9.5920,0.521,1.04,1.87,14,1
8,2061432899472,1788461240.904,1788461240.899,35.1822661,-97.4376218,316.58,9.4080,359.648,1.04,1.87,14,1
8,2061595222700,1788461241.067,1788461241.099,35.1822832,-97.4376216,316.63,9.4280,0.646,1.04,1.88,14,1
8,2061709995409,1788461241.181,1788461241.199,35.1822916,-97.4376216,316.68,9.3480,0.211,1.04,1.87,14,1
8,2061829378066,1788461241.301,1788461241.299,35.1823002,-97.4376216,316.72,9.3830,0.113,1.04,1.87,14,1
8,2062024141243,1788461241.496,1788461241.499,35.1823170,-97.4376215,316.76,9.3270,0.125,1.04,1.87,14,1
8,2062226421346,1788461241.698,1788461241.699,35.1823336,-97.4376211,316.78,9.1540,0.944,1.04,1.87,14,1
8,2062426158637,1788461241.898,1788461241.899,35.1823502,-97.4376210,316.89,9.1980,0.534,1.04,1.87,14,1
8,2062627721711,1788461242.099,1788461242.099,35.1823667,-97.4376206,316.93,9.1330,1.012,1.04,1.87,14,1
8,2062835664055,1788461242.307,1788461242.299,35.1823831,-97.4376202,316.97,9.0250,1.148,1.04,1.87,14,1
8,2062993814888,1788461242.465,1788461242.499,35.1823993,-97.4376200,317.01,8.9750,0.401,1.04,1.87,14,1
8,2063130354315,1788461242.602,1788461242.599,35.1824076,-97.4376198,317.08,9.0140,0.826,1.04,1.87,14,1
8,2063327546138,1788461242.799,1788461242.799,35.1824238,-97.4376196,317.18,8.9380,0.768,1.04,1.87,14,1
8,2063525213273,1788461242.997,1788461242.999,35.1824397,-97.4376193,317.28,8.7650,0.897,1.04,1.87,14,1
8,2063724359470,1788461243.196,1788461243.199,35.1824555,-97.4376191,317.42,8.7150,0.845,1.04,1.87,14,1
8,2063930777336,1788461243.402,1788461243.399,35.1824712,-97.4376189,317.46,8.6740,0.452,1.04,1.87,14,1
8,2064127457544,1788461243.599,1788461243.599,35.1824869,-97.4376187,317.46,8.7390,0.311,1.04,1.87,14,1
8,2064294266658,1788461243.766,1788461243.799,35.1825025,-97.4376184,317.52,8.6140,0.929,1.04,1.88,14,1
8,2064527624730,1788461243.999,1788461243.999,35.1825180,-97.4376180,317.56,8.5400,1.066,1.04,1.88,14,1
8,2064726018428,1788461244.198,1788461244.199,35.1825331,-97.4376177,317.60,8.3610,0.751,1.04,1.88,14,1
8,2064926587596,1788461244.398,1788461244.399,35.1825483,-97.4376175,317.68,8.3960,0.497,1.04,1.88,14,1
8,2065124923325,1788461244.596,1788461244.599,35.1825634,-97.4376173,317.74,8.3470,0.818,1.04,1.88,14,1
8,2065326762752,1788461244.798,1788461244.799,35.1825784,-97.4376171,317.81,8.2900,0.478,1.04,1.88,14,1
8,2065522558064,1788461244.994,1788461244.999,35.1825932,-97.4376168,317.87,8.1700,0.969,1.04,1.88,14,1
8,2065724265252,1788461245.196,1788461245.199,35.1826078,-97.4376166,317.91,8.1260,0.705,1.04,1.88,14,1
8,2065926029158,1788461245.398,1788461245.399,35.1826226,-97.4376164,317.92,8.2230,0.415,1.04,1.88,14,1
8,2066125973324,1788461245.597,1788461245.599,35.1826372,-97.4376162,317.99,8.0290,0.772,1.04,1.88,14,1
8,2066328091084,1788461245.800,1788461245.799,35.1826518,-97.4376160,318.09,8.0320,1.051,1.04,1.88,14,1
8,2066526488324,1788461245.998,1788461245.999,35.1826662,-97.4376157,318.08,7.9770,0.790,1.04,1.88,14,1
8,2066731046814,1788461246.203,1788461246.199,35.1826804,-97.4376155,318.14,7.8420,0.819,1.04,1.88,14,1
8,2066924869210,1788461246.396,1788461246.399,35.1826943,-97.4376152,318.17,7.6960,0.732,1.04,1.88,14,1
8,2067126347959,1788461246.598,1788461246.599,35.1827079,-97.4376151,318.25,7.4950,0.803,1.04,1.88,14,1
8,2067329435772,1788461246.801,1788461246.799,35.1827211,-97.4376148,318.29,7.3190,0.730,1.04,1.88,14,1
8,2067527113949,1788461246.999,1788461246.999,35.1827341,-97.4376146,318.33,7.1740,0.762,1.04,1.88,14,1
8,2067725369574,1788461247.197,1788461247.199,35.1827470,-97.4376145,318.39,7.0790,0.427,1.04,1.88,14,1
8,2067926234938,1788461247.398,1788461247.399,35.1827590,-97.4376143,318.45,6.6620,1.147,1.04,1.88,14,1
8,2068127744834,1788461247.599,1788461247.599,35.1827710,-97.4376141,318.50,6.6240,0.683,1.04,1.88,14,1
8,2068326715824,1788461247.798,1788461247.799,35.1827826,-97.4376139,318.55,6.4310,0.813,1.04,1.88,14,1
8,2068525749626,1788461247.997,1788461247.999,35.1827938,-97.4376138,318.62,6.1240,0.638,1.04,1.88,14,1
8,2068727034990,1788461248.199,1788461248.199,35.1828044,-97.4376135,318.67,5.8440,1.085,1.04,1.88,14,1
8,2068927489677,1788461248.399,1788461248.399,35.1828146,-97.4376134,318.72,5.5920,1.055,1.04,1.88,15,1
8,2069128844052,1788461248.600,1788461248.599,35.1828243,-97.4376133,318.80,5.3100,0.400,1.04,1.87,15,1
8,2069329728479,1788461248.801,1788461248.799,35.1828334,-97.4376133,318.83,5.0170,0.445,1.04,1.87,15,1
8,2069527940198,1788461248.999,1788461248.999,35.1828419,-97.4376131,318.85,4.7080,0.644,1.04,1.87,15,1
8,2069728696969,1788461249.200,1788461249.199,35.1828498,-97.4376131,318.86,4.3200,0.575,1.04,1.87,15,1
8,2069925182021,1788461249.397,1788461249.399,35.1828569,-97.4376130,318.81,3.9740,0.217,1.04,1.86,15,1
8,2070125919884,1788461249.597,1788461249.599,35.1828639,-97.4376129,318.85,3.8850,0.679,1.04,1.86,14,1
8,2070331408791,1788461249.803,1788461249.799,35.1828704,-97.4376127,318.80,3.6130,0.689,1.04,1.86,14,1
8,2070530612542,1788461250.002,1788461249.999,35.1828762,-97.4376127,318.84,3.2480,0.701,1.04,1.86,14,1
8,2070725625614,1788461250.197,1788461250.199,35.1828815,-97.4376125,318.88,2.8780,1.945,1.04,1.86,14,1
8,2070925818479,1788461250.397,1788461250.399,35.1828856,-97.4376124,318.85,2.3700,1.962,1.04,1.86,14,1
8,2071093960614,1788461250.565,1788461250.599,35.1828893,-97.4376126,318.79,2.1090,0.131,1.04,1.86,14,1
8,2071226876708,1788461250.698,1788461250.699,35.1828910,-97.4376125,318.83,1.9310,0.804,1.04,1.86,14,1
8,2071426779677,1788461250.898,1788461250.899,35.1828939,-97.4376124,318.88,1.5910,1.352,1.04,1.85,15,1
8,2071626908373,1788461251.098,1788461251.099,35.1828967,-97.4376122,318.93,1.4910,2.583,1.04,1.85,15,1
8,2071828141760,1788461251.300,1788461251.299,35.1828983,-97.4376122,318.98,0.8730,2.553,1.04,1.85,15,1
8,2072040525821,1788461251.512,1788461251.499,35.1829000,-97.4376120,319.06,0.9280,4.211,1.05,1.85,15,1
8,2072225011551,1788461251.696,1788461251.699,35.1829010,-97.4376121,319.08,0.5270,3.179,1.05,1.85,15,1
8,2072427832853,1788461251.899,1788461251.899,35.1829015,-97.4376123,319.11,0.3300,0.157,1.05,1.85,14,1
8,2072625436655,1788461252.097,1788461252.099,35.1829017,-97.4376123,319.08,0.1740,0.157,1.05,1.85,14,1
8,2072829742332,1788461252.301,1788461252.299,35.1829016,-97.4376123,319.05,0.0530,0.157,1.05,1.85,14,1
8,2073029706081,1788461252.501,1788461252.499,35.1829016,-97.4376123,319.05,0.0340,0.157,1.05,1.85,15,1
8,2073225431655,1788461252.697,1788461252.699,35.1829013,-97.4376123,318.99,0.0490,0.157,1.05,1.85,14,1
8,2073426466499,1788461252.898,1788461252.899,35.1829010,-97.4376125,318.92,0.0420,0.157,1.05,1.85,15,1
8,2073628220353,1788461253.100,1788461253.099,35.1829012,-97.4376126,318.88,0.2030,0.157,1.05,1.85,15,1
8,2073836249936,1788461253.308,1788461253.299,35.1829018,-97.4376126,318.88,0.3550,4.343,1.05,1.85,15,1
8,2074028718530,1788461253.500,1788461253.499,35.1829027,-97.4376126,318.84,0.5580,0.529,1.05,1.85,15,1
8,2074228650717,1788461253.700,1788461253.699,35.1829042,-97.4376123,318.84,0.7610,7.289,1.05,1.85,15,1
8,2074426850665,1788461253.898,1788461253.899,35.1829060,-97.4376122,318.88,1.0100,4.002,1.05,1.84,15,1
8,2074628609207,1788461254.100,1788461254.099,35.1829085,-97.4376121,318.88,1.3420,1.314,1.05,1.84,15,1
8,2074826806966,1788461254.298,1788461254.299,35.1829113,-97.4376121,318.88,1.5240,0.443,1.05,1.84,15,1
8,2075029942436,1788461254.501,1788461254.499,35.1829149,-97.4376119,318.88,1.9340,1.993,1.05,1.84,15,1
8,2075212486653,1788461254.684,1788461254.699,35.1829187,-97.4376116,318.90,2.0580,2.867,1.05,1.84,15,1
8,2075326546601,1788461254.798,1788461254.799,35.1829207,-97.4376113,318.94,2.1100,4.813,1.05,1.84,15,1
8,2075533949988,1788461255.005,1788461254.999,35.1829248,-97.4376106,318.96,2.2410,6.485,1.05,1.84,15,1
8,2075726224519,1788461255.198,1788461255.199,35.1829291,-97.4376094,318.95,2.4270,10.466,1.05,1.85,15,1
8,2075927947123,1788461255.399,1788461255.399,35.1829338,-97.4376077,319.00,2.6320,13.921,1.05,1.85,15,1
8,2076125693581,1788461255.597,1788461255.599,35.1829388,-97.4376058,319.02,2.8480,16.159,1.05,1.85,15,1
8,2076326065352,1788461255.798,1788461255.799,35.1829441,-97.4376036,319.04,3.0140,18.408,1.05,1.85,15,1
8,2076526786550,1788461255.998,1788461255.999,35.1829493,-97.4376005,319.00,3.1570,23.106,1.05,1.86,15,1
8,2076723285977,1788461256.195,1788461256.199,35.1829546,-97.4375970,319.02,3.2750,27.528,1.04,1.86,15,1
8,2076914128789,1788461256.386,1788461256.399,35.1829593,-97.4375924,319.03,3.3320,35.226,1.04,1.86,14,1
8,2077124628268,1788461256.596,1788461256.599,35.1829637,-97.4375869,319.00,3.4180,41.530,1.04,1.86,14,1
8,2077324667591,1788461256.796,1788461256.799,35.1829682,-97.4375813,319.03,3.5650,43.547,1.04,1.85,14,1
8,2077525307591,1788461256.997,1788461256.999,35.1829719,-97.4375745,319.07,3.7030,51.607,1.04,1.86,14,1
8,2077725583945,1788461257.197,1788461257.199,35.1829752,-97.4375672,319.09,3.8060,58.085,1.04,1.86,14,1
8,2077933588685,1788461257.405,1788461257.399,35.1829780,-97.4375593,319.13,3.9470,63.636,1.04,1.86,14,1
8,2078121256809,1788461257.593,1788461257.599,35.1829804,-97.4375510,319.08,3.9770,68.162,1.04,1.86,14,1
8,2078329416289,1788461257.801,1788461257.799,35.1829822,-97.4375421,319.14,4.1440,74.063,1.03,1.86,14,1
8,2078525895351,1788461257.997,1788461257.999,35.1829833,-97.4375333,319.26,4.0430,78.767,1.03,1.86,14,1
8,2078722325506,1788461258.194,1788461258.199,35.1829837,-97.4375239,319.22,4.2820,84.524,1.03,1.85,14,1
8,2078930795403,1788461258.402,1788461258.399,35.1829838,-97.4375139,319.22,4.5100,87.892,1.03,1.85,15,1
8,2079143669309,1788461258.615,1788461258.599,35.1829837,-97.4375037,319.19,4.6530,89.633,1.03,1.85,14,1
8,2079312518059,1788461258.784,1788461258.799,35.1829833,-97.4374935,319.23,4.6100,91.358,1.03,1.84,14,1
8,2079427852330,1788461258.899,1788461258.899,35.1829833,-97.4374882,319.31,4.6540,91.025,1.03,1.83,14,1
8,2079626963788,1788461259.098,1788461259.099,35.1829833,-97.4374772,319.24,4.9660,90.596,1.03,1.83,14,1
8,2079831626600,1788461259.303,1788461259.299,35.1829831,-97.4374659,319.29,5.1120,91.594,1.02,1.83,14,1
8,2080026896809,1788461259.498,1788461259.499,35.1829833,-97.4374538,319.29,5.4750,89.702,1.02,1.82,14,1
8,2080227301079,1788461259.699,1788461259.699,35.1829832,-97.4374416,319.33,5.4940,90.184,1.02,1.82,14,1
8,2080427006340,1788461259.898,1788461259.899,35.1829830,-97.4374291,319.33,5.6730,91.021,1.02,1.81,14,1
8,2080629264152,1788461260.101,1788461260.099,35.1829829,-97.4374162,319.36,5.9340,90.549,1.02,1.81,14,1
8,2080832224464,1788461260.304,1788461260.299,35.1829830,-97.4374030,319.32,6.0600,89.779,1.02,1.81,14,1
8,2081026703215,1788461260.498,1788461260.499,35.1829832,-97.4373892,319.28,6.3050,89.045,1.02,1.81,14,1
8,2081226901912,1788461260.698,1788461260.699,35.1829833,-97.4373748,319.30,6.6210,89.441,1.02,1.81,14,1
8,2081427347432,1788461260.899,1788461260.899,35.1829834,-97.4373596,319.29,6.8700,89.444,1.01,1.80,14,1
8,2081626429412,1788461261.098,1788461261.099,35.1829833,-97.4373442,319.31,7.0340,89.897,1.01,1.80,14,1
8,2081826614204,1788461261.298,1788461261.299,35.1829831,-97.4373285,319.34,7.1490,90.395,1.01,1.80,14,1
8,2082013507277,1788461261.485,1788461261.499,35.1829833,-97.4373122,319.36,7.4400,88.810,1.01,1.80,14,1
8,2082130640609,1788461261.602,1788461261.599,35.1829833,-97.4373040,319.33,7.4880,88.752,1.01,1.79,14,1
8,2082326056547,1788461261.798,1788461261.799,35.1829836,-97.4372871,319.32,7.7500,88.333,1.01,1.79,14,1
9,2082524896339,1788461261.996,1788461261.999,35.1829840,-97.4372699,319.33,7.8880,88.373,1.01,1.79,14,1
9,2082726846183,1788461262.198,1788461262.199,35.1829844,-97.4372523,319.36,8.0500,87.944,1.00,1.79,14,1
9,2082926795348,1788461262.398,1788461262.399,35.1829851,-97.4372344,319.36,8.2020,87.283,1.00,1.79,14,1
9,2083125387745,1788461262.597,1788461262.599,35.1829860,-97.4372162,319.38,8.3590,86.527,1.00,1.79,14,1
9,2083326125192,1788461262.798,1788461262.799,35.1829870,-97.4371977,319.38,8.4450,86.074,1.00,1.78,14,1
9,2083527426651,1788461262.999,1788461262.999,35.1829879,-97.4371790,319.43,8.5200,86.383,1.00,1.78,14,1
9,2083726874151,1788461263.198,1788461263.199,35.1829892,-97.4371601,319.45,8.6360,85.381,1.00,1.78,14,1
9,2083926675557,1788461263.398,1788461263.399,35.1829907,-97.4371410,319.45,8.7270,84.183,1.00,1.78,14,1
9,2084127932484,1788461263.599,1788461263.599,35.1829925,-97.4371218,319.47,8.8020,83.614,1.00,1.78,14,1
9,2084335160557,1788461263.807,1788461263.799,35.1829947,-97.4371025,319.50,8.8500,82.000,1.00,1.78,14,1
9,2084526521651,1788461263.998,1788461263.999,35.1829971,-97.4370831,319.54,8.9260,81.125,1.00,1.78,14,1
9,2084726022484,1788461264.198,1788461264.199,35.1829998,-97.4370635,319.58,9.0320,80.571,1.00,1.78,14,1
9,2084926949411,1788461264.398,1788461264.399,35.1830027,-97.4370439,319.58,9.0630,79.390,1.00,1.77,14,1
9,2085128334618,1788461264.600,1788461264.599,35.1830056,-97.4370243,319.62,9.0620,79.763,1.00,1.77,14,1
9,2085327248317,1788461264.799,1788461264.799,35.1830089,-97.4370045,319.67,9.2040,78.625,1.00,1.77,14,1
9,2085525909671,1788461264.997,1788461264.999,35.1830124,-97.4369847,319.70,9.2230,77.352,1.00,1.77,14,1
9,2085724977900,1788461265.196,1788461265.199,35.1830162,-97.4369651,319.68,9.1560,76.518,1.00,1.77,14,1
9,2085921900661,1788461265.393,1788461265.399,35.1830205,-97.4369454,319.77,9.3250,74.971,1.00,1.77,14,1
9,2086135410347,1788461265.607,1788461265.599,35.1830251,-97.4369257,319.79,9.3390,74.134,1.00,1.76,14,1
9,2086327866753,1788461265.799,1788461265.799,35.1830299,-97.4369059,319.85,9.3540,73.266,1.00,1.76,14,1
9,2086532061180,1788461266.004,1788461265.999,35.1830348,-97.4368861,319.92,9.4210,72.734,1.00,1.76,14,1
9,2086729501336,1788461266.201,1788461266.199,35.1830400,-97.4368663,319.93,9.4520,71.994,1.00,1.76,14,1
9,2086929448317,1788461266.401,1788461266.399,35.1830454,-97.4368467,319.98,9.4310,71.251,1.00,1.76,14,1
9,2087126066857,1788461266.598,1788461266.599,35.1830509,-97.4368271,320.03,9.4320,70.799,1.00,1.76,14,1
9,2087333172171,1788461266.805,1788461266.799,35.1830568,-97.4368075,320.05,9.5240,69.545,1.00,1.76,14,1
9,2087512659462,1788461266.984,1788461266.999,35.1830629,-97.4367878,320.06,9.5580,68.997,1.00,1.76,14,1
9,2087629308212,1788461267.101,1788461267.099,35.1830658,-97.4367782,320.06,9.4960,68.876,1.00,1.76,14,1
9,2087826373732,1788461267.298,1788461267.299,35.1830722,-97.4367589,320.09,9.5020,67.919,1.00,1.76,14,1
9,2088027592899,1788461267.499,1788461267.499,35.1830787,-97.4367395,320.10,9.5880,67.354,1.00,1.76,13,1
9,2088226662118,1788461267.698,1788461267.699,35.1830854,-97.4367202,320.12,9.5250,66.894,1.00,1.76,13,1
9,2088427238368,1788461267.899,1788461267.899,35.1830923,-97.4367009,320.11,9.6380,66.343,1.01,1.76,13,1
9,2088629646285,1788461268.101,1788461268.099,35.1830997,-97.4366819,320.11,9.5390,64.514,1.01,1.76,13,1
9,2088811653576,1788461268.283,1788461268.299,35.1831072,-97.4366634,320.07,9.4200,63.536,1.01,1.76,13,1
9,2088928845191,1788461268.400,1788461268.399,35.1831110,-97.4366539,320.12,9.5300,63.495,1.00,1.76,13,1
9,2089125006284,1788461268.596,1788461268.599,35.1831187,-97.4366353,320.16,9.5060,62.754,1.00,1.76,13,1
9,2089326985711,1788461268.798,1788461268.799,35.1831267,-97.4366168,320.21,9.5090,62.053,1.01,1.76,13,1
9,2089527040137,1788461268.999,1788461268.999,35.1831349,-97.4365986,320.29,9.4610,61.145,1.01,1.76,13,1
9,2089729400451,1788461269.201,1788461269.199,35.1831432,-97.4365805,320.35,9.4880,60.341,1.01,1.76,13,1
9,2089926754774,1788461269.398,1788461269.399,35.1831517,-97.4365623,320.38,9.5400,60.277,1.01,1.76,13,1
9,2090126509200,1788461269.598,1788461269.599,35.1831603,-97.4365445,320.44,9.3960,59.377,1.01,1.77,13,1
9,2090332116961,1788461269.804,1788461269.799,35.1831691,-97.4365268,320.46,9.4580,58.668,1.01,1.77,13,1
9,2090530910763,1788461270.002,1788461269.999,35.1831783,-97.4365092,320.50,9.4830,57.348,1.01,1.77,13,1
9,2090726920449,1788461270.198,1788461270.199,35.1831874,-97.4364918,320.49,9.4780,57.185,1.01,1.77,14,1
9,2090927439930,1788461270.399,1788461270.399,35.1831966,-97.4364743,320.49,9.4570,57.132,1.01,1.77,15,1
9,2091122802013,1788461270.594,1788461270.599,35.1832060,-97.4364569,320.56,9.4580,56.550,1.01,1.77,15,1
9,2091326734461,1788461270.798,1788461270.799,35.1832155,-97.4364396,320.59,9.4950,56.122,1.01,1.77,14,1
9,2091496890659,1788461270.968,1788461270.999,35.1832251,-97.4364225,320.55,9.4570,55.526,1.01,1.78,13,1
9,2091627624512,1788461271.099,1788461271.099,35.1832299,-97.4364139,320.60,9.4500,55.332,1.01,1.77,13,1
9,2091829437220,1788461271.301,1788461271.299,35.1832396,-97.4363970,320.70,9.3960,54.599,1.00,1.77,14,1
9,2092024856179,1788461271.496,1788461271.499,35.1832495,-97.4363799,320.69,9.4990,54.704,1.00,1.78,13,1
9,2092226809148,1788461271.698,1788461271.699,35.1832594,-97.4363631,320.71,9.4490,54.000,1.01,1.78,14,1
9,2092425115502,1788461271.897,1788461271.899,35.1832696,-97.4363464,320.71,9.4390,52.911,1.01,1.78,14,1
9,2092622610345,1788461272.094,1788461272.099,35.1832799,-97.4363302,320.77,9.3670,52.045,1.01,1.78,14,1
9,2092812338106,1788461272.284,1788461272.299,35.1832901,-97.4363142,320.79,9.2340,51.958,1.01,1.79,13,1
9,2092892636543,1788461272.364,1788461272.399,35.1832956,-97.4363062,320.81,9.4060,51.047,1.00,1.79,12,1
9,2093032932116,1788461272.504,1788461272.499,35.1833008,-97.4362982,320.76,9.3190,51.223,1.00,1.78,13,1
9,2093225010137,1788461272.696,1788461272.699,35.1833115,-97.4362823,320.72,9.2950,50.633,1.00,1.79,13,1
9,2093426538106,1788461272.898,1788461272.899,35.1833219,-97.4362663,320.64,9.2870,51.629,1.00,1.79,13,1
9,2093630424772,1788461273.102,1788461273.099,35.1833323,-97.4362507,320.57,9.1190,51.148,1.01,1.80,13,1
9,2093827798469,1788461273.299,1788461273.299,35.1833430,-97.4362354,320.56,9.0880,49.574,1.01,1.80,14,1
9,2094028443991,1788461273.500,1788461273.499,35.1833534,-97.4362204,320.61,8.9320,50.170,1.01,1.80,14,1
9,2094213134876,1788461273.685,1788461273.699,35.1833637,-97.4362056,320.64,8.8340,49.231,1.01,1.80,14,1
9,2094295312324,1788461273.767,1788461273.799,35.1833689,-97.4361984,320.70,8.8120,48.631,1.01,1.79,14,1
9,2094430298366,1788461273.902,1788461273.899,35.1833737,-97.4361912,320.74,8.6140,49.486,1.01,1.79,14,1
9,2094626457480,1788461274.098,1788461274.099,35.1833840,-97.4361773,320.79,8.4950,47.931,1.01,1.79,15,1
9,2094825857636,1788461274.297,1788461274.299,35.1833937,-97.4361636,320.84,8.2350,49.103,1.01,1.79,15,1
9,2095032881021,1788461274.504,1788461274.499,35.1834037,-97.4361505,320.93,8.1200,47.367,1.01,1.79,15,1
9,2095225244668,1788461274.697,1788461274.699,35.1834131,-97.4361370,320.82,8.0550,49.359,1.01,1.80,15,1
9,2095427188678,1788461274.899,1788461274.899,35.1834224,-97.4361238,320.70,7.9040,48.930,1.01,1.80,15,1
9,2095594390397,1788461275.066,1788461275.099,35.1834318,-97.4361112,320.73,7.7390,47.900,1.01,1.80,15,1
9,2095697490240,1788461275.169,1788461275.199,35.1834359,-97.4361045,320.66,7.6930,50.044,1.01,1.80,15,1
9,2095827435449,1788461275.299,1788461275.299,35.1834402,-97.4360980,320.58,7.5970,50.555,1.01,1.79,15,1
9,2096029879771,1788461275.501,1788461275.499,35.1834490,-97.4360855,320.55,7.4240,49.739,1.01,1.79,15,1
9,2096232975084,1788461275.704,1788461275.699,35.1834576,-97.4360736,320.56,7.2020,49.072,1.01,1.80,15,1
9,2096425148625,1788461275.897,1788461275.899,35.1834660,-97.4360622,320.63,6.9870,48.865,1.02,1.80,15,1
9,2096626680813,1788461276.098,1788461276.099,35.1834743,-97.4360508,320.67,6.8970,48.676,1.02,1.80,15,1
9,2096834967323,1788461276.306,1788461276.299,35.1834825,-97.4360402,320.77,6.6730,47.676,1.02,1.80,15,1
9,2096995737531,1788461276.467,1788461276.499,35.1834899,-97.4360299,320.81,6.2390,48.783,1.02,1.80,15,1
9,2097126039875,1788461276.598,1788461276.599,35.1834938,-97.4360250,320.90,6.2170,48.372,1.02,1.79,15,1
9,2097325348365,1788461276.797,1788461276.799,35.1835009,-97.4360151,320.86,5.9730,48.885,1.02,1.79,15,1
9,2097526099823,1788461276.998,1788461276.999,35.1835076,-97.4360057,320.86,5.6050,49.106,1.02,1.79,15,1
9,2097725460812,1788461277.197,1788461277.199,35.1835138,-97.4359969,320.83,5.2250,49.397,1.02,1.79,15,1
9,2097924912114,1788461277.396,1788461277.399,35.1835196,-97.4359890,320.85,4.8440,48.332,1.02,1.79,15,1
9,2098122802062,1788461277.594,1788461277.599,35.1835248,-97.4359816,320.83,4.3950,49.171,1.02,1.79,15,1
9,2098297186593,1788461277.769,1788461277.799,35.1835295,-97.4359749,320.85,4.0340,49.245,1.02,1.79,15,1
9,2098522688363,1788461277.994,1788461277.999,35.1835339,-97.4359691,320.90,3.5920,48.102,1.02,1.79,15,1
9,2098728560707,1788461278.200,1788461278.199,35.1835376,-97.4359640,320.93,3.0930,48.255,1.02,1.79,15,1
9,2098927479927,1788461278.399,1788461278.399,35.1835407,-97.4359592,320.86,2.7300,49.646,1.02,1.79,15,1
9,2099126144458,1788461278.598,1788461278.599,35.1835435,-97.4359554,320.91,2.3340,48.409,1.02,1.79,15,1
9,2099325544614,1788461278.797,1788461278.799,35.1835460,-97.4359525,320.91,1.9100,46.558,1.02,1.79,15,1
9,2099526910812,1788461278.998,1788461278.999,35.1835477,-97.4359501,320.95,1.4550,47.222,1.02,1.78,15,1
9,2099698831280,1788461279.170,1788461279.199,35.1835490,-97.4359483,320.94,1.0850,48.546,1.02,1.78,15,1
9,2099929243883,1788461279.401,1788461279.399,35.1835500,-97.4359471,320.94,0.7690,47.352,1.02,1.78,15,1
9,2100126115186,1788461279.598,1788461279.599,35.1835506,-97.4359463,320.94,0.4880,48.435,1.02,1.78,15,1
9,2100330614093,1788461279.802,1788461279.799,35.1835511,-97.4359457,320.93,0.3700,48.703,1.02,1.78,15,1
9,2100539629145,1788461280.011,1788461279.999,35.1835515,-97.4359451,320.90,0.3160,47.503,1.02,1.78,15,1
9,2100728182946,1788461280.200,1788461280.199,35.1835518,-97.4359448,320.88,0.2560,45.296,1.02,1.77,15,1
9,2100930391072,1788461280.402,1788461280.399,35.1835524,-97.4359438,320.84,0.5120,52.444,1.02,1.77,15,1
9,2101127557530,1788461280.599,1788461280.599,35.1835531,-97.4359426,320.82,0.6850,53.724,1.01,1.77,15,1
9,2101330215445,1788461280.802,1788461280.799,35.1835545,-97.4359409,320.75,1.0630,46.656,1.01,1.77,15,1
9,2101527614561,1788461280.999,1788461280.999,35.1835559,-97.4359390,320.82,1.1530,47.490,1.01,1.77,15,1
9,2101724423414,1788461281.196,1788461281.199,35.1835576,-97.4359368,320.78,1.3510,47.818,1.01,1.77,15,1
9,2101922887842,1788461281.394,1788461281.399,35.1835596,-97.4359339,320.78,1.6820,49.674,1.01,1.77,15,1
9,2102131392790,1788461281.603,1788461281.599,35.1835620,-97.4359307,320.79,1.9620,49.862,1.01,1.76,15,1
9,2102329208519,1788461281.801,1788461281.799,35.1835644,-97.4359269,320.76,2.1820,51.411,1.01,1.76,15,1
9,2102534239508,1788461282.006,1788461281.999,35.1835671,-97.4359227,320.78,2.3560,52.596,1.01,1.76,15,1
9,2102728281956,1788461282.200,1788461282.199,35.1835700,-97.4359180,320.76,2.7130,53.322,1.01,1.76,15,1
9,2102928566747,1788461282.400,1788461282.399,35.1835727,-97.4359125,320.72,2.9070,56.711,1.01,1.75,15,1
9,2103127858362,1788461282.599,1788461282.599,35.1835758,-97.4359067,320.66,3.1460,56.918,1.01,1.75,15,1
9,2103346798935,1788461282.818,1788461282.799,35.1835784,-97.4359002,320.72,3.3320,61.924,1.01,1.75,15,1
9,2103533174560,1788461283.005,1788461282.999,35.1835809,-97.4358933,320.73,3.4170,64.582,1.01,1.75,15,1
9,2103728104612,1788461283.200,1788461283.199,35.1835828,-97.4358858,320.70,3.5870,69.209,1.01,1.75,15,1
9,2103927544612,1788461283.399,1788461283.399,35.1835846,-97.4358776,320.65,3.8590,72.463,1.01,1.75,15,1
9,2104127572789,1788461283.599,1788461283.599,35.1835856,-97.4358686,320.59,4.1400,78.498,1.02,1.75,15,1
9,2104333782581,1788461283.805,1788461283.799,35.1835860,-97.4358591,320.58,4.3200,83.754,1.02,1.75,15,1
9,2104529864455,1788461284.001,1788461283.999,35.1835854,-97.4358492,320.58,4.4950,90.103,1.02,1.75,15,1
9,2104727484456,1788461284.199,1788461284.199,35.1835842,-97.4358390,320.60,4.7080,95.213,1.02,1.75,15,1
9,2104926888362,1788461284.398,1788461284.399,35.1835822,-97.4358288,320.58,4.7540,99.855,1.02,1.75,15,1
9,2105093496695,1788461284.565,1788461284.599,35.1835794,-97.4358187,320.57,4.7680,105.538,1.02,1.74,15,1
9,2105333890184,1788461284.805,1788461284.799,35.1835761,-97.4358089,320.52,4.8010,110.196,1.02,1.74,15,1
9,2105531575393,1788461285.003,1788461284.999,35.1835718,-97.4357992,320.48,4.9650,116.150,1.02,1.74,15,1
9,2105724649506,1788461285.196,1788461285.199,35.1835665,-97.4357899,320.50,5.1600,122.170,1.02,1.73,15,1
9,2105926732527,1788461285.398,1788461285.399,35.1835605,-97.4357810,320.46,5.1840,127.816,1.02,1.73,15,1
9,2106121455444,1788461285.593,1788461285.599,35.1835540,-97.4357724,320.35,5.3050,130.879,1.02,1.72,15,1
9,2106331581330,1788461285.803,1788461285.799,35.1835471,-97.4357632,320.33,5.6230,131.805,1.02,1.72,15,1
9,2106521376642,1788461285.993,1788461285.999,35.1835398,-97.4357543,320.28,5.7050,134.395,1.02,1.72,15,1
9,2106722069715,1788461286.194,1788461286.199,35.1835320,-97.4357450,320.24,6.0590,135.129,1.02,1.72,15,1
9,2106891933308,1788461286.363,1788461286.399,35.1835239,-97.4357359,320.23,6.1190,136.565,1.02,1.72,15,1
9,2107123214923,1788461286.595,1788461286.599,35.1835156,-97.4357265,320.22,6.2310,137.094,1.02,1.72,15,1
9,2107329445757,1788461286.801,1788461286.799,35.1835070,-97.4357166,320.21,6.5740,137.177,1.02,1.71,15,1
9,2107523136381,1788461286.995,1788461286.999,35.1834977,-97.4357067,320.25,6.8310,138.447,1.02,1.71,15,1
9,2107723069402,1788461287.195,1788461287.199,35.1834881,-97.4356968,320.22,6.9720,139.111,1.01,1.71,15,1
9,2107927482839,1788461287.399,1788461287.399,35.1834784,-97.4356864,320.20,7.1520,139.128,1.01,1.71,15,1
9,2108126795236,1788461287.598,1788461287.599,35.1834683,-97.4356760,320.21,7.2310,139.546,1.01,1.71,15,1
9,2108328354246,1788461287.800,1788461287.799,35.1834583,-97.4356654,320.12,7.3540,139.502,1.01,1.70,15,1
9,2108527488517,1788461287.999,1788461287.999,35.1834479,-97.4356552,320.04,7.4150,140.921,1.01,1.70,15,1
9,2108722427161,1788461288.194,1788461288.199,35.1834374,-97.4356448,320.01,7.4830,141.109,1.01,1.70,15,1
9,2108927327474,1788461288.399,1788461288.399,35.1834268,-97.4356343,320.00,7.5290,141.000,1.01,1.70,15,1
9,2109126022683,1788461288.598,1788461288.599,35.1834159,-97.4356239,320.01,7.7190,141.886,1.01,1.70,15,1
9,2109343333620,1788461288.815,1788461288.799,35.1834048,-97.4356136,320.00,7.7540,142.533,1.01,1.69,15,1
9,2109525301485,1788461288.997,1788461288.999,35.1833936,-97.4356034,320.02,7.7270,143.367,1.01,1.69,15,1
9,2109731429193,1788461289.203,1788461289.199,35.1833824,-97.4355938,320.01,7.5990,144.522,1.01,1.69,15,1
9,2109920922839,1788461289.392,1788461289.399,35.1833712,-97.4355842,320.03,7.5730,145.001,1.00,1.69,15,1
9,2110129265026,1788461289.601,1788461289.599,35.1833598,-97.4355751,320.02,7.5930,146.741,1.00,1.68,15,1
9,2110322893308,1788461289.794,1788461289.799,35.1833483,-97.4355667,319.98,7.4270,149.067,1.00,1.68,15,1
9,2110527015808,1788461289.999,1788461289.999,35.1833365,-97.4355590,319.95,7.4240,151.257,1.00,1.68,15,1
9,2110724714297,1788461290.196,1788461290.199,35.1833245,-97.4355516,319.96,7.4360,153.241,1.00,1.68,15,1
9,2110921375287,1788461290.393,1788461290.399,35.1833121,-97.4355449,319.89,7.4890,155.620,1.00,1.68,15,1
9,2111125930443,1788461290.597,1788461290.599,35.1832995,-97.4355391,319.91,7.4370,158.914,1.00,1.68,15,1
9,2111330382474,1788461290.802,1788461290.799,35.1832865,-97.4355339,319.87,7.5550,161.562,1.00,1.68,15,1
9,2111524195495,1788461290.996,1788461290.999,35.1832730,-97.4355296,319.85,7.6470,164.832,1.00,1.68,15,1
9,2111726983567,1788461291.198,1788461291.199,35.1832593,-97.4355258,319.85,7.7210,166.484,1.01,1.68,15,1
9,2111931990442,1788461291.403,1788461291.399,35.1832454,-97.4355223,319.84,7.8050,168.149,1.01,1.68,14,1
9,2112127592578,1788461291.599,1788461291.599,35.1832315,-97.4355196,319.92,7.7510,171.159,1.00,1.68,14,1
9,2112343092368,1788461291.815,1788461291.799,35.1832172,-97.4355176,319.87,7.9850,173.195,1.00,1.68,14,1
9,2112532531431,1788461292.004,1788461291.999,35.1832028,-97.4355158,319.83,8.0850,174.243,1.01,1.68,14,1
9,2112731489921,1788461292.203,1788461292.199,35.1831881,-97.4355146,319.81,8.1650,176.157,1.01,1.68,14,1
9,2112924773671,1788461292.396,1788461292.399,35.1831732,-97.4355137,319.77,8.2300,177.154,1.01,1.68,14,1
9,2113126900286,1788461292.598,1788461292.599,35.1831581,-97.4355127,319.75,8.3900,176.592,1.01,1.68,13,1
9,2113293462837,1788461292.765,1788461292.799,35.1831430,-97.4355120,319.70,8.4000,177.627,1.01,1.68,13,1
9,2113432595650,1788461292.904,1788461292.899,35.1831355,-97.4355119,319.60,8.4460,178.322,1.01,1.68,13,1
9,2113625583723,1788461293.097,1788461293.099,35.1831199,-97.4355111,319.59,8.6500,177.534,1.01,1.68,13,1
9,2113822147317,1788461293.294,1788461293.299,35.1831040,-97.4355105,319.55,8.7340,178.234,1.01,1.68,13,1
9,2114024275181,1788461293.496,1788461293.499,35.1830880,-97.4355105,319.47,8.8220,179.618,1.01,1.68,14,1
9,2114226227628,1788461293.698,1788461293.699,35.1830716,-97.4355102,319.47,8.9930,179.020,1.01,1.68,14,1
9,2114424310649,1788461293.896,1788461293.899,35.1830550,-97.4355098,319.48,9.1320,179.053,1.01,1.67,13,1
9,2114628385754,1788461294.100,1788461294.099,35.1830384,-97.4355097,319.42,9.2470,179.672,1.01,1.67,13,1
9,2114820158514,1788461294.292,1788461294.299,35.1830215,-97.4355093,319.42,9.3200,178.787,1.01,1.68,14,1
9,2115031241795,1788461294.503,1788461294.499,35.1830047,-97.4355094,319.41,9.2920,180.248,1.01,1.68,14,1
9,2115225552420,1788461294.697,1788461294.699,35.1829875,-97.4355094,319.44,9.4800,180.124,1.01,1.68,14,1
9,2115424757368,1788461294.896,1788461294.899,35.1829706,-97.4355097,319.41,9.3470,180.895,1.01,1.68,14,1
9,2115632432316,1788461295.104,1788461295.099,35.1829534,-97.4355099,319.40,9.5160,180.618,1.01,1.67,14,1
9,2115824860075,1788461295.296,1788461295.299,35.1829360,-97.4355101,319.40,9.6160,180.389,1.01,1.68,14,1
9,2116013563253,1788461295.485,1788461295.499,35.1829185,-97.4355103,319.39,9.6710,180.029,1.01,1.68,14,1
9,2116130280285,1788461295.602,1788461295.599,35.1829097,-97.4355103,319.38,9.6970,179.865,1.01,1.67,14,1
9,2116331481743,1788461295.803,1788461295.799,35.1828922,-97.4355105,319.36,9.7270,180.370,1.01,1.67,14,1
9,2116525825857,1788461295.997,1788461295.999,35.1828747,-97.4355103,319.32,9.6810,179.708,1.00,1.67,14,1
9,2116722292783,1788461296.194,1788461296.199,35.1828573,-97.4355103,319.28,9.6970,180.092,1.00,1.67,14,1
9,2116926384555,1788461296.398,1788461296.399,35.1828394,-97.4355103,319.28,9.8780,179.987,1.00,1.67,14,1
9,2117126636430,1788461296.598,1788461296.599,35.1828215,-97.4355102,319.28,9.8570,179.611,1.00,1.67,14,1
9,2117325805179,1788461296.797,1788461296.799,35.1828037,-97.4355102,319.26,9.8710,180.129,1.00,1.67,14,1
9,2117526678981,1788461296.998,1788461296.999,35.1827860,-97.4355103,319.26,9.7450,180.116,1.00,1.67,14,1
9,2117722638720,1788461297.194,1788461297.199,35.1827687,-97.4355105,319.23,9.6580,180.301,1.00,1.67,14,1
9,2117926463201,1788461297.398,1788461297.399,35.1827510,-97.4355104,319.24,9.7330,179.734,1.00,1.67,14,1
9,2118131415127,1788461297.603,1788461297.599,35.1827334,-97.4355102,319.23,9.7340,179.625,1.00,1.67,14,1
9,2118326812263,1788461297.798,1788461297.799,35.1827159,-97.4355104,319.22,9.7080,180.385,1.00,1.67,14,1
9,2118525244137,1788461297.997,1788461297.999,35.1826983,-97.4355102,319.27,9.6360,179.387,1.00,1.67,14,1
9,2118714096690,1788461298.186,1788461298.199,35.1826809,-97.4355104,319.24,9.6200,180.439,1.00,1.67,14,1
9,2118928533356,1788461298.400,1788461298.399,35.1826633,-97.4355101,319.28,9.6920,179.380,1.00,1.67,14,1
9,2119127341429,1788461298.599,1788461298.599,35.1826461,-97.4355100,319.20,9.5870,179.669,1.00,1.67,14,1
9,2119329013252,1788461298.800,1788461298.799,35.1826288,-97.4355100,319.14,9.5930,179.872,1.00,1.67,14,1
9,2119530784242,1788461299.002,1788461298.999,35.1826116,-97.4355101,319.10,9.5600,179.997,1.00,1.67,14,1
9,2119730945908,1788461299.202,1788461299.199,35.1825944,-97.4355100,319.07,9.5410,179.847,1.00,1.67,14,1
9,2119932129971,1788461299.404,1788461299.399,35.1825770,-97.4355101,319.03,9.6410,180.188,1.00,1.67,14,1
9,2120112266533,1788461299.584,1788461299.599,35.1825596,-97.4355100,319.03,9.6100,179.720,1.00,1.67,14,1
9,2120231141793,1788461299.703,1788461299.699,35.1825510,-97.4355097,319.04,9.4930,179.304,1.00,1.66,14,1
9,2120423048564,1788461299.895,1788461299.899,35.1825342,-97.4355098,318.96,9.3850,180.151,1.00,1.66,14,1
9,2120646371793,1788461300.118,1788461300.099,35.1825175,-97.4355096,318.92,9.2960,179.436,1.00,1.66,14,1
9,2120830935022,1788461300.302,1788461300.299,35.1825008,-97.4355096,318.93,9.1810,179.895,1.00,1.67,14,1
9,2121032962054,1788461300.504,1788461300.499,35.1824841,-97.4355091,318.94,9.2000,178.880,1.00,1.67,14,1
9,2121230449658,1788461300.702,1788461300.699,35.1824674,-97.4355089,318.94,9.2380,179.389,1.01,1.67,14,1
9,2121429052522,1788461300.901,1788461300.899,35.1824511,-97.4355088,318.91,9.0470,179.706,1.01,1.67,14,1
9,2121627948511,1788461301.099,1788461301.099,35.1824346,-97.4355088,318.90,9.0930,179.971,1.01,1.67,14,1
9,2121825533355,1788461301.297,1788461301.299,35.1824181,-97.4355087,318.89,9.1320,179.844,1.01,1.67,14,1
9,2122027482626,1788461301.499,1788461301.499,35.1824017,-97.4355089,318.84,9.1030,180.181,1.00,1.67,14,1
9,2122232686636,1788461301.704,1788461301.699,35.1823854,-97.4355089,318.82,9.0560,179.649,1.00,1.66,14,1
9,2122433082001,1788461301.905,1788461301.899,35.1823691,-97.4355089,318.79,9.0400,179.825,1.00,1.66,14,1
9,2122630388406,1788461302.102,1788461302.099,35.1823527,-97.4355090,318.76,9.0740,180.309,1.00,1.66,14,1
9,2122796736740,1788461302.268,1788461302.299,35.1823364,-97.4355092,318.72,9.0340,180.359,1.00,1.66,14,1
9,2122929544657,1788461302.401,1788461302.399,35.1823284,-97.4355092,318.70,8.9740,179.962,1.00,1.66,14,1
9,2123124608458,1788461302.596,1788461302.599,35.1823122,-97.4355093,318.70,8.9450,180.256,1.00,1.66,14,1
9,2123324105490,1788461302.796,1788461302.799,35.1822961,-97.4355093,318.67,8.9610,179.919,0.99,1.66,14,1
9,2123532218562,1788461303.004,1788461302.999,35.1822798,-97.4355095,318.67,8.9840,180.332,0.99,1.65,14,1
9,2123723382521,1788461303.195,1788461303.199,35.1822636,-97.4355095,318.64,8.9590,179.902,0.99,1.65,14,1
9,2123928740282,1788461303.400,1788461303.399,35.1822476,-97.4355095,318.62,8.8730,179.909,0.99,1.65,14,1
9,2124130902573,1788461303.602,1788461303.599,35.1822316,-97.4355095,318.68,8.7800,179.889,0.99,1.65,14,1
9,2124321942886,1788461303.793,1788461303.799,35.1822155,-97.4355094,318.67,8.9520,179.553,0.99,1.65,14,1
9,2124536446636,1788461304.008,1788461303.999,35.1821995,-97.4355093,318.63,8.8420,179.677,0.99,1.65,14,1
9,2124724770802,1788461304.196,1788461304.199,35.1821839,-97.4355091,318.62,8.6810,179.338,0.99,1.65,14,1
9,2124927662833,1788461304.399,1788461304.399,35.1821682,-97.4355091,318.61,8.6880,179.807,0.99,1.65,14,1
9,2125127220125,1788461304.599,1788461304.599,35.1821527,-97.4355088,318.61,8.5680,179.129,0.99,1.65,14,1
9,2125329645698,1788461304.801,1788461304.799,35.1821374,-97.4355085,318.58,8.5290,179.197,0.99,1.65,14,1
9,2125531176114,1788461305.003,1788461304.999,35.1821217,-97.4355084,318.62,8.6240,179.504,0.99,1.65,14,1
9,2125732407885,1788461305.204,1788461305.199,35.1821063,-97.4355082,318.62,8.5000,179.319,0.99,1.65,14,1
9,2125930082833,1788461305.402,1788461305.399,35.1820910,-97.4355081,318.60,8.4790,180.013,0.99,1.65,15,1
9,2126122942729,1788461305.594,1788461305.599,35.1820762,-97.4355085,318.57,8.2400,180.338,0.99,1.66,15,1
9,2126322183614,1788461305.794,1788461305.799,35.1820612,-97.4355080,318.57,8.3030,179.154,1.00,1.66,15,1
9,2126522203301,1788461305.994,1788461305.999,35.1820462,-97.4355080,318.58,8.3100,179.625,1.00,1.66,15,1
9,2126726011165,1788461306.197,1788461306.199,35.1820314,-97.4355081,318.58,8.1690,179.968,1.00,1.66,15,1
9,2126925434499,1788461306.397,1788461306.399,35.1820168,-97.4355085,318.58,8.0850,181.366,1.00,1.66,15,1
9,2127126028093,1788461306.598,1788461306.599,35.1820026,-97.4355090,318.53,7.9430,181.326,1.00,1.66,15,1
9,2127332583718,1788461306.804,1788461306.799,35.1819882,-97.4355094,318.50,7.9340,181.351,1.00,1.66,15,1
9,2127532056321,1788461307.004,1788461306.999,35.1819741,-97.4355092,318.51,7.7530,179.511,1.00,1.66,15,1
9,2127726731582,1788461307.198,1788461307.199,35.1819604,-97.4355088,318.52,7.5480,178.979,1.00,1.66,15,1
9,2127927033457,1788461307.399,1788461307.399,35.1819471,-97.4355089,318.44,7.4750,179.953,1.00,1.66,15,1
9,2128129118405,1788461307.601,1788461307.599,35.1819340,-97.4355086,318.41,7.3050,179.312,1.00,1.66,15,1
9,2128336978926,1788461307.808,1788461307.799,35.1819210,-97.4355085,318.38,7.2190,179.682,1.00,1.66,15,1
9,2128526880801,1788461307.998,1788461307.999,35.1819083,-97.4355083,318.35,7.0460,179.252,1.00,1.67,15,1
9,2128726054810,1788461308.198,1788461308.199,35.1818958,-97.4355079,318.41,6.8120,178.838,1.01,1.67,15,1
9,2128931843769,1788461308.403,1788461308.399,35.1818839,-97.4355079,318.42,6.5450,179.393,1.01,1.67,15,1
9,2129131089706,1788461308.603,1788461308.599,35.1818722,-97.4355077,318.46,6.4000,179.438,1.01,1.67,15,1
9,2129322252049,1788461308.794,1788461308.799,35.1818611,-97.4355075,318.49,6.0220,179.144,1.01,1.67,15,1
9,2129521763873,1788461308.993,1788461308.999,35.1818506,-97.4355076,318.51,5.8180,180.215,1.01,1.67,15,1
9,2129730872102,1788461309.202,1788461309.199,35.1818403,-97.4355074,318.55,5.5980,179.349,1.01,1.67,15,1
9,2129929363768,1788461309.401,1788461309.399,35.1818307,-97.4355075,318.52,5.3670,180.182,1.01,1.67,15,1
9,2130128381946,1788461309.600,1788461309.599,35.1818215,-97.4355079,318.53,5.0800,181.603,1.01,1.67,15,1
9,2130327195174,1788461309.799,1788461309.799,35.1818129,-97.4355082,318.52,4.7760,181.771,1.01,1.67,15,1
9,2130553490800,1788461310.025,1788461309.999,35.1818050,-97.4355081,318.51,4.2880,180.651,1.01,1.67,15,1
9,2130726171789,1788461310.198,1788461310.199,35.1817977,-97.4355085,318.49,4.0390,182.421,1.01,1.67,15,1
9,2130927228977,1788461310.399,1788461310.399,35.1817912,-97.4355087,318.41,3.6750,182.466,1.01,1.68,15,1
9,2131122975122,1788461310.594,1788461310.599,35.1817844,-97.4355096,318.46,3.6990,184.562,1.02,1.68,15,1
9,2131334187518,1788461310.806,1788461310.799,35.1817785,-97.4355109,318.41,3.3230,187.795,1.02,1.68,15,1
9,2131527160643,1788461310.999,1788461310.999,35.1817732,-97.4355126,318.36,3.0920,191.570,1.02,1.68,15,1
9,2131731829445,1788461311.203,1788461311.199,35.1817680,-97.4355149,318.36,3.0890,196.965,1.02,1.68,15,1
9,2131927964705,1788461311.399,1788461311.399,35.1817627,-97.4355171,318.43,3.0060,198.626,1.02,1.69,15,1
9,2132127339027,1788461311.599,1788461311.599,35.1817577,-97.4355203,318.41,3.1030,204.171,1.02,1.69,15,1
9,2132293597257,1788461311.765,1788461311.799,35.1817530,-97.4355235,318.47,2.8730,207.251,1.02,1.69,15,1
9,2132525974393,1788461311.997,1788461311.999,35.1817487,-97.4355275,318.45,2.9810,212.448,1.02,1.69,15,1
9,2132728030330,1788461312.200,1788461312.199,35.1817448,-97.4355321,318.37,3.0650,219.233,1.02,1.70,15,1
9,2132930925434,1788461312.402,1788461312.399,35.1817413,-97.4355381,318.37,3.2740,227.756,1.02,1.70,15,1
9,2133124334235,1788461312.596,1788461312.599,35.1817378,-97.4355441,318.51,3.2490,233.343,1.02,1.70,15,1
9,2133332946007,1788461312.804,1788461312.799,35.1817352,-97.4355502,318.51,3.1320,238.751,1.02,1.70,15,1
9,2133528139653,1788461313.000,1788461312.999,35.1817327,-97.4355567,318.46,3.2870,242.334,1.02,1.70,15,1
9,2133698260122,1788461313.170,1788461313.199,35.1817307,-97.4355635,318.48,3.2760,247.675,1.02,1.70,15,1
9,2133828427465,1788461313.300,1788461313.299,35.1817301,-97.4355672,318.40,3.3440,252.033,1.02,1.69,15,1
9,2134035786319,1788461313.507,1788461313.499,35.1817286,-97.4355747,318.43,3.5000,254.783,1.02,1.69,15,1
9,2134223088611,1788461313.695,1788461313.699,35.1817276,-97.4355822,318.48,3.4380,258.246,1.02,1.69,15,1
9,2134430983819,1788461313.902,1788461313.899,35.1817274,-97.4355902,318.50,3.6410,263.699,1.02,1.70,15,1
9,2134628997673,1788461314.100,1788461314.099,35.1817271,-97.4355983,318.49,3.6760,265.628,1.02,1.70,15,1
9,2134826984599,1788461314.298,1788461314.299,35.1817268,-97.4356069,318.50,3.8120,267.474,1.02,1.70,15,1
9,2134994470902,1788461314.466,1788461314.499,35.1817270,-97.4356160,318.56,4.1960,270.911,1.02,1.70,15,1
9,2135230427673,1788461314.702,1788461314.699,35.1817272,-97.4356253,318.61,4.2040,271.498,1.03,1.71,15,1
9,2135430943975,1788461314.902,1788461314.899,35.1817272,-97.4356349,318.67,4.3040,271.700,1.03,1.71,15,1
9,2135628495224,1788461315.100,1788461315.099,35.1817277,-97.4356450,318.68,4.6000,272.742,1.03,1.71,15,1
9,2135830218558,1788461315.302,1788461315.299,35.1817282,-97.4356554,318.77,4.7340,272.860,1.03,1.72,15,1
9,2136023973037,1788461315.495,1788461315.499,35.1817286,-97.4356661,318.72,4.9140,273.611,1.04,1.72,15,1
9,2136222640641,1788461315.694,1788461315.699,35.1817287,-97.4356778,318.65,5.2420,272.629,1.04,1.72,15,1
9,2136401803505,1788461315.873,1788461315.899,35.1817290,-97.4356896,318.63,5.3930,272.124,1.04,1.73,15,1
9,2136628827099,1788461316.100,1788461316.099,35.1817292,-97.4357021,318.65,5.6530,271.454,1.04,1.73,15,1
9,2136837098766,1788461316.309,1788461316.299,35.1817296,-97.4357148,318.67,5.7390,271.934,1.04,1.73,15,1
9,2137033665589,1788461316.505,1788461316.499,35.1817303,-97.4357281,318.70,5.9350,272.791,1.04,1.74,15,1
9,2137228412516,1788461316.700,1788461316.699,35.1817306,-97.4357420,318.68,6.2040,272.459,1.05,1.74,15,1
9,2137427754287,1788461316.899,1788461316.899,35.1817306,-97.4357564,318.63,6.4900,271.137,1.05,1.75,15,1
9,2137622176058,1788461317.094,1788461317.099,35.1817310,-97.4357710,318.59,6.6460,271.786,1.05,1.75,14,1
9,2137796662151,1788461317.268,1788461317.299,35.1817314,-97.4357864,318.51,6.9730,272.530,1.05,1.76,14,1
9,2137927283557,1788461317.399,1788461317.399,35.1817313,-97.4357943,318.56,6.9410,271.332,1.05,1.75,15,1
9,2138126157047,1788461317.598,1788461317.599,35.1817312,-97.4358101,318.58,7.1600,270.490,1.05,1.75,15,1
9,2138334972724,1788461317.806,1788461317.799,35.1817313,-97.4358265,318.59,7.4430,270.711,1.05,1.76,15,1
9,2138529243557,1788461318.001,1788461317.999,35.1817313,-97.4358434,318.51,7.6910,270.539,1.05,1.76,15,1
9,2138725276057,1788461318.197,1788461318.199,35.1817311,-97.4358606,318.42,7.7710,270.395,1.06,1.77,15,1
9,2138927975745,1788461318.399,1788461318.399,35.1817315,-97.4358779,318.45,7.8990,271.264,1.06,1.77,15,1
9,2139113654442,1788461318.585,1788461318.599,35.1817314,-97.4358956,318.44,7.9610,270.739,1.06,1.77,15,1
9,2139229541838,1788461318.701,1788461318.699,35.1817314,-97.4359047,318.41,8.1780,271.044,1.06,1.77,15,1
9,2139432004390,1788461318.903,1788461318.899,35.1817310,-97.4359231,318.43,8.3340,268.794,1.06,1.77,15,1
9,2139628595067,1788461319.100,1788461319.099,35.1817311,-97.4359415,318.41,8.3750,270.353,1.06,1.78,15,1
9,2139822891369,1788461319.294,1788461319.299,35.1817309,-97.4359601,318.33,8.4750,270.130,1.06,1.78,15,1
9,2140023554182,1788461319.495,1788461319.499,35.1817309,-97.4359787,318.34,8.4320,270.348,1.06,1.78,15,1
9,2140222936317,1788461319.694,1788461319.699,35.1817307,-97.4359975,318.30,8.5520,269.860,1.06,1.78,15,1
9,2140429697878,1788461319.901,1788461319.899,35.1817308,-97.4360165,318.32,8.5880,270.342,1.07,1.78,15,1
9,2140629226473,1788461320.101,1788461320.099,35.1817309,-97.4360354,318.31,8.5690,270.580,1.07,1.78,15,1
9,2140828738764,1788461320.300,1788461320.299,35.1817310,-97.4360539,318.30,8.3850,270.537,1.07,1.79,15,1
9,2141030748243,1788461320.502,1788461320.499,35.1817311,-97.4360725,318.23,8.4570,270.969,1.07,1.79,14,1
9,2141229178087,1788461320.701,1788461320.699,35.1817312,-97.4360910,318.24,8.3750,270.281,1.07,1.79,14,1
9,2141434412462,1788461320.906,1788461320.899,35.1817312,-97.4361093,318.26,8.2820,270.072,1.07,1.80,14,1
9,2141635636369,1788461321.107,1788461321.099,35.1817316,-97.4361272,318.26,8.1020,271.298,1.07,1.80,14,1
9,2141814252566,1788461321.286,1788461321.299,35.1817316,-97.4361451,318.21,8.0990,270.263,1.07,1.80,14,1
9,2142032945431,1788461321.504,1788461321.499,35.1817318,-97.4361629,318.22,7.9760,270.352,1.07,1.80,14,1
9,2142225655117,1788461321.697,1788461321.699,35.1817317,-97.4361804,318.24,7.8810,269.283,1.07,1.80,14,1
10,2142446580638,1788461321.918,1788461321.899,35.1817314,-97.4361974,318.11,7.7090,269.545,1.08,1.81,14,1
10,2142632692045,1788461322.104,1788461322.099,35.1817316,-97.4362146,318.11,7.7620,270.301,1.08,1.81,14,1
10,2142836391524,1788461322.308,1788461322.299,35.1817314,-97.4362316,318.03,7.7080,269.405,1.08,1.81,14,1
10,2143028682774,1788461322.500,1788461322.499,35.1817313,-97.4362485,318.00,7.6250,269.763,1.08,1.81,14,1
10,2143198230430,1788461322.670,1788461322.699,35.1817312,-97.4362650,317.97,7.5050,269.918,1.08,1.82,15,1
10,2143327771419,1788461322.799,1788461322.799,35.1817313,-97.4362734,317.91,7.5800,270.773,1.08,1.81,15,1
10,2143527830899,1788461322.999,1788461322.999,35.1817310,-97.4362900,317.92,7.5020,269.167,1.08,1.82,15,1
10,2143730455743,1788461323.202,1788461323.199,35.1817307,-97.4363063,317.83,7.3960,269.516,1.08,1.82,15,1
10,2143930882878,1788461323.402,1788461323.399,35.1817307,-97.4363225,317.80,7.3450,270.318,1.08,1.82,14,1
10,2144143984076,1788461323.615,1788461323.599,35.1817308,-97.4363387,317.82,7.2990,270.281,1.08,1.82,14,1
10,2144328934909,1788461323.800,1788461323.799,35.1817307,-97.4363546,317.83,7.2270,269.871,1.08,1.82,14,1
10,2144515285378,1788461323.987,1788461323.999,35.1817307,-97.4363703,317.79,7.0970,270.131,1.08,1.83,14,1
10,2144729054024,1788461324.201,1788461324.199,35.1817306,-97.4363859,317.78,7.0980,269.959,1.08,1.83,14,1
10,2144922955221,1788461324.394,1788461324.399,35.1817306,-97.4364015,317.76,7.0350,269.984,1.08,1.83,14,1
10,2145132886471,1788461324.604,1788461324.599,35.1817305,-97.4364166,317.69,6.9070,269.968,1.08,1.83,14,1
10,2145330898555,1788461324.802,1788461324.799,35.1817304,-97.4364317,317.63,6.9010,269.707,1.08,1.84,13,1
10,2145523449075,1788461324.995,1788461324.999,35.1817300,-97.4364468,317.58,6.8270,268.802,1.08,1.84,13,1
10,2145727939232,1788461325.199,1788461325.199,35.1817298,-97.4364617,317.59,6.7920,268.894,1.08,1.84,13,1
10,2145913788190,1788461325.385,1788461325.399,35.1817295,-97.4364766,317.58,6.7600,268.360,1.08,1.84,13,1
10,2145993629856,1788461325.465,1788461325.499,35.1817294,-97.4364840,317.61,6.6840,268.269,1.08,1.84,13,1
10,2146231135012,1788461325.703,1788461325.699,35.1817288,-97.4364984,317.56,6.5470,267.575,1.08,1.84,13,1
10,2146429620429,1788461325.901,1788461325.899,35.1817279,-97.4365127,317.58,6.4880,266.179,1.08,1.85,13,1
10,2146628325950,1788461326.100,1788461326.099,35.1817268,-97.4365267,317.67,6.3390,264.513,1.08,1.85,13,1
10,2146791134282,1788461326.263,1788461326.299,35.1817254,-97.4365407,317.68,6.3870,263.232,1.08,1.85,13,1
10,2147042864700,1788461326.514,1788461326.499,35.1817236,-97.4365548,317.74,6.4600,262.004,1.08,1.86,13,1
10,2147230340584,1788461326.702,1788461326.699,35.1817217,-97.4365688,317.86,6.4320,260.441,1.08,1.86,13,1
10,2147429846679,1788461326.901,1788461326.899,35.1817196,-97.4365827,317.92,6.4160,259.293,1.09,1.86,13,1
10,2147631815115,1788461327.103,1788461327.099,35.1817172,-97.4365966,317.83,6.4700,259.133,1.09,1.87,13,1
10,2147829235844,1788461327.301,1788461327.299,35.1817149,-97.4366100,317.68,6.2610,259.422,1.09,1.87,13,1
10,2148031984439,1788461327.503,1788461327.499,35.1817122,-97.4366235,317.62,6.2440,257.275,1.09,1.87,13,1
10,2148231350741,1788461327.703,1788461327.699,35.1817086,-97.4366370,317.64,6.3720,253.454,1.10,1.88,13,1
10,2148430417928,1788461327.902,1788461327.899,35.1817048,-97.4366507,317.57,6.5390,252.052,1.10,1.88,14,1
10,2148634735897,1788461328.106,1788461328.099,35.1817008,-97.4366644,317.48,6.5960,251.150,1.10,1.88,14,1
10,2148830127199,1788461328.302,1788461328.299,35.1816970,-97.4366782,317.47,6.6370,250.786,1.10,1.89,14,1
10,2149027777564,1788461328.499,1788461328.499,35.1816927,-97.4366921,317.47,6.7540,249.571,1.10,1.89,14,1
10,2149227294022,1788461328.699,1788461328.699,35.1816883,-97.4367062,317.42,6.8670,249.646,1.10,1.89,14,1
10,2149423508814,1788461328.895,1788461328.899,35.1816837,-97.4367205,317.39,6.9920,248.815,1.10,1.89,14,1
10,2149630598760,1788461329.102,1788461329.099,35.1816792,-97.4367347,317.37,6.9730,248.794,1.10,1.90,14,1
10,2149826319022,1788461329.298,1788461329.299,35.1816748,-97.4367492,317.39,7.0630,249.020,1.10,1.90,14,1
10,2150014502928,1788461329.486,1788461329.499,35.1816699,-97.4367638,317.38,7.2160,247.960,1.10,1.90,14,1
10,2150142011886,1788461329.613,1788461329.599,35.1816675,-97.4367712,317.37,7.2400,248.427,1.09,1.89,14,1
10,2150333555897,1788461329.805,1788461329.799,35.1816629,-97.4367861,317.39,7.2830,248.645,1.09,1.89,14,1
10,2150533762666,1788461330.005,1788461329.999,35.1816580,-97.4368012,317.38,7.4160,248.416,1.09,1.89,14,1
10,2150731784020,1788461330.203,1788461330.199,35.1816532,-97.4368166,317.36,7.5270,248.849,1.09,1.89,14,1
10,2150931902563,1788461330.403,1788461330.399,35.1816482,-97.4368320,317.34,7.5250,248.503,1.09,1.89,14,1
10,2151126473657,1788461330.598,1788461330.599,35.1816433,-97.4368477,317.26,7.6530,249.402,1.09,1.89,14,1
10,2151329437562,1788461330.801,1788461330.799,35.1816385,-97.4368635,317.19,7.6830,249.851,1.09,1.89,14,1
10,2151521402719,1788461330.993,1788461330.999,35.1816336,-97.4368793,317.21,7.6580,249.213,1.09,1.89,14,1
10,2151733637927,1788461331.205,1788461331.199,35.1816287,-97.4368951,317.17,7.6660,249.626,1.09,1.89,14,1
10,2151931231521,1788461331.403,1788461331.399,35.1816240,-97.4369111,317.15,7.7370,250.208,1.09,1.90,14,1
10,2152130076365,1788461331.602,1788461331.599,35.1816192,-97.4369272,317.10,7.7720,250.160,1.09,1.90,14,1
10,2152329613395,1788461331.801,1788461331.799,35.1816146,-97.4369434,316.93,7.8320,251.743,1.09,1.90,14,1
10,2152542951989,1788461332.014,1788461331.999,35.1816101,-97.4369597,316.85,7.8120,251.483,1.09,1.90,13,1
10,2152727207406,1788461332.199,1788461332.199,35.1816055,-97.4369759,316.84,7.7730,251.038,1.10,1.91,13,1
10,2152931147927,1788461332.403,1788461332.399,35.1816009,-97.4369923,316.74,7.8850,251.390,1.10,1.91,14,1
10,2153129985218,1788461332.601,1788461332.599,35.1815966,-97.4370084,316.77,7.7010,251.265,1.10,1.91,13,1
10,2153337866468,1788461332.809,1788461332.799,35.1815923,-97.4370245,316.76,7.7010,251.797,1.10,1.92,14,1
10,2153529952561,1788461333.001,1788461332.999,35.1815880,-97.4370407,316.73,7.8050,251.888,1.10,1.92,13,1
10,2153725995114,1788461333.197,1788461333.199,35.1815839,-97.4370566,316.73,7.5620,251.899,1.10,1.93,13,1
10,2153925051103,1788461333.397,1788461333.399,35.1815797,-97.4370725,316.63,7.5960,252.722,1.10,1.93,14,1
10,2154097921102,1788461333.569,1788461333.599,35.1815758,-97.4370882,316.62,7.4360,253.173,1.10,1.93,14,1
10,2154233857248,1788461333.705,1788461333.699,35.1815736,-97.4370960,316.66,7.4070,252.374,1.10,1.93,14,1
10,2154431868812,1788461333.903,1788461333.899,35.1815696,-97.4371114,316.64,7.3300,252.616,1.10,1.93,14,1
10,2154627400843,1788461334.099,1788461334.099,35.1815660,-97.4371267,316.63,7.2460,253.693,1.10,1.94,14,1
10,2154827914124,1788461334.299,1788461334.299,35.1815624,-97.4371420,316.62,7.1930,253.677,1.10,1.94,14,1
10,2155036147769,1788461334.508,1788461334.499,35.1815590,-97.4371571,316.61,7.1080,254.622,1.10,1.94,14,1
10,2155232260790,1788461334.704,1788461334.699,35.1815559,-97.4371719,316.70,6.9510,254.702,1.11,1.95,14,1
10,2155397928342,1788461334.869,1788461334.899,35.1815530,-97.4371866,316.66,6.9090,256.088,1.11,1.95,14,1
10,2155627592665,1788461335.099,1788461335.099,35.1815504,-97.4372017,316.60,7.0390,258.126,1.11,1.95,14,1
10,2155831331050,1788461335.303,1788461335.299,35.1815479,-97.4372166,316.57,6.9070,258.574,1.11,1.96,14,1
10,2156036437508,1788461335.508,1788461335.499,35.1815451,-97.4372314,316.50,6.9050,257.477,1.11,1.96,14,1
10,2156228408914,1788461335.700,1788461335.699,35.1815426,-97.4372461,316.45,6.8300,258.154,1.11,1.97,14,1
10,2156429775112,1788461335.901,1788461335.899,35.1815411,-97.4372607,316.41,6.7110,260.967,1.12,1.97,14,1
10,2156627030061,1788461336.099,1788461336.099,35.1815399,-97.4372752,316.33,6.6590,263.506,1.12,1.98,14,1
10,2156795304019,1788461336.267,1788461336.299,35.1815392,-97.4372895,316.32,6.5450,265.215,1.12,1.98,14,1
10,2156928392560,1788461336.400,1788461336.399,35.1815387,-97.4372964,316.32,6.4200,265.172,1.12,1.98,14,1
10,2157127558811,1788461336.599,1788461336.599,35.1815379,-97.4373103,316.28,6.2820,265.705,1.12,1.98,14,1
10,2157328516154,1788461336.800,1788461336.799,35.1815375,-97.4373240,316.32,6.2970,266.793,1.12,1.98,14,1
10,2157528362613,1788461337.000,1788461336.999,35.1815368,-97.4373377,316.38,6.2350,266.256,1.12,1.99,14,1
10,2157728705268,1788461337.200,1788461337.199,35.1815362,-97.4373514,316.40,6.2130,266.703,1.12,1.99,14,1
10,2157927919748,1788461337.399,1788461337.399,35.1815357,-97.4373650,316.50,6.1860,266.788,1.12,1.99,14,1
10,2158128236987,1788461337.600,1788461337.599,35.1815353,-97.4373782,316.44,6.0080,267.581,1.12,1.99,14,1
10,2158332175008,1788461337.804,1788461337.799,35.1815352,-97.4373914,316.50,5.9920,268.970,1.12,2.00,14,1
10,2158526528550,1788461337.998,1788461337.999,35.1815353,-97.4374044,316.48,5.8890,269.945,1.12,2.00,14,1
10,2158727184747,1788461338.199,1788461338.199,35.1815351,-97.4374170,316.46,5.7080,269.278,1.12,2.00,14,1
10,2158927116935,1788461338.399,1788461338.399,35.1815350,-97.4374291,316.44,5.5000,269.685,1.12,2.00,14,1
10,2159131669694,1788461338.603,1788461338.599,35.1815350,-97.4374409,316.37,5.3120,270.311,1.12,2.00,14,1
10,2159328113028,1788461338.800,1788461338.799,35.1815350,-97.4374520,316.27,5.0150,270.916,1.12,2.00,14,1
10,2159498212716,1788461338.970,1788461338.999,35.1815351,-97.4374628,316.33,4.8470,270.283,1.12,2.00,15,1
10,2159732526674,1788461339.204,1788461339.199,35.1815350,-97.4374730,316.34,4.5990,269.944,1.12,2.01,14,1
10,2159928299539,1788461339.400,1788461339.399,35.1815352,-97.4374828,316.48,4.4070,270.269,1.12,2.01,14,1
10,2160129127612,1788461339.601,1788461339.599,35.1815352,-97.4374919,316.51,4.0620,270.530,1.12,2.01,14,1
10,2160330143445,1788461339.802,1788461339.799,35.1815351,-97.4375003,316.48,3.7950,270.376,1.12,2.01,14,1
10,2160532594851,1788461340.004,1788461339.999,35.1815352,-97.4375081,316.47,3.4890,270.746,1.12,2.01,14,1
10,2160728786152,1788461340.200,1788461340.199,35.1815355,-97.4375149,316.48,3.0270,271.631,1.12,2.01,14,1
10,2160896487662,1788461340.368,1788461340.399,35.1815357,-97.4375211,316.49,2.8060,271.161,1.12,2.01,14,1
10,2161028115945,1788461340.500,1788461340.499,35.1815358,-97.4375237,316.54,2.5300,270.270,1.11,2.00,14,1
10,2161231384069,1788461340.703,1788461340.699,35.1815360,-97.4375286,316.61,2.1350,270.678,1.11,2.00,13,1
10,2161433264330,1788461340.905,1788461340.899,35.1815363,-97.4375325,316.65,1.7250,271.820,1.11,2.00,13,1
10,2161628006986,1788461341.099,1788461341.099,35.1815365,-97.4375359,316.67,1.4500,272.057,1.11,2.01,13,1
10,2161824098548,1788461341.296,1788461341.299,35.1815365,-97.4375387,316.69,1.2330,271.066,1.11,2.00,14,1
10,2162028455840,1788461341.500,1788461341.499,35.1815367,-97.4375408,316.68,0.9100,272.087,1.11,2.00,14,1
10,2162234658860,1788461341.706,1788461341.699,35.1815368,-97.4375423,316.72,0.6610,271.957,1.11,2.00,14,1
10,2162429330319,1788461341.901,1788461341.899,35.1815369,-97.4375434,316.80,0.4320,270.335,1.11,2.00,14,1
10,2162628751256,1788461342.100,1788461342.099,35.1815368,-97.4375442,316.80,0.3670,270.644,1.11,2.00,14,1
10,2162826770788,1788461342.298,1788461342.299,35.1815370,-97.4375450,316.83,0.3390,275.511,1.11,2.00,14,1
10,2163031341776,1788461342.503,1788461342.499,35.1815371,-97.4375458,316.89,0.3450,273.255,1.11,2.00,14,1
10,2163227412975,1788461342.699,1788461342.699,35.1815371,-97.4375470,316.88,0.5260,276.682,1.11,2.00,14,1
10,2163426715578,1788461342.898,1788461342.899,35.1815370,-97.4375487,316.93,0.7690,268.602,1.11,2.00,15,1
10,2163597391621,1788461343.069,1788461343.099,35.1815370,-97.4375507,316.92,0.9460,271.560,1.10,2.00,15,1
10,2163734709432,1788461343.206,1788461343.199,35.1815371,-97.4375521,316.87,1.1530,275.653,1.10,1.99,15,1
10,2163930486412,1788461343.402,1788461343.399,35.1815373,-97.4375551,316.82,1.3930,277.542,1.10,1.99,15,1
10,2164129866777,1788461343.601,1788461343.599,35.1815377,-97.4375585,316.89,1.5210,276.885,1.10,1.99,15,1
10,2164329133338,1788461343.801,1788461343.799,35.1815381,-97.4375624,316.86,1.8010,278.503,1.10,1.99,15,1
10,2164529661464,1788461344.001,1788461343.999,35.1815392,-97.4375667,316.91,2.0270,282.600,1.09,1.98,15,1
10,2164734178599,1788461344.206,1788461344.199,35.1815402,-97.4375713,316.82,2.2110,284.116,1.09,1.98,15,1
10,2164915607037,1788461344.387,1788461344.399,35.1815416,-97.4375765,316.83,2.4750,286.689,1.09,1.98,15,1
10,2164996517401,1788461344.468,1788461344.499,35.1815427,-97.4375793,316.81,2.6910,289.957,1.08,1.97,15,1
10,2165122802922,1788461344.594,1788461344.599,35.1815438,-97.4375822,316.84,2.7760,291.805,1.08,1.96,15,1
10,2165337074589,1788461344.809,1788461344.799,35.1815462,-97.4375880,316.85,2.9640,294.849,1.08,1.96,15,1
10,2165523313025,1788461344.995,1788461344.999,35.1815495,-97.4375936,316.85,3.1320,301.121,1.08,1.95,15,1
10,2165730531099,1788461345.202,1788461345.199,35.1815532,-97.4375991,316.85,3.2310,306.056,1.08,1.95,15,1
10,2165926796672,1788461345.398,1788461345.399,35.1815574,-97.4376046,316.88,3.3850,310.667,1.07,1.95,15,1
10,2166122846099,1788461345.594,1788461345.599,35.1815623,-97.4376097,316.90,3.6180,316.702,1.07,1.94,15,1
10,2166335658859,1788461345.807,1788461345.799,35.1815679,-97.4376143,316.90,3.7300,323.570,1.07,1.94,15,1
10,2166540420994,1788461346.012,1788461345.999,35.1815740,-97.4376184,316.95,3.8050,329.830,1.07,1.94,15,1
10,2166722854276,1788461346.194,1788461346.199,35.1815805,-97.4376217,316.89,3.9700,336.305,1.07,1.93,15,1
10,2166931084067,1788461346.403,1788461346.399,35.1815874,-97.4376242,316.97,3.9980,342.360,1.06,1.93,15,1
10,2167127443807,1788461346.599,1788461346.599,35.1815950,-97.4376259,316.98,4.2780,348.139,1.06,1.93,15,1
10,2167327296515,1788461346.799,1788461346.799,35.1816028,-97.4376270,317.00,4.3430,352.889,1.06,1.93,15,1
10,2167527465682,1788461346.999,1788461346.999,35.1816108,-97.4376275,316.98,4.4510,356.744,1.06,1.93,15,1
10,2167726019484,1788461347.198,1788461347.199,35.1816193,-97.4376278,316.99,4.6990,358.013,1.06,1.92,15,1
10,2167927547140,1788461347.399,1788461347.399,35.1816281,-97.4376278,317.03,4.8950,359.790,1.05,1.92,15,1
10,2168122621775,1788461347.594,1788461347.599,35.1816372,-97.4376276,317.03,5.0380,1.007,1.05,1.92,15,1
10,2168325270369,1788461347.797,1788461347.799,35.1816465,-97.4376274,316.98,5.2220,0.928,1.05,1.92,15,1
10,2168529166879,1788461348.001,1788461347.999,35.1816563,-97.4376273,316.98,5.4410,0.763,1.05,1.92,15,1
10,2168731029795,1788461348.203,1788461348.199,35.1816667,-97.4376272,317.03,5.7120,0.542,1.05,1.91,15,1
10,2168931788649,1788461348.403,1788461348.399,35.1816773,-97.4376270,317.00,5.8990,0.524,1.05,1.91,15,1
10,2169129442712,1788461348.601,1788461348.599,35.1816884,-97.4376270,317.03,6.1340,0.344,1.05,1.91,15,1
10,2169323801306,1788461348.795,1788461348.799,35.1817001,-97.4376270,317.03,6.4920,359.722,1.05,1.91,15,1
10,2169527742555,1788461348.999,1788461348.999,35.1817122,-97.4376271,317.06,6.6450,359.876,1.05,1.91,15,1
10,2169728984430,1788461349.200,1788461349.199,35.1817245,-97.4376271,317.04,6.8250,0.064,1.05,1.90,15,1
10,2169932528024,1788461349.404,1788461349.399,35.1817374,-97.4376271,317.05,7.0970,359.627,1.05,1.90,15,1
10,2170128785941,1788461349.600,1788461349.599,35.1817506,-97.4376271,317.06,7.2870,359.802,1.05,1.89,15,1
10,2170337020681,1788461349.809,1788461349.799,35.1817640,-97.4376271,317.09,7.4310,0.002,1.05,1.89,15,1
10,2170527550368,1788461349.999,1788461349.999,35.1817776,-97.4376271,317.08,7.5280,0.155,1.05,1.89,15,1
10,2170733568910,1788461350.205,1788461350.199,35.1817917,-97.4376271,317.10,7.7390,359.790,1.04,1.88,15,1
10,2170923067451,1788461350.395,1788461350.399,35.1818062,-97.4376270,317.14,8.0030,0.156,1.04,1.88,15,1
10,2171127707659,1788461350.599,1788461350.599,35.1818212,-97.4376270,317.16,8.2240,359.606,1.04,1.87,15,1
10,2171331876981,1788461350.803,1788461350.799,35.1818364,-97.4376269,317.19,8.4090,0.244,1.04,1.87,15,1
10,2171529186201,1788461351.001,1788461350.999,35.1818518,-97.4376268,317.24,8.4800,0.209,1.04,1.87,15,1
10,2171722523545,1788461351.194,1788461351.199,35.1818675,-97.4376265,317.23,8.7050,0.807,1.04,1.87,15,1
10,2171928795210,1788461351.400,1788461351.399,35.1818836,-97.4376264,317.28,8.8700,0.150,1.04,1.86,15,1
10,2172127814794,1788461351.599,1788461351.599,35.1819000,-97.4376267,317.41,9.0290,358.954,1.04,1.86,15,1
10,2172333966565,1788461351.805,1788461351.799,35.1819169,-97.4376265,317.44,9.2830,0.567,1.04,1.86,15,1
10,2172534512242,1788461352.006,1788461351.999,35.1819338,-97.4376264,317.49,9.3260,0.063,1.04,1.85,15,1
10,2172728728909,1788461352.200,1788461352.199,35.1819510,-97.4376263,317.48,9.4920,0.131,1.04,1.85,15,1
10,2172923137971,1788461352.395,1788461352.399,35.1819686,-97.4376263,317.54,9.7140,359.965,1.04,1.85,15,1
10,2173094284690,1788461352.566,1788461352.599,35.1819864,-97.4376264,317.61,9.8250,359.929,1.04,1.84,15,1
10,2173333666096,1788461352.805,1788461352.799,35.1820042,-97.4376265,317.60,9.8220,359.547,1.04,1.84,15,1
10,2173531003075,1788461353.002,1788461352.999,35.1820221,-97.4376266,317.63,9.9190,359.935,1.04,1.84,15,1
10,2173725590783,1788461353.197,1788461353.199,35.1820404,-97.4376264,317.64,10.1030,0.499,1.04,1.83,15,1
10,2173928304742,1788461353.400,1788461353.399,35.1820586,-97.4376264,317.72,10.0560,359.938,1.04,1.83,15,1
10,2174123277554,1788461353.595,1788461353.599,35.1820771,-97.4376264,317.70,10.2320,0.028,1.04,1.82,14,1
10,2174332132657,1788461353.804,1788461353.799,35.1820956,-97.4376262,317.76,10.1950,0.277,1.04,1.82,14,1
10,2174501965002,1788461353.973,1788461353.999,35.1821144,-97.4376261,317.75,10.4350,0.333,1.04,1.82,14,1
10,2174631499689,1788461354.103,1788461354.099,35.1821239,-97.4376260,317.78,10.4240,0.148,1.04,1.81,14,1
10,2174823107450,1788461354.295,1788461354.299,35.1821426,-97.4376258,317.78,10.3080,0.653,1.04,1.81,14,1
10,2175023039220,1788461354.495,1788461354.499,35.1821613,-97.4376256,317.83,10.2900,0.521,1.04,1.81,14,1
10,2175229348960,1788461354.701,1788461354.699,35.1821800,-97.4376254,317.85,10.3590,0.363,1.04,1.80,14,1
10,2175428060678,1788461354.900,1788461354.899,35.1821986,-97.4376250,317.92,10.2050,0.844,1.03,1.80,14,1
10,2175630842762,1788461355.102,1788461355.099,35.1822173,-97.4376246,317.90,10.3620,0.849,1.03,1.80,14,1
10,2175796560522,1788461355.268,1788461355.299,35.1822363,-97.4376242,317.96,10.4500,0.926,1.03,1.79,14,1
10,2175901876354,1788461355.373,1788461355.399,35.1822455,-97.4376240,317.99,10.2850,1.106,1.03,1.79,14,1
10,2176014134116,1788461355.486,1788461355.499,35.1822550,-97.4376240,318.13,10.3460,0.243,1.03,1.78,14,1
10,2176222125262,1788461355.694,1788461355.699,35.1822736,-97.4376238,318.19,10.2530,0.396,1.03,1.79,14,1
10,2176422895314,1788461355.894,1788461355.899,35.1822919,-97.4376237,318.22,10.1120,0.449,1.03,1.79,14,1
10,2176630149272,1788461356.102,1788461356.099,35.1823100,-97.4376233,318.25,9.9990,0.942,1.03,1.79,14,1
10,2176795237501,1788461356.267,1788461356.299,35.1823280,-97.4376230,318.27,9.9820,0.601,1.03,1.79,14,1
10,2177032234272,1788461356.504,1788461356.499,35.1823461,-97.4376226,318.29,9.9570,1.194,1.03,1.79,14,1
10,2177198343699,1788461356.670,1788461356.699,35.1823639,-97.4376220,318.33,9.8590,1.484,1.03,1.79,14,1
10,2177296728490,1788461356.768,1788461356.799,35.1823728,-97.4376218,318.35,9.8480,0.992,1.03,1.79,14,1
10,2177430407449,1788461356.902,1788461356.899,35.1823817,-97.4376216,318.38,9.7830,1.217,1.03,1.79,14,1
10,2177623894063,1788461357.095,1788461357.099,35.1823993,-97.4376211,318.39,9.7480,1.018,1.03,1.79,14,1
10,2177828192395,1788461357.300,1788461357.299,35.1824169,-97.4376208,318.47,9.6920,0.631,1.03,1.79,14,1
10,2178023240626,1788461357.495,1788461357.499,35.1824340,-97.4376204,318.52,9.4810,1.134,1.03,1.79,14,1
10,2178227096406,1788461357.699,1788461357.699,35.1824512,-97.4376197,318.56,9.4770,1.927,1.03,1.79,14,1
10,2178424861771,1788461357.896,1788461357.899,35.1824683,-97.4376192,318.60,9.4860,1.242,1.03,1.80,14,1
10,2178631665677,1788461358.103,1788461358.099,35.1824853,-97.4376189,318.63,9.3720,0.912,1.03,1.80,14,1
10,2178829077813,1788461358.301,1788461358.299,35.1825018,-97.4376184,318.67,9.1750,1.321,1.04,1.80,14,1
10,2179028116614,1788461358.500,1788461358.499,35.1825184,-97.4376180,318.65,9.1620,0.829,1.04,1.80,14,1
10,2179231508958,1788461358.703,1788461358.699,35.1825348,-97.4376178,318.74,9.0500,0.657,1.04,1.80,14,1
10,2179430597186,1788461358.902,1788461358.899,35.1825507,-97.4376176,319.00,8.6930,1.265,1.04,1.80,14,1
10,2179622725052,1788461359.094,1788461359.099,35.1825664,-97.4376172,319.12,8.6790,1.388,1.04,1.81,14,1
10,2179828672291,1788461359.300,1788461359.299,35.1825821,-97.4376168,319.14,8.6930,0.914,1.04,1.81,14,1
10,2180034880885,1788461359.506,1788461359.499,35.1825976,-97.4376163,319.19,8.5370,1.456,1.04,1.81,13,1
10,2180228439583,1788461359.700,1788461359.699,35.1826127,-97.4376159,319.25,8.3600,1.090,1.04,1.81,14,1
10,2180434167968,1788461359.906,1788461359.899,35.1826275,-97.4376156,319.29,8.2250,0.752,1.04,1.81,14,1
10,2180623078229,1788461360.095,1788461360.099,35.1826420,-97.4376152,319.35,8.0190,1.311,1.04,1.81,14,1
10,2180828043593,1788461360.300,1788461360.299,35.1826561,-97.4376150,319.36,7.7680,0.583,1.04,1.81,14,1
10,2181029798072,1788461360.501,1788461360.499,35.1826697,-97.4376146,319.38,7.5600,0.885,1.04,1.81,14,1
10,2181228406406,1788461360.700,1788461360.699,35.1826831,-97.4376144,319.44,7.3360,0.783,1.04,1.82,14,1
10,2181431657707,1788461360.903,1788461360.899,35.1826963,-97.4376140,319.41,7.3130,0.726,1.04,1.82,14,1
10,2181628145675,1788461361.100,1788461361.099,35.1827091,-97.4376136,319.45,7.0700,1.264,1.04,1.82,14,1
10,2181828820206,1788461361.300,1788461361.299,35.1827216,-97.4376132,319.46,6.9440,1.354,1.04,1.82,14,1
10,2182026680259,1788461361.498,1788461361.499,35.1827338,-97.4376128,319.44,6.7590,1.401,1.04,1.82,14,1
10,2182229506822,1788461361.701,1788461361.699,35.1827456,-97.4376126,319.47,6.5180,0.579,1.04,1.82,14,1
10,2182426456874,1788461361.898,1788461361.899,35.1827570,-97.4376124,319.56,6.2940,0.788,1.04,1.82,14,1
10,2182627358176,1788461362.099,1788461362.099,35.1827682,-97.4376120,319.58,6.1730,1.275,1.04,1.82,14,1
10,2182841007395,1788461362.312,1788461362.299,35.1827793,-97.4376117,319.65,6.1150,0.910,1.04,1.82,14,1
10,2183028474269,1788461362.500,1788461362.499,35.1827899,-97.4376114,319.70,5.8670,1.310,1.04,1.82,14,1
10,2183231787342,1788461362.703,1788461362.699,35.1828003,-97.4376110,319.70,5.7410,1.477,1.04,1.82,14,1
10,2183434396769,1788461362.906,1788461362.899,35.1828105,-97.4376108,319.75,5.6180,1.014,1.04,1.82,14,1
10,2183624941143,1788461363.096,1788461363.099,35.1828204,-97.4376107,319.81,5.4480,0.407,1.04,1.82,14,1
10,2183826700362,1788461363.298,1788461363.299,35.1828299,-97.4376104,319.81,5.2680,0.798,1.04,1.82,14,1
10,2184040443592,1788461363.512,1788461363.499,35.1828391,-97.4376102,319.81,5.0720,0.690,1.04,1.82,14,1
10,2184226954424,1788461363.698,1788461363.699,35.1828478,-97.4376101,319.90,4.7610,0.774,1.04,1.82,15,1
10,2184427803123,1788461363.899,1788461363.899,35.1828562,-97.4376099,319.90,4.6440,0.820,1.04,1.82,15,1
10,2184621930623,1788461364.093,1788461364.099,35.1828641,-97.4376097,319.97,4.3300,0.851,1.04,1.82,15,1
10,2184834334946,1788461364.306,1788461364.299,35.1828715,-97.4376094,319.98,4.0770,1.479,1.04,1.82,15,1
10,2185034662133,1788461364.506,1788461364.499,35.1828782,-97.4376090,320.08,3.6590,2.526,1.05,1.82,15,1
10,2185244282706,1788461364.716,1788461364.699,35.1828846,-97.4376087,320.12,3.5680,2.363,1.05,1.82,15,1
10,2185396630779,1788461364.868,1788461364.899,35.1828903,-97.4376084,320.19,3.1450,3.191,1.05,1.82,15,1
10,2185532864737,1788461365.004,1788461364.999,35.1828930,-97.4376083,320.19,3.0690,2.778,1.05,1.82,15,1
10,2185731469529,1788461365.203,1788461365.199,35.1828978,-97.4376081,320.24,2.6350,2.648,1.05,1.82,14,1
10,2185933075466,1788461365.405,1788461365.399,35.1829021,-97.4376079,320.35,2.3000,2.914,1.05,1.82,15,1
10,2186131241403,1788461365.603,1788461365.599,35.1829055,-97.4376078,320.43,1.8870,3.035,1.05,1.82,15,1
10,2186323324216,1788461365.795,1788461365.799,35.1829081,-97.4376077,320.44,1.3770,2.833,1.05,1.82,15,1
10,2186523485154,1788461365.995,1788461365.999,35.1829103,-97.4376076,320.44,1.1500,1.974,1.05,1.82,15,1
10,2186730521195,1788461366.202,1788461366.199,35.1829120,-97.4376074,320.42,0.9710,3.423,1.05,1.82,15,1
10,2186930343486,1788461366.402,1788461366.399,35.1829133,-97.4376072,320.42,0.6910,5.147,1.05,1.82,15,1
10,2187128816299,1788461366.600,1788461366.599,35.1829143,-97.4376071,320.48,0.4990,6.409,1.05,1.82,15,1
10,2187329388174,1788461366.801,1788461366.799,35.1829148,-97.4376072,320.52,0.2650,3.815,1.05,1.83,14,1
10,2187530517601,1788461367.002,1788461366.999,35.1829155,-97.4376072,320.56,0.2950,357.273,1.05,1.83,14,1
10,2187728113122,1788461367.200,1788461367.199,35.1829162,-97.4376073,320.62,0.3290,356.126,1.06,1.84,14,1
10,2187932682601,1788461367.404,1788461367.399,35.1829169,-97.4376073,320.65,0.3920,356.791,1.06,1.84,14,1
10,2188131420570,1788461367.603,1788461367.599,35.1829178,-97.4376073,320.62,0.4940,357.495,1.06,1.85,14,1
10,2188328943174,1788461367.800,1788461367.799,35.1829195,-97.4376075,320.75,0.8220,358.403,1.06,1.85,14,1
10,2188548485830,1788461368.020,1788461367.999,35.1829213,-97.4376074,320.82,0.9860,1.681,1.06,1.85,14,1
10,2188727044944,1788461368.199,1788461368.199,35.1829236,-97.4376074,320.88,1.1650,0.714,1.06,1.86,14,1
10,2188931130153,1788461368.403,1788461368.399,35.1829257,-97.4376071,320.79,1.2460,2.659,1.06,1.86,14,1
10,2189123319423,1788461368.595,1788461368.599,35.1829286,-97.4376066,320.80,1.6140,6.037,1.06,1.87,14,1
10,2189328268955,1788461368.800,1788461368.799,35.1829315,-97.4376058,320.76,1.6570,8.937,1.07,1.87,14,1
10,2189534672861,1788461369.006,1788461368.999,35.1829345,-97.4376051,320.81,1.6640,11.354,1.07,1.88,14,1
10,2189725043850,1788461369.197,1788461369.199,35.1829380,-97.4376039,320.86,1.9480,15.354,1.07,1.88,15,1
10,2189926893486,1788461369.398,1788461369.399,35.1829421,-97.4376025,320.87,2.3040,16.383,1.07,1.88,15,1
10,2190127830673,1788461369.599,1788461369.599,35.1829465,-97.4376007,320.89,2.5030,17.684,1.07,1.89,15,1
10,2190326469527,1788461369.798,1788461369.799,35.1829509,-97.4375983,320.94,2.6790,22.004,1.07,1.89,15,1
10,2190549348589,1788461370.021,1788461369.999,35.1829553,-97.4375953,320.97,2.7480,27.098,1.07,1.89,15,1
10,2190727031870,1788461370.199,1788461370.199,35.1829592,-97.4375916,320.91,2.7710,32.212,1.06,1.90,15,1
10,2190931706662,1788461370.403,1788461370.399,35.1829631,-97.4375875,320.97,2.8440,37.368,1.06,1.89,15,1
10,2191128758485,1788461370.600,1788461370.599,35.1829668,-97.4375830,320.97,2.9250,42.261,1.06,1.89,15,1
10,2191328548693,1788461370.800,1788461370.799,35.1829701,-97.4375776,321.01,3.0530,48.498,1.06,1.89,15,1
10,2191528287912,1788461371.000,1788461370.999,35.1829727,-97.4375718,320.93,3.0750,55.058,1.06,1.89,15,1
10,2191727842859,1788461371.199,1788461371.199,35.1829752,-97.4375656,321.01,3.2400,61.323,1.06,1.89,14,1
10,2191932617911,1788461371.404,1788461371.399,35.1829774,-97.4375589,321.05,3.3620,66.122,1.05,1.89,15,1
10,2192127442026,1788461371.599,1788461371.599,35.1829792,-97.4375521,321.02,3.3080,70.321,1.05,1.89,15,1
10,2192331763693,1788461371.803,1788461371.799,35.1829806,-97.4375445,321.02,3.5690,75.303,1.05,1.88,15,1
10,2192531272235,1788461372.003,1788461371.999,35.1829817,-97.4375370,321.06,3.4370,77.517,1.05,1.88,15,1
10,2192732663953,1788461372.204,1788461372.199,35.1829823,-97.4375294,321.03,3.4950,80.876,1.05,1.87,15,1
10,2192923171453,1788461372.395,1788461372.399,35.1829827,-97.4375214,321.04,3.6860,84.101,1.05,1.87,15,1
10,2193123522234,1788461372.595,1788461372.599,35.1829831,-97.4375131,321.05,3.7780,85.570,1.05,1.86,15,1
10,2193330083640,1788461372.802,1788461372.799,35.1829833,-97.4375042,320.99,4.0050,87.293,1.04,1.86,15,1
10,2193534045151,1788461373.006,1788461372.999,35.1829835,-97.4374953,321.03,4.0190,87.786,1.04,1.85,15,1
10,2193722172286,1788461373.194,1788461373.199,35.1829836,-97.4374858,321.02,4.2980,88.417,1.04,1.85,15,1
10,2193922572755,1788461373.394,1788461373.399,35.1829834,-97.4374759,321.03,4.4850,90.467,1.04,1.84,15,1
10,2194121250099,1788461373.593,1788461373.599,35.1829831,-97.4374657,321.00,4.6570,91.557,1.04,1.84,15,1
10,2194324185151,1788461373.796,1788461373.799,35.1829830,-97.4374551,321.05,4.8670,90.947,1.04,1.84,15,1
10,2194543766921,1788461374.015,1788461373.999,35.1829829,-97.4374441,321.05,5.0260,90.448,1.04,1.83,15,1
10,2194722609993,1788461374.194,1788461374.199,35.1829827,-97.4374324,321.08,5.3510,90.754,1.03,1.83,15,1
10,2194912716765,1788461374.384,1788461374.399,35.1829825,-97.4374202,321.07,5.5090,90.610,1.03,1.83,15,1
10,2195032273484,1788461374.504,1788461374.499,35.1829825,-97.4374139,321.05,5.5680,90.097,1.03,1.82,15,1
10,2195226082598,1788461374.698,1788461374.699,35.1829824,-97.4374012,321.05,5.7630,90.273,1.03,1.82,15,1
10,2195427825150,1788461374.899,1788461374.899,35.1829824,-97.4373881,321.03,6.0220,89.927,1.03,1.82,15,1
10,2195629403482,1788461375.101,1788461375.099,35.1829823,-97.4373744,321.03,6.2130,90.518,1.03,1.82,15,1
10,2195837062806,1788461375.309,1788461375.299,35.1829822,-97.4373605,321.04,6.3830,90.212,1.02,1.82,15,1
10,2196033628586,1788461375.505,1788461375.499,35.1829823,-97.4373460,321.07,6.5970,90.088,1.02,1.81,15,1
10,2196196856659,1788461375.668,1788461375.699,35.1829825,-97.4373313,321.12,6.7400,89.969,1.02,1.81,15,1
10,2196298089369,1788461375.770,1788461375.799,35.1829826,-97.4373237,321.19,6.8360,89.574,1.02,1.80,15,1
10,2196427998065,1788461375.899,1788461375.899,35.1829827,-97.4373160,321.19,6.9320,89.119,1.01,1.79,14,1
10,2196625098848,1788461376.097,1788461376.099,35.1829828,-97.4373005,321.19,7.1430,89.372,1.01,1.79,14,1
10,2196833511920,1788461376.305,1788461376.299,35.1829832,-97.4372845,321.20,7.2940,88.660,1.01,1.79,14,1
10,2197024769941,1788461376.496,1788461376.499,35.1829837,-97.4372681,321.19,7.4810,87.914,1.01,1.79,14,1
10,2197229353117,1788461376.701,1788461376.699,35.1829842,-97.4372514,321.22,7.6180,87.806,1.01,1.79,14,1
10,2197429926555,1788461376.901,1788461376.899,35.1829848,-97.4372341,321.24,7.8210,87.513,1.01,1.79,14,1
10,2197612293535,1788461377.084,1788461377.099,35.1829858,-97.4372166,321.25,7.9730,86.197,1.01,1.79,14,1
10,2197726115306,1788461377.198,1788461377.199,35.1829863,-97.4372077,321.26,8.0200,86.005,1.01,1.78,14,1
10,2197923181971,1788461377.395,1788461377.399,35.1829874,-97.4371898,321.29,8.1710,85.594,1.01,1.78,14,1
10,2198123434367,1788461377.595,1788461377.599,35.1829889,-97.4371715,321.31,8.3580,84.132,1.01,1.78,14,1
10,2198323340878,1788461377.795,1788461377.799,35.1829906,-97.4371531,321.34,8.4190,83.563,1.01,1.78,14,1
10,2198523912128,1788461377.995,1788461377.999,35.1829925,-97.4371344,321.36,8.5180,83.239,1.01,1.78,14,1
10,2198723842128,1788461378.195,1788461378.199,35.1829946,-97.4371155,321.40,8.6910,82.353,1.01,1.78,14,1
10,2198931853222,1788461378.403,1788461378.399,35.1829971,-97.4370964,321.44,8.7730,80.987,1.01,1.78,14,1
10,2199130928117,1788461378.602,1788461378.599,35.1829998,-97.4370772,321.48,8.8450,80.074,1.01,1.78,14,1
10,2199313433430,1788461378.785,1788461378.799,35.1830028,-97.4370579,321.52,8.9350,79.490,1.01,1.78,14,1
10,2199529940461,1788461379.001,1788461378.999,35.1830059,-97.4370384,321.56,8.9910,78.925,1.01,1.78,14,1
10,2199729964576,1788461379.201,1788461379.199,35.1830093,-97.4370189,321.55,9.0830,77.829,1.01,1.78,14,1
10,2199927498169,1788461379.399,1788461379.399,35.1830129,-97.4369992,321.57,9.1440,77.565,1.01,1.78,14,1
10,2200122481242,1788461379.594,1788461379.599,35.1830168,-97.4369796,321.56,9.1570,75.994,1.01,1.77,14,1
10,2200326058117,1788461379.798,1788461379.799,35.1830208,-97.4369601,321.59,9.1240,75.799,1.01,1.77,14,1
10,2200527997909,1788461379.999,1788461379.999,35.1830251,-97.4369407,321.61,9.1600,74.678,1.01,1.77,14,1
10,2200724291971,1788461380.196,1788461380.199,35.1830298,-97.4369212,321.60,9.2160,73.430,1.01,1.77,14,1
10,2200927251033,1788461380.399,1788461380.399,35.1830343,-97.4369018,321.56,9.1660,73.743,1.01,1.77,14,1
10,2201127860408,1788461380.599,1788461380.599,35.1830391,-97.4368827,321.68,9.0810,73.014,1.01,1.77,14,1
10,2201330245669,1788461380.802,1788461380.799,35.1830442,-97.4368635,321.70,9.1410,71.768,1.01,1.77,14,1
10,2201522009731,1788461380.993,1788461380.999,35.1830495,-97.4368443,321.69,9.1680,71.080,1.01,1.77,14,1
10,2201712414366,1788461381.184,1788461381.199,35.1830551,-97.4368253,321.69,9.2180,69.898,1.01,1.77,14,1
10,2201828811971,1788461381.300,1788461381.299,35.1830580,-97.4368157,321.66,9.2560,69.772,1.01,1.77,14,1
10,2202024745356,1788461381.496,1788461381.499,35.1830639,-97.4367966,321.69,9.2550,68.950,1.01,1.77,14,1
10,2202231378585,1788461381.703,1788461381.699,35.1830701,-97.4367778,321.75,9.1890,67.631,1.01,1.77,14,1
11,2202455258220,1788461381.927,1788461381.899,35.1830765,-97.4367591,321.78,9.1910,67.121,1.01,1.77,14,1
11,2202626063116,1788461382.098,1788461382.099,35.1830828,-97.4367404,321.79,9.2140,67.246,1.01,1.77,13,1
11,2202830654835,1788461382.302,1788461382.299,35.1830894,-97.4367219,321.78,9.2080,66.551,1.01,1.77,13,1
11,2203014161814,1788461382.486,1788461382.499,35.1830960,-97.4367036,321.74,9.0930,66.057,1.02,1.77,13,1
11,2203099547439,1788461382.571,1788461382.599,35.1830996,-97.4366943,321.74,9.2410,65.579,1.01,1.77,13,1
11,2203227302387,1788461382.699,1788461382.699,35.1831032,-97.4366851,321.75,9.2330,64.797,1.01,1.76,13,1
11,2203434228637,1788461382.906,1788461382.899,35.1831103,-97.4366668,321.69,9.2470,64.452,1.01,1.76,13,1
11,2203626879730,1788461383.098,1788461383.099,35.1831178,-97.4366486,321.78,9.2170,63.352,1.01,1.76,14,1
11,2203848254262,1788461383.320,1788461383.299,35.1831254,-97.4366305,321.83,9.2430,62.524,1.01,1.77,13,1
11,2204030202855,1788461383.502,1788461383.499,35.1831331,-97.4366126,321.81,9.2190,62.525,1.01,1.77,13,1
11,2204233378168,1788461383.705,1788461383.699,35.1831409,-97.4365946,321.78,9.2430,62.026,1.01,1.77,14,1
11,2204398623115,1788461383.870,1788461383.899,35.1831491,-97.4365768,321.83,9.2330,60.807,1.01,1.77,14,1
11,2204528697438,1788461384.000,1788461383.999,35.1831533,-97.4365679,321.84,9.2730,60.718,1.01,1.76,14,1
11,2204694975199,1788461384.166,1788461384.199,35.1831617,-97.4365502,321.89,9.2850,59.933,1.01,1.76,13,1
11,2204929330563,1788461384.401,1788461384.399,35.1831703,-97.4365326,321.93,9.2930,58.677,1.01,1.77,12,1
11,2205128113480,1788461384.600,1788461384.599,35.1831791,-97.4365152,321.95,9.3030,58.605,1.01,1.76,13,1
11,2205326929573,1788461384.798,1788461384.799,35.1831880,-97.4364976,322.01,9.3800,58.370,1.01,1.76,13,1
11,2205514118480,1788461384.986,1788461384.999,35.1831971,-97.4364804,322.04,9.3050,57.603,1.01,1.76,13,1
11,2205615169261,1788461385.087,1788461385.099,35.1832016,-97.4364716,322.02,9.3150,58.019,1.01,1.76,13,1
11,2205699250875,1788461385.171,1788461385.199,35.1832061,-97.4364629,322.00,9.3380,57.501,1.01,1.76,13,1
11,2205788802073,1788461385.260,1788461385.299,35.1832108,-97.4364543,321.99,9.3440,56.564,1.01,1.75,13,1
11,2205929320146,1788461385.401,1788461385.399,35.1832153,-97.4364457,321.96,9.3140,56.795,1.00,1.75,13,1
11,2206128924521,1788461385.600,1788461385.599,35.1832246,-97.4364288,321.97,9.2450,56.054,1.00,1.75,13,1
11,2206325848583,1788461385.797,1788461385.799,35.1832342,-97.4364119,321.98,9.2850,55.360,1.00,1.75,13,1
11,2206532242229,1788461386.004,1788461385.999,35.1832439,-97.4363952,322.04,9.2860,54.736,1.00,1.75,13,1
11,2206725101552,1788461386.197,1788461386.199,35.1832536,-97.4363786,322.05,9.2680,54.709,1.00,1.76,13,1
11,2206926599312,1788461386.398,1788461386.399,35.1832635,-97.4363622,322.08,9.2150,53.996,1.00,1.76,13,1
11,2207097671031,1788461386.569,1788461386.599,35.1832734,-97.4363460,322.07,9.1770,53.261,1.00,1.76,13,1
11,2207328968687,1788461386.800,1788461386.799,35.1832835,-97.4363298,322.07,9.1960,52.890,1.00,1.77,13,1
11,2207525431187,1788461386.997,1788461386.999,35.1832935,-97.4363140,322.07,9.0940,52.447,1.00,1.77,13,1
11,2207728969781,1788461387.200,1788461387.199,35.1833037,-97.4362979,322.04,9.2070,52.151,1.00,1.77,13,1
11,2207895143843,1788461387.367,1788461387.399,35.1833141,-97.4362825,322.03,9.0410,51.087,1.01,1.78,13,1
11,2208129557072,1788461387.601,1788461387.599,35.1833245,-97.4362674,322.06,8.9480,50.078,1.01,1.78,13,1
11,2208328890718,1788461387.800,1788461387.799,35.1833343,-97.4362526,322.16,8.6580,50.709,1.01,1.78,14,1
11,2208528792385,1788461388.000,1788461387.999,35.1833441,-97.4362379,322.10,8.6330,50.209,1.01,1.79,14,1
11,2208728330405,1788461388.200,1788461388.199,35.1833537,-97.4362237,322.11,8.4010,49.614,1.01,1.79,13,1
11,2208922630562,1788461388.394,1788461388.399,35.1833636,-97.4362097,322.13,8.4120,49.174,1.01,1.79,14,1
11,2209139582124,1788461388.611,1788461388.599,35.1833734,-97.4361959,322.13,8.3520,48.600,1.01,1.79,14,1
11,2209328448478,1788461388.800,1788461388.799,35.1833829,-97.4361825,322.17,8.0760,48.835,1.01,1.79,14,1
11,2209536168426,1788461389.008,1788461388.999,35.1833923,-97.4361691,322.11,8.0350,49.296,1.01,1.79,14,1
11,2209726078686,1788461389.198,1788461389.199,35.1834015,-97.4361557,322.04,7.9450,49.488,1.02,1.79,14,1
11,2209900377488,1788461389.372,1788461389.399,35.1834104,-97.4361430,322.07,7.6270,49.333,1.02,1.79,14,1
11,2210022535145,1788461389.494,1788461389.499,35.1834148,-97.4361366,322.05,7.6220,49.501,1.01,1.79,14,1
11,2210227836655,1788461389.699,1788461389.699,35.1834237,-97.4361243,322.04,7.4650,48.042,1.01,1.79,14,1
11,2210433393321,1788461389.905,1788461389.899,35.1834324,-97.4361123,322.07,7.3010,48.456,1.02,1.80,14,1
11,2210626492124,1788461390.098,1788461390.099,35.1834409,-97.4361002,321.99,7.2010,49.237,1.02,1.80,14,1
11,2210813507540,1788461390.285,1788461390.299,35.1834492,-97.4360886,322.03,6.9840,48.996,1.02,1.80,14,1
11,2210898334103,1788461390.370,1788461390.399,35.1834531,-97.4360832,322.05,6.7540,48.789,1.02,1.80,14,1
11,2211028073217,1788461390.500,1788461390.499,35.1834572,-97.4360778,322.07,6.7400,48.116,1.01,1.79,14,1
11,2211193779102,1788461390.665,1788461390.699,35.1834648,-97.4360672,322.08,6.3930,48.461,1.02,1.79,14,1
11,2211296956602,1788461390.768,1788461390.799,35.1834685,-97.4360619,322.07,6.3720,48.737,1.01,1.79,14,1
11,2211426465040,1788461390.898,1788461390.899,35.1834723,-97.4360570,322.10,6.2030,48.200,1.01,1.79,14,1
11,2211630553113,1788461391.102,1788461391.099,35.1834791,-97.4360469,322.09,5.9690,49.851,1.01,1.79,15,1
11,2211832772071,1788461391.304,1788461391.299,35.1834860,-97.4360374,322.10,5.7460,48.613,1.01,1.79,15,1
11,2212029395040,1788461391.501,1788461391.499,35.1834924,-97.4360285,322.14,5.3790,48.361,1.01,1.79,14,1
11,2212232234883,1788461391.704,1788461391.699,35.1834984,-97.4360201,322.12,5.0970,48.285,1.02,1.79,14,1
11,2212428118373,1788461391.900,1788461391.899,35.1835043,-97.4360123,322.19,4.8090,47.568,1.02,1.79,15,1
11,2212629749883,1788461392.101,1788461392.099,35.1835098,-97.4360047,322.19,4.5970,48.188,1.02,1.79,15,1
11,2212828908841,1788461392.300,1788461392.299,35.1835148,-97.4359978,322.17,4.1940,48.066,1.02,1.79,15,1
11,2213027286602,1788461392.499,1788461392.499,35.1835196,-97.4359912,322.17,4.0380,47.415,1.02,1.79,15,1
11,2213231817539,1788461392.703,1788461392.699,35.1835241,-97.4359852,322.16,3.7170,46.747,1.02,1.79,15,1
11,2213428625247,1788461392.900,1788461392.899,35.1835282,-97.4359800,322.16,3.2620,46.051,1.02,1.80,15,1
11,2213629112435,1788461393.101,1788461393.099,35.1835318,-97.4359752,322.26,3.0010,47.134,1.02,1.80,15,1
11,2213831263997,1788461393.303,1788461393.299,35.1835349,-97.4359711,322.26,2.5340,46.557,1.02,1.80,15,1
11,2214029621758,1788461393.501,1788461393.499,35.1835375,-97.4359679,322.31,2.0750,45.832,1.02,1.80,15,1
11,2214229762851,1788461393.701,1788461393.699,35.1835395,-97.4359652,322.30,1.6600,46.881,1.02,1.79,15,1
11,2214433058268,1788461393.905,1788461393.899,35.1835410,-97.4359630,322.24,1.2930,47.571,1.02,1.79,15,1
11,2214626875559,1788461394.098,1788461394.099,35.1835421,-97.4359615,322.27,0.9180,47.766,1.02,1.79,15,1
11,2214794169466,1788461394.266,1788461394.299,35.1835428,-97.4359604,322.25,0.6390,47.951,1.02,1.79,15,1
11,2215027761861,1788461394.499,1788461394.499,35.1835433,-97.4359595,322.20,0.4940,49.312,1.02,1.78,15,1
11,2215228142226,1788461394.700,1788461394.699,35.1835435,-97.4359589,322.18,0.3030,52.251,1.02,1.78,15,1
11,2215428184101,1788461394.900,1788461394.899,35.1835438,-97.4359586,322.18,0.2050,52.251,1.02,1.78,15,1
11,2215629077851,1788461395.101,1788461395.099,35.1835441,-97.4359581,322.15,0.2860,51.028,1.02,1.77,15,1
11,2215829589674,1788461395.301,1788461395.299,35.1835444,-97.4359573,322.11,0.4030,49.360,1.02,1.77,15,1
11,2216030948788,1788461395.502,1788461395.499,35.1835450,-97.4359563,322.10,0.5310,49.546,1.02,1.76,15,1
11,2216231484569,1788461395.703,1788461395.699,35.1835457,-97.4359551,322.09,0.6930,47.657,1.02,1.76,15,1
11,2216429085767,1788461395.901,1788461395.899,35.1835468,-97.4359536,322.10,0.9440,47.162,1.02,1.76,15,1
11,2216628482538,1788461396.100,1788461396.099,35.1835483,-97.4359517,322.05,1.2070,43.670,1.02,1.75,15,1
11,2216834722902,1788461396.306,1788461396.299,35.1835498,-97.4359494,322.07,1.3790,47.530,1.02,1.75,15,1
11,2217028575611,1788461396.500,1788461396.499,35.1835517,-97.4359467,322.04,1.5910,47.323,1.02,1.75,15,1
11,2217232306027,1788461396.704,1788461396.699,35.1835538,-97.4359439,322.05,1.7530,46.285,1.02,1.75,15,1
11,2217434941288,1788461396.906,1788461396.899,35.1835563,-97.4359405,322.00,2.1480,46.629,1.02,1.74,15,1
11,2217635080715,1788461397.107,1788461397.099,35.1835590,-97.4359368,322.05,2.2420,47.390,1.02,1.74,15,1
11,2217829733215,1788461397.301,1788461397.299,35.1835618,-97.4359329,322.08,2.3910,47.981,1.02,1.74,15,1
11,2218001793006,1788461397.473,1788461397.499,35.1835646,-97.4359282,322.11,2.6710,51.507,1.02,1.74,15,1
11,2218128563319,1788461397.600,1788461397.599,35.1835660,-97.4359258,322.08,2.6510,52.722,1.01,1.73,15,1
11,2218329768787,1788461397.801,1788461397.799,35.1835689,-97.4359206,322.09,2.9200,54.504,1.01,1.73,15,1
11,2218528549881,1788461398.000,1788461397.999,35.1835721,-97.4359147,322.10,3.2370,55.919,1.01,1.72,15,1
11,2218732835506,1788461398.204,1788461398.199,35.1835751,-97.4359082,322.09,3.3790,59.032,1.01,1.72,15,1
11,2218926866756,1788461398.398,1788461398.399,35.1835778,-97.4359012,322.07,3.5590,63.168,1.01,1.72,15,1
11,2219128785297,1788461398.600,1788461398.599,35.1835802,-97.4358939,322.08,3.5720,66.480,1.01,1.72,15,1
11,2219313461391,1788461398.785,1788461398.799,35.1835821,-97.4358858,322.02,3.8360,70.892,1.01,1.72,15,1
11,2219393974620,1788461398.865,1788461398.899,35.1835829,-97.4358815,321.98,3.8930,73.802,1.01,1.72,15,1
11,2219534458370,1788461399.006,1788461398.999,35.1835838,-97.4358773,321.98,3.9610,75.176,1.01,1.71,15,1
11,2219714023005,1788461399.186,1788461399.199,35.1835850,-97.4358684,321.99,4.1750,78.312,1.01,1.71,15,1
11,2219830351443,1788461399.302,1788461399.299,35.1835854,-97.4358639,321.98,4.2100,80.325,1.01,1.71,15,1
11,2219994724776,1788461399.466,1788461399.499,35.1835861,-97.4358542,321.94,4.4760,83.564,1.01,1.71,15,1
11,2220234228214,1788461399.706,1788461399.699,35.1835858,-97.4358442,321.93,4.5170,89.213,1.01,1.71,15,1
11,2220427409828,1788461399.899,1788461399.899,35.1835845,-97.4358340,321.90,4.6540,95.887,1.01,1.70,15,1
11,2220625964411,1788461400.097,1788461400.099,35.1835827,-97.4358239,321.85,4.6530,99.748,1.01,1.70,15,1
11,2220825471911,1788461400.297,1788461400.299,35.1835800,-97.4358145,321.82,4.4980,105.676,1.01,1.70,15,1
11,2221032641755,1788461400.504,1788461400.499,35.1835766,-97.4358047,321.76,4.8600,110.799,1.01,1.70,15,1
11,2221232211234,1788461400.704,1788461400.699,35.1835726,-97.4357950,321.73,4.9790,114.720,1.01,1.70,15,1
11,2221429573005,1788461400.901,1788461400.899,35.1835678,-97.4357858,321.69,4.9750,120.102,1.01,1.69,15,1
11,2221622947223,1788461401.094,1788461401.099,35.1835623,-97.4357769,321.63,5.0400,124.893,1.01,1.69,15,1
11,2221827746911,1788461401.299,1788461401.299,35.1835560,-97.4357686,321.63,5.1140,129.905,1.01,1.68,15,1
11,2222026443109,1788461401.498,1788461401.499,35.1835495,-97.4357604,321.58,5.2050,132.796,1.01,1.68,15,1
11,2222224478004,1788461401.696,1788461401.699,35.1835420,-97.4357527,321.50,5.3870,137.307,1.01,1.68,15,1
11,2222433197067,1788461401.905,1788461401.899,35.1835341,-97.4357442,321.46,5.8180,137.496,1.01,1.68,15,1
11,2222628794671,1788461402.100,1788461402.099,35.1835261,-97.4357356,321.46,5.9230,137.541,1.01,1.68,15,1
11,2222828531390,1788461402.300,1788461402.299,35.1835179,-97.4357267,321.47,6.0290,137.299,1.01,1.68,15,1
11,2223028675869,1788461402.500,1788461402.499,35.1835097,-97.4357177,321.41,6.1530,137.759,1.01,1.68,15,1
11,2223228290660,1788461402.700,1788461402.699,35.1835011,-97.4357082,321.36,6.4290,137.652,1.01,1.68,15,1
11,2223413898733,1788461402.885,1788461402.899,35.1834920,-97.4356984,321.37,6.6790,138.193,1.01,1.68,15,1
11,2223512050504,1788461402.984,1788461402.999,35.1834876,-97.4356934,321.32,6.6760,138.195,1.01,1.67,15,1
11,2223624730660,1788461403.096,1788461403.099,35.1834829,-97.4356884,321.33,6.7470,138.361,1.00,1.67,15,1
11,2223826605191,1788461403.298,1788461403.299,35.1834733,-97.4356786,321.27,6.9740,139.265,1.00,1.66,15,1
11,2224026500243,1788461403.498,1788461403.499,35.1834634,-97.4356685,321.23,7.1070,139.308,1.00,1.66,15,1
11,2224227850608,1788461403.699,1788461403.699,35.1834533,-97.4356583,321.16,7.2470,139.619,1.00,1.66,15,1
11,2224427561285,1788461403.899,1788461403.899,35.1834430,-97.4356478,321.12,7.3580,139.526,1.00,1.66,15,1
11,2224620558004,1788461404.092,1788461404.099,35.1834327,-97.4356374,321.11,7.4360,139.654,1.00,1.66,15,1
11,2224797640920,1788461404.269,1788461404.299,35.1834221,-97.4356270,321.09,7.5050,140.286,1.00,1.66,15,1
11,2224926156806,1788461404.398,1788461404.399,35.1834167,-97.4356217,321.08,7.6140,140.609,1.00,1.66,15,1
11,2225127377222,1788461404.599,1788461404.599,35.1834059,-97.4356111,321.05,7.6770,140.859,1.00,1.66,15,1
11,2225327155087,1788461404.799,1788461404.799,35.1833948,-97.4356010,321.00,7.6790,142.540,1.00,1.66,15,1
11,2225521984097,1788461404.993,1788461404.999,35.1833835,-97.4355908,320.97,7.7640,143.404,1.00,1.67,15,1
11,2225723939930,1788461405.195,1788461405.199,35.1833722,-97.4355809,320.93,7.7330,144.323,1.00,1.67,15,1
11,2225925145659,1788461405.397,1788461405.399,35.1833603,-97.4355714,320.91,7.8710,146.605,1.00,1.67,15,1
11,2226126649826,1788461405.598,1788461405.599,35.1833482,-97.4355626,320.85,7.8060,148.993,1.00,1.67,15,1
11,2226337754357,1788461405.809,1788461405.799,35.1833357,-97.4355544,320.76,7.8340,151.460,1.00,1.68,15,1
11,2226534661753,1788461406.006,1788461405.999,35.1833231,-97.4355469,320.73,7.8240,153.925,1.00,1.68,15,1
11,2226725425867,1788461406.197,1788461406.199,35.1833099,-97.4355400,320.64,7.9580,156.580,1.00,1.68,15,1
11,2226934191805,1788461406.406,1788461406.399,35.1832968,-97.4355340,320.61,7.8100,159.306,1.00,1.68,15,1
11,2227125989148,1788461406.597,1788461406.599,35.1832832,-97.4355289,320.57,7.8830,162.285,1.00,1.68,15,1
11,2227329902378,1788461406.801,1788461406.799,35.1832693,-97.4355245,320.47,7.9080,165.032,1.00,1.68,15,1
11,2227531741075,1788461407.003,1788461406.999,35.1832553,-97.4355210,320.40,7.8830,168.227,1.00,1.68,15,1
11,2227726505867,1788461407.198,1788461407.199,35.1832409,-97.4355180,320.42,8.0850,170.284,1.00,1.68,15,1
11,2227927659356,1788461407.399,1788461407.399,35.1832263,-97.4355154,320.40,8.1370,172.077,1.00,1.68,15,1
11,2228127851700,1788461407.599,1788461407.599,35.1832116,-97.4355136,320.30,8.1870,174.073,1.00,1.68,15,1
11,2228328119096,1788461407.800,1788461407.799,35.1831966,-97.4355123,320.32,8.3660,175.862,1.00,1.68,15,1
11,2228524830502,1788461407.996,1788461407.999,35.1831813,-97.4355111,320.31,8.4560,176.283,1.00,1.68,15,1
11,2228730337742,1788461408.202,1788461408.199,35.1831654,-97.4355106,320.50,8.7200,178.522,1.00,1.68,15,1
11,2228914047742,1788461408.386,1788461408.399,35.1831496,-97.4355103,320.54,8.7650,178.997,1.00,1.68,15,1
11,2229132454304,1788461408.604,1788461408.599,35.1831333,-97.4355095,320.53,8.9770,177.716,1.00,1.69,15,1
11,2229327016648,1788461408.799,1788461408.799,35.1831172,-97.4355097,320.43,8.9780,179.610,1.01,1.69,15,1
11,2229532713470,1788461409.004,1788461408.999,35.1831009,-97.4355096,320.41,9.0160,179.422,1.01,1.69,15,1
11,2229723688522,1788461409.195,1788461409.199,35.1830841,-97.4355093,320.35,9.2990,179.232,1.01,1.69,15,1
11,2229928770033,1788461409.400,1788461409.399,35.1830672,-97.4355088,320.31,9.3480,178.258,1.00,1.68,15,1
11,2230124252272,1788461409.596,1788461409.599,35.1830499,-97.4355085,320.38,9.5440,179.133,1.00,1.68,14,1
11,2230296779043,1788461409.768,1788461409.799,35.1830325,-97.4355084,320.36,9.6300,179.797,1.01,1.69,14,1
11,2230427909928,1788461409.899,1788461409.899,35.1830239,-97.4355088,320.28,9.6200,180.621,1.00,1.68,14,1
11,2230626265345,1788461410.098,1788461410.099,35.1830065,-97.4355093,320.25,9.6940,181.188,1.00,1.68,14,1
11,2230826769095,1788461410.298,1788461410.299,35.1829887,-97.4355093,320.29,9.7900,179.972,1.00,1.68,14,1
11,2231023522272,1788461410.495,1788461410.499,35.1829709,-97.4355095,320.30,9.8060,180.658,1.00,1.68,14,1
11,2231232562480,1788461410.704,1788461410.699,35.1829531,-97.4355097,320.25,9.8590,180.092,1.00,1.68,14,1
11,2231429841959,1788461410.901,1788461410.899,35.1829350,-97.4355099,320.26,9.9240,180.295,1.01,1.69,14,1
11,2231593877220,1788461411.065,1788461411.099,35.1829169,-97.4355099,320.22,10.0180,179.717,1.01,1.69,14,1
11,2231717411022,1788461411.189,1788461411.199,35.1829077,-97.4355101,320.28,10.0040,180.248,1.00,1.68,14,1
11,2231831565240,1788461411.303,1788461411.299,35.1828986,-97.4355102,320.24,10.0200,179.806,1.00,1.68,14,1
11,2232028755917,1788461411.500,1788461411.499,35.1828804,-97.4355105,320.23,10.0790,180.689,1.00,1.68,14,1
11,2232227003105,1788461411.698,1788461411.699,35.1828623,-97.4355104,320.19,9.9920,179.626,1.00,1.68,14,1
11,2232431859771,1788461411.903,1788461411.899,35.1828442,-97.4355105,320.13,10.0870,180.338,1.00,1.68,14,1
11,2232629261855,1788461412.101,1788461412.099,35.1828260,-97.4355107,320.13,10.0780,180.438,1.00,1.68,14,1
11,2232830270084,1788461412.302,1788461412.299,35.1828079,-97.4355108,320.11,10.0180,179.906,1.00,1.68,14,1
11,2233001267011,1788461412.473,1788461412.499,35.1827897,-97.4355108,320.11,10.0210,180.235,1.00,1.68,14,1
11,2233127515396,1788461412.599,1788461412.599,35.1827807,-97.4355108,320.07,10.0090,179.609,1.00,1.68,14,1
11,2233332084042,1788461412.804,1788461412.799,35.1827627,-97.4355109,320.01,9.9680,180.181,1.00,1.68,14,1
11,2233522197896,1788461412.994,1788461412.999,35.1827448,-97.4355107,320.01,9.9080,179.475,1.00,1.68,14,1
11,2233724467896,1788461413.196,1788461413.199,35.1827266,-97.4355106,320.00,10.0180,179.514,1.00,1.68,14,1
11,2233926135344,1788461413.398,1788461413.399,35.1827086,-97.4355107,319.98,10.0040,180.073,1.00,1.68,14,1
11,2234123705240,1788461413.595,1788461413.599,35.1826906,-97.4355107,319.96,9.9200,179.979,1.00,1.68,14,1
11,2234328812479,1788461413.800,1788461413.799,35.1826725,-97.4355109,319.95,10.0030,180.231,1.00,1.68,14,1
11,2234523903677,1788461413.995,1788461413.999,35.1826546,-97.4355110,319.88,9.9830,179.938,1.00,1.68,14,1
11,2234725133573,1788461414.197,1788461414.199,35.1826365,-97.4355109,319.86,10.0140,179.836,1.00,1.68,14,1
11,2234924708885,1788461414.396,1788461414.399,35.1826184,-97.4355109,319.88,10.0080,179.878,1.00,1.68,14,1
11,2235129294927,1788461414.601,1788461414.599,35.1826003,-97.4355110,319.84,10.0390,180.267,1.00,1.68,14,1
11,2235323274249,1788461414.795,1788461414.799,35.1825825,-97.4355115,319.71,9.9630,181.186,1.00,1.68,14,1
11,2235524793208,1788461414.996,1788461414.999,35.1825643,-97.4355114,319.69,10.0680,180.018,1.00,1.68,14,1
11,2235714885395,1788461415.186,1788461415.199,35.1825462,-97.4355112,319.66,9.9710,179.320,1.00,1.69,14,1
11,2235827255447,1788461415.299,1788461415.299,35.1825374,-97.4355114,319.61,9.9410,179.746,1.00,1.68,14,1
11,2236028026176,1788461415.500,1788461415.499,35.1825193,-97.4355110,319.63,9.9900,178.862,1.00,1.68,14,1
11,2236226682895,1788461415.698,1788461415.699,35.1825013,-97.4355106,319.62,9.9340,179.197,1.00,1.68,14,1
11,2236396938155,1788461415.868,1788461415.899,35.1824832,-97.4355101,319.61,9.9800,178.744,1.00,1.68,14,1
11,2236525482530,1788461415.997,1788461415.999,35.1824741,-97.4355100,319.63,10.0140,179.101,1.00,1.68,14,1
11,2236732875447,1788461416.204,1788461416.199,35.1824558,-97.4355099,319.59,10.1430,179.456,1.00,1.68,14,1
11,2236896964197,1788461416.368,1788461416.399,35.1824378,-97.4355096,319.54,10.0040,179.038,1.00,1.68,14,1
11,2237094200811,1788461416.566,1788461416.599,35.1824197,-97.4355094,319.52,10.0220,179.728,1.00,1.68,14,1
11,2237233309926,1788461416.705,1788461416.699,35.1824105,-97.4355093,319.56,10.0180,179.523,1.00,1.68,14,1
11,2237395393624,1788461416.867,1788461416.899,35.1823924,-97.4355091,319.55,9.9710,179.594,1.00,1.68,14,1
11,2237631417790,1788461417.103,1788461417.099,35.1823744,-97.4355090,319.54,9.9820,179.689,1.00,1.68,14,1
11,2237794637321,1788461417.266,1788461417.299,35.1823564,-97.4355089,319.55,9.9340,179.391,1.00,1.67,14,1
11,2238022131592,1788461417.494,1788461417.499,35.1823384,-97.4355085,319.57,9.8950,179.089,1.00,1.67,14,1
11,2238231685707,1788461417.703,1788461417.699,35.1823203,-97.4355083,319.54,9.9970,179.581,1.00,1.67,14,1
11,2238395182790,1788461417.867,1788461417.899,35.1823024,-97.4355080,319.51,9.9560,179.199,0.99,1.67,14,1
11,2238528098675,1788461418.000,1788461417.999,35.1822933,-97.4355080,319.48,10.0130,179.640,0.99,1.67,14,1
11,2238731575915,1788461418.203,1788461418.199,35.1822752,-97.4355079,319.47,9.9750,179.801,0.99,1.67,14,1
11,2238926110967,1788461418.398,1788461418.399,35.1822573,-97.4355078,319.41,9.9790,179.274,0.99,1.66,14,1
11,2239128447842,1788461418.600,1788461418.599,35.1822395,-97.4355076,319.37,9.8660,179.432,0.99,1.66,14,1
11,2239325705081,1788461418.797,1788461418.799,35.1822216,-97.4355073,319.31,9.9010,179.132,0.99,1.66,14,1
11,2239523612790,1788461418.995,1788461418.999,35.1822038,-97.4355069,319.30,9.9060,178.864,0.99,1.66,14,1
11,2239728093310,1788461419.200,1788461419.199,35.1821861,-97.4355065,319.28,9.7600,178.993,0.99,1.66,14,1
11,2239923757164,1788461419.395,1788461419.399,35.1821683,-97.4355063,319.29,9.7790,179.476,0.98,1.66,14,1
11,2240127514143,1788461419.599,1788461419.599,35.1821505,-97.4355058,319.32,9.8180,178.727,0.98,1.66,14,1
11,2240322498466,1788461419.794,1788461419.799,35.1821329,-97.4355054,319.29,9.7630,179.045,0.98,1.66,15,1
11,2240521581695,1788461419.993,1788461419.999,35.1821154,-97.4355052,319.27,9.6700,179.466,0.98,1.66,15,1
11,2240722814352,1788461420.194,1788461420.199,35.1820979,-97.4355049,319.29,9.6700,179.225,0.99,1.66,15,1
11,2240927058674,1788461420.399,1788461420.399,35.1820808,-97.4355049,319.29,9.4520,179.691,0.99,1.66,15,1
11,2241094267529,1788461420.566,1788461420.599,35.1820642,-97.4355048,319.24,9.2320,179.483,0.99,1.66,15,1
11,2241326693518,1788461420.798,1788461420.799,35.1820476,-97.4355050,319.20,9.2340,180.373,0.99,1.66,15,1
11,2241522164768,1788461420.994,1788461420.999,35.1820313,-97.4355050,319.19,9.0120,180.157,0.99,1.66,15,1
11,2241723786174,1788461421.195,1788461421.199,35.1820151,-97.4355051,319.21,8.9040,180.265,0.99,1.66,15,1
11,2241928113101,1788461421.400,1788461421.399,35.1819994,-97.4355057,319.12,8.7660,181.759,0.99,1.66,15,1
11,2242129006643,1788461421.600,1788461421.599,35.1819840,-97.4355056,319.02,8.6130,180.075,1.00,1.66,15,1
11,2242315215497,1788461421.787,1788461421.799,35.1819690,-97.4355057,319.00,8.2910,179.794,1.00,1.66,15,1
11,2242401965028,1788461421.873,1788461421.899,35.1819616,-97.4355058,318.96,8.2420,180.236,1.00,1.66,15,1
11,2242623983153,1788461422.095,1788461422.099,35.1819467,-97.4355060,318.94,8.2740,180.583,1.00,1.66,15,1
11,2242824190861,1788461422.296,1788461422.299,35.1819321,-97.4355058,318.97,8.0450,179.642,1.00,1.66,15,1
11,2243032341382,1788461422.504,1788461422.499,35.1819179,-97.4355059,318.94,7.8420,180.227,1.00,1.67,15,1
11,2243227114559,1788461422.699,1788461422.699,35.1819042,-97.4355059,318.94,7.5650,179.993,1.00,1.67,15,1
11,2243428385913,1788461422.900,1788461422.899,35.1818908,-97.4355061,318.93,7.3640,180.552,1.00,1.67,15,1
11,2243634416069,1788461423.106,1788461423.099,35.1818781,-97.4355062,318.91,7.0000,180.301,1.00,1.67,15,1
11,2243832249298,1788461423.304,1788461423.299,35.1818657,-97.4355063,318.92,6.8360,180.060,1.00,1.67,15,1
11,2244034990340,1788461423.506,1788461423.499,35.1818540,-97.4355066,318.86,6.5180,180.970,1.00,1.67,15,1
11,2244226817579,1788461423.698,1788461423.699,35.1818428,-97.4355069,318.83,6.1900,181.234,1.00,1.67,15,1
11,2244424014506,1788461423.895,1788461423.899,35.1818321,-97.4355070,318.77,5.9540,180.483,1.00,1.67,15,1
11,2244629235704,1788461424.101,1788461424.099,35.1818219,-97.4355073,318.84,5.4840,181.871,1.00,1.67,15,1
11,2244834745548,1788461424.306,1788461424.299,35.1818127,-97.4355078,318.79,5.1320,182.336,1.00,1.68,15,1
11,2245034593673,1788461424.506,1788461424.499,35.1818043,-97.4355077,318.70,4.6490,180.832,1.00,1.68,15,1
11,2245197441642,1788461424.669,1788461424.699,35.1817961,-97.4355083,318.71,4.5240,182.818,1.01,1.68,15,1
11,2245294478569,1788461424.766,1788461424.799,35.1817925,-97.4355089,318.66,4.2650,184.624,1.01,1.68,15,1
11,2245528577996,1788461425.000,1788461424.999,35.1817851,-97.4355100,318.72,3.9870,186.597,1.01,1.68,15,1
11,2245727263933,1788461425.199,1788461425.199,35.1817786,-97.4355120,318.69,3.6780,190.221,1.01,1.68,15,1
11,2245927794714,1788461425.399,1788461425.399,35.1817719,-97.4355149,318.80,3.8010,196.615,1.01,1.68,15,1
11,2246128244141,1788461425.600,1788461425.599,35.1817659,-97.4355179,318.80,3.5580,200.775,1.01,1.69,15,1
11,2246330216433,1788461425.802,1788461425.799,35.1817602,-97.4355217,318.74,3.6330,207.329,1.01,1.69,15,1
11,2246529468933,1788461426.001,1788461425.999,35.1817546,-97.4355253,318.86,3.3980,208.481,1.01,1.69,15,1
11,2246728210235,1788461426.200,1788461426.199,35.1817492,-97.4355296,318.84,3.5890,211.714,1.01,1.69,15,1
11,2246921557735,1788461426.393,1788461426.399,35.1817451,-97.4355347,318.79,3.3070,218.115,1.02,1.70,15,1
11,2247129581120,1788461426.601,1788461426.599,35.1817416,-97.4355409,318.78,3.4060,226.806,1.02,1.70,15,1
11,2247323323151,1788461426.795,1788461426.799,35.1817381,-97.4355473,318.71,3.5170,231.765,1.02,1.70,15,1
11,2247517595703,1788461426.989,1788461426.999,35.1817347,-97.4355538,318.79,3.4700,236.656,1.02,1.70,15,1
11,2247728550286,1788461427.200,1788461427.199,35.1817323,-97.4355608,318.83,3.4590,244.337,1.02,1.70,15,1
11,2247928643984,1788461427.400,1788461427.399,35.1817310,-97.4355682,318.72,3.5000,251.508,1.02,1.70,15,1
11,2248126857422,1788461427.598,1788461427.599,35.1817294,-97.4355760,318.75,3.6870,254.495,1.02,1.70,15,1
11,2248333627890,1788461427.805,1788461427.799,35.1817285,-97.4355838,318.72,3.6330,258.365,1.02,1.71,14,1
11,2248548505807,1788461428.020,1788461427.999,35.1817285,-97.4355922,318.79,3.7780,265.668,1.02,1.71,15,1
11,2248728322369,1788461428.200,1788461428.199,35.1817281,-97.4356008,318.80,3.9050,266.116,1.02,1.71,15,1
11,2248929884296,1788461428.401,1788461428.399,35.1817275,-97.4356096,318.72,3.9890,265.245,1.02,1.71,15,1
11,2249125252161,1788461428.597,1788461428.599,35.1817271,-97.4356190,318.73,4.2950,266.300,1.02,1.71,15,1
11,2249295387109,1788461428.767,1788461428.799,35.1817268,-97.4356284,318.71,4.3470,267.131,1.02,1.72,15,1
11,2249532814921,1788461429.004,1788461428.999,35.1817261,-97.4356387,318.68,4.6690,266.226,1.03,1.72,15,1
11,2249727134088,1788461429.199,1788461429.199,35.1817261,-97.4356490,318.68,4.6950,268.224,1.03,1.72,15,1
11,2249927360390,1788461429.399,1788461429.399,35.1817264,-97.4356591,318.75,4.7230,269.780,1.03,1.73,15,1
11,2250132644661,1788461429.604,1788461429.599,35.1817263,-97.4356701,318.71,4.9900,269.788,1.03,1.73,15,1
11,2250323757369,1788461429.795,1788461429.799,35.1817265,-97.4356814,318.70,5.1260,270.231,1.04,1.73,15,1
11,2250528342004,1788461430.000,1788461429.999,35.1817269,-97.4356933,318.62,5.4210,272.033,1.04,1.74,15,1
11,2250744402733,1788461430.216,1788461430.199,35.1817275,-97.4357055,318.65,5.5660,273.127,1.04,1.74,15,1
11,2250928711848,1788461430.400,1788461430.399,35.1817271,-97.4357184,318.65,5.8320,270.031,1.04,1.75,14,1
11,2251128761483,1788461430.600,1788461430.599,35.1817264,-97.4357319,318.53,6.0940,268.678,1.04,1.75,15,1
11,2251329657368,1788461430.801,1788461430.799,35.1817265,-97.4357455,318.52,6.1680,270.018,1.05,1.76,15,1
11,2251534671327,1788461431.006,1788461430.999,35.1817264,-97.4357596,318.50,6.3600,269.999,1.05,1.76,15,1
11,2251727100441,1788461431.199,1788461431.199,35.1817266,-97.4357740,318.50,6.5070,270.849,1.05,1.76,15,1
11,2251932534712,1788461431.404,1788461431.399,35.1817267,-97.4357885,318.50,6.5750,270.999,1.05,1.77,15,1
11,2252114728149,1788461431.586,1788461431.599,35.1817270,-97.4358032,318.55,6.6790,270.823,1.05,1.77,15,1
11,2252327462733,1788461431.799,1788461431.799,35.1817272,-97.4358184,318.48,6.8910,271.579,1.05,1.77,15,1
11,2252530235858,1788461432.002,1788461431.999,35.1817275,-97.4358340,318.40,7.0680,271.491,1.05,1.78,15,1
11,2252730477107,1788461432.202,1788461432.199,35.1817278,-97.4358495,318.38,7.0450,271.518,1.06,1.78,15,1
11,2252926519555,1788461432.398,1788461432.399,35.1817279,-97.4358651,318.26,7.1000,271.041,1.06,1.79,15,1
11,2253126856274,1788461432.598,1788461432.599,35.1817277,-97.4358808,318.22,7.1590,269.836,1.06,1.79,15,1
11,2253332852836,1788461432.804,1788461432.799,35.1817283,-97.4358966,318.03,7.2920,272.051,1.06,1.80,15,1
11,2253534203982,1788461433.006,1788461432.999,35.1817283,-97.4359129,317.96,7.3720,271.154,1.07,1.80,15,1
11,2253733169034,1788461433.205,1788461433.199,35.1817286,-97.4359293,317.96,7.4010,271.335,1.07,1.80,15,1
11,2253924336794,1788461433.396,1788461433.399,35.1817286,-97.4359458,317.91,7.4400,270.318,1.07,1.81,15,1
11,2254130686482,1788461433.602,1788461433.599,35.1817283,-97.4359621,317.75,7.4960,269.782,1.07,1.81,15,1
11,2254326959346,1788461433.798,1788461433.799,35.1817283,-97.4359785,317.71,7.4570,269.797,1.07,1.81,15,1
11,2254528486846,1788461434.000,1788461433.999,35.1817282,-97.4359949,317.62,7.4700,269.942,1.07,1.82,15,1
11,2254715081273,1788461434.187,1788461434.199,35.1817282,-97.4360112,317.57,7.4660,270.087,1.07,1.82,15,1
11,2254815945127,1788461434.287,1788461434.299,35.1817283,-97.4360195,317.52,7.5240,270.337,1.07,1.82,15,1
11,2254927107992,1788461434.399,1788461434.399,35.1817283,-97.4360276,317.56,7.3680,270.199,1.07,1.81,15,1
11,2255128553044,1788461434.600,1788461434.599,35.1817285,-97.4360439,317.56,7.4290,270.393,1.07,1.82,15,1
11,2255331033304,1788461434.803,1788461434.799,35.1817287,-97.4360604,317.50,7.5490,270.947,1.07,1.82,15,1
11,2255531176742,1788461435.003,1788461434.999,35.1817289,-97.4360766,317.43,7.3810,270.881,1.07,1.82,15,1
11,2255726571585,1788461435.198,1788461435.199,35.1817290,-97.4360928,317.36,7.3420,270.929,1.07,1.83,15,1
11,2255926846950,1788461435.398,1788461435.399,35.1817294,-97.4361084,317.31,7.0650,271.172,1.07,1.83,15,1
11,2256134135023,1788461435.606,1788461435.599,35.1817295,-97.4361240,317.17,7.1240,271.179,1.08,1.84,15,1
11,2256329421741,1788461435.801,1788461435.799,35.1817293,-97.4361397,317.08,7.0720,269.822,1.08,1.84,15,1
11,2256543888356,1788461436.015,1788461435.999,35.1817293,-97.4361554,317.13,7.0980,269.616,1.08,1.84,15,1
11,2256726529762,1788461436.198,1788461436.199,35.1817293,-97.4361710,317.12,7.0610,269.793,1.08,1.84,15,1
11,2256926223981,1788461436.398,1788461436.399,35.1817294,-97.4361865,317.07,7.0790,270.414,1.08,1.85,15,1
11,2257126344762,1788461436.598,1788461436.599,35.1817293,-97.4362019,316.97,6.9970,269.802,1.08,1.85,15,1
11,2257328735960,1788461436.800,1788461436.799,35.1817293,-97.4362172,316.99,6.9420,269.674,1.08,1.85,15,1
11,2257515321064,1788461436.987,1788461436.999,35.1817294,-97.4362327,317.00,7.0160,270.111,1.08,1.86,15,1
11,2257625979189,1788461437.097,1788461437.099,35.1817294,-97.4362404,317.00,6.9960,269.890,1.08,1.85,15,1
11,2257833562939,1788461437.305,1788461437.299,35.1817295,-97.4362559,317.05,6.9980,269.816,1.08,1.85,15,1
11,2258024294658,1788461437.496,1788461437.499,35.1817297,-97.4362713,317.11,6.9700,270.240,1.08,1.85,15,1
11,2258232906116,1788461437.704,1788461437.699,35.1817297,-97.4362866,317.06,6.9270,270.041,1.08,1.86,15,1
11,2258429572574,1788461437.901,1788461437.899,35.1817298,-97.4363019,317.06,6.9140,270.032,1.08,1.86,15,1
11,2258629791845,1788461438.101,1788461438.099,35.1817298,-97.4363173,317.06,6.9880,269.879,1.08,1.86,15,1
11,2258832312261,1788461438.304,1788461438.299,35.1817298,-97.4363325,316.99,6.8850,270.045,1.08,1.86,15,1
11,2259031013772,1788461438.502,1788461438.499,35.1817298,-97.4363473,316.98,6.7350,270.369,1.08,1.86,15,1
11,2259229648667,1788461438.701,1788461438.699,35.1817298,-97.4363621,317.02,6.6950,269.736,1.08,1.87,15,1
11,2259429079917,1788461438.901,1788461438.899,35.1817297,-97.4363766,317.09,6.5630,269.200,1.08,1.87,15,1
11,2259628606428,1788461439.100,1788461439.099,35.1817296,-97.4363910,317.07,6.5310,269.634,1.08,1.87,15,1
11,2259830332938,1788461439.302,1788461439.299,35.1817295,-97.4364050,317.04,6.3920,269.512,1.08,1.88,15,1
11,2260030448980,1788461439.502,1788461439.499,35.1817294,-97.4364189,317.05,6.3110,269.507,1.08,1.88,15,1
11,2260215157105,1788461439.687,1788461439.699,35.1817295,-97.4364325,317.00,6.1870,270.304,1.08,1.88,15,1
11,2260326271271,1788461439.798,1788461439.799,35.1817295,-97.4364392,316.93,6.1870,270.531,1.08,1.88,15,1
11,2260531828354,1788461440.003,1788461439.999,35.1817293,-97.4364527,316.92,6.1870,269.509,1.08,1.88,15,1
11,2260731676688,1788461440.203,1788461440.199,35.1817290,-97.4364662,316.88,6.1420,268.785,1.08,1.89,15,1
11,2260930429344,1788461440.402,1788461440.399,35.1817286,-97.4364795,316.81,6.1030,268.467,1.08,1.89,15,1
11,2261132286635,1788461440.604,1788461440.599,35.1817281,-97.4364928,316.80,6.0170,267.933,1.08,1.89,15,1
11,2261328737260,1788461440.800,1788461440.799,35.1817275,-97.4365060,316.79,6.0260,267.043,1.08,1.89,15,1
11,2261496398979,1788461440.968,1788461440.999,35.1817267,-97.4365192,316.86,5.9750,265.831,1.08,1.89,15,1
11,2261629812833,1788461441.101,1788461441.099,35.1817262,-97.4365255,316.94,5.8460,264.972,1.08,1.89,15,1
11,2261829526635,1788461441.301,1788461441.299,35.1817253,-97.4365384,316.98,5.8870,264.811,1.08,1.89,15,1
11,2262025018718,1788461441.497,1788461441.499,35.1817242,-97.4365514,317.11,5.9100,263.928,1.08,1.89,15,1
11,2262234346895,1788461441.706,1788461441.699,35.1817227,-97.4365643,317.16,5.8790,262.698,1.08,1.89,15,1
12,2262424403093,1788461441.896,1788461441.899,35.1817209,-97.4365768,317.19,5.7250,260.962,1.08,1.89,15,1
12,2262634997833,1788461442.106,1788461442.099,35.1817191,-97.4365894,317.15,5.8510,260.569,1.08,1.90,15,1
12,2262829906218,1788461442.301,1788461442.299,35.1817170,-97.4366021,317.14,5.9070,259.154,1.08,1.90,15,1
12,2263029980229,1788461442.501,1788461442.499,35.1817148,-97.4366146,317.16,5.7810,258.192,1.08,1.91,15,1
12,2263231344187,1788461442.703,1788461442.699,35.1817119,-97.4366268,317.08,5.7180,256.079,1.09,1.91,15,1
12,2263430870020,1788461442.902,1788461442.899,35.1817091,-97.4366394,317.04,5.8920,255.228,1.09,1.92,15,1
12,2263633102207,1788461443.105,1788461443.099,35.1817062,-97.4366520,317.01,5.9280,254.705,1.09,1.92,15,1
12,2263827924655,1788461443.299,1788461443.299,35.1817027,-97.4366646,316.95,6.0380,252.299,1.09,1.92,14,1
12,2264028657520,1788461443.500,1788461443.499,35.1816992,-97.4366772,316.90,6.0610,251.574,1.09,1.92,14,1
12,2264201315384,1788461443.673,1788461443.699,35.1816953,-97.4366900,316.86,6.1540,250.377,1.09,1.92,14,1
12,2264294340020,1788461443.766,1788461443.799,35.1816934,-97.4366965,316.83,6.2110,250.599,1.09,1.92,14,1
12,2264437301999,1788461443.909,1788461443.899,35.1816914,-97.4367031,316.81,6.2870,249.991,1.09,1.91,14,1
12,2264628139447,1788461444.100,1788461444.099,35.1816874,-97.4367163,316.79,6.3980,249.656,1.09,1.92,14,1
12,2264833300801,1788461444.305,1788461444.299,35.1816834,-97.4367295,316.76,6.4480,249.574,1.09,1.92,14,1
12,2265036174759,1788461444.508,1788461444.499,35.1816791,-97.4367430,316.76,6.5160,248.745,1.09,1.92,14,1
12,2265231047519,1788461444.703,1788461444.699,35.1816747,-97.4367563,316.75,6.4710,248.300,1.09,1.92,15,1
12,2265432503613,1788461444.904,1788461444.899,35.1816703,-97.4367698,316.80,6.5990,248.276,1.09,1.92,15,1
12,2265600346634,1788461445.072,1788461445.099,35.1816660,-97.4367832,316.81,6.5670,248.031,1.09,1.93,14,1
12,2265729925748,1788461445.201,1788461445.199,35.1816640,-97.4367900,316.85,6.5990,247.947,1.08,1.93,14,1
12,2265931524915,1788461445.403,1788461445.399,35.1816595,-97.4368038,316.81,6.7960,248.041,1.08,1.93,14,1
12,2266125440227,1788461445.597,1788461445.599,35.1816551,-97.4368177,316.82,6.8020,248.121,1.08,1.93,14,1
12,2266334455592,1788461445.806,1788461445.799,35.1816503,-97.4368318,316.81,6.9220,248.205,1.08,1.93,15,1
12,2266529894654,1788461446.001,1788461445.999,35.1816459,-97.4368460,316.78,6.9260,249.067,1.08,1.94,15,1
12,2266728273456,1788461446.200,1788461446.199,35.1816414,-97.4368602,316.84,6.9660,248.577,1.08,1.94,15,1
12,2266929425019,1788461446.401,1788461446.399,35.1816366,-97.4368743,316.89,6.9350,247.654,1.08,1.94,15,1
12,2267130897987,1788461446.602,1788461446.599,35.1816324,-97.4368883,316.96,6.8150,248.965,1.08,1.94,15,1
12,2267329572466,1788461446.801,1788461446.799,35.1816278,-97.4369025,316.88,6.9770,248.363,1.08,1.94,15,1
12,2267532121841,1788461447.004,1788461446.999,35.1816234,-97.4369167,316.89,6.9460,248.932,1.08,1.94,15,1
12,2267731045487,1788461447.203,1788461447.199,35.1816189,-97.4369310,316.89,6.9890,248.600,1.08,1.94,15,1
12,2267927075279,1788461447.399,1788461447.399,35.1816145,-97.4369451,316.85,6.8710,248.896,1.08,1.94,15,1
12,2268129855279,1788461447.601,1788461447.599,35.1816101,-97.4369590,316.83,6.7880,248.913,1.08,1.94,15,1
12,2268331221320,1788461447.803,1788461447.799,35.1816057,-97.4369728,316.82,6.7250,248.737,1.09,1.94,15,1
12,2268530873768,1788461448.002,1788461447.999,35.1816013,-97.4369864,316.87,6.6670,248.300,1.09,1.95,15,1
12,2268729608716,1788461448.201,1788461448.199,35.1815970,-97.4369995,316.84,6.4270,248.353,1.09,1.95,14,1
12,2268931765591,1788461448.403,1788461448.399,35.1815935,-97.4370126,316.85,6.2820,250.575,1.09,1.96,15,1
12,2269128869028,1788461448.600,1788461448.599,35.1815900,-97.4370258,316.83,6.3480,251.111,1.09,1.96,14,1
12,2269332367778,1788461448.804,1788461448.799,35.1815866,-97.4370393,316.85,6.4360,252.300,1.09,1.96,15,1
12,2269527820226,1788461448.999,1788461448.999,35.1815832,-97.4370525,316.83,6.2580,251.977,1.09,1.97,15,1
12,2269733128351,1788461449.205,1788461449.199,35.1815799,-97.4370662,316.65,6.4720,254.085,1.09,1.97,15,1
12,2269931932465,1788461449.403,1788461449.399,35.1815766,-97.4370795,316.61,6.3140,253.394,1.09,1.97,15,1
12,2270131841945,1788461449.603,1788461449.599,35.1815730,-97.4370926,316.58,6.2560,252.071,1.09,1.97,15,1
12,2270334818351,1788461449.806,1788461449.799,35.1815699,-97.4371056,316.56,6.2110,252.953,1.09,1.98,14,1
12,2270533138351,1788461450.005,1788461449.999,35.1815671,-97.4371184,316.73,6.0570,253.682,1.09,1.98,15,1
12,2270729064288,1788461450.201,1788461450.199,35.1815642,-97.4371311,316.77,5.9820,253.681,1.09,1.98,15,1
12,2270934224705,1788461450.406,1788461450.399,35.1815613,-97.4371439,316.81,6.0720,254.064,1.09,1.98,15,1
12,2271116676528,1788461450.588,1788461450.599,35.1815586,-97.4371569,316.81,6.1170,255.220,1.09,1.98,15,1
12,2271331414184,1788461450.803,1788461450.799,35.1815560,-97.4371699,316.89,6.0670,255.534,1.10,1.98,14,1
12,2271535057934,1788461451.007,1788461450.999,35.1815536,-97.4371825,316.90,5.8700,256.565,1.10,1.99,14,1
12,2271739093090,1788461451.211,1788461451.199,35.1815518,-97.4371954,316.94,5.9540,259.405,1.10,1.99,14,1
12,2271931530642,1788461451.403,1788461451.399,35.1815500,-97.4372085,317.03,6.0750,259.623,1.10,1.99,14,1
12,2272134950017,1788461451.606,1788461451.599,35.1815478,-97.4372219,316.98,6.1720,259.428,1.10,2.00,14,1
12,2272331953402,1788461451.803,1788461451.799,35.1815466,-97.4372355,316.95,6.2530,262.720,1.10,2.00,14,1
12,2272534319131,1788461452.006,1788461451.999,35.1815452,-97.4372490,316.97,6.2040,262.973,1.10,2.00,14,1
12,2272729086058,1788461452.201,1788461452.199,35.1815437,-97.4372629,316.95,6.3770,263.113,1.11,2.01,14,1
12,2272931165016,1788461452.403,1788461452.399,35.1815426,-97.4372769,316.91,6.4050,264.509,1.11,2.01,14,1
12,2273127660954,1788461452.599,1788461452.599,35.1815417,-97.4372909,316.94,6.3630,264.768,1.11,2.01,14,1
12,2273329964495,1788461452.801,1788461452.799,35.1815408,-97.4373053,316.97,6.5150,265.071,1.11,2.01,14,1
12,2273528343975,1788461453.000,1788461452.999,35.1815403,-97.4373194,316.89,6.4220,267.049,1.11,2.01,14,1
12,2273731175641,1788461453.203,1788461453.199,35.1815397,-97.4373335,316.98,6.4110,266.673,1.11,2.02,14,1
12,2273930466214,1788461453.402,1788461453.399,35.1815392,-97.4373474,316.94,6.3000,267.267,1.11,2.02,14,1
12,2274124902724,1788461453.596,1788461453.599,35.1815389,-97.4373609,316.95,6.1180,267.872,1.11,2.02,14,1
12,2274332108453,1788461453.804,1788461453.799,35.1815384,-97.4373739,316.88,5.8840,268.259,1.11,2.02,14,1
12,2274528784703,1788461454.000,1788461453.999,35.1815384,-97.4373866,316.83,5.7720,269.575,1.11,2.02,14,1
12,2274730297151,1788461454.202,1788461454.199,35.1815383,-97.4373989,316.78,5.6250,269.701,1.11,2.02,15,1
12,2274932928766,1788461454.404,1788461454.399,35.1815385,-97.4374110,316.82,5.4870,270.683,1.11,2.02,15,1
12,2275128810120,1788461454.600,1788461454.599,35.1815388,-97.4374226,316.81,5.2080,271.340,1.11,2.02,15,1
12,2275334357203,1788461454.806,1788461454.799,35.1815390,-97.4374336,316.82,4.9810,271.297,1.11,2.02,15,1
12,2275530215276,1788461455.002,1788461454.999,35.1815388,-97.4374441,316.97,4.7330,268.384,1.11,2.02,15,1
12,2275732773713,1788461455.204,1788461455.199,35.1815383,-97.4374543,317.28,4.5210,265.074,1.11,2.02,15,1
12,2275930174130,1788461455.402,1788461455.399,35.1815380,-97.4374641,317.39,4.4140,266.296,1.10,2.02,15,1
12,2276131477567,1788461455.603,1788461455.599,35.1815381,-97.4374735,317.41,4.2480,269.471,1.10,2.02,15,1
12,2276334605119,1788461455.806,1788461455.799,35.1815380,-97.4374822,317.33,3.8920,270.480,1.10,2.02,14,1
12,2276539063609,1788461456.011,1788461455.999,35.1815382,-97.4374905,317.38,3.6730,271.340,1.10,2.02,14,1
12,2276727848400,1788461456.199,1788461456.199,35.1815383,-97.4374980,317.43,3.3600,271.142,1.10,2.02,14,1
12,2276930131629,1788461456.402,1788461456.399,35.1815386,-97.4375046,317.47,2.9720,271.394,1.10,2.02,14,1
12,2277124397671,1788461456.596,1788461456.599,35.1815387,-97.4375104,317.47,2.5870,271.752,1.10,2.02,14,1
12,2277324667879,1788461456.796,1788461456.799,35.1815390,-97.4375154,317.47,2.2090,272.526,1.10,2.02,14,1
12,2277524385900,1788461456.996,1788461456.999,35.1815394,-97.4375194,317.51,1.8130,273.209,1.10,2.02,14,1
12,2277740263869,1788461457.212,1788461457.199,35.1815396,-97.4375229,317.55,1.5220,273.034,1.10,2.02,14,1
12,2277925015796,1788461457.397,1788461457.399,35.1815398,-97.4375258,317.56,1.2970,273.707,1.10,2.02,14,1
12,2278129256994,1788461457.601,1788461457.599,35.1815399,-97.4375280,317.66,0.9500,272.070,1.10,2.02,14,1
12,2278328153712,1788461457.800,1788461457.799,35.1815399,-97.4375297,317.66,0.7210,271.284,1.10,2.02,14,1
12,2278528965848,1788461458.000,1788461457.999,35.1815399,-97.4375311,317.62,0.6370,272.925,1.10,2.02,14,1
12,2278728147254,1788461458.200,1788461458.199,35.1815399,-97.4375324,317.63,0.5550,275.154,1.10,2.02,14,1
12,2278927892670,1788461458.399,1788461458.399,35.1815400,-97.4375336,317.66,0.5450,274.675,1.10,2.02,14,1
12,2279135102202,1788461458.607,1788461458.599,35.1815401,-97.4375351,317.65,0.7000,277.421,1.10,2.02,14,1
12,2279326602983,1788461458.798,1788461458.799,35.1815403,-97.4375370,317.73,0.8620,275.442,1.10,2.02,14,1
12,2279524557097,1788461458.996,1788461458.999,35.1815405,-97.4375395,317.74,1.1370,277.744,1.10,2.02,14,1
12,2279723166160,1788461459.195,1788461459.199,35.1815409,-97.4375425,317.73,1.3790,278.419,1.10,2.02,14,1
12,2279924162253,1788461459.396,1788461459.399,35.1815412,-97.4375459,317.73,1.5980,278.108,1.10,2.02,14,1
12,2280125869024,1788461459.597,1788461459.599,35.1815415,-97.4375499,317.67,1.8860,277.160,1.10,2.02,14,1
12,2280328352305,1788461459.800,1788461459.799,35.1815422,-97.4375545,317.66,2.1080,279.010,1.10,2.02,14,1
12,2280526767826,1788461459.998,1788461459.999,35.1815433,-97.4375594,317.69,2.3410,283.537,1.09,2.01,14,1
12,2280727746576,1788461460.199,1788461460.199,35.1815449,-97.4375648,317.73,2.5660,287.230,1.09,2.01,14,1
12,2280928496368,1788461460.400,1788461460.399,35.1815466,-97.4375706,317.68,2.8170,289.347,1.09,2.01,14,1
12,2281128611107,1788461460.600,1788461460.599,35.1815489,-97.4375765,317.66,3.0300,293.145,1.09,2.01,14,1
12,2281330558399,1788461460.802,1788461460.799,35.1815520,-97.4375823,317.58,3.1950,299.227,1.09,2.01,14,1
12,2281529740846,1788461461.001,1788461460.999,35.1815559,-97.4375881,317.62,3.4010,305.398,1.09,2.01,14,1
12,2281732566263,1788461461.204,1788461461.199,35.1815602,-97.4375935,317.57,3.4470,311.074,1.09,2.00,14,1
12,2281915578294,1788461461.387,1788461461.399,35.1815653,-97.4375986,317.58,3.6320,317.384,1.08,2.00,14,1
12,2282029450898,1788461461.501,1788461461.499,35.1815679,-97.4376011,317.59,3.7060,320.716,1.08,1.99,14,1
12,2282225521784,1788461461.697,1788461461.699,35.1815739,-97.4376055,317.58,3.9060,327.100,1.08,1.99,14,1
12,2282426544127,1788461461.898,1788461461.899,35.1815803,-97.4376092,317.60,3.9380,333.179,1.08,1.98,14,1
12,2282627804127,1788461462.099,1788461462.099,35.1815873,-97.4376123,317.62,4.0900,338.300,1.07,1.98,13,1
12,2282827056888,1788461462.299,1788461462.299,35.1815947,-97.4376144,317.60,4.1840,345.248,1.07,1.98,14,1
12,2283033088294,1788461462.505,1788461462.499,35.1816025,-97.4376158,317.59,4.3280,350.555,1.07,1.98,14,1
12,2283223195898,1788461462.695,1788461462.699,35.1816107,-97.4376166,317.61,4.5590,354.408,1.07,1.98,14,1
12,2283423180273,1788461462.895,1788461462.899,35.1816191,-97.4376176,317.63,4.6980,354.831,1.07,1.97,14,1
12,2283624043398,1788461463.096,1788461463.099,35.1816281,-97.4376181,317.63,4.9440,357.147,1.06,1.97,14,1
12,2283832120846,1788461463.304,1788461463.299,35.1816373,-97.4376184,317.63,5.1230,358.452,1.06,1.97,14,1
12,2284039341835,1788461463.511,1788461463.499,35.1816468,-97.4376186,317.63,5.2980,358.928,1.06,1.97,14,1
12,2284227233398,1788461463.699,1788461463.699,35.1816569,-97.4376188,317.63,5.5900,359.353,1.06,1.97,14,1
12,2284432621314,1788461463.904,1788461463.899,35.1816675,-97.4376189,317.66,5.8480,359.464,1.06,1.97,14,1
12,2284629687043,1788461464.101,1788461464.099,35.1816785,-97.4376192,317.65,6.0730,358.947,1.06,1.96,14,1
12,2284831729595,1788461464.303,1788461464.299,35.1816899,-97.4376193,317.64,6.3150,359.412,1.06,1.96,14,1
12,2285027079387,1788461464.499,1788461464.499,35.1817017,-97.4376195,317.63,6.5000,359.465,1.06,1.96,14,1
12,2285232531522,1788461464.704,1788461464.699,35.1817137,-97.4376197,317.70,6.5960,359.296,1.06,1.96,14,1
12,2285432068032,1788461464.904,1788461464.899,35.1817262,-97.4376202,317.71,6.9360,358.433,1.06,1.96,14,1
12,2285627831887,1788461465.099,1788461465.099,35.1817391,-97.4376204,317.74,7.1010,359.334,1.06,1.96,14,1
12,2285826192772,1788461465.298,1788461465.299,35.1817524,-97.4376204,317.71,7.3270,359.905,1.06,1.95,14,1
12,2285991565272,1788461465.463,1788461465.499,35.1817659,-97.4376205,317.73,7.4950,359.774,1.06,1.95,14,1
12,2286127192511,1788461465.599,1788461465.599,35.1817730,-97.4376206,317.76,7.5980,359.618,1.06,1.94,14,1
12,2286335173709,1788461465.807,1788461465.799,35.1817872,-97.4376206,317.75,7.9000,0.080,1.06,1.94,14,1
12,2286524553449,1788461465.996,1788461465.999,35.1818021,-97.4376206,317.74,8.2240,359.945,1.06,1.94,14,1
12,2286726021053,1788461466.198,1788461466.199,35.1818171,-97.4376207,317.80,8.2490,359.871,1.06,1.94,14,1
12,2286924311521,1788461466.396,1788461466.399,35.1818325,-97.4376208,317.84,8.4580,359.673,1.06,1.94,14,1
12,2287124639594,1788461466.596,1788461466.599,35.1818480,-97.4376208,317.85,8.5770,0.048,1.06,1.94,14,1
12,2287328211000,1788461466.800,1788461466.799,35.1818638,-97.4376209,317.90,8.7130,359.860,1.06,1.94,14,1
12,2287527519855,1788461466.999,1788461466.999,35.1818799,-97.4376210,317.88,8.9380,359.585,1.06,1.94,14,1
12,2287726312459,1788461467.198,1788461467.199,35.1818963,-97.4376208,317.83,9.0460,0.523,1.06,1.93,15,1
12,2287931968032,1788461467.403,1788461467.399,35.1819133,-97.4376207,317.83,9.4250,0.245,1.06,1.93,15,1
12,2288132119854,1788461467.604,1788461467.599,35.1819308,-97.4376207,317.93,9.5860,359.959,1.06,1.93,15,1
12,2288324557823,1788461467.796,1788461467.799,35.1819482,-97.4376205,317.95,9.6170,0.785,1.06,1.93,15,1
12,2288538906469,1788461468.010,1788461467.999,35.1819660,-97.4376204,318.01,9.7720,0.271,1.06,1.93,15,1
12,2288730226573,1788461468.202,1788461468.199,35.1819837,-97.4376205,318.07,9.7770,359.973,1.06,1.93,15,1
12,2288927692667,1788461468.399,1788461468.399,35.1820019,-97.4376207,318.14,9.9890,359.464,1.06,1.92,15,1
12,2289127556156,1788461468.599,1788461468.599,35.1820200,-97.4376208,318.20,10.0220,359.950,1.06,1.92,15,1
12,2289333121885,1788461468.805,1788461468.799,35.1820388,-97.4376211,318.37,10.2670,359.475,1.06,1.91,15,1
12,2289530233395,1788461469.002,1788461468.999,35.1820572,-97.4376214,318.45,10.1780,359.633,1.06,1.91,15,1
12,2289721321364,1788461469.193,1788461469.199,35.1820759,-97.4376215,318.50,10.3190,359.761,1.06,1.91,15,1
12,2289921545166,1788461469.393,1788461469.399,35.1820947,-97.4376214,318.53,10.3680,0.007,1.06,1.90,15,1
12,2290097610166,1788461469.569,1788461469.599,35.1821134,-97.4376211,318.52,10.3560,0.648,1.05,1.90,15,1
12,2290229286833,1788461469.701,1788461469.699,35.1821228,-97.4376211,318.52,10.3850,0.286,1.05,1.89,15,1
12,2290427402718,1788461469.899,1788461469.899,35.1821415,-97.4376210,318.50,10.3480,0.236,1.05,1.89,15,1
12,2290622788968,1788461470.094,1788461470.099,35.1821603,-97.4376210,318.60,10.3990,0.129,1.05,1.89,15,1
12,2290828232562,1788461470.300,1788461470.299,35.1821790,-97.4376207,318.66,10.3220,0.601,1.05,1.88,15,1
12,2291030923447,1788461470.502,1788461470.499,35.1821977,-97.4376205,318.65,10.4330,0.455,1.05,1.88,15,1
12,2291227951884,1788461470.699,1788461470.699,35.1822165,-97.4376203,318.67,10.3730,0.244,1.05,1.87,15,1
12,2291395954176,1788461470.867,1788461470.899,35.1822352,-97.4376201,318.68,10.3600,0.414,1.05,1.87,15,1
12,2291626280738,1788461471.098,1788461471.099,35.1822533,-97.4376199,318.79,9.9890,0.601,1.05,1.87,15,1
12,2291837771259,1788461471.309,1788461471.299,35.1822713,-97.4376197,318.84,9.9370,0.458,1.05,1.87,15,1
12,2292028903551,1788461471.500,1788461471.499,35.1822893,-97.4376196,318.91,9.8840,0.082,1.05,1.87,15,1
12,2292224870634,1788461471.696,1788461471.699,35.1823073,-97.4376195,318.95,9.9300,0.500,1.05,1.87,15,1
12,2292434731051,1788461471.906,1788461471.899,35.1823250,-97.4376192,319.00,9.7920,0.740,1.05,1.87,15,1
12,2292628007144,1788461472.099,1788461472.099,35.1823428,-97.4376189,319.06,9.7890,0.850,1.05,1.87,15,1
12,2292797453134,1788461472.269,1788461472.299,35.1823603,-97.4376188,319.08,9.6820,0.175,1.05,1.87,15,1
12,2292928774332,1788461472.400,1788461472.399,35.1823691,-97.4376185,319.12,9.6650,0.917,1.05,1.86,15,1
12,2293131782457,1788461472.603,1788461472.599,35.1823865,-97.4376180,319.06,9.6430,1.156,1.05,1.86,15,1
12,2293330300165,1788461472.802,1788461472.799,35.1824038,-97.4376177,319.10,9.5480,0.704,1.05,1.86,15,1
12,2293527229904,1788461472.999,1788461472.999,35.1824210,-97.4376173,319.25,9.4700,1.287,1.05,1.86,15,1
12,2293726910738,1788461473.198,1788461473.199,35.1824379,-97.4376171,319.32,9.3260,0.574,1.05,1.86,15,1
12,2293927113602,1788461473.399,1788461473.399,35.1824546,-97.4376168,319.38,9.2510,0.859,1.05,1.87,15,1
12,2294127834279,1788461473.599,1788461473.599,35.1824713,-97.4376166,319.38,9.2350,0.468,1.05,1.87,14,1
12,2294331740269,1788461473.803,1788461473.799,35.1824880,-97.4376163,319.42,9.1880,0.764,1.05,1.87,14,1
12,2294527917716,1788461473.999,1788461473.999,35.1825045,-97.4376160,319.43,9.1600,0.762,1.05,1.87,14,1
12,2294728574800,1788461474.200,1788461474.199,35.1825211,-97.4376157,319.46,9.1580,0.845,1.06,1.87,14,1
12,2294928129800,1788461474.400,1788461474.399,35.1825374,-97.4376157,319.54,8.9620,0.195,1.06,1.88,14,1
12,2295124970008,1788461474.596,1788461474.599,35.1825534,-97.4376157,319.59,8.8350,0.250,1.06,1.88,14,1
12,2295326766206,1788461474.798,1788461474.799,35.1825694,-97.4376157,319.69,8.7950,0.384,1.06,1.88,14,1
12,2295518741727,1788461474.990,1788461474.999,35.1825853,-97.4376157,319.72,8.7580,0.326,1.06,1.88,14,1
12,2295627713029,1788461475.099,1788461475.099,35.1825931,-97.4376157,319.73,8.6630,0.093,1.06,1.87,14,1
12,2295832713653,1788461475.304,1788461475.299,35.1826085,-97.4376157,319.80,8.4750,0.363,1.06,1.87,14,1
12,2296029530528,1788461475.501,1788461475.499,35.1826240,-97.4376155,319.80,8.5240,0.686,1.05,1.87,14,1
12,2296233129643,1788461475.705,1788461475.699,35.1826393,-97.4376154,319.86,8.4400,0.493,1.05,1.87,14,1
12,2296425652768,1788461475.897,1788461475.899,35.1826544,-97.4376153,319.93,8.2710,0.451,1.05,1.87,14,1
12,2296626700632,1788461476.098,1788461476.099,35.1826692,-97.4376151,319.96,8.1650,0.880,1.05,1.87,13,1
12,2296833535476,1788461476.305,1788461476.299,35.1826838,-97.4376148,320.01,8.0060,1.161,1.05,1.87,13,1
12,2297033747976,1788461476.505,1788461476.499,35.1826979,-97.4376146,320.02,7.7880,0.705,1.05,1.87,13,1
12,2297231238340,1788461476.703,1788461476.699,35.1827117,-97.4376144,320.05,7.6390,0.799,1.05,1.87,13,1
12,2297435894799,1788461476.907,1788461476.899,35.1827251,-97.4376142,320.07,7.3690,0.815,1.05,1.88,13,1
12,2297628944017,1788461477.100,1788461477.099,35.1827381,-97.4376140,320.08,7.1970,0.638,1.05,1.88,13,1
12,2297829039121,1788461477.301,1788461477.299,35.1827509,-97.4376137,320.09,7.0360,0.868,1.05,1.88,13,1
12,2298022705267,1788461477.494,1788461477.499,35.1827632,-97.4376136,320.14,6.7810,0.532,1.06,1.88,14,1
12,2298228102975,1788461477.700,1788461477.699,35.1827752,-97.4376134,320.13,6.6270,0.545,1.06,1.88,15,1
12,2298427340059,1788461477.899,1788461477.899,35.1827867,-97.4376133,320.11,6.3730,0.207,1.06,1.88,15,1
12,2298628009642,1788461478.099,1788461478.099,35.1827979,-97.4376133,320.11,6.1530,0.468,1.06,1.88,15,1
12,2298830445736,1788461478.302,1788461478.299,35.1828085,-97.4376132,320.13,5.8530,0.633,1.06,1.88,15,1
12,2299033243809,1788461478.505,1788461478.499,35.1828188,-97.4376130,320.17,5.6420,1.010,1.06,1.88,15,1
12,2299232818548,1788461478.704,1788461478.699,35.1828286,-97.4376130,320.18,5.4020,0.379,1.06,1.88,15,1
12,2299449733079,1788461478.921,1788461478.899,35.1828378,-97.4376130,320.21,5.0900,0.072,1.06,1.88,15,1
12,2299627584277,1788461479.099,1788461479.099,35.1828469,-97.4376129,320.27,4.9150,0.426,1.05,1.88,15,1
12,2299828999746,1788461479.300,1788461479.299,35.1828552,-97.4376129,320.30,4.5440,0.444,1.05,1.88,15,1
12,2300017120371,1788461479.489,1788461479.499,35.1828629,-97.4376128,320.29,4.2700,0.715,1.05,1.88,15,1
12,2300223281308,1788461479.695,1788461479.699,35.1828704,-97.4376126,320.28,4.0960,1.131,1.05,1.87,15,1
12,2300432521620,1788461479.904,1788461479.899,35.1828773,-97.4376124,320.24,3.8630,1.106,1.06,1.88,15,1
12,2300624567662,1788461480.096,1788461480.099,35.1828837,-97.4376124,320.28,3.4280,1.124,1.06,1.88,15,1
12,2300832241568,1788461480.304,1788461480.299,35.1828894,-97.4376125,320.31,3.1110,0.762,1.06,1.88,15,1
12,2301014366152,1788461480.486,1788461480.499,35.1828948,-97.4376119,320.33,2.9310,3.591,1.06,1.88,15,1
12,2301225952662,1788461480.697,1788461480.699,35.1828990,-97.4376119,320.35,2.2830,2.946,1.06,1.88,15,1
12,2301428922401,1788461480.900,1788461480.899,35.1829023,-97.4376121,320.36,1.7920,1.100,1.06,1.88,15,1
12,2301633665526,1788461481.105,1788461481.099,35.1829052,-97.4376124,320.41,1.6340,359.141,1.06,1.88,15,1
12,2301830189641,1788461481.302,1788461481.299,35.1829073,-97.4376124,320.45,1.1170,359.139,1.06,1.88,15,1
12,2302027699068,1788461481.499,1788461481.499,35.1829093,-97.4376123,320.47,1.0550,0.769,1.06,1.88,15,1
12,2302230268182,1788461481.702,1788461481.699,35.1829107,-97.4376122,320.48,0.7540,0.775,1.06,1.88,15,1
12,2302414847974,1788461481.886,1788461481.899,35.1829119,-97.4376123,320.48,0.6090,358.713,1.06,1.88,15,1
12,2302525376359,1788461481.997,1788461481.999,35.1829124,-97.4376122,320.50,0.5240,0.290,1.06,1.87,15,1
12,2302733424640,1788461482.205,1788461482.199,35.1829135,-97.4376119,320.46,0.5380,1.842,1.06,1.87,15,1
12,2302926735682,1788461482.398,1788461482.399,35.1829148,-97.4376118,320.48,0.6300,3.409,1.06,1.87,15,1
12,2303128325682,1788461482.600,1788461482.599,35.1829164,-97.4376117,320.50,0.8150,359.865,1.05,1.87,15,1
12,2303326905630,1788461482.798,1788461482.799,35.1829183,-97.4376116,320.51,1.0510,1.143,1.05,1.86,15,1
12,2303526628234,1788461482.998,1788461482.999,35.1829208,-97.4376116,320.53,1.2830,359.861,1.05,1.87,15,1
12,2303729986150,1788461483.201,1788461483.199,35.1829234,-97.4376116,320.53,1.4270,0.292,1.05,1.87,15,1
12,2303928424640,1788461483.400,1788461483.399,35.1829265,-97.4376114,320.52,1.6590,1.704,1.06,1.87,15,1
12,2304133649848,1788461483.605,1788461483.599,35.1829297,-97.4376108,320.48,1.7680,5.876,1.06,1.87,15,1
12,2304330145838,1788461483.802,1788461483.799,35.1829331,-97.4376100,320.50,1.9470,9.407,1.06,1.87,15,1
12,2304524356150,1788461483.996,1788461483.999,35.1829368,-97.4376085,320.38,2.1820,14.165,1.06,1.87,15,1
12,2304734870161,1788461484.206,1788461484.199,35.1829409,-97.4376068,320.41,2.3140,16.982,1.06,1.87,15,1
12,2304929234796,1788461484.401,1788461484.399,35.1829454,-97.4376047,320.42,2.6040,20.164,1.06,1.87,15,1
12,2305097842296,1788461484.569,1788461484.599,35.1829499,-97.4376022,320.45,2.6670,22.924,1.06,1.87,15,1
12,2305230180837,1788461484.702,1788461484.699,35.1829521,-97.4376006,320.40,2.7230,25.959,1.05,1.87,15,1
12,2305430360525,1788461484.902,1788461484.899,35.1829565,-97.4375971,320.35,2.8510,28.807,1.05,1.87,15,1
12,2305629244535,1788461485.101,1788461485.099,35.1829609,-97.4375932,320.30,3.0060,32.701,1.05,1.87,15,1
12,2305825875785,1788461485.297,1788461485.299,35.1829652,-97.4375884,320.22,3.1510,38.702,1.05,1.87,15,1
12,2306028802556,1788461485.500,1788461485.499,35.1829692,-97.4375836,320.21,3.1440,42.218,1.05,1.87,15,1
12,2306232014118,1788461485.703,1788461485.699,35.1829732,-97.4375778,320.21,3.3800,47.488,1.05,1.87,15,1
12,2306396276462,1788461485.868,1788461485.899,35.1829762,-97.4375714,320.10,3.3770,54.065,1.05,1.87,15,1
12,2306526174639,1788461485.998,1788461485.999,35.1829775,-97.4375679,320.08,3.4100,58.774,1.04,1.87,15,1
12,2306723972556,1788461486.195,1788461486.199,35.1829799,-97.4375610,320.10,3.4570,63.935,1.04,1.87,15,1
12,2306921903024,1788461486.393,1788461486.399,35.1829819,-97.4375538,320.04,3.3930,68.839,1.04,1.86,15,1
12,2307130555941,1788461486.602,1788461486.599,35.1829835,-97.4375464,319.99,3.4420,72.653,1.04,1.86,15,1
12,2307329193857,1788461486.801,1788461486.799,35.1829844,-97.4375389,319.99,3.3850,77.317,1.04,1.85,15,1
12,2307527706878,1788461486.999,1788461486.999,35.1829852,-97.4375312,320.00,3.5350,80.420,1.04,1.85,15,1
12,2307720700107,1788461487.192,1788461487.199,35.1829855,-97.4375231,319.96,3.6510,84.447,1.04,1.85,15,1
12,2307921065836,1788461487.393,1788461487.399,35.1829854,-97.4375148,319.95,3.7510,88.502,1.03,1.84,15,1
12,2308119209013,1788461487.591,1788461487.599,35.1829853,-97.4375064,319.88,3.8210,89.263,1.03,1.84,15,1
12,2308330171774,1788461487.802,1788461487.799,35.1829855,-97.4374976,319.88,3.9850,87.922,1.03,1.84,15,1
12,2308524688440,1788461487.996,1788461487.999,35.1829856,-97.4374887,319.89,4.0960,88.208,1.03,1.83,15,1
12,2308725640784,1788461488.197,1788461488.199,35.1829853,-97.4374794,319.87,4.2570,90.521,1.03,1.83,15,1
12,2308931241044,1788461488.403,1788461488.399,35.1829845,-97.4374697,319.81,4.4070,93.623,1.03,1.82,15,1
12,2309095062190,1788461488.567,1788461488.599,35.1829845,-97.4374596,319.80,4.6570,91.101,1.03,1.82,15,1
12,2309328961357,1788461488.800,1788461488.799,35.1829844,-97.4374493,319.84,4.6880,90.335,1.03,1.82,15,1
12,2309537293075,1788461489.009,1788461488.999,35.1829840,-97.4374384,319.80,4.9520,91.762,1.02,1.81,15,1
12,2309728511669,1788461489.200,1788461489.199,35.1829837,-97.4374270,319.76,5.1780,91.577,1.02,1.81,15,1
12,2309918834898,1788461489.390,1788461489.399,35.1829834,-97.4374153,319.75,5.3360,91.110,1.02,1.80,15,1
12,2310127628544,1788461489.599,1788461489.599,35.1829833,-97.4374031,319.76,5.5820,90.831,1.02,1.80,15,1
12,2310333876044,1788461489.805,1788461489.799,35.1829831,-97.4373904,319.76,5.8050,91.082,1.02,1.80,15,1
12,2310530306565,1788461490.002,1788461489.999,35.1829830,-97.4373774,319.77,5.9600,90.518,1.02,1.80,15,1
12,2310718154273,1788461490.190,1788461490.199,35.1829830,-97.4373638,319.74,6.2180,90.052,1.02,1.79,15,1
12,2310932826929,1788461490.404,1788461490.399,35.1829830,-97.4373497,319.72,6.4560,89.887,1.02,1.79,15,1
12,2311126218075,1788461490.598,1788461490.599,35.1829829,-97.4373352,319.68,6.6430,90.287,1.01,1.79,15,1
12,2311324058960,1788461490.796,1788461490.799,35.1829829,-97.4373202,319.68,6.8500,89.930,1.01,1.79,15,1
12,2311527247710,1788461490.999,1788461490.999,35.1829829,-97.4373046,319.66,7.0840,89.988,1.01,1.78,15,1
12,2311724307918,1788461491.196,1788461491.199,35.1829833,-97.4372887,319.61,7.2800,88.695,1.01,1.78,15,1
12,2311928941668,1788461491.400,1788461491.399,35.1829839,-97.4372725,319.58,7.3870,87.460,1.01,1.78,15,1
12,2312121632397,1788461491.593,1788461491.599,35.1829845,-97.4372559,319.55,7.5880,87.366,1.01,1.78,15,1
12,2312329361460,1788461491.801,1788461491.799,35.1829852,-97.4372389,319.53,7.7990,87.254,1.01,1.78,15,1
12,2312526331355,1788461491.998,1788461491.999,35.1829861,-97.4372214,319.51,7.9860,86.455,1.01,1.78,15,1
12,2312730322397,1788461492.202,1788461492.199,35.1829874,-97.4372035,319.49,8.1570,85.085,1.01,1.78,15,1
12,2312922033439,1788461492.394,1788461492.399,35.1829889,-97.4371854,319.51,8.2840,84.628,1.01,1.78,15,1
12,2313132290522,1788461492.604,1788461492.599,35.1829907,-97.4371668,319.48,8.4710,83.561,1.01,1.78,14,1
12,2313294380366,1788461492.766,1788461492.799,35.1829925,-97.4371482,319.49,8.5080,83.047,1.01,1.78,14,1
12,2313533760626,1788461493.005,1788461492.999,35.1829944,-97.4371293,319.54,8.6300,83.029,1.01,1.78,14,1
12,2313724354897,1788461493.196,1788461493.199,35.1829967,-97.4371102,319.58,8.7390,81.701,1.01,1.78,14,1
12,2313925490938,1788461493.397,1788461493.399,35.1829992,-97.4370910,319.57,8.8060,81.031,1.01,1.78,14,1
12,2314124965053,1788461493.596,1788461493.599,35.1830019,-97.4370714,319.56,8.9700,80.624,1.01,1.78,14,1
12,2314333963386,1788461493.805,1788461493.799,35.1830049,-97.4370522,319.53,8.8870,79.004,1.01,1.78,14,1
12,2314534906251,1788461494.006,1788461493.999,35.1830082,-97.4370328,319.55,9.0040,78.325,1.01,1.78,14,1
12,2314721891719,1788461494.193,1788461494.199,35.1830118,-97.4370131,319.53,9.1490,77.502,1.01,1.78,14,1
12,2314921750625,1788461494.393,1788461494.399,35.1830154,-97.4369935,319.55,9.0880,77.230,1.01,1.78,14,1
12,2315124521719,1788461494.596,1788461494.599,35.1830192,-97.4369740,319.56,9.1100,76.408,1.01,1.78,14,1
12,2315326407552,1788461494.798,1788461494.799,35.1830233,-97.4369548,319.58,9.0190,75.251,1.01,1.78,14,1
12,2315526437552,1788461494.998,1788461494.999,35.1830274,-97.4369356,319.63,9.0260,75.493,1.01,1.78,14,1
12,2315731114010,1788461495.203,1788461495.199,35.1830318,-97.4369165,319.62,8.9890,74.381,1.01,1.78,14,1
12,2315902182969,1788461495.374,1788461495.399,35.1830365,-97.4368975,319.62,8.9960,73.271,1.02,1.78,14,1
12,2315994615260,1788461495.466,1788461495.499,35.1830389,-97.4368879,319.57,9.0620,72.885,1.01,1.77,14,1
12,2316129759427,1788461495.601,1788461495.599,35.1830411,-97.4368785,319.57,8.9330,73.309,1.01,1.77,14,1
12,2316333793281,1788461495.805,1788461495.799,35.1830460,-97.4368596,319.56,8.9840,72.468,1.01,1.77,14,1
12,2316527727812,1788461495.999,1788461495.999,35.1830511,-97.4368409,319.56,8.9580,71.329,1.01,1.77,14,1
12,2316721082916,1788461496.193,1788461496.199,35.1830565,-97.4368222,319.58,9.0290,70.275,1.01,1.77,14,1
12,2316925079948,1788461496.397,1788461496.399,35.1830620,-97.4368036,319.58,8.9860,70.036,1.01,1.77,14,1
12,2317125326302,1788461496.597,1788461496.599,35.1830678,-97.4367850,319.60,9.0720,69.116,1.02,1.77,14,1
12,2317298222916,1788461496.770,1788461496.799,35.1830740,-97.4367664,319.59,9.0970,67.829,1.02,1.77,14,1
12,2317433601354,1788461496.905,1788461496.899,35.1830772,-97.4367571,319.62,9.1580,67.570,1.01,1.77,14,1
12,2317632760051,1788461497.104,1788461497.099,35.1830837,-97.4367385,319.64,9.2100,66.725,1.02,1.77,14,1
12,2317828315260,1788461497.300,1788461497.299,35.1830903,-97.4367200,319.68,9.1750,66.390,1.02,1.77,14,1
12,2318035678020,1788461497.507,1788461497.499,35.1830970,-97.4367014,319.69,9.2730,65.991,1.02,1.77,14,1
12,2318234039166,1788461497.706,1788461497.699,35.1831042,-97.4366830,319.70,9.2640,64.438,1.02,1.77,14,1
12,2318431280989,1788461497.903,1788461497.899,35.1831118,-97.4366645,319.69,9.3770,63.944,1.02,1.77,15,1
12,2318614444634,1788461498.086,1788461498.099,35.1831193,-97.4366461,319.65,9.3180,63.718,1.02,1.76,14,1
12,2318734066093,1788461498.206,1788461498.199,35.1831232,-97.4366369,319.65,9.3700,62.953,1.01,1.76,14,1
12,2318933569322,1788461498.405,1788461498.399,35.1831312,-97.4366185,319.67,9.4800,62.204,1.02,1.76,14,1
12,2319125920363,1788461498.597,1788461498.599,35.1831393,-97.4366004,319.72,9.3400,61.177,1.02,1.76,14,1
12,2319333099686,1788461498.805,1788461498.799,35.1831477,-97.4365824,319.78,9.4070,60.299,1.02,1.76,14,1
12,2319526587499,1788461498.998,1788461498.999,35.1831562,-97.4365644,319.71,9.4920,60.412,1.02,1.76,14,1
12,2319732580988,1788461499.204,1788461499.199,35.1831647,-97.4365464,319.68,9.4240,59.941,1.02,1.76,14,1
12,2319922362446,1788461499.394,1788461499.399,35.1831733,-97.4365287,319.68,9.3580,59.468,1.02,1.76,14,1
12,2320133154269,1788461499.605,1788461499.599,35.1831822,-97.4365112,319.67,9.4000,58.370,1.02,1.77,14,1
12,2320330669842,1788461499.802,1788461499.799,35.1831909,-97.4364934,319.62,9.4470,59.197,1.02,1.77,14,1
12,2320526799113,1788461499.998,1788461499.999,35.1832003,-97.4364759,319.67,9.4840,57.387,1.02,1.77,14,1
12,2320726177550,1788461500.198,1788461500.199,35.1832096,-97.4364585,319.69,9.4190,56.891,1.02,1.77,14,1
12,2320928099217,1788461500.400,1788461500.399,35.1832189,-97.4364413,319.67,9.3850,56.762,1.02,1.77,14,1
12,2321132844894,1788461500.604,1788461500.599,35.1832282,-97.4364244,319.70,9.2670,56.157,1.02,1.77,14,1
12,2321332511352,1788461500.804,1788461500.799,35.1832377,-97.4364077,319.68,9.2310,55.069,1.02,1.77,14,1
12,2321525276456,1788461500.997,1788461500.999,35.1832474,-97.4363910,319.66,9.2700,54.724,1.02,1.78,14,1
12,2321727688748,1788461501.199,1788461501.199,35.1832572,-97.4363744,319.64,9.2640,54.131,1.02,1.78,14,1
12,2321929168904,1788461501.401,1788461501.399,35.1832670,-97.4363582,319.65,9.1780,53.279,1.02,1.78,14,1
12,2322123805466,1788461501.595,1788461501.599,35.1832768,-97.4363422,319.64,9.0720,52.892,1.02,1.79,15,1
12,2322327717185,1788461501.799,1788461501.799,35.1832867,-97.4363263,319.66,9.0750,52.370,1.02,1.79,15,1
13,2322527397497,1788461501.999,1788461501.999,35.1832965,-97.4363105,319.71,8.9960,52.431,1.02,1.79,15,1
13,2322732874060,1788461502.204,1788461502.199,35.1833063,-97.4362948,319.69,8.9630,52.535,1.02,1.80,15,1
13,2322931767810,1788461502.403,1788461502.399,35.1833161,-97.4362795,319.70,8.8570,51.948,1.02,1.80,15,1
13,2323126354529,1788461502.598,1788461502.599,35.1833264,-97.4362646,319.76,8.8280,49.988,1.02,1.80,14,1
13,2323317465987,1788461502.789,1788461502.799,35.1833365,-97.4362498,319.71,8.7160,50.266,1.02,1.81,15,1
13,2323534673383,1788461503.006,1788461502.999,35.1833464,-97.4362353,319.62,8.6280,49.376,1.02,1.81,15,1
13,2323727358278,1788461503.199,1788461503.199,35.1833563,-97.4362213,319.68,8.3990,49.274,1.02,1.81,15,1
13,2323930418539,1788461503.402,1788461503.399,35.1833660,-97.4362077,319.74,8.2290,48.872,1.02,1.81,15,1
13,2324114371299,1788461503.586,1788461503.599,35.1833757,-97.4361945,319.88,8.0740,48.392,1.03,1.81,15,1
13,2324232908851,1788461503.704,1788461503.699,35.1833803,-97.4361881,319.93,7.8990,48.234,1.02,1.80,15,1
13,2324434073070,1788461503.906,1788461503.899,35.1833896,-97.4361754,319.97,7.7660,48.084,1.02,1.80,15,1
13,2324627831820,1788461504.099,1788461504.099,35.1833986,-97.4361627,319.94,7.6370,48.771,1.03,1.80,15,1
13,2324834651976,1788461504.306,1788461504.299,35.1834076,-97.4361503,319.96,7.5400,48.220,1.03,1.80,15,1
13,2325028480934,1788461504.500,1788461504.499,35.1834160,-97.4361384,319.93,7.1660,48.663,1.03,1.81,15,1
13,2325234587340,1788461504.706,1788461504.699,35.1834243,-97.4361270,319.96,6.9540,48.154,1.03,1.81,15,1
13,2325396759788,1788461504.868,1788461504.899,35.1834325,-97.4361156,319.93,6.9130,48.387,1.03,1.81,15,1
13,2325490820986,1788461504.962,1788461504.999,35.1834364,-97.4361105,320.00,6.6450,47.782,1.03,1.80,15,1
13,2325626893798,1788461505.098,1788461505.099,35.1834405,-97.4361052,320.05,6.6410,47.541,1.02,1.80,15,1
13,2325833846142,1788461505.305,1788461505.299,35.1834481,-97.4360945,320.01,6.4660,48.414,1.02,1.80,15,1
13,2326038222809,1788461505.510,1788461505.499,35.1834556,-97.4360843,320.08,6.2930,47.877,1.03,1.79,15,1
13,2326226848694,1788461505.698,1788461505.699,35.1834631,-97.4360742,320.06,6.2020,47.791,1.03,1.79,15,1
13,2326433553538,1788461505.905,1788461505.899,35.1834699,-97.4360643,320.02,5.9320,48.910,1.03,1.79,15,1
13,2326627627288,1788461506.099,1788461506.099,35.1834769,-97.4360548,320.01,5.8020,47.866,1.03,1.79,15,1
13,2326786837340,1788461506.258,1788461506.299,35.1834836,-97.4360455,320.06,5.6560,48.437,1.03,1.79,15,1
13,2326914899319,1788461506.386,1788461506.399,35.1834869,-97.4360412,320.07,5.5400,47.773,1.03,1.79,15,1
13,2327029026871,1788461506.501,1788461506.499,35.1834903,-97.4360366,320.11,5.5950,47.563,1.02,1.78,15,1
13,2327233021819,1788461506.705,1788461506.699,35.1834968,-97.4360277,320.08,5.4470,47.564,1.02,1.78,15,1
13,2327427531298,1788461506.899,1788461506.899,35.1835030,-97.4360193,320.11,5.1620,47.485,1.02,1.78,15,1
13,2327635337964,1788461507.107,1788461507.099,35.1835089,-97.4360114,320.08,4.8390,46.955,1.02,1.78,15,1
13,2327831504683,1788461507.303,1788461507.299,35.1835145,-97.4360039,320.05,4.6660,46.877,1.02,1.78,15,1
13,2328033269839,1788461507.505,1788461507.499,35.1835196,-97.4359967,320.05,4.3620,48.199,1.02,1.77,15,1
13,2328201903745,1788461507.673,1788461507.699,35.1835243,-97.4359901,320.06,3.9990,48.205,1.02,1.77,15,1
13,2328329240412,1788461507.801,1788461507.799,35.1835265,-97.4359869,320.05,3.9080,47.923,1.02,1.77,15,1
13,2328530456558,1788461508.002,1788461507.999,35.1835308,-97.4359809,320.08,3.6430,48.198,1.02,1.77,15,1
13,2328727708485,1788461508.199,1788461508.199,35.1835346,-97.4359754,320.04,3.2730,48.532,1.02,1.77,15,1
13,2328926659005,1788461508.398,1788461508.399,35.1835378,-97.4359706,320.01,2.8010,49.161,1.02,1.77,15,1
13,2329134351818,1788461508.606,1788461508.599,35.1835405,-97.4359667,320.05,2.3530,49.057,1.02,1.76,15,1
13,2329326850776,1788461508.798,1788461508.799,35.1835428,-97.4359633,320.02,1.9730,48.656,1.02,1.76,15,1
13,2329514419943,1788461508.986,1788461508.999,35.1835446,-97.4359610,320.01,1.4340,47.747,1.02,1.76,15,1
13,2329601544839,1788461509.073,1788461509.099,35.1835451,-97.4359599,319.97,1.3140,48.083,1.02,1.75,15,1
13,2329828922547,1788461509.300,1788461509.299,35.1835464,-97.4359585,320.04,0.9750,45.678,1.02,1.74,15,1
13,2330032289318,1788461509.504,1788461509.499,35.1835473,-97.4359573,320.00,0.7420,45.474,1.01,1.74,15,1
13,2330227457078,1788461509.699,1788461509.699,35.1835477,-97.4359566,319.98,0.4130,45.574,1.01,1.74,15,1
13,2330434368744,1788461509.906,1788461509.899,35.1835479,-97.4359562,319.94,0.2190,45.574,1.01,1.73,15,1
13,2330626816296,1788461510.098,1788461510.099,35.1835480,-97.4359560,319.92,0.1200,45.574,1.01,1.73,15,1
13,2330831841088,1788461510.303,1788461510.299,35.1835479,-97.4359558,319.89,0.0580,45.574,1.01,1.73,15,1
13,2331014965411,1788461510.486,1788461510.499,35.1835478,-97.4359556,319.91,0.0580,45.574,1.01,1.72,15,1
13,2331115344525,1788461510.587,1788461510.599,35.1835477,-97.4359557,319.88,0.0090,45.574,1.01,1.72,15,1
13,2331235084317,1788461510.707,1788461510.699,35.1835475,-97.4359555,319.89,0.0290,45.574,1.01,1.71,15,1
13,2331434164734,1788461510.906,1788461510.899,35.1835476,-97.4359552,319.91,0.1790,45.574,1.01,1.71,15,1
13,2331635498536,1788461511.107,1788461511.099,35.1835478,-97.4359545,319.91,0.3450,45.094,1.01,1.71,15,1
13,2331827471296,1788461511.299,1788461511.299,35.1835484,-97.4359534,319.94,0.6480,48.001,1.00,1.70,15,1
13,2332033604369,1788461511.505,1788461511.499,35.1835492,-97.4359519,319.90,0.8510,49.693,1.00,1.70,15,1
13,2332214851244,1788461511.686,1788461511.699,35.1835503,-97.4359500,319.85,1.0770,50.071,1.00,1.70,15,1
13,2332291148327,1788461511.763,1788461511.799,35.1835508,-97.4359487,319.86,1.2110,52.249,1.00,1.69,15,1
13,2332435081140,1788461511.907,1788461511.899,35.1835516,-97.4359474,319.88,1.3950,50.129,1.00,1.68,15,1
13,2332627196400,1788461512.099,1788461512.099,35.1835534,-97.4359447,319.92,1.6700,49.693,1.00,1.68,15,1
13,2332833686139,1788461512.305,1788461512.299,35.1835554,-97.4359414,319.87,1.9080,50.850,1.00,1.68,15,1
13,2333034862702,1788461512.506,1788461512.499,35.1835578,-97.4359376,319.84,2.2250,51.235,1.00,1.67,15,1
13,2333233844004,1788461512.705,1788461512.699,35.1835604,-97.4359334,319.84,2.4200,52.024,1.00,1.67,15,1
13,2333436357910,1788461512.908,1788461512.899,35.1835632,-97.4359284,319.81,2.7600,54.024,1.00,1.67,15,1
13,2333614455827,1788461513.086,1788461513.099,35.1835659,-97.4359231,319.82,2.8910,55.792,0.99,1.67,15,1
13,2333741637389,1788461513.213,1788461513.199,35.1835675,-97.4359200,319.81,3.1640,57.000,0.99,1.66,15,1
13,2333932169472,1788461513.404,1788461513.399,35.1835706,-97.4359135,319.79,3.4650,58.984,0.99,1.66,15,1
13,2334134941295,1788461513.606,1788461513.599,35.1835736,-97.4359066,319.79,3.6090,60.453,0.99,1.66,15,1
13,2334335311764,1788461513.807,1788461513.799,35.1835763,-97.4358990,319.77,3.7940,64.355,0.99,1.66,15,1
13,2334526993222,1788461513.998,1788461513.999,35.1835789,-97.4358906,319.80,4.0980,67.654,0.99,1.66,15,1
13,2334732505514,1788461514.204,1788461514.199,35.1835815,-97.4358818,319.81,4.2750,69.305,0.99,1.66,15,1
13,2334916223014,1788461514.388,1788461514.399,35.1835832,-97.4358725,319.78,4.3670,74.010,1.00,1.66,14,1
13,2334996219784,1788461514.468,1788461514.499,35.1835838,-97.4358673,319.77,4.5560,77.337,1.00,1.66,15,1
13,2335130848586,1788461514.602,1788461514.599,35.1835840,-97.4358622,319.77,4.6220,80.493,0.99,1.65,15,1
13,2335336329784,1788461514.808,1788461514.799,35.1835843,-97.4358518,319.76,4.7910,84.624,1.00,1.65,15,1
13,2335534240201,1788461515.006,1788461514.999,35.1835836,-97.4358411,319.75,4.8790,90.965,1.00,1.65,15,1
13,2335728819680,1788461515.200,1788461515.199,35.1835820,-97.4358303,319.77,4.9910,97.120,1.00,1.65,15,1
13,2335933339888,1788461515.405,1788461515.399,35.1835798,-97.4358195,319.74,5.0170,101.113,1.00,1.65,15,1
13,2336133665826,1788461515.605,1788461515.599,35.1835769,-97.4358090,319.66,5.0490,105.721,1.00,1.65,15,1
13,2336313781190,1788461515.785,1788461515.799,35.1835726,-97.4357984,319.60,5.3610,113.583,1.00,1.65,15,1
13,2336433344732,1788461515.905,1788461515.899,35.1835703,-97.4357932,319.62,5.3490,116.003,1.00,1.65,15,1
13,2336628362180,1788461516.100,1788461516.099,35.1835648,-97.4357827,319.63,5.6420,120.884,1.00,1.65,15,1
13,2336835511502,1788461516.307,1788461516.299,35.1835585,-97.4357732,319.63,5.5180,126.692,1.00,1.64,15,1
13,2337027157440,1788461516.499,1788461516.499,35.1835517,-97.4357646,319.59,5.4110,131.279,1.00,1.64,15,1
13,2337234345200,1788461516.706,1788461516.699,35.1835444,-97.4357553,319.65,5.7830,132.814,1.00,1.64,15,1
13,2337427871398,1788461516.899,1788461516.899,35.1835368,-97.4357461,319.66,5.9170,134.259,1.00,1.64,15,1
13,2337621109471,1788461517.093,1788461517.099,35.1835287,-97.4357366,319.72,6.1730,135.074,1.00,1.64,15,1
13,2337827188221,1788461517.299,1788461517.299,35.1835204,-97.4357271,319.71,6.2970,136.129,1.00,1.64,15,1
13,2338016605044,1788461517.488,1788461517.499,35.1835119,-97.4357175,319.69,6.4970,136.933,1.00,1.64,15,1
13,2338228454262,1788461517.700,1788461517.699,35.1835030,-97.4357075,319.68,6.6790,137.092,1.00,1.64,15,1
13,2338433936866,1788461517.905,1788461517.899,35.1834942,-97.4356976,319.61,6.7060,137.124,1.00,1.64,15,1
13,2338625954679,1788461518.097,1788461518.099,35.1834850,-97.4356872,319.58,6.9200,137.462,1.00,1.64,14,1
13,2338826773481,1788461518.298,1788461518.299,35.1834757,-97.4356770,319.53,7.0300,138.468,1.00,1.64,15,1
13,2339011347700,1788461518.483,1788461518.499,35.1834661,-97.4356667,319.50,7.1500,138.569,1.00,1.64,15,1
13,2339101829158,1788461518.573,1788461518.599,35.1834610,-97.4356617,319.49,7.1760,139.456,1.00,1.64,15,1
13,2339235231241,1788461518.707,1788461518.699,35.1834560,-97.4356567,319.48,7.1730,139.580,1.00,1.63,15,1
13,2339421719939,1788461518.893,1788461518.899,35.1834459,-97.4356462,319.48,7.3800,139.725,0.99,1.63,15,1
13,2339621908897,1788461519.093,1788461519.099,35.1834356,-97.4356360,319.44,7.3660,140.541,0.99,1.63,15,1
13,2339833989418,1788461519.305,1788461519.299,35.1834253,-97.4356259,319.45,7.3450,140.712,0.99,1.63,15,1
13,2340021910928,1788461519.493,1788461519.499,35.1834147,-97.4356160,319.43,7.4580,142.453,0.99,1.63,15,1
13,2340221917595,1788461519.693,1788461519.699,35.1834037,-97.4356064,319.44,7.4770,143.808,0.99,1.63,15,1
13,2340398000459,1788461519.869,1788461519.899,35.1833930,-97.4355970,319.44,7.3640,144.387,0.99,1.63,15,1
13,2340524307855,1788461519.996,1788461519.999,35.1833878,-97.4355924,319.40,7.2460,144.268,0.99,1.63,15,1
13,2340723975824,1788461520.195,1788461520.199,35.1833771,-97.4355832,319.38,7.3040,144.960,0.99,1.63,14,1
13,2340920534626,1788461520.392,1788461520.399,35.1833663,-97.4355745,319.36,7.2350,146.335,0.99,1.63,15,1
13,2341124329157,1788461520.596,1788461520.599,35.1833554,-97.4355661,319.36,7.1780,148.089,0.99,1.63,15,1
13,2341326877855,1788461520.798,1788461520.799,35.1833444,-97.4355583,319.31,7.0910,149.459,0.99,1.63,15,1
13,2341526348271,1788461520.998,1788461520.999,35.1833330,-97.4355509,319.32,7.1640,151.428,0.99,1.63,15,1
13,2341732028896,1788461521.204,1788461521.199,35.1833212,-97.4355438,319.31,7.2410,153.429,0.99,1.63,15,1
13,2341923111917,1788461521.395,1788461521.399,35.1833094,-97.4355373,319.29,7.2150,155.528,0.99,1.63,15,1
13,2342128201032,1788461521.600,1788461521.599,35.1832971,-97.4355313,319.29,7.2900,158.177,0.99,1.63,15,1
13,2342335432907,1788461521.807,1788461521.799,35.1832845,-97.4355261,319.26,7.3930,160.965,0.99,1.63,15,1
13,2342527411032,1788461521.999,1788461521.999,35.1832715,-97.4355214,319.28,7.5010,163.340,0.99,1.63,15,1
13,2342731363219,1788461522.203,1788461522.199,35.1832584,-97.4355174,319.23,7.4690,165.787,0.99,1.63,15,1
13,2342925713844,1788461522.397,1788461522.399,35.1832451,-97.4355142,319.17,7.4920,168.184,0.99,1.63,15,1
13,2343129154208,1788461522.601,1788461522.599,35.1832313,-97.4355115,319.17,7.7060,170.643,0.99,1.63,15,1
13,2343327839625,1788461522.799,1788461522.799,35.1832176,-97.4355094,319.13,7.6120,172.478,0.99,1.63,15,1
13,2343523287021,1788461522.995,1788461522.999,35.1832034,-97.4355078,319.14,7.8340,174.814,0.99,1.63,15,1
13,2343724872854,1788461523.196,1788461523.199,35.1831892,-97.4355066,319.07,7.8860,175.725,0.99,1.63,15,1
13,2343926873635,1788461523.398,1788461523.399,35.1831746,-97.4355058,319.06,8.0200,177.463,0.99,1.63,14,1
13,2344126669260,1788461523.598,1788461523.599,35.1831599,-97.4355044,319.04,8.1920,175.613,1.00,1.63,15,1
13,2344328139052,1788461523.800,1788461523.799,35.1831447,-97.4355038,319.03,8.3730,177.364,1.00,1.63,15,1
13,2344528190354,1788461524.000,1788461523.999,35.1831295,-97.4355035,319.01,8.4290,178.767,1.00,1.63,15,1
13,2344722176552,1788461524.194,1788461524.199,35.1831141,-97.4355037,318.97,8.5280,179.909,1.00,1.63,15,1
13,2344926100301,1788461524.398,1788461524.399,35.1830985,-97.4355034,318.92,8.6390,179.044,1.00,1.63,15,1
13,2345127159728,1788461524.599,1788461524.599,35.1830827,-97.4355035,318.86,8.7450,179.868,1.00,1.63,15,1
13,2345321709833,1788461524.793,1788461524.799,35.1830665,-97.4355036,318.83,8.9200,179.887,1.00,1.63,15,1
13,2345525746447,1788461524.997,1788461524.999,35.1830501,-97.4355035,318.81,9.0860,179.407,1.00,1.64,15,1
13,2345722894520,1788461525.194,1788461525.199,35.1830334,-97.4355041,318.74,9.2040,181.218,1.00,1.64,15,1
13,2345923425145,1788461525.395,1788461525.399,35.1830164,-97.4355040,318.81,9.3450,179.845,1.00,1.64,15,1
13,2346126796186,1788461525.598,1788461525.599,35.1829993,-97.4355039,318.83,9.3870,179.615,1.00,1.64,15,1
13,2346327505665,1788461525.799,1788461525.799,35.1829825,-97.4355041,318.80,9.2790,180.262,1.00,1.64,15,1
13,2346535268634,1788461526.007,1788461525.999,35.1829655,-97.4355042,318.77,9.4570,180.395,1.00,1.64,15,1
13,2346715885561,1788461526.187,1788461526.199,35.1829484,-97.4355044,318.76,9.4030,180.295,1.00,1.64,15,1
13,2346926462697,1788461526.398,1788461526.399,35.1829313,-97.4355046,318.73,9.4950,180.375,1.00,1.64,15,1
13,2347121750769,1788461526.593,1788461526.599,35.1829142,-97.4355047,318.70,9.4930,180.344,1.00,1.64,15,1
13,2347325814207,1788461526.797,1788461526.799,35.1828969,-97.4355049,318.70,9.5650,180.590,1.00,1.64,15,1
13,2347523302175,1788461526.995,1788461526.999,35.1828794,-97.4355050,318.70,9.6800,180.236,1.00,1.64,15,1
13,2347726934155,1788461527.198,1788461527.199,35.1828621,-97.4355051,318.65,9.6000,180.286,1.00,1.64,15,1
13,2347916678321,1788461527.388,1788461527.399,35.1828445,-97.4355055,318.61,9.7500,180.971,1.00,1.64,15,1
13,2348124638738,1788461527.596,1788461527.599,35.1828270,-97.4355057,318.60,9.6590,180.355,1.00,1.64,15,1
13,2348334452279,1788461527.806,1788461527.799,35.1828093,-97.4355058,318.62,9.7450,180.175,1.00,1.64,15,1
13,2348525623477,1788461527.997,1788461527.999,35.1827914,-97.4355060,318.61,9.8540,180.371,1.00,1.64,15,1
13,2348725052227,1788461528.197,1788461528.199,35.1827742,-97.4355063,318.50,9.6050,180.698,1.00,1.64,15,1
13,2348921872019,1788461528.393,1788461528.399,35.1827568,-97.4355063,318.46,9.6560,179.858,1.00,1.64,15,1
13,2349120728789,1788461528.592,1788461528.599,35.1827392,-97.4355063,318.42,9.7340,179.960,1.00,1.64,15,1
13,2349325344987,1788461528.797,1788461528.799,35.1827216,-97.4355062,318.38,9.7280,179.639,1.00,1.64,14,1
13,2349521865560,1788461528.993,1788461528.999,35.1827040,-97.4355058,318.38,9.6880,178.860,1.00,1.64,15,1
13,2349721707227,1788461529.193,1788461529.199,35.1826865,-97.4355060,318.36,9.6740,180.149,1.00,1.65,15,1
13,2349926771445,1788461529.398,1788461529.399,35.1826690,-97.4355059,318.36,9.6070,179.506,1.00,1.65,15,1
13,2350128711914,1788461529.600,1788461529.599,35.1826516,-97.4355062,318.30,9.6570,180.266,1.00,1.65,15,1
13,2350340887539,1788461529.812,1788461529.799,35.1826343,-97.4355061,318.24,9.5920,179.927,1.00,1.65,15,1
13,2350527357122,1788461529.999,1788461529.999,35.1826167,-97.4355064,318.21,9.7690,180.476,1.00,1.65,15,1
13,2350725554101,1788461530.197,1788461530.199,35.1825991,-97.4355066,318.18,9.7140,180.232,1.00,1.65,15,1
13,2350925741028,1788461530.397,1788461530.399,35.1825814,-97.4355067,318.14,9.7630,180.223,1.00,1.65,15,1
13,2351128141862,1788461530.600,1788461530.599,35.1825639,-97.4355068,318.07,9.7050,179.931,1.00,1.65,15,1
13,2351315067486,1788461530.787,1788461530.799,35.1825466,-97.4355071,317.99,9.5790,180.461,1.00,1.65,15,1
13,2351423749674,1788461530.895,1788461530.899,35.1825377,-97.4355071,317.97,9.7080,179.960,1.00,1.65,15,1
13,2351621556393,1788461531.093,1788461531.099,35.1825199,-97.4355069,317.97,9.8080,179.474,1.00,1.65,15,1
13,2351823364413,1788461531.295,1788461531.299,35.1825023,-97.4355065,317.92,9.7750,178.835,1.00,1.65,15,1
13,2352025841184,1788461531.497,1788461531.499,35.1824845,-97.4355060,317.93,9.7640,178.814,1.00,1.65,15,1
13,2352222937278,1788461531.694,1788461531.699,35.1824669,-97.4355058,317.85,9.8260,179.115,1.00,1.65,15,1
13,2352425830819,1788461531.897,1788461531.899,35.1824490,-97.4355055,317.90,9.8450,179.119,1.00,1.65,15,1
13,2352626250611,1788461532.098,1788461532.099,35.1824313,-97.4355055,317.85,9.8100,179.792,1.01,1.65,15,1
13,2352825301653,1788461532.297,1788461532.299,35.1824133,-97.4355053,317.83,9.9210,179.354,1.00,1.65,15,1
13,2353026364569,1788461532.498,1788461532.499,35.1823956,-97.4355051,317.78,9.7750,179.402,1.00,1.65,15,1
13,2353225082225,1788461532.697,1788461532.699,35.1823779,-97.4355050,317.79,9.7790,179.641,1.00,1.65,15,1
13,2353424575611,1788461532.896,1788461532.899,35.1823602,-97.4355048,317.74,9.7700,179.364,1.00,1.65,15,1
13,2353624882954,1788461533.096,1788461533.099,35.1823426,-97.4355047,317.73,9.7330,179.477,1.00,1.65,15,1
13,2353825442225,1788461533.297,1788461533.299,35.1823252,-97.4355048,317.67,9.6750,179.826,1.00,1.65,15,1
13,2354014955663,1788461533.486,1788461533.499,35.1823078,-97.4355048,317.63,9.6250,179.755,1.00,1.65,15,1
13,2354127773475,1788461533.599,1788461533.599,35.1822990,-97.4355048,317.62,9.6610,179.759,1.00,1.65,15,1
13,2354334652381,1788461533.806,1788461533.799,35.1822817,-97.4355049,317.59,9.5960,179.851,0.99,1.64,15,1
13,2354534700142,1788461534.006,1788461533.999,35.1822644,-97.4355048,317.53,9.5660,179.632,0.99,1.64,15,1
13,2354727238579,1788461534.199,1788461534.199,35.1822472,-97.4355048,317.49,9.5320,179.741,0.99,1.64,15,1
13,2354927738371,1788461534.399,1788461534.399,35.1822302,-97.4355046,317.45,9.4500,179.248,0.99,1.64,15,1
13,2355128124933,1788461534.600,1788461534.599,35.1822129,-97.4355042,317.43,9.5650,178.908,0.99,1.64,15,1
13,2355327642381,1788461534.799,1788461534.799,35.1821958,-97.4355042,317.40,9.4560,179.478,0.99,1.64,15,1
13,2355527377797,1788461534.999,1788461534.999,35.1821787,-97.4355041,317.32,9.5140,179.170,0.99,1.64,15,1
13,2355741847954,1788461535.213,1788461535.199,35.1821616,-97.4355039,317.29,9.4940,179.392,0.98,1.63,15,1
13,2355927118526,1788461535.399,1788461535.399,35.1821446,-97.4355040,317.29,9.4120,180.269,0.98,1.63,15,1
13,2356127234880,1788461535.599,1788461535.599,35.1821274,-97.4355038,317.25,9.4920,178.802,0.98,1.63,15,1
13,2356337794828,1788461535.809,1788461535.799,35.1821107,-97.4355038,317.21,9.2830,180.075,0.98,1.63,15,1
13,2356532841964,1788461536.004,1788461535.999,35.1820939,-97.4355037,317.16,9.2880,179.765,0.99,1.63,15,1
13,2356725341443,1788461536.197,1788461536.199,35.1820776,-97.4355037,317.11,9.0710,179.657,0.99,1.64,15,1
13,2356924621703,1788461536.396,1788461536.399,35.1820611,-97.4355029,317.12,9.0460,177.855,0.99,1.64,15,1
13,2357126845245,1788461536.598,1788461536.599,35.1820450,-97.4355028,317.07,8.9720,179.326,0.99,1.64,15,1
13,2357327100765,1788461536.799,1788461536.799,35.1820292,-97.4355023,317.02,8.7070,178.553,0.99,1.64,14,1
13,2357535163995,1788461537.007,1788461536.999,35.1820136,-97.4355019,317.03,8.6220,178.314,1.00,1.64,15,1
13,2357729031859,1788461537.201,1788461537.199,35.1819986,-97.4355031,316.86,8.3960,182.432,1.00,1.64,15,1
13,2357929004359,1788461537.400,1788461537.399,35.1819837,-97.4355032,316.75,8.2790,180.477,1.00,1.64,15,1
13,2358098122067,1788461537.570,1788461537.599,35.1819687,-97.4355031,316.79,8.1260,179.269,1.00,1.65,15,1
13,2358235514932,1788461537.707,1788461537.699,35.1819614,-97.4355028,316.81,8.0300,178.761,1.00,1.65,15,1
13,2358435757119,1788461537.907,1788461537.899,35.1819469,-97.4355031,316.77,8.0120,180.273,1.00,1.65,15,1
13,2358630938421,1788461538.102,1788461538.099,35.1819329,-97.4355032,316.74,7.7590,180.093,1.00,1.65,15,1
13,2358834882744,1788461538.306,1788461538.299,35.1819194,-97.4355035,316.65,7.5120,180.553,1.00,1.65,15,1
13,2359029465765,1788461538.501,1788461538.499,35.1819061,-97.4355034,316.71,7.2880,179.974,1.01,1.65,15,1
13,2359218243681,1788461538.690,1788461538.699,35.1818932,-97.4355035,316.67,7.1070,180.053,1.01,1.66,15,1
13,2359427837015,1788461538.899,1788461538.899,35.1818809,-97.4355036,316.64,6.7680,180.156,1.01,1.66,15,1
13,2359626888785,1788461539.098,1788461539.099,35.1818689,-97.4355035,316.68,6.5650,179.884,1.01,1.66,15,1
13,2359823367119,1788461539.295,1788461539.299,35.1818575,-97.4355037,316.63,6.3380,180.587,1.01,1.66,15,1
13,2360023371650,1788461539.495,1788461539.499,35.1818465,-97.4355039,316.60,6.0700,180.510,1.01,1.66,15,1
13,2360235857796,1788461539.707,1788461539.699,35.1818365,-97.4355039,316.49,5.6550,179.761,1.01,1.66,15,1
13,2360440275868,1788461539.912,1788461539.899,35.1818271,-97.4355044,316.45,5.1940,181.828,1.01,1.67,15,1
13,2360626240400,1788461540.098,1788461540.099,35.1818186,-97.4355047,316.38,4.8040,181.921,1.01,1.67,15,1
13,2360797537327,1788461540.269,1788461540.299,35.1818103,-97.4355051,316.31,4.6110,182.004,1.01,1.67,15,1
13,2360928564618,1788461540.400,1788461540.399,35.1818067,-97.4355054,316.25,4.3280,182.800,1.01,1.67,15,1
13,2361126460920,1788461540.598,1788461540.599,35.1817993,-97.4355063,316.28,4.0300,184.899,1.01,1.67,15,1
13,2361328996441,1788461540.800,1788461540.799,35.1817927,-97.4355075,316.25,3.7060,187.334,1.01,1.67,15,1
13,2361531983628,1788461541.003,1788461540.999,35.1817865,-97.4355086,316.19,3.4590,188.165,1.01,1.68,15,1
13,2361735191649,1788461541.207,1788461541.199,35.1817804,-97.4355108,316.21,3.4980,192.245,1.02,1.68,15,1
13,2361932316962,1788461541.404,1788461541.399,35.1817741,-97.4355130,316.27,3.5330,195.397,1.02,1.68,15,1
13,2362125446909,1788461541.597,1788461541.599,35.1817680,-97.4355164,316.31,3.6470,200.963,1.02,1.69,15,1
13,2362328475920,1788461541.800,1788461541.799,35.1817624,-97.4355202,316.29,3.5110,205.565,1.02,1.69,15,1
13,2362533245295,1788461542.005,1788461541.999,35.1817575,-97.4355242,316.33,3.2780,209.531,1.02,1.69,15,1
13,2362727637690,1788461542.199,1788461542.199,35.1817526,-97.4355288,316.32,3.4130,214.224,1.03,1.70,15,1
13,2362933008315,1788461542.404,1788461542.399,35.1817483,-97.4355341,316.25,3.3610,220.327,1.03,1.70,15,1
13,2363126128263,1788461542.598,1788461542.599,35.1817440,-97.4355394,316.27,3.4110,223.763,1.03,1.70,15,1
13,2363335596909,1788461542.807,1788461542.799,35.1817404,-97.4355456,316.29,3.4230,230.464,1.03,1.71,15,1
13,2363530429461,1788461543.002,1788461542.999,35.1817373,-97.4355525,316.30,3.5970,237.704,1.03,1.71,15,1
13,2363734537482,1788461543.206,1788461543.199,35.1817347,-97.4355598,316.22,3.5350,242.132,1.03,1.71,15,1
13,2363937078732,1788461543.409,1788461543.399,35.1817326,-97.4355674,316.27,3.6850,248.058,1.03,1.71,15,1
13,2364134929252,1788461543.606,1788461543.599,35.1817307,-97.4355750,316.33,3.6270,251.433,1.03,1.71,15,1
13,2364334665450,1788461543.806,1788461543.799,35.1817294,-97.4355826,316.30,3.5750,254.509,1.03,1.71,15,1
13,2364533302273,1788461544.005,1788461543.999,35.1817285,-97.4355912,316.32,3.9270,260.050,1.03,1.71,15,1
13,2364734309252,1788461544.206,1788461544.199,35.1817278,-97.4355999,316.32,3.9610,261.953,1.03,1.71,15,1
13,2364895910763,1788461544.367,1788461544.399,35.1817274,-97.4356090,316.26,4.1680,264.620,1.03,1.71,15,1
13,2365133762585,1788461544.605,1788461544.599,35.1817271,-97.4356185,316.32,4.3230,266.998,1.03,1.71,15,1
13,2365334404096,1788461544.806,1788461544.799,35.1817270,-97.4356281,316.36,4.3810,268.313,1.03,1.72,15,1
13,2365537688158,1788461545.009,1788461544.999,35.1817270,-97.4356383,316.46,4.6870,269.475,1.03,1.72,15,1
13,2365731334304,1788461545.203,1788461545.199,35.1817267,-97.4356491,316.39,4.8660,269.082,1.04,1.72,15,1
13,2365931597012,1788461545.403,1788461545.399,35.1817268,-97.4356601,316.40,5.0290,270.060,1.04,1.73,15,1
13,2366130440085,1788461545.602,1788461545.599,35.1817267,-97.4356716,316.39,5.2830,269.750,1.04,1.73,15,1
13,2366315802064,1788461545.787,1788461545.799,35.1817269,-97.4356834,316.42,5.3170,270.714,1.04,1.74,15,1
13,2366427758731,1788461545.899,1788461545.899,35.1817272,-97.4356898,316.39,5.6110,271.806,1.04,1.74,15,1
13,2366627760762,1788461546.099,1788461546.099,35.1817273,-97.4357026,316.35,5.7320,271.564,1.04,1.74,15,1
13,2366838329408,1788461546.310,1788461546.299,35.1817277,-97.4357156,316.27,5.8780,272.120,1.04,1.74,15,1
13,2367027365501,1788461546.499,1788461546.499,35.1817290,-97.4357287,316.12,6.0740,275.556,1.05,1.75,15,1
13,2367227692376,1788461546.699,1788461546.699,35.1817309,-97.4357424,315.89,6.3370,278.989,1.05,1.75,15,1
13,2367427076230,1788461546.899,1788461546.899,35.1817311,-97.4357570,315.78,6.5050,274.998,1.05,1.76,15,1
13,2367596849199,1788461547.068,1788461547.099,35.1817314,-97.4357717,315.73,6.6680,272.883,1.05,1.76,15,1
13,2367697360918,1788461547.169,1788461547.199,35.1817312,-97.4357794,315.75,6.7800,271.638,1.05,1.76,15,1
13,2367927217793,1788461547.399,1788461547.399,35.1817318,-97.4357949,315.76,7.1300,272.194,1.05,1.77,15,1
13,2368126242949,1788461547.598,1788461547.599,35.1817320,-97.4358110,315.74,7.2690,271.793,1.05,1.77,15,1
13,2368328243574,1788461547.800,1788461547.799,35.1817319,-97.4358273,315.71,7.4180,270.530,1.05,1.77,15,1
13,2368525103834,1788461547.997,1788461547.999,35.1817319,-97.4358441,315.66,7.6090,270.047,1.06,1.78,15,1
13,2368724137324,1788461548.196,1788461548.199,35.1817317,-97.4358613,315.67,7.7510,269.462,1.06,1.78,15,1
13,2368935537896,1788461548.407,1788461548.399,35.1817317,-97.4358785,315.65,7.7830,270.049,1.06,1.78,15,1
13,2369127405448,1788461548.599,1788461548.599,35.1817317,-97.4358958,315.63,7.8170,270.210,1.06,1.79,15,1
13,2369326650813,1788461548.798,1788461548.799,35.1817317,-97.4359136,315.56,8.0880,269.865,1.06,1.79,15,1
13,2369529173417,1788461549.001,1788461548.999,35.1817318,-97.4359315,315.46,8.1160,270.552,1.06,1.80,15,1
13,2369726664511,1788461549.198,1788461549.199,35.1817319,-97.4359497,315.38,8.2280,270.605,1.06,1.80,15,1
13,2369924351334,1788461549.396,1788461549.399,35.1817320,-97.4359678,315.33,8.1790,270.505,1.07,1.81,15,1
13,2370127082740,1788461549.599,1788461549.599,35.1817322,-97.4359858,315.30,8.1180,271.030,1.07,1.81,15,1
13,2370327228208,1788461549.799,1788461549.799,35.1817324,-97.4360039,315.25,8.2010,270.891,1.07,1.82,15,1
13,2370535513156,1788461550.007,1788461549.999,35.1817324,-97.4360220,315.30,8.1780,270.102,1.07,1.82,15,1
13,2370721132740,1788461550.193,1788461550.199,35.1817325,-97.4360398,315.29,8.0700,270.334,1.07,1.83,15,1
13,2370931888208,1788461550.403,1788461550.399,35.1817321,-97.4360576,315.26,8.0220,268.593,1.07,1.83,14,1
13,2371131232010,1788461550.603,1788461550.599,35.1817320,-97.4360754,315.20,8.1060,270.101,1.07,1.83,15,1
13,2371335291229,1788461550.807,1788461550.799,35.1817320,-97.4360932,315.11,8.0360,270.274,1.07,1.84,15,1
13,2371527118364,1788461550.999,1788461550.999,35.1817317,-97.4361107,315.07,7.9250,269.247,1.07,1.84,15,1
13,2371698881489,1788461551.170,1788461551.199,35.1817316,-97.4361278,314.98,7.7990,270.066,1.07,1.84,15,1
13,2371837023833,1788461551.309,1788461551.299,35.1817318,-97.4361365,314.98,7.8750,270.621,1.07,1.84,14,1
13,2372035174406,1788461551.507,1788461551.499,35.1817320,-97.4361537,314.94,7.8560,270.460,1.07,1.85,14,1
13,2372231607843,1788461551.703,1788461551.699,35.1817320,-97.4361709,315.00,7.7280,269.982,1.07,1.85,14,1
13,2372425165447,1788461551.897,1788461551.899,35.1817323,-97.4361878,314.95,7.6550,271.134,1.08,1.85,14,1
13,2372636351176,1788461552.108,1788461552.099,35.1817325,-97.4362047,315.00,7.6340,270.851,1.08,1.85,14,1
13,2372830281749,1788461552.302,1788461552.299,35.1817328,-97.4362215,315.04,7.6130,270.896,1.08,1.85,14,1
13,2373017599562,1788461552.489,1788461552.499,35.1817331,-97.4362382,315.07,7.5800,271.346,1.08,1.86,14,1
13,2373099950603,1788461552.571,1788461552.599,35.1817332,-97.4362465,315.00,7.6060,271.645,1.07,1.85,14,1
13,2373234277530,1788461552.706,1788461552.699,35.1817331,-97.4362549,315.06,7.5410,271.063,1.07,1.85,14,1
13,2373428342218,1788461552.900,1788461552.899,35.1817332,-97.4362714,315.04,7.4950,270.547,1.07,1.85,14,1
13,2373631900290,1788461553.103,1788461553.099,35.1817334,-97.4362879,315.04,7.4530,270.793,1.07,1.85,14,1
13,2373829370030,1788461553.301,1788461553.299,35.1817333,-97.4363043,314.98,7.4810,270.059,1.07,1.86,14,1
13,2374030255707,1788461553.502,1788461553.499,35.1817333,-97.4363205,314.93,7.3660,270.278,1.07,1.86,14,1
13,2374230441436,1788461553.702,1788461553.699,35.1817337,-97.4363366,314.90,7.3210,271.530,1.07,1.86,14,1
13,2374401038519,1788461553.873,1788461553.899,35.1817340,-97.4363529,314.97,7.3400,271.126,1.07,1.87,14,1
13,2374540804613,1788461554.012,1788461553.999,35.1817339,-97.4363608,314.93,7.3130,270.637,1.07,1.86,14,1
13,2374734514144,1788461554.206,1788461554.199,35.1817339,-97.4363769,314.91,7.2810,270.156,1.07,1.87,14,1
13,2374935794769,1788461554.407,1788461554.399,35.1817338,-97.4363930,314.88,7.3110,270.061,1.07,1.87,14,1
13,2375138363832,1788461554.610,1788461554.599,35.1817338,-97.4364089,314.86,7.2180,269.653,1.07,1.87,14,1
13,2375338094040,1788461554.810,1788461554.799,35.1817335,-97.4364247,314.83,7.1640,268.760,1.07,1.88,14,1
13,2375533730446,1788461555.005,1788461554.999,35.1817332,-97.4364403,314.78,7.1160,268.859,1.08,1.88,14,1
13,2375727818883,1788461555.199,1788461555.199,35.1817327,-97.4364561,314.77,7.1200,268.234,1.08,1.89,14,1
13,2375933232946,1788461555.405,1788461555.399,35.1817322,-97.4364716,314.79,6.9990,267.689,1.08,1.89,14,1
13,2376129579665,1788461555.601,1788461555.599,35.1817315,-97.4364872,314.78,7.0450,267.319,1.08,1.90,14,1
13,2376327961539,1788461555.799,1788461555.799,35.1817303,-97.4365029,314.77,7.1420,265.328,1.08,1.90,14,1
13,2376535854404,1788461556.007,1788461555.999,35.1817290,-97.4365186,314.87,7.1270,264.101,1.08,1.91,14,1
13,2376732107321,1788461556.204,1788461556.199,35.1817273,-97.4365342,314.86,7.1090,262.847,1.08,1.91,14,1
13,2376928340081,1788461556.400,1788461556.399,35.1817253,-97.4365497,314.99,7.0610,261.640,1.08,1.91,14,1
13,2377136109456,1788461556.608,1788461556.599,35.1817229,-97.4365650,315.09,6.9860,259.640,1.08,1.91,14,1
13,2377331386852,1788461556.803,1788461556.799,35.1817202,-97.4365802,315.09,7.0300,258.471,1.09,1.92,14,1
13,2377534814404,1788461557.006,1788461556.999,35.1817174,-97.4365953,315.14,7.0020,257.502,1.09,1.92,14,1
13,2377729411695,1788461557.201,1788461557.199,35.1817144,-97.4366101,315.10,6.9020,256.579,1.09,1.92,14,1
13,2377933271903,1788461557.405,1788461557.399,35.1817107,-97.4366247,315.07,6.8830,253.727,1.09,1.93,14,1
13,2378135433101,1788461557.607,1788461557.599,35.1817070,-97.4366394,315.03,6.9820,253.152,1.09,1.93,14,1
13,2378325553674,1788461557.797,1788461557.799,35.1817030,-97.4366540,315.08,6.9260,251.435,1.09,1.93,14,1
13,2378494283101,1788461557.966,1788461557.999,35.1816990,-97.4366685,314.98,6.9470,251.353,1.09,1.93,15,1
13,2378729707007,1788461558.201,1788461558.199,35.1816947,-97.4366831,314.88,7.0270,250.829,1.09,1.93,15,1
13,2378927428257,1788461558.399,1788461558.399,35.1816901,-97.4366977,314.80,7.1140,249.993,1.09,1.93,15,1
13,2379136005549,1788461558.607,1788461558.599,35.1816855,-97.4367126,314.73,7.2340,249.715,1.09,1.93,14,1
13,2379340492007,1788461558.812,1788461558.799,35.1816809,-97.4367273,314.65,7.1490,249.639,1.09,1.93,15,1
13,2379528199194,1788461559.000,1788461558.999,35.1816764,-97.4367423,314.66,7.2440,249.893,1.09,1.93,14,1
13,2379735382684,1788461559.207,1788461559.199,35.1816716,-97.4367575,314.63,7.4100,248.709,1.09,1.94,14,1
13,2379901632736,1788461559.373,1788461559.399,35.1816669,-97.4367728,314.65,7.4010,249.351,1.09,1.94,15,1
13,2380025331694,1788461559.497,1788461559.499,35.1816644,-97.4367803,314.71,7.3570,248.716,1.08,1.93,15,1
13,2380227723934,1788461559.699,1788461559.699,35.1816594,-97.4367959,314.69,7.5710,249.070,1.08,1.93,15,1
13,2380425489819,1788461559.897,1788461559.899,35.1816544,-97.4368113,314.74,7.5060,248.603,1.08,1.93,15,1
13,2380630163204,1788461560.102,1788461560.099,35.1816494,-97.4368270,314.74,7.6430,248.590,1.08,1.94,14,1
13,2380829192006,1788461560.301,1788461560.299,35.1816444,-97.4368428,314.73,7.6510,248.908,1.08,1.94,15,1
13,2381036513777,1788461560.508,1788461560.499,35.1816393,-97.4368586,314.75,7.7490,248.707,1.08,1.94,15,1
13,2381203613465,1788461560.675,1788461560.699,35.1816342,-97.4368743,314.66,7.6280,248.909,1.08,1.95,15,1
13,2381336380444,1788461560.808,1788461560.799,35.1816316,-97.4368820,314.68,7.5700,248.666,1.08,1.94,15,1
13,2381528068256,1788461561.000,1788461560.999,35.1816268,-97.4368975,314.69,7.5300,248.858,1.08,1.94,15,1
13,2381730736017,1788461561.202,1788461561.199,35.1816222,-97.4369132,314.68,7.5500,250.076,1.08,1.95,14,1
13,2381925239141,1788461561.397,1788461561.399,35.1816174,-97.4369288,314.71,7.5700,249.632,1.08,1.95,15,1
13,2382128083256,1788461561.600,1788461561.599,35.1816128,-97.4369442,314.70,7.4600,249.343,1.08,1.95,14,1
13,2382326804246,1788461561.798,1788461561.799,35.1816080,-97.4369598,314.66,7.5700,249.677,1.08,1.95,14,1
14,2382531137266,1788461562.003,1788461561.999,35.1816038,-97.4369752,314.69,7.3730,250.905,1.08,1.95,14,1
14,2382739545235,1788461562.211,1788461562.199,35.1815991,-97.4369905,314.63,7.4110,250.055,1.08,1.96,14,1
14,2382931875964,1788461562.403,1788461562.399,35.1815950,-97.4370054,314.65,7.1720,250.685,1.08,1.96,14,1
14,2383131710912,1788461562.603,1788461562.599,35.1815908,-97.4370204,314.63,7.1880,250.821,1.08,1.96,14,1
14,2383330397578,1788461562.802,1788461562.799,35.1815868,-97.4370351,314.62,7.0950,250.961,1.08,1.97,14,1
14,2383529497787,1788461563.001,1788461562.999,35.1815829,-97.4370497,314.59,6.9260,251.744,1.08,1.97,15,1
14,2383728357474,1788461563.200,1788461563.199,35.1815793,-97.4370646,314.56,7.0960,253.302,1.08,1.97,15,1
14,2383899267370,1788461563.371,1788461563.399,35.1815756,-97.4370795,314.53,7.0780,253.292,1.08,1.97,15,1
14,2384028325443,1788461563.500,1788461563.499,35.1815737,-97.4370867,314.51,6.9760,252.937,1.08,1.97,15,1
14,2384229970391,1788461563.701,1788461563.699,35.1815703,-97.4371015,314.55,6.9910,254.013,1.08,1.97,15,1
14,2384430172630,1788461563.902,1788461563.899,35.1815670,-97.4371163,314.56,6.9880,254.441,1.08,1.97,15,1
14,2384635489140,1788461564.107,1788461564.099,35.1815635,-97.4371313,314.52,7.0480,254.190,1.08,1.97,15,1
14,2384837497213,1788461564.309,1788461564.299,35.1815606,-97.4371461,314.57,6.9490,255.672,1.08,1.97,15,1
14,2385035034453,1788461564.507,1788461564.499,35.1815577,-97.4371609,314.56,6.9440,256.161,1.08,1.98,15,1
14,2385228259557,1788461564.700,1788461564.699,35.1815549,-97.4371758,314.59,6.9460,256.250,1.08,1.98,15,1
14,2385437068515,1788461564.909,1788461564.899,35.1815521,-97.4371905,314.64,6.9110,256.522,1.08,1.98,15,1
14,2385628463150,1788461565.100,1788461565.099,35.1815498,-97.4372054,314.63,6.9060,258.490,1.09,1.99,15,1
14,2385827961640,1788461565.299,1788461565.299,35.1815480,-97.4372203,314.57,6.8620,260.887,1.09,1.99,15,1
14,2386027766380,1788461565.499,1788461565.499,35.1815466,-97.4372350,314.56,6.7120,262.604,1.09,1.99,15,1
14,2386227901067,1788461565.699,1788461565.699,35.1815453,-97.4372494,314.56,6.5890,263.391,1.09,1.99,15,1
14,2386428764921,1788461565.900,1788461565.899,35.1815441,-97.4372639,314.58,6.6230,264.006,1.09,1.99,15,1
14,2386596297577,1788461566.068,1788461566.099,35.1815431,-97.4372782,314.62,6.5200,264.500,1.10,1.99,15,1
14,2386826895858,1788461566.298,1788461566.299,35.1815420,-97.4372923,314.55,6.3730,264.846,1.10,1.99,15,1
14,2387029446952,1788461566.501,1788461566.499,35.1815413,-97.4373060,314.58,6.2840,266.152,1.10,1.99,15,1
14,2387228215285,1788461566.700,1788461566.699,35.1815407,-97.4373198,314.67,6.2950,266.332,1.10,1.99,15,1
14,2387429670546,1788461566.901,1788461566.899,35.1815403,-97.4373333,314.59,6.1920,267.930,1.10,1.99,15,1
14,2387636758150,1788461567.108,1788461567.099,35.1815398,-97.4373468,314.64,6.1430,267.477,1.10,1.99,15,1
14,2387829954295,1788461567.301,1788461567.299,35.1815395,-97.4373604,314.76,6.1440,266.891,1.10,1.99,15,1
14,2387999415285,1788461567.471,1788461567.499,35.1815393,-97.4373734,314.73,5.9940,268.042,1.10,2.00,15,1
14,2388141049972,1788461567.613,1788461567.599,35.1815391,-97.4373798,314.71,5.9280,268.343,1.10,1.99,15,1
14,2388334480649,1788461567.806,1788461567.799,35.1815388,-97.4373927,314.72,5.8740,268.366,1.10,1.99,15,1
14,2388537080545,1788461568.009,1788461567.999,35.1815388,-97.4374052,314.75,5.6640,269.425,1.10,1.99,15,1
14,2388734407837,1788461568.206,1788461568.199,35.1815388,-97.4374174,314.79,5.5020,269.515,1.10,1.99,15,1
14,2388928556014,1788461568.400,1788461568.399,35.1815390,-97.4374293,314.87,5.3680,270.146,1.10,1.99,14,1
14,2389136351847,1788461568.608,1788461568.599,35.1815390,-97.4374409,314.88,5.2210,269.777,1.10,2.00,14,1
14,2389338410024,1788461568.810,1788461568.799,35.1815389,-97.4374520,314.84,5.0430,269.934,1.10,2.00,14,1
14,2389526972680,1788461568.998,1788461568.999,35.1815388,-97.4374627,314.84,4.8390,269.664,1.10,2.00,14,1
14,2389726118045,1788461569.198,1788461569.199,35.1815388,-97.4374730,314.82,4.6370,270.190,1.10,2.00,15,1
14,2389924085024,1788461569.396,1788461569.399,35.1815391,-97.4374826,314.94,4.3240,270.085,1.10,2.00,15,1
14,2390125214138,1788461569.597,1788461569.599,35.1815394,-97.4374915,315.01,3.9850,270.907,1.10,2.00,15,1
14,2390327143461,1788461569.799,1788461569.799,35.1815397,-97.4374996,315.03,3.6670,271.703,1.10,2.00,15,1
14,2390527286638,1788461569.999,1788461569.999,35.1815400,-97.4375071,315.13,3.3660,270.915,1.10,2.00,15,1
14,2390727233721,1788461570.199,1788461570.199,35.1815400,-97.4375138,315.21,2.9830,269.934,1.09,2.00,15,1
14,2390929729190,1788461570.401,1788461570.399,35.1815400,-97.4375197,315.28,2.6690,269.521,1.09,1.99,15,1
14,2391128344242,1788461570.600,1788461570.599,35.1815400,-97.4375248,315.27,2.2910,270.044,1.09,1.99,15,1
14,2391329047315,1788461570.801,1788461570.799,35.1815401,-97.4375291,315.28,1.8970,270.281,1.09,1.99,15,1
14,2391527578148,1788461570.999,1788461570.999,35.1815403,-97.4375325,315.25,1.5620,271.744,1.09,1.99,15,1
14,2391728581273,1788461571.200,1788461571.199,35.1815406,-97.4375353,315.26,1.2720,272.904,1.09,1.99,15,1
14,2391932880856,1788461571.404,1788461571.399,35.1815407,-97.4375377,315.20,1.0930,273.604,1.09,1.99,15,1
14,2392126425127,1788461571.598,1788461571.599,35.1815408,-97.4375394,315.26,0.7180,272.930,1.09,1.99,14,1
14,2392326279815,1788461571.798,1788461571.799,35.1815408,-97.4375406,315.28,0.5600,270.343,1.09,1.99,14,1
14,2392525483825,1788461571.997,1788461571.999,35.1815409,-97.4375417,315.32,0.5280,271.681,1.09,1.99,14,1
14,2392735925752,1788461572.207,1788461572.199,35.1815411,-97.4375432,315.38,0.6690,272.244,1.09,1.99,14,1
14,2392927535075,1788461572.399,1788461572.399,35.1815412,-97.4375453,315.40,0.9980,271.798,1.09,1.99,14,1
14,2393128688929,1788461572.600,1788461572.599,35.1815416,-97.4375479,315.42,1.2150,275.699,1.09,1.99,14,1
14,2393328032627,1788461572.800,1788461572.799,35.1815420,-97.4375510,315.45,1.4590,277.037,1.09,2.00,14,1
14,2393494761272,1788461572.966,1788461572.999,35.1815422,-97.4375544,315.44,1.6080,275.469,1.09,2.00,14,1
14,2393730921429,1788461573.202,1788461573.199,35.1815429,-97.4375584,315.45,1.8910,279.528,1.09,2.00,14,1
14,2393928042522,1788461573.400,1788461573.399,35.1815439,-97.4375629,315.46,2.1170,282.734,1.09,2.00,14,1
14,2394128477418,1788461573.600,1788461573.599,35.1815451,-97.4375679,315.50,2.3500,284.580,1.09,2.01,14,1
14,2394327332106,1788461573.799,1788461573.799,35.1815468,-97.4375731,315.47,2.5780,287.830,1.09,2.01,14,1
14,2394537495283,1788461574.009,1788461573.999,35.1815488,-97.4375787,315.45,2.8120,290.502,1.09,2.01,14,1
14,2394728032262,1788461574.200,1788461574.199,35.1815514,-97.4375846,315.50,3.0090,294.468,1.09,2.01,14,1
14,2394927718095,1788461574.399,1788461574.399,35.1815546,-97.4375903,315.55,3.1010,299.631,1.09,2.01,14,1
14,2395127352209,1788461574.599,1788461574.599,35.1815582,-97.4375959,315.60,3.2530,304.050,1.09,2.01,14,1
14,2395328217105,1788461574.800,1788461574.799,35.1815626,-97.4376014,315.70,3.4330,309.964,1.08,2.00,14,1
14,2395524998876,1788461574.996,1788461574.999,35.1815677,-97.4376064,315.77,3.6230,318.128,1.08,2.00,14,1
14,2395727763199,1788461575.199,1788461575.199,35.1815736,-97.4376104,315.76,3.7400,326.975,1.08,2.00,14,1
14,2395931425647,1788461575.403,1788461575.399,35.1815800,-97.4376139,315.81,3.8720,334.105,1.08,2.00,14,1
14,2396131095490,1788461575.603,1788461575.599,35.1815867,-97.4376166,315.81,3.9180,340.099,1.08,1.99,14,1
14,2396327472209,1788461575.799,1788461575.799,35.1815935,-97.4376186,315.87,3.9000,345.336,1.07,1.99,14,1
14,2396531717782,1788461576.003,1788461575.999,35.1816007,-97.4376198,315.88,4.0230,350.248,1.07,1.99,14,1
14,2396732185907,1788461576.204,1788461576.199,35.1816084,-97.4376205,315.94,4.2280,354.412,1.07,1.99,14,1
14,2396928113823,1788461576.400,1788461576.399,35.1816165,-97.4376211,315.98,4.4370,355.987,1.07,1.99,14,1
14,2397124217052,1788461576.596,1788461576.599,35.1816249,-97.4376215,315.99,4.6570,357.258,1.07,1.98,14,1
14,2397336603406,1788461576.808,1788461576.799,35.1816335,-97.4376217,316.04,4.7770,359.286,1.07,1.98,14,1
14,2397498563563,1788461576.970,1788461576.999,35.1816425,-97.4376215,316.05,4.9760,0.560,1.07,1.98,14,1
14,2397616157261,1788461577.088,1788461577.099,35.1816470,-97.4376216,316.05,5.0030,359.756,1.06,1.97,14,1
14,2397728138406,1788461577.200,1788461577.199,35.1816517,-97.4376217,316.09,5.1560,359.574,1.06,1.96,14,1
14,2397927338719,1788461577.399,1788461577.399,35.1816614,-97.4376219,316.14,5.3780,359.351,1.06,1.96,14,1
14,2398127502364,1788461577.599,1788461577.599,35.1816714,-97.4376221,316.19,5.5720,359.333,1.06,1.96,14,1
14,2398328212625,1788461577.800,1788461577.799,35.1816817,-97.4376222,316.14,5.7050,359.116,1.06,1.95,14,1
14,2398527940229,1788461577.999,1788461577.999,35.1816924,-97.4376226,316.21,5.9490,358.472,1.06,1.95,14,1
14,2398728914916,1788461578.200,1788461578.199,35.1817036,-97.4376226,316.24,6.1750,359.753,1.06,1.95,14,1
14,2398916781791,1788461578.388,1788461578.399,35.1817148,-97.4376230,316.27,6.2630,358.494,1.06,1.95,14,1
14,2399028063718,1788461578.500,1788461578.499,35.1817208,-97.4376229,316.29,6.4130,359.419,1.05,1.94,14,1
14,2399226988510,1788461578.698,1788461578.699,35.1817326,-97.4376231,316.34,6.5500,359.188,1.05,1.94,14,1
14,2399427508197,1788461578.899,1788461578.899,35.1817447,-97.4376233,316.40,6.7200,359.798,1.05,1.94,14,1
14,2399628377728,1788461579.100,1788461579.099,35.1817573,-97.4376232,316.41,6.9700,359.990,1.05,1.93,14,1
14,2399835771426,1788461579.307,1788461579.299,35.1817702,-97.4376233,316.43,7.1790,359.732,1.05,1.93,14,1
14,2400029238041,1788461579.501,1788461579.499,35.1817835,-97.4376232,316.43,7.3830,0.422,1.05,1.93,14,1
14,2400215097989,1788461579.687,1788461579.699,35.1817970,-97.4376232,316.42,7.5430,359.927,1.05,1.93,14,1
14,2400297923197,1788461579.769,1788461579.799,35.1818038,-97.4376231,316.43,7.5240,0.178,1.05,1.92,14,1
14,2400428865384,1788461579.900,1788461579.899,35.1818108,-97.4376231,316.49,7.6110,0.413,1.05,1.92,14,1
14,2400627557884,1788461580.099,1788461580.099,35.1818248,-97.4376228,316.48,7.7540,0.746,1.05,1.92,13,1
14,2400827672103,1788461580.299,1788461580.299,35.1818391,-97.4376227,316.44,7.9710,0.278,1.05,1.92,14,1
14,2401030487832,1788461580.502,1788461580.499,35.1818536,-97.4376225,316.51,7.9940,0.525,1.05,1.92,14,1
14,2401235996374,1788461580.707,1788461580.699,35.1818685,-97.4376223,316.53,8.2350,0.818,1.05,1.92,14,1
14,2401425766426,1788461580.897,1788461580.899,35.1818838,-97.4376220,316.58,8.4170,0.960,1.05,1.92,14,1
14,2401627477311,1788461581.099,1788461581.099,35.1818990,-97.4376221,316.68,8.3590,359.844,1.05,1.92,14,1
14,2401828506738,1788461581.300,1788461581.299,35.1819143,-97.4376221,316.73,8.5070,359.957,1.05,1.92,14,1
14,2402023127415,1788461581.495,1788461581.499,35.1819300,-97.4376220,316.76,8.6780,0.425,1.05,1.92,14,1
14,2402228132884,1788461581.700,1788461581.699,35.1819459,-97.4376217,316.79,8.8160,1.010,1.06,1.92,14,1
14,2402432503300,1788461581.904,1788461581.899,35.1819618,-97.4376215,316.83,8.8180,0.614,1.06,1.92,14,1
14,2402636851634,1788461582.108,1788461582.099,35.1819780,-97.4376214,316.89,8.9450,0.322,1.06,1.92,14,1
14,2402823591686,1788461582.295,1788461582.299,35.1819949,-97.4376211,316.93,9.3200,0.605,1.06,1.92,14,1
14,2402998108561,1788461582.470,1788461582.499,35.1820116,-97.4376212,317.01,9.2390,359.812,1.06,1.92,14,1
14,2403124402258,1788461582.596,1788461582.599,35.1820203,-97.4376210,317.02,9.4270,0.600,1.06,1.91,14,1
14,2403328755800,1788461582.800,1788461582.799,35.1820374,-97.4376210,317.11,9.4300,0.283,1.06,1.91,14,1
14,2403527596164,1788461582.999,1788461582.999,35.1820543,-97.4376208,317.19,9.3090,0.619,1.06,1.91,14,1
14,2403727377883,1788461583.199,1788461583.199,35.1820711,-97.4376209,317.32,9.2300,0.202,1.06,1.91,14,1
14,2403926817987,1788461583.398,1788461583.399,35.1820880,-97.4376207,317.34,9.3580,0.300,1.06,1.91,14,1
14,2404130233716,1788461583.602,1788461583.599,35.1821049,-97.4376205,317.36,9.3810,0.586,1.06,1.91,14,1
14,2404297673195,1788461583.769,1788461583.799,35.1821218,-97.4376203,317.42,9.3730,0.464,1.06,1.91,15,1
14,2404395681373,1788461583.867,1788461583.899,35.1821301,-97.4376201,317.43,9.2670,0.726,1.06,1.91,14,1
14,2404636143404,1788461584.108,1788461584.099,35.1821468,-97.4376199,317.45,9.2900,0.510,1.06,1.91,14,1
14,2404824255122,1788461584.296,1788461584.299,35.1821638,-97.4376199,317.58,9.3460,0.432,1.06,1.91,15,1
14,2405032856685,1788461584.504,1788461584.499,35.1821805,-97.4376198,317.63,9.2650,0.522,1.05,1.91,15,1
14,2405227509237,1788461584.699,1788461584.699,35.1821973,-97.4376195,317.66,9.3070,0.661,1.05,1.90,15,1
14,2405426678299,1788461584.898,1788461584.899,35.1822142,-97.4376194,317.69,9.3080,0.164,1.05,1.90,15,1
14,2405628363976,1788461585.100,1788461585.099,35.1822309,-97.4376195,317.75,9.2680,359.821,1.05,1.90,15,1
14,2405826781528,1788461585.298,1788461585.299,35.1822474,-97.4376193,317.72,9.1390,0.507,1.05,1.89,15,1
14,2406020333559,1788461585.492,1788461585.499,35.1822641,-97.4376193,317.81,9.2050,0.043,1.05,1.89,15,1
14,2406228781059,1788461585.700,1788461585.699,35.1822808,-97.4376192,317.85,9.2590,0.217,1.05,1.89,15,1
14,2406427606528,1788461585.899,1788461585.899,35.1822973,-97.4376190,317.84,9.1260,0.727,1.05,1.89,15,1
14,2406627165122,1788461586.099,1788461586.099,35.1823138,-97.4376189,317.87,9.1050,0.386,1.05,1.89,15,1
14,2406823999028,1788461586.295,1788461586.299,35.1823303,-97.4376187,317.89,9.1230,0.563,1.05,1.89,15,1
14,2407028327361,1788461586.500,1788461586.499,35.1823470,-97.4376184,317.89,9.2300,0.889,1.06,1.90,15,1
14,2407228988611,1788461586.700,1788461586.699,35.1823634,-97.4376181,317.93,9.0760,0.914,1.06,1.90,15,1
14,2407428502882,1788461586.900,1788461586.899,35.1823797,-97.4376177,317.93,9.0300,1.005,1.06,1.90,15,1
14,2407629569028,1788461587.101,1788461587.099,35.1823960,-97.4376175,317.98,8.9680,0.619,1.06,1.90,15,1
14,2407826321684,1788461587.298,1788461587.299,35.1824121,-97.4376170,318.00,8.9040,1.449,1.06,1.91,15,1
14,2408018998611,1788461587.490,1788461587.499,35.1824277,-97.4376167,318.05,8.6210,1.139,1.06,1.91,15,1
14,2408226885069,1788461587.698,1788461587.699,35.1824430,-97.4376162,318.09,8.4900,1.320,1.06,1.91,15,1
14,2408415204027,1788461587.887,1788461587.899,35.1824583,-97.4376160,318.13,8.4420,0.877,1.06,1.92,15,1
14,2408530203923,1788461588.002,1788461587.999,35.1824658,-97.4376160,318.16,8.3560,0.283,1.06,1.91,15,1
14,2408729176267,1788461588.201,1788461588.199,35.1824808,-97.4376157,318.19,8.2650,1.144,1.06,1.92,15,1
14,2408927490329,1788461588.399,1788461588.399,35.1824957,-97.4376155,318.21,8.2240,0.803,1.06,1.92,15,1
14,2409127245173,1788461588.599,1788461588.599,35.1825107,-97.4376155,318.30,8.2540,0.263,1.06,1.92,15,1
14,2409337820069,1788461588.809,1788461588.799,35.1825254,-97.4376154,318.31,8.1760,0.364,1.06,1.92,15,1
14,2409533706266,1788461589.005,1788461588.999,35.1825401,-97.4376152,318.32,8.1120,0.761,1.06,1.92,15,1
14,2409728281683,1788461589.200,1788461589.199,35.1825548,-97.4376148,318.34,8.1260,1.246,1.07,1.93,15,1
14,2409923416891,1788461589.395,1788461589.399,35.1825693,-97.4376143,318.40,8.0540,1.220,1.07,1.93,15,1
14,2410126964443,1788461589.598,1788461589.599,35.1825837,-97.4376140,318.40,7.9970,0.889,1.07,1.93,15,1
14,2410315722099,1788461589.787,1788461589.799,35.1825980,-97.4376137,318.43,7.9780,1.141,1.07,1.93,15,1
14,2410428816162,1788461589.900,1788461589.899,35.1826053,-97.4376136,318.41,8.0410,0.569,1.06,1.92,15,1
14,2410628021683,1788461590.100,1788461590.099,35.1826195,-97.4376135,318.49,7.8460,0.475,1.06,1.92,15,1
14,2410827916630,1788461590.299,1788461590.299,35.1826334,-97.4376135,318.54,7.7260,0.291,1.06,1.92,15,1
14,2411036035641,1788461590.508,1788461590.499,35.1826471,-97.4376133,318.58,7.5610,0.750,1.06,1.92,15,1
14,2411225388037,1788461590.697,1788461590.699,35.1826605,-97.4376134,318.60,7.4010,0.123,1.06,1.92,14,1
14,2411428081422,1788461590.900,1788461590.899,35.1826734,-97.4376133,318.64,7.1440,0.547,1.06,1.92,15,1
14,2411627691422,1788461591.099,1788461591.099,35.1826861,-97.4376133,318.75,6.9940,0.640,1.06,1.92,15,1
14,2411830223193,1788461591.302,1788461591.299,35.1826984,-97.4376134,318.84,6.8230,0.240,1.06,1.92,14,1
14,2412026918245,1788461591.498,1788461591.499,35.1827104,-97.4376134,318.88,6.5910,0.193,1.07,1.92,14,1
14,2412227062567,1788461591.699,1788461591.699,35.1827219,-97.4376134,318.88,6.4080,0.295,1.07,1.92,14,1
14,2412395343192,1788461591.867,1788461591.899,35.1827333,-97.4376133,318.90,6.3080,0.153,1.07,1.92,15,1
14,2412624946317,1788461592.096,1788461592.099,35.1827445,-97.4376132,318.95,6.1930,0.534,1.07,1.92,15,1
14,2412830826734,1788461592.302,1788461592.299,35.1827555,-97.4376131,319.00,6.0890,0.540,1.07,1.92,15,1
14,2413038379338,1788461592.510,1788461592.499,35.1827663,-97.4376131,319.01,5.9940,0.084,1.07,1.92,15,1
14,2413231731317,1788461592.703,1788461592.699,35.1827768,-97.4376130,319.07,5.7840,0.655,1.07,1.92,14,1
14,2413426911890,1788461592.898,1788461592.899,35.1827871,-97.4376129,319.12,5.6850,0.474,1.07,1.92,15,1
14,2413628272046,1788461593.100,1788461593.099,35.1827972,-97.4376129,319.16,5.5970,0.037,1.07,1.92,15,1
14,2413833706577,1788461593.305,1788461593.299,35.1828069,-97.4376128,319.19,5.3660,0.315,1.07,1.92,15,1
14,2414028613192,1788461593.500,1788461593.499,35.1828162,-97.4376126,319.16,5.2090,1.126,1.07,1.92,15,1
14,2414219140483,1788461593.691,1788461593.699,35.1828253,-97.4376125,319.21,5.0230,0.927,1.07,1.91,15,1
14,2414426709285,1788461593.898,1788461593.899,35.1828337,-97.4376124,319.21,4.6590,0.811,1.07,1.91,15,1
14,2414624046160,1788461594.096,1788461594.099,35.1828417,-97.4376124,319.22,4.4100,0.465,1.07,1.91,15,1
14,2414822694389,1788461594.294,1788461594.299,35.1828494,-97.4376126,319.25,4.2690,359.321,1.07,1.91,15,1
14,2415037394754,1788461594.509,1788461594.499,35.1828567,-97.4376127,319.27,4.0390,359.880,1.07,1.91,15,1
14,2415228168868,1788461594.700,1788461594.699,35.1828639,-97.4376128,319.34,3.9080,0.180,1.07,1.91,15,1
14,2415427606681,1788461594.899,1788461594.899,35.1828704,-97.4376128,319.36,3.5720,0.234,1.07,1.91,15,1
14,2415627135847,1788461595.099,1788461595.099,35.1828761,-97.4376128,319.29,3.2240,0.718,1.07,1.91,15,1
14,2415828088764,1788461595.300,1788461595.299,35.1828813,-97.4376129,319.28,2.9050,0.121,1.07,1.91,15,1
14,2416026047149,1788461595.498,1788461595.499,35.1828861,-97.4376129,319.41,2.5340,0.514,1.07,1.91,15,1
14,2416236477878,1788461595.708,1788461595.699,35.1828905,-97.4376127,319.45,2.4390,1.414,1.07,1.91,15,1
14,2416428842722,1788461595.900,1788461595.899,35.1828944,-97.4376126,319.44,2.1630,1.383,1.07,1.91,15,1
14,2416633115274,1788461596.105,1788461596.099,35.1828981,-97.4376127,319.47,2.0240,0.261,1.07,1.91,15,1
14,2416828139128,1788461596.300,1788461596.299,35.1829008,-97.4376127,319.49,1.5200,0.190,1.08,1.91,15,1
14,2417028369389,1788461596.500,1788461596.499,35.1829033,-97.4376130,319.53,1.3990,358.215,1.08,1.91,15,1
14,2417227908868,1788461596.699,1788461596.699,35.1829052,-97.4376130,319.58,1.0700,359.656,1.08,1.91,15,1
14,2417427980899,1788461596.899,1788461596.899,35.1829066,-97.4376129,319.59,0.8150,359.667,1.08,1.91,15,1
14,2417628297617,1788461597.100,1788461597.099,35.1829079,-97.4376130,319.63,0.7110,357.822,1.08,1.91,15,1
14,2417839502461,1788461597.311,1788461597.299,35.1829089,-97.4376131,319.70,0.4880,357.199,1.08,1.92,15,1
14,2418028269336,1788461597.500,1788461597.499,35.1829098,-97.4376130,319.74,0.4300,2.087,1.08,1.92,15,1
14,2418229825638,1788461597.701,1788461597.699,35.1829107,-97.4376128,319.77,0.3890,3.016,1.08,1.92,15,1
14,2418427749544,1788461597.899,1788461597.899,35.1829115,-97.4376126,319.80,0.3970,3.949,1.08,1.92,15,1
14,2418631541680,1788461598.103,1788461598.099,35.1829129,-97.4376126,319.90,0.6880,5.426,1.08,1.92,15,1
14,2418827235950,1788461598.299,1788461598.299,35.1829144,-97.4376124,319.95,0.7950,4.790,1.08,1.92,15,1
14,2419029284544,1788461598.501,1788461598.499,35.1829162,-97.4376120,320.00,0.9190,7.779,1.08,1.92,15,1
14,2419227446784,1788461598.699,1788461598.699,35.1829187,-97.4376118,320.07,1.3020,7.057,1.08,1.92,15,1
14,2419427746940,1788461598.899,1788461598.899,35.1829216,-97.4376115,320.10,1.5680,6.147,1.08,1.92,15,1
14,2419627875690,1788461599.099,1788461599.099,35.1829246,-97.4376107,320.02,1.7780,8.211,1.08,1.92,15,1
14,2419826832929,1788461599.298,1788461599.299,35.1829282,-97.4376100,320.00,2.0080,9.054,1.08,1.93,15,1
14,2420028731939,1788461599.500,1788461599.499,35.1829320,-97.4376087,320.06,2.1910,12.573,1.08,1.93,15,1
14,2420229602096,1788461599.701,1788461599.699,35.1829361,-97.4376071,320.00,2.3860,15.072,1.08,1.93,15,1
14,2420429328658,1788461599.901,1788461599.899,35.1829406,-97.4376052,320.01,2.5940,17.137,1.08,1.93,15,1
14,2420628910741,1788461600.100,1788461600.099,35.1829457,-97.4376026,320.01,2.9530,20.886,1.08,1.93,15,1
14,2420827903554,1788461600.299,1788461600.299,35.1829506,-97.4375994,320.02,3.0320,24.620,1.08,1.94,15,1
14,2421025511835,1788461600.497,1788461600.499,35.1829552,-97.4375954,319.99,3.1210,31.083,1.08,1.94,15,1
14,2421227190064,1788461600.699,1788461600.699,35.1829595,-97.4375905,320.06,3.2480,39.077,1.08,1.93,15,1
14,2421427969179,1788461600.899,1788461600.899,35.1829635,-97.4375852,320.10,3.2150,43.879,1.08,1.93,15,1
14,2421627272095,1788461601.099,1788461601.099,35.1829669,-97.4375795,320.09,3.2010,49.031,1.08,1.94,15,1
14,2421826759074,1788461601.298,1788461601.299,35.1829698,-97.4375730,320.09,3.3990,56.624,1.08,1.94,15,1
14,2421995970220,1788461601.467,1788461601.499,35.1829720,-97.4375660,320.08,3.4000,63.504,1.08,1.94,15,1
14,2422127691834,1788461601.599,1788461601.599,35.1829732,-97.4375624,320.22,3.5160,67.248,1.07,1.93,15,1
14,2422326995949,1788461601.798,1788461601.799,35.1829752,-97.4375550,320.26,3.6120,70.565,1.07,1.93,15,1
14,2422529451834,1788461602.001,1788461601.999,35.1829766,-97.4375472,320.32,3.6230,75.316,1.07,1.93,15,1
14,2422736578397,1788461602.208,1788461602.199,35.1829774,-97.4375393,320.27,3.6210,79.776,1.07,1.92,15,1
14,2422933548188,1788461602.405,1788461602.399,35.1829782,-97.4375310,320.30,3.8470,82.547,1.07,1.92,15,1
14,2423125896313,1788461602.597,1788461602.599,35.1829790,-97.4375223,320.34,3.9460,83.644,1.06,1.91,15,1
14,2423335865324,1788461602.807,1788461602.799,35.1829791,-97.4375133,320.26,4.1520,87.137,1.06,1.91,15,1
14,2423529200896,1788461603.001,1788461602.999,35.1829792,-97.4375039,320.24,4.2550,88.271,1.06,1.90,15,1
14,2423725147719,1788461603.197,1788461603.199,35.1829794,-97.4374945,320.30,4.3150,88.114,1.06,1.90,15,1
14,2423928041105,1788461603.400,1788461603.399,35.1829797,-97.4374841,320.36,4.7000,87.846,1.06,1.89,15,1
14,2424127779073,1788461603.599,1788461603.599,35.1829794,-97.4374733,320.33,4.9200,90.170,1.06,1.89,15,1
14,2424328577615,1788461603.800,1788461603.799,35.1829791,-97.4374620,320.27,5.1910,90.832,1.06,1.88,15,1
14,2424532128396,1788461604.004,1788461603.999,35.1829790,-97.4374501,320.33,5.3840,89.780,1.05,1.88,15,1
14,2424728388292,1788461604.200,1788461604.199,35.1829788,-97.4374378,320.29,5.6290,90.020,1.05,1.87,15,1
14,2424928356677,1788461604.400,1788461604.399,35.1829786,-97.4374248,320.29,5.8930,90.625,1.05,1.87,15,1
14,2425125270115,1788461604.597,1788461604.599,35.1829784,-97.4374115,320.28,6.0190,90.654,1.05,1.87,15,1
14,2425330495219,1788461604.802,1788461604.799,35.1829784,-97.4373977,320.24,6.2980,90.256,1.05,1.86,15,1
14,2425536303448,1788461605.008,1788461604.999,35.1829784,-97.4373833,320.22,6.5540,90.127,1.05,1.86,15,1
14,2425733343239,1788461605.205,1788461605.199,35.1829783,-97.4373684,320.23,6.7530,90.528,1.04,1.86,15,1
14,2425937445062,1788461605.409,1788461605.399,35.1829783,-97.4373532,320.24,6.9570,89.888,1.04,1.85,15,1
14,2426125065531,1788461605.597,1788461605.599,35.1829781,-97.4373373,320.25,7.2350,90.150,1.04,1.85,15,1
14,2426329610947,1788461605.801,1788461605.799,35.1829781,-97.4373210,320.27,7.3990,89.682,1.04,1.85,15,1
14,2426543831781,1788461606.015,1788461605.999,35.1829781,-97.4373044,320.24,7.5790,89.742,1.04,1.84,15,1
14,2426731957041,1788461606.203,1788461606.199,35.1829781,-97.4372872,320.23,7.8140,89.487,1.04,1.84,14,1
14,2426929680895,1788461606.401,1788461606.399,35.1829782,-97.4372697,320.20,7.9220,89.135,1.04,1.84,15,1
14,2427128815999,1788461606.600,1788461606.599,35.1829785,-97.4372518,320.21,8.1220,88.189,1.04,1.84,15,1
14,2427327518395,1788461606.799,1788461606.799,35.1829791,-97.4372337,320.20,8.2480,87.229,1.04,1.84,15,1
14,2427494816468,1788461606.966,1788461606.999,35.1829799,-97.4372151,320.20,8.4350,86.758,1.04,1.84,15,1
14,2427727592614,1788461607.199,1788461607.199,35.1829809,-97.4371965,320.19,8.4810,85.972,1.04,1.84,15,1
14,2427928140999,1788461607.400,1788461607.399,35.1829822,-97.4371776,320.20,8.6450,85.046,1.03,1.83,14,1
14,2428129142613,1788461607.601,1788461607.599,35.1829839,-97.4371583,320.22,8.8320,83.521,1.04,1.83,14,1
14,2428334475790,1788461607.806,1788461607.799,35.1829859,-97.4371387,320.25,8.9920,82.439,1.04,1.83,14,1
14,2428528863447,1788461608.000,1788461607.999,35.1829882,-97.4371188,320.24,9.1150,81.886,1.04,1.83,14,1
14,2428729939072,1788461608.201,1788461608.199,35.1829910,-97.4370988,320.22,9.2180,80.262,1.04,1.83,14,1
14,2428927886207,1788461608.399,1788461608.399,35.1829939,-97.4370786,320.21,9.2760,79.620,1.04,1.83,14,1
14,2429128872613,1788461608.600,1788461608.599,35.1829970,-97.4370584,320.26,9.3390,79.272,1.04,1.83,14,1
14,2429327674905,1788461608.799,1788461608.799,35.1830002,-97.4370382,320.26,9.3730,78.710,1.04,1.83,14,1
14,2429532652196,1788461609.004,1788461608.999,35.1830040,-97.4370180,320.30,9.3900,76.954,1.04,1.83,14,1
14,2429727881727,1788461609.199,1788461609.199,35.1830081,-97.4369976,320.29,9.5560,76.183,1.04,1.83,14,1
14,2429927020373,1788461609.399,1788461609.399,35.1830123,-97.4369772,320.29,9.5790,75.849,1.04,1.83,14,1
14,2430127365686,1788461609.599,1788461609.599,35.1830168,-97.4369568,320.34,9.5900,74.901,1.04,1.83,14,1
14,2430330182925,1788461609.802,1788461609.799,35.1830214,-97.4369365,320.31,9.5880,74.321,1.04,1.83,14,1
14,2430546012977,1788461610.017,1788461609.999,35.1830261,-97.4369164,320.33,9.5060,73.893,1.04,1.83,14,1
14,2430732980060,1788461610.204,1788461610.199,35.1830310,-97.4368961,320.36,9.6290,73.257,1.04,1.83,14,1
14,2430927754696,1788461610.399,1788461610.399,35.1830359,-97.4368760,320.45,9.5380,73.241,1.04,1.83,14,1
14,2431127300164,1788461610.599,1788461610.599,35.1830413,-97.4368561,320.50,9.5500,71.365,1.04,1.83,14,1
14,2431329824487,1788461610.801,1788461610.799,35.1830467,-97.4368361,320.49,9.5980,71.186,1.04,1.83,14,1
14,2431499857820,1788461610.971,1788461610.999,35.1830523,-97.4368162,320.53,9.5390,70.802,1.04,1.83,14,1
14,2431726178550,1788461611.198,1788461611.199,35.1830580,-97.4367963,320.53,9.5480,70.316,1.04,1.83,14,1
14,2431927162404,1788461611.399,1788461611.399,35.1830638,-97.4367768,320.51,9.4490,69.677,1.04,1.83,14,1
14,2432125102091,1788461611.597,1788461611.599,35.1830701,-97.4367575,320.47,9.4530,68.103,1.04,1.83,14,1
14,2432325301518,1788461611.797,1788461611.799,35.1830765,-97.4367382,320.49,9.4890,67.777,1.04,1.83,14,1
14,2432528528497,1788461612.000,1788461611.999,35.1830833,-97.4367190,320.54,9.4490,66.676,1.04,1.83,15,1
14,2432735275737,1788461612.207,1788461612.199,35.1830899,-97.4366998,320.55,9.4920,67.098,1.04,1.83,14,1
14,2432928002091,1788461612.399,1788461612.399,35.1830969,-97.4366808,320.54,9.4780,65.634,1.04,1.83,13,1
14,2433127565059,1788461612.599,1788461612.599,35.1831041,-97.4366618,320.57,9.5870,65.059,1.05,1.83,14,1
14,2433328381934,1788461612.800,1788461612.799,35.1831116,-97.4366432,320.60,9.3660,63.625,1.05,1.83,14,1
14,2433529092663,1788461613.001,1788461612.999,35.1831194,-97.4366246,320.65,9.4830,63.021,1.05,1.83,14,1
14,2433726955893,1788461613.198,1788461613.199,35.1831271,-97.4366062,320.69,9.4010,62.948,1.05,1.83,14,1
14,2433928525372,1788461613.400,1788461613.399,35.1831351,-97.4365878,320.58,9.4860,61.874,1.05,1.83,13,1
14,2434127008132,1788461613.598,1788461613.599,35.1831432,-97.4365694,320.55,9.5170,61.505,1.05,1.83,13,1
14,2434296282455,1788461613.768,1788461613.799,35.1831516,-97.4365514,320.57,9.4130,59.966,1.05,1.84,13,1
14,2434545310944,1788461614.017,1788461613.999,35.1831604,-97.4365335,320.56,9.5030,59.316,1.05,1.84,13,1
14,2434726183809,1788461614.198,1788461614.199,35.1831693,-97.4365160,320.62,9.3620,58.135,1.05,1.84,13,1
14,2434928040371,1788461614.400,1788461614.399,35.1831784,-97.4364987,320.68,9.3850,57.484,1.05,1.84,13,1
14,2435127328288,1788461614.599,1788461614.599,35.1831874,-97.4364812,320.66,9.3840,58.143,1.05,1.84,13,1
14,2435335229746,1788461614.807,1788461614.799,35.1831964,-97.4364640,320.66,9.3360,57.634,1.05,1.84,13,1
14,2435533666256,1788461615.005,1788461614.999,35.1832058,-97.4364468,320.63,9.3660,56.305,1.05,1.84,13,1
14,2435729381413,1788461615.201,1788461615.199,35.1832154,-97.4364300,320.70,9.3010,55.250,1.05,1.84,13,1
14,2435921105631,1788461615.393,1788461615.399,35.1832253,-97.4364132,320.68,9.4200,54.509,1.05,1.84,13,1
14,2436126813027,1788461615.598,1788461615.599,35.1832354,-97.4363967,320.75,9.3240,53.642,1.05,1.85,13,1
14,2436336955319,1788461615.808,1788461615.799,35.1832454,-97.4363802,320.75,9.3200,53.493,1.05,1.85,13,1
14,2436534810371,1788461616.006,1788461615.999,35.1832554,-97.4363639,320.75,9.3010,53.138,1.05,1.85,13,1
14,2436729118756,1788461616.201,1788461616.199,35.1832658,-97.4363476,320.78,9.3420,52.177,1.05,1.85,13,1
14,2436928777193,1788461616.400,1788461616.399,35.1832764,-97.4363316,320.80,9.3510,51.195,1.05,1.86,13,1
14,2437126408808,1788461616.598,1788461616.599,35.1832871,-97.4363156,320.83,9.4250,50.611,1.04,1.86,13,1
14,2437327382662,1788461616.799,1788461616.799,35.1832978,-97.4362997,320.82,9.2930,50.785,1.05,1.86,13,1
14,2437531580787,1788461617.003,1788461616.999,35.1833086,-97.4362840,320.82,9.3270,50.220,1.05,1.86,13,1
14,2437727942558,1788461617.199,1788461617.199,35.1833195,-97.4362684,320.80,9.2980,49.572,1.05,1.87,13,1
14,2437928192974,1788461617.400,1788461617.399,35.1833303,-97.4362532,320.81,9.1850,48.763,1.05,1.87,13,1
14,2438133965370,1788461617.605,1788461617.599,35.1833407,-97.4362383,320.83,8.8960,48.947,1.05,1.87,14,1
14,2438334859693,1788461617.806,1788461617.799,35.1833507,-97.4362237,320.83,8.7100,49.506,1.05,1.87,13,1
14,2438530911880,1788461618.002,1788461617.999,35.1833610,-97.4362092,320.81,8.6860,48.599,1.05,1.87,13,1
14,2438727883391,1788461618.199,1788461618.199,35.1833711,-97.4361951,320.78,8.5600,48.801,1.05,1.88,13,1
14,2438928550318,1788461618.400,1788461618.399,35.1833809,-97.4361811,320.76,8.3460,49.442,1.05,1.88,14,1
14,2439126154588,1788461618.598,1788461618.599,35.1833907,-97.4361676,320.78,8.1950,48.560,1.05,1.88,14,1
14,2439327375005,1788461618.799,1788461618.799,35.1834003,-97.4361543,320.86,8.0310,48.876,1.05,1.88,14,1
14,2439529575786,1788461619.001,1788461618.999,35.1834097,-97.4361412,320.87,7.9470,49.239,1.05,1.87,14,1
14,2439716965474,1788461619.188,1788461619.199,35.1834190,-97.4361286,320.92,7.6730,48.070,1.05,1.87,14,1
14,2439830565474,1788461619.302,1788461619.299,35.1834234,-97.4361224,320.88,7.5850,48.168,1.05,1.87,14,1
14,2440031876776,1788461619.503,1788461619.499,35.1834324,-97.4361102,320.91,7.4380,47.952,1.05,1.87,14,1
14,2440228923546,1788461619.700,1788461619.699,35.1834409,-97.4360983,320.83,7.2030,48.594,1.05,1.87,14,1
14,2440428838078,1788461619.900,1788461619.899,35.1834491,-97.4360867,320.79,6.9660,49.171,1.05,1.87,14,1
14,2440633930421,1788461620.105,1788461620.099,35.1834576,-97.4360757,320.90,6.8210,47.638,1.05,1.87,14,1
14,2440829126150,1788461620.301,1788461620.299,35.1834653,-97.4360650,320.91,6.4850,48.200,1.05,1.87,14,1
14,2441028617661,1788461620.500,1788461620.499,35.1834724,-97.4360546,320.84,6.2080,48.997,1.05,1.87,14,1
14,2441226711879,1788461620.698,1788461620.699,35.1834794,-97.4360449,320.90,5.8810,48.211,1.05,1.87,14,1
14,2441425991983,1788461620.897,1788461620.899,35.1834862,-97.4360358,320.88,5.5530,47.287,1.05,1.87,14,1
14,2441627929744,1788461621.099,1788461621.099,35.1834924,-97.4360270,320.78,5.3520,48.100,1.05,1.87,14,1
14,2441837594067,1788461621.309,1788461621.299,35.1834983,-97.4360189,320.73,4.9290,47.581,1.05,1.87,14,1
14,2442027430212,1788461621.499,1788461621.499,35.1835039,-97.4360116,320.71,4.5420,46.778,1.05,1.87,14,1
14,2442233722348,1788461621.705,1788461621.699,35.1835090,-97.4360048,320.71,4.2290,47.068,1.05,1.87,15,1
15,2442435990525,1788461621.907,1788461621.899,35.1835138,-97.4359984,320.65,3.9080,47.370,1.05,1.87,15,1
15,2442635769014,1788461622.107,1788461622.099,35.1835179,-97.4359927,320.70,3.4400,47.825,1.05,1.87,15,1
15,2442827302139,1788461622.299,1788461622.299,35.1835216,-97.4359878,320.69,3.0340,47.772,1.05,1.87,15,1
15,2443031255889,1788461622.503,1788461622.499,35.1835250,-97.4359835,320.76,2.7150,47.328,1.05,1.87,15,1
15,2443228096514,1788461622.700,1788461622.699,35.1835278,-97.4359797,320.73,2.2970,47.613,1.05,1.87,15,1
15,2443428043545,1788461622.900,1788461622.899,35.1835300,-97.4359765,320.66,1.9210,48.471,1.05,1.87,15,1
15,2443626929847,1788461623.098,1788461623.099,35.1835318,-97.4359738,320.72,1.5380,49.332,1.05,1.86,15,1
15,2443829468910,1788461623.301,1788461623.299,35.1835332,-97.4359715,320.68,1.3130,50.466,1.05,1.86,15,1
15,2444028851722,1788461623.500,1788461623.499,35.1835342,-97.4359700,320.62,0.8910,48.342,1.05,1.85,15,1
15,2444229859326,1788461623.701,1788461623.699,35.1835351,-97.4359689,320.60,0.7110,47.596,1.04,1.85,15,1
15,2444427681461,1788461623.899,1788461623.899,35.1835356,-97.4359678,320.61,0.5720,49.061,1.04,1.85,15,1
15,2444629356878,1788461624.101,1788461624.099,35.1835360,-97.4359673,320.60,0.3450,47.440,1.04,1.84,15,1
15,2444829036670,1788461624.301,1788461624.299,35.1835361,-97.4359668,320.61,0.2040,48.119,1.04,1.83,15,1
15,2445036456930,1788461624.508,1788461624.499,35.1835364,-97.4359662,320.63,0.3530,47.568,1.04,1.82,15,1
15,2445230366149,1788461624.702,1788461624.699,35.1835369,-97.4359656,320.68,0.4050,47.562,1.04,1.82,15,1
15,2445425935888,1788461624.897,1788461624.899,35.1835377,-97.4359645,320.72,0.7250,42.461,1.04,1.81,15,1
15,2445630501096,1788461625.102,1788461625.099,35.1835387,-97.4359631,320.71,0.8520,44.597,1.04,1.81,15,1
15,2445841173857,1788461625.313,1788461625.299,35.1835401,-97.4359612,320.64,1.1620,44.961,1.03,1.80,15,1
15,2446025943127,1788461625.497,1788461625.499,35.1835418,-97.4359588,320.65,1.4530,48.233,1.03,1.80,15,1
15,2446228381825,1788461625.700,1788461625.699,35.1835438,-97.4359559,320.65,1.7310,48.510,1.03,1.79,15,1
15,2446429990367,1788461625.901,1788461625.899,35.1835460,-97.4359526,320.63,1.9640,49.340,1.03,1.78,15,1
15,2446629224742,1788461626.101,1788461626.099,35.1835485,-97.4359489,320.67,2.1360,49.823,1.03,1.78,15,1
15,2446829838752,1788461626.301,1788461626.299,35.1835511,-97.4359449,320.73,2.4120,50.589,1.03,1.77,15,1
15,2447029896252,1788461626.501,1788461626.499,35.1835543,-97.4359402,320.80,2.7830,49.440,1.03,1.77,15,1
15,2447229221460,1788461626.701,1788461626.699,35.1835576,-97.4359353,320.82,2.8820,49.908,1.02,1.76,15,1
15,2447429207971,1788461626.901,1788461626.899,35.1835608,-97.4359298,320.83,3.1140,52.691,1.02,1.76,15,1
15,2447634134846,1788461627.106,1788461627.099,35.1835641,-97.4359236,320.84,3.3550,55.413,1.02,1.75,15,1
15,2447825134012,1788461627.297,1788461627.299,35.1835672,-97.4359167,320.77,3.6160,59.592,1.02,1.75,15,1
15,2448028526408,1788461627.500,1788461627.499,35.1835704,-97.4359091,320.76,3.8990,61.658,1.02,1.75,15,1
15,2448227661043,1788461627.699,1788461627.699,35.1835735,-97.4359009,320.79,4.1050,64.422,1.02,1.75,15,1
15,2448426326512,1788461627.898,1788461627.899,35.1835763,-97.4358925,320.79,4.1520,66.699,1.02,1.75,15,1
15,2448634577710,1788461628.106,1788461628.099,35.1835786,-97.4358837,320.76,4.2570,70.308,1.02,1.75,15,1
15,2448825431043,1788461628.297,1788461628.299,35.1835803,-97.4358744,320.74,4.3380,74.493,1.02,1.75,15,1
15,2449038826616,1788461628.510,1788461628.499,35.1835812,-97.4358647,320.76,4.4950,79.894,1.03,1.75,15,1
15,2449229286407,1788461628.701,1788461628.699,35.1835817,-97.4358547,320.74,4.5800,83.716,1.03,1.74,15,1
15,2449428429064,1788461628.900,1788461628.899,35.1835819,-97.4358444,320.74,4.6730,87.148,1.03,1.74,15,1
15,2449635539220,1788461629.107,1788461629.099,35.1835809,-97.4358343,320.79,4.6420,92.802,1.03,1.74,15,1
15,2449828828178,1788461629.300,1788461629.299,35.1835790,-97.4358241,320.74,4.7630,98.779,1.03,1.74,15,1
15,2450029155105,1788461629.501,1788461629.499,35.1835766,-97.4358138,320.68,4.8850,103.334,1.03,1.74,15,1
15,2450227534532,1788461629.699,1788461629.699,35.1835729,-97.4358037,320.64,5.0160,110.533,1.03,1.73,15,1
15,2450426366459,1788461629.898,1788461629.899,35.1835687,-97.4357935,320.62,5.1500,114.784,1.03,1.73,15,1
15,2450631421563,1788461630.103,1788461630.099,35.1835638,-97.4357837,320.63,5.2440,119.686,1.03,1.73,15,1
15,2450831915574,1788461630.303,1788461630.299,35.1835579,-97.4357744,320.67,5.2800,125.232,1.03,1.72,15,1
15,2451039050834,1788461630.511,1788461630.499,35.1835516,-97.4357658,320.64,5.2540,129.768,1.03,1.72,15,1
15,2451228310834,1788461630.700,1788461630.699,35.1835448,-97.4357567,320.65,5.5770,131.199,1.03,1.72,15,1
15,2451429026302,1788461630.901,1788461630.899,35.1835376,-97.4357479,320.57,5.6950,134.169,1.03,1.71,15,1
15,2451629656927,1788461631.101,1788461631.099,35.1835301,-97.4357392,320.51,5.8710,135.098,1.03,1.71,15,1
15,2451829499167,1788461631.301,1788461631.299,35.1835222,-97.4357301,320.51,5.9950,135.730,1.03,1.71,15,1
15,2452027968333,1788461631.499,1788461631.499,35.1835138,-97.4357207,320.51,6.2870,136.814,1.03,1.71,15,1
15,2452227343646,1788461631.699,1788461631.699,35.1835053,-97.4357111,320.51,6.5130,136.740,1.03,1.71,15,1
15,2452425055938,1788461631.897,1788461631.899,35.1834964,-97.4357013,320.46,6.6860,137.300,1.03,1.71,15,1
15,2452629311510,1788461632.101,1788461632.099,35.1834870,-97.4356913,320.38,6.9010,138.255,1.03,1.71,15,1
15,2452830383333,1788461632.302,1788461632.299,35.1834772,-97.4356812,320.34,7.1030,138.738,1.02,1.71,15,1
15,2453040396666,1788461632.512,1788461632.499,35.1834673,-97.4356706,320.34,7.3070,138.815,1.02,1.71,15,1
15,2453224602343,1788461632.696,1788461632.699,35.1834573,-97.4356602,320.32,7.2600,139.949,1.02,1.71,15,1
15,2453428137343,1788461632.900,1788461632.899,35.1834472,-97.4356498,320.28,7.3510,139.830,1.02,1.71,15,1
15,2453634331562,1788461633.106,1788461633.099,35.1834365,-97.4356397,320.22,7.4740,141.802,1.02,1.71,15,1
15,2453829486666,1788461633.301,1788461633.299,35.1834259,-97.4356296,320.19,7.4210,141.736,1.02,1.71,15,1
15,2454029948281,1788461633.501,1788461633.499,35.1834152,-97.4356198,320.13,7.4850,143.118,1.02,1.70,15,1
15,2454231028906,1788461633.703,1788461633.699,35.1834043,-97.4356099,320.11,7.5620,143.321,1.02,1.70,15,1
15,2454429701926,1788461633.901,1788461633.899,35.1833934,-97.4356000,320.07,7.5360,143.435,1.02,1.70,15,1
15,2454628711666,1788461634.100,1788461634.099,35.1833824,-97.4355906,320.02,7.4740,144.563,1.02,1.70,15,1
15,2454831639999,1788461634.303,1788461634.299,35.1833711,-97.4355816,319.99,7.4550,146.152,1.02,1.70,15,1
15,2455034580937,1788461634.506,1788461634.499,35.1833599,-97.4355728,319.93,7.3670,147.216,1.02,1.70,15,1
15,2455226159791,1788461634.698,1788461634.699,35.1833487,-97.4355646,319.86,7.2790,148.880,1.02,1.70,15,1
15,2455430241561,1788461634.902,1788461634.899,35.1833371,-97.4355567,319.82,7.3810,150.930,1.02,1.70,15,1
15,2455630237915,1788461635.102,1788461635.099,35.1833253,-97.4355496,319.79,7.3250,153.485,1.01,1.70,15,1
15,2455831755207,1788461635.303,1788461635.299,35.1833134,-97.4355426,319.72,7.3450,154.578,1.01,1.70,15,1
15,2456030121040,1788461635.502,1788461635.499,35.1833010,-97.4355365,319.69,7.4120,157.661,1.01,1.70,15,1
15,2456228736978,1788461635.700,1788461635.699,35.1832882,-97.4355312,319.69,7.4940,161.360,1.01,1.69,15,1
15,2456431025623,1788461635.903,1788461635.899,35.1832749,-97.4355265,319.62,7.6630,163.616,1.01,1.69,15,1
15,2456626673957,1788461636.098,1788461636.099,35.1832616,-97.4355227,319.56,7.5700,166.544,1.01,1.69,15,1
15,2456829483748,1788461636.301,1788461636.299,35.1832480,-97.4355193,319.56,7.7320,168.569,1.01,1.69,15,1
15,2457025523957,1788461636.497,1788461636.499,35.1832342,-97.4355166,319.56,7.7400,170.583,1.01,1.69,15,1
15,2457231760154,1788461636.703,1788461636.699,35.1832202,-97.4355148,319.49,7.7730,173.433,1.01,1.69,15,1
15,2457427595675,1788461636.899,1788461636.899,35.1832061,-97.4355131,319.47,7.8790,174.114,1.02,1.69,15,1
15,2457625727915,1788461637.097,1788461637.099,35.1831916,-97.4355119,319.41,8.0450,176.121,1.02,1.69,15,1
15,2457824286508,1788461637.296,1788461637.299,35.1831772,-97.4355108,319.32,8.0220,176.061,1.02,1.69,15,1
15,2458028964685,1788461637.500,1788461637.499,35.1831624,-97.4355100,319.28,8.1760,177.607,1.02,1.69,15,1
15,2458234872081,1788461637.706,1788461637.699,35.1831475,-97.4355097,319.20,8.3060,178.530,1.02,1.69,15,1
15,2458428215206,1788461637.900,1788461637.899,35.1831321,-97.4355094,319.13,8.5290,178.689,1.02,1.69,15,1
15,2458628076248,1788461638.100,1788461638.099,35.1831167,-97.4355088,319.13,8.5250,178.394,1.02,1.69,15,1
15,2458830323800,1788461638.302,1788461638.299,35.1831010,-97.4355084,319.07,8.7090,178.731,1.02,1.69,15,1
15,2459028447133,1788461638.500,1788461638.499,35.1830851,-97.4355082,319.04,8.7670,179.236,1.02,1.69,15,1
15,2459227192133,1788461638.699,1788461638.699,35.1830691,-97.4355082,318.99,8.8250,179.482,1.02,1.69,15,1
15,2459427007289,1788461638.898,1788461638.899,35.1830530,-97.4355082,318.93,8.9280,179.675,1.02,1.69,15,1
15,2459627536612,1788461639.099,1788461639.099,35.1830369,-97.4355084,318.85,8.9480,180.386,1.02,1.69,15,1
15,2459826193435,1788461639.298,1788461639.299,35.1830205,-97.4355088,318.83,9.0710,180.705,1.02,1.69,15,1
15,2460021970518,1788461639.493,1788461639.499,35.1830040,-97.4355088,318.79,9.1650,180.004,1.02,1.69,15,1
15,2460228568747,1788461639.700,1788461639.699,35.1829870,-97.4355087,318.82,9.3120,179.969,1.02,1.69,14,1
15,2460425175934,1788461639.897,1788461639.899,35.1829700,-97.4355088,318.82,9.4000,180.434,1.02,1.69,15,1
15,2460625398903,1788461640.097,1788461640.099,35.1829529,-97.4355091,318.82,9.4780,180.754,1.02,1.69,15,1
15,2460827419945,1788461640.299,1788461640.299,35.1829355,-97.4355094,318.80,9.6000,180.684,1.02,1.69,15,1
15,2461032633278,1788461640.504,1788461640.499,35.1829183,-97.4355100,318.72,9.6090,181.137,1.02,1.69,15,1
15,2461251147861,1788461640.723,1788461640.699,35.1829007,-97.4355102,318.69,9.7020,180.408,1.02,1.69,15,1
15,2461436261403,1788461640.908,1788461640.899,35.1828832,-97.4355105,318.65,9.7300,180.439,1.02,1.69,15,1
15,2461628927288,1788461641.100,1788461641.099,35.1828661,-97.4355105,318.53,9.5260,179.686,1.02,1.69,15,1
15,2461826447444,1788461641.298,1788461641.299,35.1828486,-97.4355107,318.53,9.6790,180.508,1.02,1.69,15,1
15,2462029964528,1788461641.501,1788461641.499,35.1828312,-97.4355108,318.50,9.6120,180.475,1.02,1.69,15,1
15,2462228135621,1788461641.700,1788461641.699,35.1828139,-97.4355115,318.42,9.6670,181.241,1.02,1.69,15,1
15,2462426545725,1788461641.898,1788461641.899,35.1827962,-97.4355118,318.40,9.7340,180.904,1.02,1.69,15,1
15,2462643480309,1788461642.115,1788461642.099,35.1827791,-97.4355118,318.32,9.5170,180.217,1.02,1.69,15,1
15,2462836843277,1788461642.308,1788461642.299,35.1827618,-97.4355119,318.30,9.5460,180.383,1.02,1.69,15,1
15,2463028742288,1788461642.500,1788461642.499,35.1827443,-97.4355119,318.28,9.6430,179.909,1.02,1.69,15,1
15,2463228457027,1788461642.700,1788461642.699,35.1827269,-97.4355118,318.23,9.6570,179.547,1.02,1.69,15,1
15,2463426973225,1788461642.898,1788461642.899,35.1827094,-97.4355116,318.23,9.6240,179.549,1.02,1.69,15,1
15,2463627924787,1788461643.099,1788461643.099,35.1826917,-97.4355114,318.25,9.7350,179.480,1.02,1.69,15,1
15,2463831130569,1788461643.303,1788461643.299,35.1826742,-97.4355115,318.25,9.7100,179.759,1.02,1.69,15,1
15,2464027450829,1788461643.499,1788461643.499,35.1826570,-97.4355115,318.17,9.5760,179.677,1.02,1.69,15,1
15,2464196842443,1788461643.668,1788461643.699,35.1826396,-97.4355115,318.14,9.6120,179.760,1.02,1.69,15,1
15,2464428083902,1788461643.900,1788461643.899,35.1826222,-97.4355121,318.06,9.7110,181.344,1.02,1.70,15,1
15,2464624308381,1788461644.096,1788461644.099,35.1826047,-97.4355126,318.00,9.7200,181.266,1.02,1.70,15,1
15,2464828905724,1788461644.300,1788461644.299,35.1825872,-97.4355126,317.99,9.6610,180.115,1.03,1.70,15,1
15,2465027137860,1788461644.499,1788461644.499,35.1825697,-97.4355126,317.96,9.7000,179.963,1.03,1.70,15,1
15,2465226661453,1788461644.698,1788461644.699,35.1825525,-97.4355127,317.89,9.5740,179.956,1.03,1.70,15,1
15,2465427184214,1788461644.899,1788461644.899,35.1825352,-97.4355125,317.86,9.5860,179.762,1.03,1.70,15,1
15,2465628192026,1788461645.100,1788461645.099,35.1825176,-97.4355130,317.85,9.7700,181.454,1.03,1.70,15,1
15,2465835691349,1788461645.307,1788461645.299,35.1825002,-97.4355135,317.79,9.6560,181.294,1.03,1.70,15,1
15,2466026807755,1788461645.498,1788461645.499,35.1824828,-97.4355139,317.73,9.6580,181.129,1.03,1.71,15,1
15,2466227474318,1788461645.699,1788461645.699,35.1824655,-97.4355140,317.67,9.5520,180.238,1.03,1.71,15,1
15,2466427703484,1788461645.899,1788461645.899,35.1824481,-97.4355138,317.67,9.5910,179.361,1.03,1.71,15,1
15,2466646931036,1788461646.118,1788461646.099,35.1824308,-97.4355136,317.63,9.6130,179.646,1.03,1.71,15,1
15,2466824922286,1788461646.296,1788461646.299,35.1824133,-97.4355134,317.58,9.6890,179.844,1.03,1.71,15,1
15,2467044549734,1788461646.516,1788461646.499,35.1823961,-97.4355130,317.58,9.5320,179.267,1.03,1.71,15,1
15,2467227711401,1788461646.699,1788461646.699,35.1823787,-97.4355129,317.58,9.5890,179.803,1.03,1.71,14,1
15,2467429016244,1788461646.901,1788461646.899,35.1823614,-97.4355127,317.57,9.5270,179.665,1.03,1.71,14,1
15,2467639312390,1788461647.111,1788461647.099,35.1823442,-97.4355125,317.56,9.5040,180.009,1.03,1.71,14,1
15,2467830802025,1788461647.302,1788461647.299,35.1823269,-97.4355123,317.58,9.5190,179.678,1.03,1.71,14,1
15,2468029445879,1788461647.501,1788461647.499,35.1823098,-97.4355122,317.59,9.4260,179.855,1.03,1.71,14,1
15,2468228742598,1788461647.700,1788461647.699,35.1822928,-97.4355121,317.57,9.3470,179.642,1.02,1.71,14,1
15,2468426832650,1788461647.898,1788461647.899,35.1822760,-97.4355119,317.57,9.3350,179.290,1.02,1.70,14,1
15,2468632305358,1788461648.104,1788461648.099,35.1822590,-97.4355118,317.53,9.4000,179.452,1.02,1.70,14,1
15,2468837305567,1788461648.309,1788461648.299,35.1822422,-97.4355117,317.55,9.3150,179.741,1.02,1.70,14,1
15,2469034135202,1788461648.506,1788461648.499,35.1822254,-97.4355116,317.53,9.3160,179.526,1.02,1.70,14,1
15,2469230615827,1788461648.702,1788461648.699,35.1822086,-97.4355115,317.54,9.3240,179.882,1.02,1.70,14,1
15,2469428238014,1788461648.900,1788461648.899,35.1821919,-97.4355113,317.55,9.2050,179.843,1.02,1.70,14,1
15,2469628975098,1788461649.100,1788461649.099,35.1821752,-97.4355111,317.54,9.2410,179.865,1.02,1.70,14,1
15,2469838266087,1788461649.310,1788461649.299,35.1821588,-97.4355107,317.48,9.0940,178.910,1.02,1.70,15,1
15,2470029068743,1788461649.501,1788461649.499,35.1821423,-97.4355105,317.44,9.1710,179.517,1.02,1.70,15,1
15,2470227434212,1788461649.699,1788461649.699,35.1821256,-97.4355106,317.44,9.3050,180.188,1.02,1.70,15,1
15,2470428460826,1788461649.900,1788461649.899,35.1821095,-97.4355107,317.36,8.9710,180.092,1.02,1.70,15,1
15,2470629813847,1788461650.101,1788461650.099,35.1820934,-97.4355101,317.29,8.9820,178.640,1.02,1.70,15,1
15,2470829903795,1788461650.301,1788461650.299,35.1820775,-97.4355096,317.21,8.8560,178.368,1.02,1.70,15,1
15,2470995900722,1788461650.467,1788461650.499,35.1820618,-97.4355097,317.17,8.7560,180.185,1.02,1.70,15,1
15,2471230773743,1788461650.702,1788461650.699,35.1820461,-97.4355097,317.17,8.6580,180.120,1.02,1.71,14,1
15,2471428731712,1788461650.900,1788461650.899,35.1820308,-97.4355095,317.15,8.5220,179.540,1.02,1.71,14,1
15,2471631659836,1788461651.103,1788461651.099,35.1820155,-97.4355095,317.19,8.4500,179.659,1.02,1.71,14,1
15,2471829558170,1788461651.301,1788461651.299,35.1820007,-97.4355100,317.15,8.1910,181.974,1.02,1.71,14,1
15,2472036217180,1788461651.508,1788461651.499,35.1819862,-97.4355103,317.16,7.9990,181.419,1.03,1.71,14,1
15,2472229256659,1788461651.701,1788461651.699,35.1819720,-97.4355104,317.12,7.8000,180.679,1.03,1.72,14,1
15,2472429753065,1788461651.901,1788461651.899,35.1819582,-97.4355110,317.09,7.6330,181.775,1.03,1.72,14,1
15,2472635966034,1788461652.107,1788461652.099,35.1819446,-97.4355110,317.02,7.5700,180.493,1.03,1.72,14,1
15,2472828330148,1788461652.300,1788461652.299,35.1819314,-97.4355109,317.02,7.3050,180.094,1.03,1.72,14,1
15,2473027940930,1788461652.499,1788461652.499,35.1819188,-97.4355107,316.89,7.0760,179.442,1.03,1.72,14,1
15,2473227307805,1788461652.699,1788461652.699,35.1819064,-97.4355106,316.88,6.8170,179.373,1.04,1.73,14,1
15,2473429265617,1788461652.901,1788461652.899,35.1818942,-97.4355107,316.91,6.6130,179.749,1.04,1.73,14,1
15,2473628208273,1788461653.100,1788461653.099,35.1818825,-97.4355108,316.93,6.4110,180.515,1.04,1.73,15,1
15,2473837001294,1788461653.308,1788461653.299,35.1818712,-97.4355108,316.92,6.2630,180.147,1.04,1.73,15,1
15,2474024723950,1788461653.496,1788461653.499,35.1818604,-97.4355107,316.85,6.0270,180.358,1.04,1.74,15,1
15,2474228906346,1788461653.700,1788461653.699,35.1818497,-97.4355107,316.82,5.9530,180.741,1.04,1.74,15,1
15,2474429188221,1788461653.901,1788461653.899,35.1818397,-97.4355107,316.80,5.5470,180.807,1.04,1.74,15,1
15,2474639744002,1788461654.111,1788461654.099,35.1818305,-97.4355106,316.73,5.1540,180.220,1.04,1.74,15,1
15,2474827473116,1788461654.299,1788461654.299,35.1818215,-97.4355107,316.70,4.9510,180.984,1.04,1.75,15,1
15,2475029199887,1788461654.501,1788461654.499,35.1818130,-97.4355112,316.65,4.6960,182.115,1.04,1.75,14,1
15,2475228066345,1788461654.700,1788461654.699,35.1818052,-97.4355119,316.63,4.3330,184.039,1.04,1.75,15,1
15,2475429688377,1788461654.901,1788461654.899,35.1817976,-97.4355135,316.70,4.1550,188.194,1.04,1.75,15,1
15,2475628610147,1788461655.100,1788461655.099,35.1817907,-97.4355153,316.54,3.9850,190.656,1.05,1.75,15,1
15,2475827731189,1788461655.299,1788461655.299,35.1817844,-97.4355168,316.52,3.5420,191.864,1.05,1.75,15,1
15,2476029255981,1788461655.501,1788461655.499,35.1817783,-97.4355185,316.66,3.3280,193.248,1.05,1.75,15,1
15,2476229641501,1788461655.701,1788461655.699,35.1817728,-97.4355210,316.66,3.2210,197.121,1.05,1.76,15,1
15,2476421507543,1788461655.893,1788461655.899,35.1817676,-97.4355240,316.68,3.1730,201.649,1.05,1.76,15,1
15,2476532624574,1788461656.004,1788461655.999,35.1817651,-97.4355256,316.67,3.1200,203.799,1.05,1.76,15,1
15,2476729176397,1788461656.201,1788461656.199,35.1817602,-97.4355288,316.70,3.0870,206.128,1.05,1.76,15,1
15,2476930506866,1788461656.402,1788461656.399,35.1817556,-97.4355327,316.66,3.1170,211.101,1.05,1.76,15,1
15,2477128048376,1788461656.600,1788461656.599,35.1817507,-97.4355357,316.79,2.9530,211.799,1.05,1.76,15,1
15,2477327905980,1788461656.799,1788461656.799,35.1817467,-97.4355401,316.86,2.8750,217.271,1.06,1.76,15,1
15,2477528158793,1788461657.000,1788461656.999,35.1817436,-97.4355454,316.82,2.9130,226.233,1.06,1.77,15,1
15,2477729143792,1788461657.201,1788461657.199,35.1817409,-97.4355509,316.73,2.8800,232.488,1.06,1.77,14,1
15,2477929433532,1788461657.401,1788461657.399,35.1817387,-97.4355564,316.69,2.7420,237.809,1.05,1.77,14,1
15,2478129688949,1788461657.601,1788461657.599,35.1817370,-97.4355614,316.65,2.4590,242.223,1.05,1.77,15,1
15,2478330529678,1788461657.802,1788461657.799,35.1817357,-97.4355662,316.76,2.2690,248.700,1.05,1.77,15,1
15,2478528778584,1788461658.000,1788461657.999,35.1817342,-97.4355709,316.78,2.2530,249.765,1.05,1.77,15,1
15,2478737556605,1788461658.209,1788461658.199,35.1817335,-97.4355755,316.68,2.1280,252.674,1.05,1.77,15,1
15,2478929924625,1788461658.401,1788461658.399,35.1817327,-97.4355797,316.65,1.9800,254.768,1.05,1.77,15,1
15,2479131649990,1788461658.603,1788461658.599,35.1817320,-97.4355837,316.70,1.7990,256.695,1.06,1.77,15,1
15,2479331091708,1788461658.803,1788461658.799,35.1817312,-97.4355873,316.68,1.6970,255.998,1.06,1.77,15,1
15,2479528201865,1788461659.000,1788461658.999,35.1817307,-97.4355905,316.77,1.4590,257.957,1.06,1.77,15,1
15,2479737547906,1788461659.209,1788461659.199,35.1817304,-97.4355937,316.68,1.3950,260.994,1.05,1.77,15,1
15,2479928755094,1788461659.400,1788461659.399,35.1817304,-97.4355973,316.70,1.5790,267.120,1.05,1.77,15,1
15,2480128472698,1788461659.600,1788461659.599,35.1817301,-97.4356006,316.69,1.4660,265.991,1.05,1.76,15,1
15,2480328847698,1788461659.800,1788461659.799,35.1817296,-97.4356040,316.71,1.5140,263.536,1.06,1.76,15,1
15,2480528321135,1788461660.000,1788461659.999,35.1817294,-97.4356070,316.78,1.3950,264.732,1.06,1.76,15,1
15,2480728345666,1788461660.200,1788461660.199,35.1817285,-97.4356104,316.81,1.5370,260.347,1.06,1.77,15,1
15,2480929299833,1788461660.401,1788461660.399,35.1817287,-97.4356134,316.86,1.3910,265.333,1.06,1.77,15,1
15,2481128256552,1788461660.600,1788461660.599,35.1817288,-97.4356164,316.92,1.3180,269.957,1.07,1.77,15,1
15,2481329690249,1788461660.801,1788461660.799,35.1817289,-97.4356198,316.91,1.4940,272.859,1.07,1.78,15,1
15,2481529071916,1788461661.001,1788461660.999,35.1817286,-97.4356230,316.91,1.4180,269.440,1.07,1.79,15,1
15,2481729708999,1788461661.201,1788461661.199,35.1817286,-97.4356261,316.88,1.4460,269.329,1.08,1.79,15,1
15,2481894983635,1788461661.366,1788461661.399,35.1817282,-97.4356292,316.90,1.3450,266.960,1.08,1.80,15,1
15,2482137630874,1788461661.609,1788461661.599,35.1817281,-97.4356327,316.91,1.5800,269.583,1.08,1.80,15,1
15,2482330240145,1788461661.802,1788461661.799,35.1817274,-97.4356361,316.88,1.4910,264.882,1.09,1.80,15,1
15,2482529357332,1788461662.001,1788461661.999,35.1817270,-97.4356395,316.88,1.5700,263.612,1.09,1.81,15,1
15,2482729043582,1788461662.201,1788461662.199,35.1817267,-97.4356427,316.84,1.4720,264.372,1.09,1.81,15,1
15,2482930962228,1788461662.402,1788461662.399,35.1817263,-97.4356464,316.84,1.6640,264.135,1.10,1.81,14,1
15,2483131638686,1788461662.603,1788461662.599,35.1817265,-97.4356499,316.91,1.6650,267.935,1.10,1.82,14,1
15,2483340281759,1788461662.812,1788461662.799,35.1817262,-97.4356533,316.92,1.5210,266.453,1.10,1.82,14,1
15,2483537679311,1788461663.009,1788461662.999,35.1817262,-97.4356566,316.83,1.5320,268.902,1.10,1.82,14,1
15,2483729412592,1788461663.201,1788461663.199,35.1817260,-97.4356598,316.79,1.4270,268.784,1.10,1.83,14,1
15,2483928726915,1788461663.400,1788461663.399,35.1817260,-97.4356630,316.86,1.4170,268.142,1.10,1.83,14,1
15,2484124817019,1788461663.596,1788461663.599,35.1817264,-97.4356661,316.88,1.4030,272.596,1.10,1.83,14,1
15,2484328292800,1788461663.800,1788461663.799,35.1817261,-97.4356693,316.85,1.4520,269.563,1.10,1.83,14,1
15,2484527417592,1788461663.999,1788461663.999,35.1817261,-97.4356726,316.81,1.5190,270.067,1.11,1.84,14,1
15,2484728489102,1788461664.200,1788461664.199,35.1817258,-97.4356762,316.85,1.6090,268.636,1.11,1.84,14,1
15,2484928169206,1788461664.400,1788461664.399,35.1817258,-97.4356797,316.88,1.5900,269.386,1.11,1.85,14,1
15,2485128719206,1788461664.600,1788461664.599,35.1817255,-97.4356833,316.88,1.5840,268.464,1.11,1.85,14,1
15,2485329676706,1788461664.801,1788461664.799,35.1817253,-97.4356878,316.88,2.1350,268.471,1.11,1.86,14,1
15,2485530232696,1788461665.002,1788461664.999,35.1817255,-97.4356923,316.82,2.0650,271.063,1.11,1.86,14,1
15,2485730595977,1788461665.202,1788461665.199,35.1817260,-97.4356969,316.82,2.1450,274.415,1.11,1.86,14,1
15,2485929858529,1788461665.401,1788461665.399,35.1817270,-97.4357019,316.89,2.3250,278.374,1.12,1.87,14,1
15,2486129376706,1788461665.601,1788461665.599,35.1817271,-97.4357079,316.87,2.6800,275.401,1.12,1.87,14,1
15,2486330770143,1788461665.802,1788461665.799,35.1817269,-97.4357141,316.84,2.8140,272.715,1.12,1.88,14,1
15,2486528704154,1788461666.000,1788461665.999,35.1817265,-97.4357210,316.88,3.1020,269.661,1.12,1.88,14,1
15,2486730188789,1788461666.202,1788461666.199,35.1817272,-97.4357281,316.96,3.2660,272.016,1.12,1.88,14,1
15,2486929025039,1788461666.401,1788461666.399,35.1817270,-97.4357359,316.94,3.4990,270.608,1.13,1.89,14,1
15,2487129220508,1788461666.601,1788461666.599,35.1817270,-97.4357443,316.91,3.8110,270.744,1.13,1.89,14,1
15,2487318455247,1788461666.790,1788461666.799,35.1817272,-97.4357533,316.88,4.1210,271.580,1.14,1.89,14,1
15,2487432193528,1788461666.904,1788461666.899,35.1817268,-97.4357582,316.90,4.2390,270.399,1.13,1.89,14,1
15,2487628447851,1788461667.100,1788461667.099,35.1817270,-97.4357680,316.92,4.4760,271.184,1.14,1.90,14,1
15,2487837391445,1788461667.309,1788461667.299,35.1817270,-97.4357786,316.90,4.7910,270.915,1.14,1.90,14,1
15,2488028409934,1788461667.500,1788461667.499,35.1817272,-97.4357896,316.97,4.9810,271.208,1.14,1.91,14,1
15,2488229545559,1788461667.701,1788461667.699,35.1817278,-97.4358011,316.98,5.3270,272.396,1.14,1.91,14,1
15,2488418018007,1788461667.890,1788461667.899,35.1817280,-97.4358129,316.93,5.4200,271.747,1.14,1.91,14,1
15,2488630208580,1788461668.102,1788461668.099,35.1817280,-97.4358257,316.83,5.8880,271.019,1.14,1.92,14,1
15,2488828457799,1788461668.300,1788461668.299,35.1817279,-97.4358391,316.86,6.1350,269.982,1.14,1.92,14,1
15,2489027693684,1788461668.499,1788461668.499,35.1817274,-97.4358532,316.95,6.3440,268.870,1.14,1.92,14,1
15,2489228290507,1788461668.700,1788461668.699,35.1817275,-97.4358671,316.95,6.4200,270.608,1.14,1.92,14,1
15,2489428760819,1788461668.900,1788461668.899,35.1817280,-97.4358816,317.00,6.6170,272.344,1.14,1.93,14,1
15,2489627884569,1788461669.099,1788461669.099,35.1817290,-97.4358965,316.97,6.8780,274.272,1.15,1.93,14,1
15,2489831289204,1788461669.303,1788461669.299,35.1817293,-97.4359123,316.93,7.1950,272.412,1.15,1.93,13,1
15,2490040147173,1788461669.512,1788461669.499,35.1817296,-97.4359281,316.80,7.2340,272.045,1.15,1.94,14,1
15,2490228919517,1788461669.700,1788461669.699,35.1817298,-97.4359443,316.80,7.3630,271.329,1.15,1.94,14,1
15,2490428803058,1788461669.900,1788461669.899,35.1817300,-97.4359609,316.81,7.5300,271.228,1.15,1.95,14,1
15,2490632958319,1788461670.104,1788461670.099,35.1817299,-97.4359778,316.85,7.7100,270.224,1.15,1.95,14,1
15,2490828688267,1788461670.300,1788461670.299,35.1817300,-97.4359951,316.85,7.9010,270.411,1.15,1.95,14,1
15,2491031281704,1788461670.503,1788461670.499,35.1817300,-97.4360125,316.88,7.9080,270.397,1.15,1.96,14,1
15,2491230389569,1788461670.702,1788461670.699,35.1817303,-97.4360300,316.87,8.0180,271.146,1.15,1.96,14,1
15,2491437233735,1788461670.909,1788461670.899,35.1817303,-97.4360475,316.87,7.9640,270.546,1.15,1.97,14,1
15,2491628239152,1788461671.100,1788461671.099,35.1817303,-97.4360651,316.91,7.9740,270.278,1.15,1.97,14,1
15,2491829742068,1788461671.301,1788461671.299,35.1817306,-97.4360829,316.87,8.1450,271.069,1.15,1.97,14,1
15,2492036674412,1788461671.508,1788461671.499,35.1817306,-97.4361007,316.75,8.1370,270.714,1.15,1.98,14,1
15,2492229720141,1788461671.701,1788461671.699,35.1817309,-97.4361182,316.67,8.0120,271.330,1.15,1.98,14,1
15,2492429094151,1788461671.901,1788461671.899,35.1817314,-97.4361355,316.71,7.8130,271.819,1.15,1.98,14,1
15,2492631423266,1788461672.103,1788461672.099,35.1817316,-97.4361528,316.69,7.8230,271.050,1.15,1.99,13,1
15,2492832471651,1788461672.304,1788461672.299,35.1817320,-97.4361699,316.66,7.7960,271.254,1.15,1.99,14,1
15,2493028869880,1788461672.500,1788461672.499,35.1817322,-97.4361870,316.64,7.7970,271.297,1.15,1.99,14,1
15,2493233765714,1788461672.705,1788461672.699,35.1817323,-97.4362039,316.61,7.6950,270.566,1.15,2.00,14,1
15,2493429082016,1788461672.901,1788461672.899,35.1817325,-97.4362207,316.64,7.6320,270.509,1.15,2.00,14,1
15,2493634707432,1788461673.106,1788461673.099,35.1817328,-97.4362373,316.63,7.5880,270.916,1.15,2.00,14,1
15,2493828809099,1788461673.300,1788461673.299,35.1817326,-97.4362540,316.66,7.5060,269.902,1.15,2.00,14,1
15,2494029872276,1788461673.501,1788461673.499,35.1817326,-97.4362702,316.65,7.3560,270.006,1.15,2.01,14,1
15,2494238507172,1788461673.710,1788461673.699,35.1817329,-97.4362864,316.68,7.3830,270.890,1.15,2.01,14,1
15,2494429776807,1788461673.901,1788461673.899,35.1817329,-97.4363027,316.73,7.3370,270.278,1.15,2.00,14,1
15,2494633012223,1788461674.104,1788461674.099,35.1817332,-97.4363186,316.70,7.2900,271.151,1.15,2.01,14,1
15,2494829003369,1788461674.300,1788461674.299,35.1817330,-97.4363348,316.64,7.3410,269.961,1.15,2.01,14,1
15,2495029199098,1788461674.501,1788461674.499,35.1817329,-97.4363508,316.63,7.2800,269.349,1.15,2.01,14,1
15,2495237366807,1788461674.709,1788461674.699,35.1817330,-97.4363666,316.62,7.2040,269.906,1.15,2.00,14,1
15,2495436053473,1788461674.908,1788461674.899,35.1817330,-97.4363823,316.60,7.1670,269.925,1.15,2.00,14,1
15,2495629577484,1788461675.101,1788461675.099,35.1817330,-97.4363981,316.58,7.1780,269.938,1.15,2.01,14,1
15,2495835752015,1788461675.307,1788461675.299,35.1817328,-97.4364134,316.53,6.9770,269.029,1.15,2.01,14,1
15,2496030353369,1788461675.502,1788461675.499,35.1817324,-97.4364287,316.53,6.9430,268.748,1.15,2.01,14,1
15,2496227329619,1788461675.699,1788461675.699,35.1817321,-97.4364439,316.51,6.9260,268.693,1.15,2.01,14,1
15,2496427820348,1788461675.899,1788461675.899,35.1817316,-97.4364590,316.54,6.8180,267.778,1.15,2.01,14,1
15,2496634651337,1788461676.106,1788461676.099,35.1817313,-97.4364738,316.58,6.7300,267.992,1.15,2.02,14,1
15,2496827419827,1788461676.299,1788461676.299,35.1817309,-97.4364885,316.59,6.6530,267.698,1.15,2.02,14,1
15,2496939183733,1788461676.411,1788461676.399,35.1817307,-97.4364956,316.57,6.5750,267.677,1.14,2.01,14,1
15,2497131367952,1788461676.603,1788461676.599,35.1817298,-97.4365098,316.46,6.5240,266.279,1.14,2.01,14,1
15,2497330679150,1788461676.802,1788461676.799,35.1817289,-97.4365237,316.51,6.3180,265.337,1.14,2.01,14,1
15,2497539807639,1788461677.011,1788461676.999,35.1817277,-97.4365376,316.46,6.3920,263.995,1.14,2.01,14,1
15,2497728884254,1788461677.200,1788461677.199,35.1817262,-97.4365517,316.49,6.4000,263.152,1.14,2.02,14,1
15,2497929371858,1788461677.401,1788461677.399,35.1817244,-97.4365655,316.53,6.3570,261.165,1.14,2.02,14,1
15,2498137035868,1788461677.609,1788461677.599,35.1817224,-97.4365793,316.58,6.3360,259.945,1.14,2.02,14,1
15,2498339461285,1788461677.811,1788461677.799,35.1817201,-97.4365929,316.70,6.2580,258.146,1.15,2.02,14,1
15,2498529458524,1788461678.001,1788461677.999,35.1817176,-97.4366062,316.73,6.1790,257.130,1.15,2.02,14,1
15,2498729081128,1788461678.201,1788461678.199,35.1817148,-97.4366194,316.72,6.1670,255.552,1.15,2.02,14,1
15,2498930353524,1788461678.402,1788461678.399,35.1817115,-97.4366324,316.65,6.1740,253.287,1.15,2.03,14,1
15,2499129080295,1788461678.601,1788461678.599,35.1817080,-97.4366454,316.59,6.1940,252.125,1.15,2.03,14,1
15,2499327449045,1788461678.799,1788461678.799,35.1817042,-97.4366582,316.50,6.1840,250.941,1.14,2.03,14,1
15,2499529425555,1788461679.001,1788461678.999,35.1817005,-97.4366712,316.45,6.2430,251.057,1.14,2.03,14,1
15,2499728626701,1788461679.200,1788461679.199,35.1816965,-97.4366842,316.30,6.3000,250.483,1.14,2.02,14,1
15,2499930742013,1788461679.402,1788461679.399,35.1816923,-97.4366972,316.19,6.3530,249.445,1.14,2.02,14,1
15,2500150445451,1788461679.622,1788461679.599,35.1816882,-97.4367105,316.17,6.4300,249.354,1.14,2.03,13,1
15,2500328871700,1788461679.800,1788461679.799,35.1816840,-97.4367237,316.17,6.4340,248.795,1.13,2.03,13,1
15,2500525008680,1788461679.996,1788461679.999,35.1816800,-97.4367369,315.87,6.4370,251.596,1.13,2.03,14,1
15,2500730849930,1788461680.202,1788461680.199,35.1816758,-97.4367505,315.85,6.5750,249.471,1.13,2.03,13,1
15,2500928794096,1788461680.400,1788461680.399,35.1816714,-97.4367642,315.82,6.6370,248.550,1.13,2.03,13,1
15,2501128336909,1788461680.600,1788461680.599,35.1816672,-97.4367778,315.82,6.6380,248.629,1.12,2.03,13,1
15,2501329149981,1788461680.801,1788461680.799,35.1816628,-97.4367915,315.82,6.6060,248.541,1.12,2.03,13,1
15,2501529283992,1788461681.001,1788461680.999,35.1816585,-97.4368054,315.84,6.7330,248.971,1.12,2.02,14,1
15,2501729809304,1788461681.201,1788461681.199,35.1816540,-97.4368191,315.87,6.6490,248.735,1.12,2.02,14,1
15,2501929077794,1788461681.401,1788461681.399,35.1816496,-97.4368327,315.80,6.5660,248.979,1.12,2.02,14,1
15,2502131943731,1788461681.603,1788461681.599,35.1816452,-97.4368461,315.83,6.5380,248.279,1.12,2.03,14,1
15,2502331057533,1788461681.803,1788461681.799,35.1816409,-97.4368594,315.83,6.5110,248.418,1.12,2.03,14,1
16,2502543179616,1788461682.015,1788461681.999,35.1816365,-97.4368732,315.82,6.6880,248.834,1.12,2.03,14,1
16,2502733927116,1788461682.205,1788461682.199,35.1816323,-97.4368871,315.80,6.7110,249.967,1.11,2.03,14,1
16,2502931730762,1788461682.403,1788461682.399,35.1816282,-97.4369011,315.84,6.6980,249.970,1.11,2.03,14,1
16,2503130754668,1788461682.602,1788461682.599,35.1816241,-97.4369151,315.86,6.7510,250.221,1.11,2.03,14,1
16,2503331754564,1788461682.803,1788461682.799,35.1816200,-97.4369292,315.86,6.7890,250.284,1.11,2.03,14,1
16,2503532684095,1788461683.004,1788461682.999,35.1816162,-97.4369433,315.92,6.7470,251.169,1.11,2.02,14,1
16,2503732553522,1788461683.204,1788461683.199,35.1816120,-97.4369580,315.81,7.0310,251.521,1.11,2.03,14,1
16,2503930401178,1788461683.402,1788461683.399,35.1816078,-97.4369728,315.75,7.0920,251.269,1.11,2.03,13,1
16,2504128902741,1788461683.600,1788461683.599,35.1816036,-97.4369876,315.69,7.1250,251.089,1.11,2.03,13,1
16,2504327999980,1788461683.799,1788461683.799,35.1815997,-97.4370023,315.66,7.0160,252.217,1.11,2.03,14,1
16,2504530441647,1788461684.002,1788461683.999,35.1815957,-97.4370173,315.67,7.1360,252.435,1.11,2.03,14,1
16,2504729479668,1788461684.201,1788461684.199,35.1815919,-97.4370325,315.64,7.2170,253.282,1.11,2.03,14,1
16,2504929913261,1788461684.401,1788461684.399,35.1815883,-97.4370474,315.70,7.0580,253.474,1.11,2.03,14,1
16,2505129648313,1788461684.601,1788461684.599,35.1815847,-97.4370626,315.66,7.2000,254.378,1.11,2.03,14,1
16,2505324785553,1788461684.796,1788461684.799,35.1815811,-97.4370778,315.69,7.2000,253.794,1.11,2.03,14,1
16,2505538808105,1788461685.010,1788461684.999,35.1815773,-97.4370930,315.71,7.2000,253.248,1.12,2.03,14,1
16,2505728809407,1788461685.200,1788461685.199,35.1815736,-97.4371082,315.75,7.2030,253.293,1.12,2.03,14,1
16,2505938737063,1788461685.410,1788461685.399,35.1815703,-97.4371234,315.82,7.1860,254.508,1.12,2.03,14,1
16,2506130618730,1788461685.602,1788461685.599,35.1815669,-97.4371386,315.87,7.1440,254.678,1.12,2.04,14,1
16,2506320897792,1788461685.792,1788461685.799,35.1815640,-97.4371537,315.94,7.0730,255.908,1.12,2.04,14,1
16,2506428792844,1788461685.900,1788461685.899,35.1815621,-97.4371616,315.89,7.2430,255.783,1.12,2.03,14,1
16,2506628344511,1788461686.100,1788461686.099,35.1815591,-97.4371770,315.90,7.2210,256.123,1.12,2.03,14,1
16,2506828069458,1788461686.300,1788461686.299,35.1815565,-97.4371924,315.92,7.1210,257.947,1.12,2.04,14,1
16,2507029940396,1788461686.501,1788461686.499,35.1815542,-97.4372078,315.85,7.1370,259.322,1.12,2.04,13,1
16,2507228885760,1788461686.700,1788461686.699,35.1815523,-97.4372228,315.76,6.9170,261.041,1.12,2.04,13,1
16,2507428526906,1788461686.900,1788461686.899,35.1815508,-97.4372376,315.76,6.7850,262.716,1.12,2.04,13,1
16,2507628987375,1788461687.100,1788461687.099,35.1815495,-97.4372519,315.77,6.5610,263.587,1.12,2.04,13,1
16,2507829819510,1788461687.301,1788461687.299,35.1815481,-97.4372664,315.76,6.5950,263.469,1.12,2.04,13,1
16,2508028611698,1788461687.500,1788461687.499,35.1815469,-97.4372807,315.73,6.5520,264.152,1.13,2.04,14,1
16,2508229161906,1788461687.701,1788461687.699,35.1815455,-97.4372949,315.70,6.5250,263.719,1.13,2.04,14,1
16,2508432547322,1788461687.904,1788461687.899,35.1815447,-97.4373086,315.72,6.2860,265.103,1.13,2.04,14,1
16,2508626406906,1788461688.098,1788461688.099,35.1815441,-97.4373223,315.75,6.2610,266.048,1.13,2.04,14,1
16,2508828582895,1788461688.300,1788461688.299,35.1815434,-97.4373361,315.79,6.2710,266.192,1.13,2.04,14,1
16,2509032679249,1788461688.504,1788461688.499,35.1815431,-97.4373496,315.81,6.1860,267.700,1.13,2.04,14,1
16,2509231160499,1788461688.703,1788461688.699,35.1815430,-97.4373631,315.85,6.1820,268.882,1.13,2.04,14,1
16,2509428463780,1788461688.900,1788461688.899,35.1815427,-97.4373765,315.85,6.0750,268.375,1.13,2.03,14,1
16,2509627837947,1788461689.099,1788461689.099,35.1815427,-97.4373897,315.89,5.9960,269.135,1.13,2.04,14,1
16,2509828621489,1788461689.300,1788461689.299,35.1815427,-97.4374025,315.91,5.8460,269.496,1.13,2.04,14,1
16,2510033457478,1788461689.505,1788461689.499,35.1815425,-97.4374152,315.92,5.7230,269.107,1.13,2.04,14,1
16,2510230225759,1788461689.702,1788461689.699,35.1815423,-97.4374273,315.90,5.4600,269.146,1.13,2.04,14,1
16,2510428063572,1788461689.900,1788461689.899,35.1815424,-97.4374388,315.87,5.1960,270.185,1.13,2.04,14,1
16,2510629108155,1788461690.101,1788461690.099,35.1815426,-97.4374500,315.88,5.0770,270.859,1.13,2.04,14,1
16,2510832057686,1788461690.304,1788461690.299,35.1815428,-97.4374607,315.90,4.8420,270.730,1.13,2.04,14,1
16,2511040552113,1788461690.512,1788461690.499,35.1815429,-97.4374708,315.91,4.5920,270.839,1.13,2.04,14,1
16,2511234217061,1788461690.706,1788461690.699,35.1815429,-97.4374804,315.87,4.2910,270.829,1.13,2.04,14,1
16,2511428728675,1788461690.900,1788461690.899,35.1815430,-97.4374894,315.85,4.0670,271.095,1.13,2.04,14,1
16,2511625774352,1788461691.097,1788461691.099,35.1815431,-97.4374979,315.85,3.8190,270.584,1.13,2.04,14,1
16,2511832411488,1788461691.304,1788461691.299,35.1815433,-97.4375057,315.86,3.4940,271.409,1.13,2.04,14,1
16,2512029377477,1788461691.501,1788461691.499,35.1815435,-97.4375127,315.88,3.1880,271.053,1.13,2.04,14,1
16,2512230352738,1788461691.702,1788461691.699,35.1815436,-97.4375191,315.89,2.9070,271.316,1.13,2.04,14,1
16,2512428314040,1788461691.900,1788461691.899,35.1815439,-97.4375247,315.91,2.4950,272.353,1.12,2.04,14,1
16,2512639093467,1788461692.111,1788461692.099,35.1815443,-97.4375295,315.98,2.1780,272.580,1.12,2.04,14,1
16,2512835181644,1788461692.307,1788461692.299,35.1815444,-97.4375337,316.01,1.8340,272.267,1.12,2.04,14,1
16,2513043300498,1788461692.515,1788461692.499,35.1815445,-97.4375371,316.03,1.5220,272.565,1.12,2.04,14,1
16,2513234612893,1788461692.706,1788461692.699,35.1815444,-97.4375400,316.11,1.2490,270.935,1.12,2.04,14,1
16,2513429148050,1788461692.901,1788461692.899,35.1815445,-97.4375421,316.09,0.9330,271.525,1.12,2.04,14,1
16,2513629662737,1788461693.101,1788461693.099,35.1815443,-97.4375437,316.11,0.6970,267.039,1.12,2.04,14,1
16,2513829064300,1788461693.301,1788461693.299,35.1815443,-97.4375449,316.06,0.5400,271.323,1.12,2.04,14,1
16,2514029253727,1788461693.501,1788461693.499,35.1815443,-97.4375458,316.07,0.3730,270.008,1.12,2.03,14,1
16,2514234620341,1788461693.706,1788461693.699,35.1815441,-97.4375469,316.09,0.4660,267.189,1.11,2.03,14,1
16,2514429049299,1788461693.901,1788461693.899,35.1815442,-97.4375480,316.07,0.5280,272.151,1.11,2.03,14,1
16,2514631725549,1788461694.103,1788461694.099,35.1815443,-97.4375495,316.11,0.7150,277.170,1.11,2.03,14,1
16,2514837381174,1788461694.309,1788461694.299,35.1815445,-97.4375517,316.13,1.0270,278.236,1.11,2.03,14,1
16,2515029045028,1788461694.501,1788461694.499,35.1815446,-97.4375544,316.15,1.2080,276.690,1.11,2.03,14,1
16,2515228343570,1788461694.700,1788461694.699,35.1815450,-97.4375576,316.16,1.5250,278.531,1.11,2.03,14,1
16,2515429618049,1788461694.901,1788461694.899,35.1815454,-97.4375613,316.18,1.7370,277.426,1.11,2.03,14,1
16,2515629876538,1788461695.101,1788461695.099,35.1815456,-97.4375655,316.13,1.9790,276.104,1.11,2.03,14,1
16,2515832654611,1788461695.304,1788461695.299,35.1815465,-97.4375703,316.12,2.2920,279.391,1.11,2.03,14,1
16,2516029568205,1788461695.501,1788461695.499,35.1815478,-97.4375755,316.10,2.5360,283.520,1.11,2.03,14,1
16,2516233162267,1788461695.705,1788461695.699,35.1815496,-97.4375809,316.10,2.6500,288.362,1.10,2.03,14,1
16,2516428670028,1788461695.900,1788461695.899,35.1815521,-97.4375864,316.10,2.8750,293.687,1.11,2.03,14,1
16,2516632590913,1788461696.104,1788461696.099,35.1815555,-97.4375918,316.09,3.0770,300.803,1.10,2.03,14,1
16,2516830194246,1788461696.302,1788461696.299,35.1815593,-97.4375971,316.11,3.1600,306.639,1.10,2.02,14,1
16,2517030590548,1788461696.502,1788461696.499,35.1815637,-97.4376022,316.12,3.3380,312.183,1.10,2.02,14,1
16,2517230866694,1788461696.702,1788461696.699,35.1815689,-97.4376067,316.15,3.5300,320.179,1.10,2.02,14,1
16,2517428690704,1788461696.900,1788461696.899,35.1815747,-97.4376106,316.16,3.6380,327.701,1.10,2.02,14,1
16,2517627891902,1788461697.099,1788461697.099,35.1815810,-97.4376140,316.22,3.7230,333.875,1.09,2.02,14,1
16,2517830692475,1788461697.302,1788461697.299,35.1815875,-97.4376168,316.27,3.7880,338.742,1.09,2.01,14,1
16,2518029810287,1788461697.501,1788461697.499,35.1815944,-97.4376191,316.26,3.9830,343.440,1.09,2.01,14,1
16,2518230566069,1788461697.702,1788461697.699,35.1816016,-97.4376208,316.28,4.0310,347.855,1.09,2.01,14,1
16,2518428545392,1788461697.900,1788461697.899,35.1816093,-97.4376218,316.30,4.2510,352.932,1.09,2.01,14,1
16,2518630338412,1788461698.102,1788461698.099,35.1816174,-97.4376227,316.34,4.4420,354.164,1.09,2.00,14,1
16,2518830848464,1788461698.302,1788461698.299,35.1816256,-97.4376233,316.35,4.5530,356.655,1.08,2.00,14,1
16,2519039295027,1788461698.511,1788461698.499,35.1816341,-97.4376235,316.39,4.7060,358.838,1.08,1.99,14,1
16,2519231658829,1788461698.703,1788461698.699,35.1816429,-97.4376234,316.41,4.8400,0.138,1.08,1.99,14,1
16,2519431368308,1788461698.903,1788461698.899,35.1816521,-97.4376233,316.43,5.1280,0.756,1.08,1.99,14,1
16,2519630590443,1788461699.102,1788461699.099,35.1816617,-97.4376232,316.46,5.3220,0.810,1.08,1.98,14,1
16,2519828272266,1788461699.300,1788461699.299,35.1816717,-97.4376230,316.51,5.5360,0.772,1.08,1.98,14,1
16,2520030919349,1788461699.502,1788461699.499,35.1816821,-97.4376231,316.58,5.6820,0.139,1.08,1.97,14,1
16,2520228830339,1788461699.700,1788461699.699,35.1816927,-97.4376233,316.70,5.8420,359.897,1.07,1.97,14,1
16,2520430404453,1788461699.902,1788461699.899,35.1817037,-97.4376232,316.72,6.0790,0.311,1.07,1.97,14,1
16,2520628856901,1788461700.100,1788461700.099,35.1817150,-97.4376231,316.68,6.3090,0.230,1.07,1.96,14,1
16,2520830485703,1788461700.302,1788461700.299,35.1817269,-97.4376230,316.72,6.5260,0.220,1.07,1.96,14,1
16,2521030431432,1788461700.502,1788461700.499,35.1817388,-97.4376228,316.73,6.5910,0.803,1.07,1.96,14,1
16,2521229915651,1788461700.701,1788461700.699,35.1817512,-97.4376226,316.74,6.8330,0.675,1.07,1.96,14,1
16,2521428924974,1788461700.900,1788461700.899,35.1817638,-97.4376226,316.80,6.9790,0.037,1.07,1.95,14,1
16,2521629810703,1788461701.101,1788461701.099,35.1817765,-97.4376225,316.83,7.0270,0.164,1.07,1.95,14,1
16,2521826430026,1788461701.298,1788461701.299,35.1817896,-97.4376223,316.83,7.2940,0.712,1.07,1.95,14,1
16,2522029797421,1788461701.501,1788461701.499,35.1818028,-97.4376224,316.92,7.2570,359.827,1.07,1.95,14,1
16,2522228836692,1788461701.700,1788461701.699,35.1818162,-97.4376223,316.95,7.4190,359.890,1.07,1.95,14,1
16,2522430341380,1788461701.902,1788461701.899,35.1818297,-97.4376221,316.96,7.5240,0.748,1.07,1.94,14,1
16,2522629910338,1788461702.101,1788461702.099,35.1818437,-97.4376222,316.99,7.7300,359.941,1.08,1.94,14,1
16,2522832587109,1788461702.304,1788461702.299,35.1818575,-97.4376222,316.99,7.6710,359.937,1.08,1.94,14,1
16,2523029164244,1788461702.501,1788461702.499,35.1818721,-97.4376222,317.03,8.0490,359.942,1.08,1.94,14,1
16,2523228213931,1788461702.700,1788461702.699,35.1818869,-97.4376220,317.04,8.2080,0.729,1.08,1.94,14,1
16,2523429469504,1788461702.901,1788461702.899,35.1819016,-97.4376218,317.04,8.1830,0.269,1.08,1.94,14,1
16,2523634114035,1788461703.106,1788461703.099,35.1819168,-97.4376219,317.04,8.3870,359.609,1.08,1.94,14,1
16,2523831818827,1788461703.303,1788461703.299,35.1819321,-97.4376218,317.04,8.4650,0.137,1.08,1.94,14,1
16,2524030497733,1788461703.502,1788461703.499,35.1819476,-97.4376216,317.03,8.6220,0.583,1.08,1.94,14,1
16,2524226791900,1788461703.698,1788461703.699,35.1819631,-97.4376215,317.00,8.6020,0.172,1.08,1.94,14,1
16,2524428427368,1788461703.900,1788461703.899,35.1819788,-97.4376213,317.03,8.6580,0.701,1.08,1.93,14,1
16,2524629272420,1788461704.101,1788461704.099,35.1819951,-97.4376209,317.04,8.9940,0.953,1.08,1.93,14,1
16,2524834145389,1788461704.306,1788461704.299,35.1820113,-97.4376207,317.07,8.9100,0.451,1.08,1.93,14,1
16,2525028017004,1788461704.500,1788461704.499,35.1820272,-97.4376206,317.08,8.8080,0.011,1.08,1.93,14,1
16,2525228303201,1788461704.700,1788461704.699,35.1820435,-97.4376205,317.10,8.9870,0.263,1.09,1.93,14,1
16,2525428988514,1788461704.900,1788461704.899,35.1820597,-97.4376203,317.15,8.9340,0.214,1.09,1.93,14,1
16,2525626205180,1788461705.098,1788461705.099,35.1820761,-97.4376203,317.15,9.0730,359.837,1.09,1.93,14,1
16,2525833551482,1788461705.305,1788461705.299,35.1820924,-97.4376204,317.24,8.9560,359.920,1.09,1.93,14,1
16,2526032728618,1788461705.504,1788461705.499,35.1821086,-97.4376202,317.27,8.9470,0.647,1.09,1.93,14,1
16,2526228076534,1788461705.700,1788461705.699,35.1821253,-97.4376202,317.36,9.1210,0.080,1.09,1.93,14,1
16,2526429741899,1788461705.901,1788461705.899,35.1821420,-97.4376200,317.44,9.1760,0.488,1.09,1.93,14,1
16,2526632090753,1788461706.104,1788461706.099,35.1821585,-97.4376200,317.47,9.1230,359.770,1.09,1.93,14,1
16,2526830400805,1788461706.302,1788461706.299,35.1821750,-97.4376200,317.53,9.1560,0.061,1.09,1.93,14,1
16,2527029698617,1788461706.501,1788461706.499,35.1821918,-97.4376200,317.57,9.2930,0.114,1.09,1.93,14,1
16,2527230640180,1788461706.702,1788461706.699,35.1822085,-97.4376198,317.62,9.2720,0.517,1.09,1.93,14,1
16,2527433706065,1788461706.905,1788461706.899,35.1822254,-97.4376199,317.64,9.3530,359.573,1.09,1.93,14,1
16,2527629489867,1788461707.101,1788461707.099,35.1822420,-97.4376195,317.66,9.2200,0.875,1.09,1.93,14,1
16,2527828732784,1788461707.300,1788461707.299,35.1822589,-97.4376195,317.75,9.3200,0.153,1.09,1.93,14,1
16,2528033044659,1788461707.505,1788461707.499,35.1822760,-97.4376191,317.82,9.4870,0.978,1.09,1.93,14,1
16,2528230401898,1788461707.702,1788461707.699,35.1822932,-97.4376188,317.83,9.4890,0.390,1.09,1.94,13,1
16,2528430516221,1788461707.902,1788461707.899,35.1823107,-97.4376183,317.84,9.6550,1.114,1.09,1.94,13,1
16,2528632074502,1788461708.104,1788461708.099,35.1823281,-97.4376181,317.84,9.6190,0.430,1.09,1.94,13,1
16,2528828279763,1788461708.300,1788461708.299,35.1823454,-97.4376176,317.85,9.6110,1.380,1.09,1.95,14,1
16,2529029278721,1788461708.501,1788461708.499,35.1823629,-97.4376172,317.86,9.6770,0.900,1.10,1.95,14,1
16,2529229669502,1788461708.701,1788461708.699,35.1823803,-97.4376167,317.86,9.6620,1.185,1.10,1.95,14,1
16,2529428437262,1788461708.900,1788461708.899,35.1823975,-97.4376162,317.85,9.5540,1.037,1.10,1.96,14,1
16,2529629002627,1788461709.100,1788461709.099,35.1824148,-97.4376156,317.89,9.5530,1.453,1.10,1.96,14,1
16,2529828491585,1788461709.300,1788461709.299,35.1824322,-97.4376151,317.93,9.6190,1.358,1.10,1.96,14,1
16,2530028253877,1788461709.500,1788461709.499,35.1824494,-97.4376146,317.91,9.5820,1.153,1.10,1.97,14,1
16,2530230434033,1788461709.702,1788461709.699,35.1824666,-97.4376142,317.92,9.5140,1.079,1.10,1.97,14,1
16,2530425494241,1788461709.897,1788461709.899,35.1824836,-97.4376135,317.88,9.4400,1.580,1.10,1.97,14,1
16,2530629954658,1788461710.101,1788461710.099,35.1825005,-97.4376129,317.88,9.3780,1.400,1.10,1.98,14,1
16,2530816251220,1788461710.288,1788461710.299,35.1825173,-97.4376124,317.89,9.2960,1.497,1.10,1.98,14,1
16,2530931925491,1788461710.403,1788461710.399,35.1825257,-97.4376123,317.86,9.3300,0.883,1.10,1.98,14,1
16,2531132393407,1788461710.604,1788461710.599,35.1825424,-97.4376121,317.86,9.2610,0.336,1.10,1.98,14,1
16,2531328809137,1788461710.800,1788461710.799,35.1825590,-97.4376118,317.81,9.1640,0.743,1.10,1.98,14,1
16,2531532339501,1788461711.004,1788461710.999,35.1825753,-97.4376116,317.87,9.0100,0.982,1.10,1.97,14,1
16,2531730440334,1788461711.202,1788461711.199,35.1825914,-97.4376113,317.91,8.9150,0.944,1.10,1.97,14,1
16,2531928320699,1788461711.400,1788461711.399,35.1826073,-97.4376111,317.90,8.8000,0.225,1.10,1.97,14,1
16,2532130706480,1788461711.602,1788461711.599,35.1826229,-97.4376108,317.94,8.6120,0.892,1.10,1.97,14,1
16,2532333534240,1788461711.805,1788461711.799,35.1826383,-97.4376105,317.98,8.5550,0.876,1.10,1.97,14,1
16,2532546051636,1788461712.018,1788461711.999,35.1826536,-97.4376102,317.94,8.5250,0.776,1.10,1.97,14,1
16,2532741546792,1788461712.213,1788461712.199,35.1826688,-97.4376099,318.00,8.3570,0.903,1.10,1.96,14,1
16,2532929971896,1788461712.401,1788461712.399,35.1826837,-97.4376095,318.04,8.2760,0.760,1.10,1.96,14,1
16,2533131277573,1788461712.603,1788461712.599,35.1826984,-97.4376094,318.04,8.1660,0.158,1.10,1.96,14,1
16,2533332030855,1788461712.804,1788461712.799,35.1827130,-97.4376092,318.06,8.0530,0.908,1.10,1.96,14,1
16,2533529107990,1788461713.001,1788461712.999,35.1827270,-97.4376090,318.07,7.8110,0.709,1.10,1.96,14,1
16,2533750890646,1788461713.222,1788461713.199,35.1827408,-97.4376088,318.10,7.6410,0.666,1.10,1.96,14,1
16,2533930655594,1788461713.402,1788461713.399,35.1827542,-97.4376086,318.12,7.4130,0.757,1.10,1.96,14,1
16,2534131856219,1788461713.603,1788461713.599,35.1827671,-97.4376085,318.15,7.1710,0.535,1.10,1.96,14,1
16,2534331909448,1788461713.803,1788461713.799,35.1827796,-97.4376082,318.19,6.9280,1.043,1.10,1.96,14,1
16,2534530496583,1788461714.002,1788461713.999,35.1827918,-97.4376080,318.24,6.7450,0.589,1.10,1.96,14,1
16,2534729452521,1788461714.201,1788461714.199,35.1828037,-97.4376080,318.29,6.5660,0.107,1.10,1.95,14,1
16,2534932859812,1788461714.404,1788461714.399,35.1828152,-97.4376079,318.32,6.3870,0.365,1.10,1.95,14,1
16,2535130675177,1788461714.602,1788461714.599,35.1828260,-97.4376079,318.34,5.9590,0.261,1.10,1.95,14,1
16,2535329622260,1788461714.801,1788461714.799,35.1828361,-97.4376079,318.36,5.6020,0.288,1.10,1.95,14,1
16,2535533509760,1788461715.005,1788461714.999,35.1828458,-97.4376079,318.37,5.3540,359.742,1.10,1.95,14,1
16,2535730063249,1788461715.202,1788461715.199,35.1828547,-97.4376082,318.32,4.9790,358.793,1.10,1.95,14,1
16,2535930548718,1788461715.402,1788461715.399,35.1828633,-97.4376081,318.37,4.7530,359.737,1.10,1.95,14,1
16,2536132037833,1788461715.604,1788461715.599,35.1828713,-97.4376081,318.34,4.4790,359.783,1.10,1.95,14,1
16,2536329433718,1788461715.801,1788461715.799,35.1828785,-97.4376080,318.36,4.0210,0.521,1.11,1.95,14,1
16,2536542322833,1788461716.014,1788461715.999,35.1828850,-97.4376081,318.37,3.6590,0.142,1.11,1.95,14,1
16,2536733594447,1788461716.205,1788461716.199,35.1828909,-97.4376079,318.32,3.3130,0.836,1.11,1.95,14,1
16,2536929649864,1788461716.401,1788461716.399,35.1828958,-97.4376076,318.24,2.8460,1.830,1.11,1.95,14,1
16,2537129646061,1788461716.601,1788461716.599,35.1829002,-97.4376075,318.21,2.4310,1.710,1.11,1.95,14,1
16,2537329880905,1788461716.801,1788461716.799,35.1829042,-97.4376075,318.19,2.2420,1.233,1.11,1.95,14,1
16,2537526611530,1788461716.998,1788461716.999,35.1829079,-97.4376077,318.29,1.9160,0.128,1.11,1.95,15,1
16,2537729918040,1788461717.201,1788461717.199,35.1829105,-97.4376077,318.23,1.4460,1.027,1.11,1.95,15,1
16,2537928174342,1788461717.400,1788461717.399,35.1829127,-97.4376075,318.21,1.1930,3.397,1.11,1.94,15,1
16,2538130115540,1788461717.602,1788461717.599,35.1829143,-97.4376074,318.16,0.9580,3.403,1.11,1.94,15,1
16,2538331730644,1788461717.803,1788461717.799,35.1829158,-97.4376074,318.14,0.8370,2.881,1.11,1.94,15,1
16,2538545063613,1788461718.017,1788461717.999,35.1829172,-97.4376074,318.19,0.6790,1.699,1.11,1.94,15,1
16,2538730439394,1788461718.202,1788461718.199,35.1829185,-97.4376075,318.25,0.6690,1.918,1.11,1.93,15,1
16,2538929522467,1788461718.401,1788461718.399,35.1829203,-97.4376074,318.27,0.8100,0.799,1.11,1.93,15,1
16,2539130459863,1788461718.602,1788461718.599,35.1829219,-97.4376073,318.29,0.8460,2.182,1.11,1.93,15,1
16,2539330296373,1788461718.802,1788461718.799,35.1829236,-97.4376072,318.35,0.9180,6.021,1.11,1.93,15,1
16,2539529997467,1788461719.001,1788461718.999,35.1829259,-97.4376069,318.41,1.1800,7.337,1.11,1.93,15,1
16,2539730534133,1788461719.202,1788461719.199,35.1829286,-97.4376068,318.48,1.4210,5.645,1.11,1.94,15,1
16,2539931205435,1788461719.403,1788461719.399,35.1829315,-97.4376063,318.54,1.5460,8.964,1.11,1.94,15,1
16,2540130700487,1788461719.602,1788461719.599,35.1829343,-97.4376051,318.56,1.6730,14.607,1.11,1.93,15,1
16,2540332131841,1788461719.804,1788461719.799,35.1829374,-97.4376038,318.52,1.8270,17.142,1.11,1.93,15,1
16,2540535769602,1788461720.007,1788461719.999,35.1829408,-97.4376020,318.44,2.0820,19.924,1.11,1.93,15,1
16,2540730388248,1788461720.202,1788461720.199,35.1829447,-97.4376001,318.48,2.2310,22.348,1.11,1.93,15,1
16,2540930663091,1788461720.402,1788461720.399,35.1829486,-97.4375975,318.48,2.4530,27.345,1.11,1.93,15,1
16,2541131493300,1788461720.603,1788461720.599,35.1829530,-97.4375942,318.51,2.6950,30.121,1.11,1.93,15,1
16,2541329401060,1788461720.801,1788461720.799,35.1829571,-97.4375904,318.59,2.6990,35.868,1.11,1.93,15,1
16,2541530323091,1788461721.002,1788461720.999,35.1829611,-97.4375860,318.57,2.9730,39.515,1.11,1.93,15,1
16,2541728419549,1788461721.200,1788461721.199,35.1829652,-97.4375811,318.56,3.2000,42.498,1.11,1.93,15,1
16,2541945708820,1788461721.417,1788461721.399,35.1829686,-97.4375756,318.56,3.1950,48.220,1.11,1.93,15,1
16,2542140198299,1788461721.612,1788461721.599,35.1829715,-97.4375691,318.53,3.3500,56.138,1.11,1.92,15,1
16,2542326705487,1788461721.798,1788461721.799,35.1829739,-97.4375622,318.55,3.5080,62.946,1.10,1.92,15,1
16,2542530748299,1788461722.002,1788461721.999,35.1829761,-97.4375552,318.62,3.5040,67.624,1.10,1.92,15,1
16,2542734664705,1788461722.206,1788461722.199,35.1829778,-97.4375479,318.64,3.4730,72.458,1.10,1.91,15,1
16,2542932619132,1788461722.404,1788461722.399,35.1829790,-97.4375402,318.66,3.6260,77.171,1.10,1.91,15,1
16,2543129017153,1788461722.601,1788461722.599,35.1829800,-97.4375320,318.65,3.7530,80.356,1.09,1.91,15,1
16,2543325977986,1788461722.797,1788461722.799,35.1829805,-97.4375234,318.60,3.8990,83.813,1.09,1.90,15,1
16,2543528296267,1788461723.000,1788461722.999,35.1829810,-97.4375142,318.66,4.1930,86.362,1.09,1.90,15,1
16,2543728917205,1788461723.200,1788461723.199,35.1829810,-97.4375049,318.66,4.2640,88.929,1.09,1.89,15,1
16,2543928298976,1788461723.400,1788461723.399,35.1829811,-97.4374953,318.65,4.3940,89.153,1.09,1.89,15,1
16,2544128873871,1788461723.600,1788461723.599,35.1829812,-97.4374852,318.64,4.5560,89.270,1.08,1.88,15,1
16,2544332076996,1788461723.804,1788461723.799,35.1829811,-97.4374745,318.59,4.8510,90.513,1.08,1.88,15,1
16,2544533862673,1788461724.005,1788461723.999,35.1829808,-97.4374635,318.58,4.9440,91.239,1.08,1.87,14,1
16,2544727811423,1788461724.199,1788461724.199,35.1829807,-97.4374520,318.58,5.2760,90.233,1.08,1.87,14,1
16,2544927956267,1788461724.399,1788461724.399,35.1829805,-97.4374401,318.58,5.4050,90.471,1.08,1.87,14,1
16,2545130300954,1788461724.602,1788461724.599,35.1829801,-97.4374279,318.58,5.5580,91.569,1.07,1.86,15,1
16,2545326342829,1788461724.798,1788461724.799,35.1829798,-97.4374153,318.55,5.7930,91.174,1.07,1.86,14,1
16,2545547258923,1788461725.019,1788461724.999,35.1829796,-97.4374022,318.52,6.0200,90.606,1.07,1.86,13,1
16,2545729028975,1788461725.201,1788461725.199,35.1829794,-97.4373886,318.49,6.1690,90.923,1.07,1.86,15,1
16,2545929603350,1788461725.401,1788461725.399,35.1829790,-97.4373746,318.49,6.4090,91.309,1.07,1.85,15,1
16,2546130552568,1788461725.602,1788461725.599,35.1829786,-97.4373603,318.50,6.5380,91.321,1.07,1.85,15,1
16,2546330518037,1788461725.802,1788461725.799,35.1829783,-97.4373455,318.50,6.7790,91.228,1.07,1.85,15,1
16,2546534226839,1788461726.006,1788461725.999,35.1829782,-97.4373303,318.47,6.9530,90.573,1.06,1.84,15,1
16,2546731051058,1788461726.203,1788461726.199,35.1829782,-97.4373147,318.48,7.1530,90.204,1.06,1.84,15,1
16,2546930435485,1788461726.402,1788461726.399,35.1829782,-97.4372988,318.49,7.2910,89.988,1.06,1.84,15,1
16,2547129411162,1788461726.601,1788461726.599,35.1829783,-97.4372825,318.50,7.4930,89.457,1.06,1.84,14,1
16,2547329103610,1788461726.801,1788461726.799,35.1829787,-97.4372659,318.48,7.6180,88.520,1.06,1.84,15,1
16,2547529538245,1788461727.001,1788461726.999,35.1829793,-97.4372488,318.46,7.8450,87.711,1.06,1.84,15,1
16,2547730243401,1788461727.202,1788461727.199,35.1829800,-97.4372312,318.47,8.0770,86.947,1.06,1.84,15,1
16,2547929774755,1788461727.401,1788461727.399,35.1829810,-97.4372133,318.46,8.1840,86.059,1.06,1.84,15,1
16,2548129388089,1788461727.601,1788461727.599,35.1829823,-97.4371953,318.48,8.2630,84.790,1.06,1.84,14,1
16,2548329302307,1788461727.801,1788461727.799,35.1829839,-97.4371770,318.47,8.3860,83.765,1.06,1.84,14,1
16,2548533699443,1788461728.005,1788461727.999,35.1829860,-97.4371585,318.48,8.5070,82.334,1.06,1.84,14,1
16,2548730277620,1788461728.202,1788461728.199,35.1829882,-97.4371399,318.51,8.5990,81.411,1.06,1.84,14,1
16,2548929439026,1788461728.401,1788461728.399,35.1829907,-97.4371208,318.50,8.8230,81.087,1.06,1.84,14,1
16,2549145060744,1788461728.617,1788461728.599,35.1829936,-97.4371016,318.52,8.8660,79.413,1.06,1.84,14,1
16,2549327676994,1788461728.799,1788461728.799,35.1829967,-97.4370824,318.55,8.9150,78.919,1.06,1.84,14,1
16,2549546820953,1788461729.018,1788461728.999,35.1829999,-97.4370630,318.60,8.9730,78.324,1.06,1.84,14,1
16,2549730195380,1788461729.202,1788461729.199,35.1830037,-97.4370435,318.63,9.1210,76.649,1.06,1.84,14,1
16,2549928539025,1788461729.400,1788461729.399,35.1830075,-97.4370237,318.67,9.2440,76.668,1.06,1.84,14,1
16,2550125294650,1788461729.597,1788461729.599,35.1830115,-97.4370040,318.70,9.2520,75.913,1.06,1.83,14,1
16,2550329096681,1788461729.801,1788461729.799,35.1830157,-97.4369842,318.76,9.2780,75.348,1.06,1.83,14,1
16,2550551548973,1788461730.023,1788461729.999,35.1830202,-97.4369646,318.78,9.2580,74.304,1.06,1.83,14,1
16,2550725367931,1788461730.197,1788461730.199,35.1830249,-97.4369449,318.82,9.3350,73.675,1.06,1.83,14,1
16,2550930301212,1788461730.402,1788461730.399,35.1830300,-97.4369250,318.85,9.5500,72.572,1.06,1.83,14,1
16,2551129007150,1788461730.600,1788461730.599,35.1830352,-97.4369051,318.87,9.5100,72.053,1.06,1.83,14,1
16,2551331397462,1788461730.803,1788461730.799,35.1830406,-97.4368852,318.87,9.4910,71.947,1.06,1.83,14,1
16,2551529856368,1788461731.001,1788461730.999,35.1830460,-97.4368654,318.91,9.5310,71.644,1.06,1.82,14,1
16,2551728550639,1788461731.200,1788461731.199,35.1830517,-97.4368457,318.95,9.5050,70.275,1.06,1.82,14,1
16,2551928100379,1788461731.400,1788461731.399,35.1830574,-97.4368260,318.98,9.5060,70.643,1.06,1.82,14,1
16,2552140527670,1788461731.612,1788461731.599,35.1830633,-97.4368064,319.00,9.5450,69.865,1.06,1.82,14,1
16,2552329339754,1788461731.801,1788461731.799,35.1830693,-97.4367869,319.04,9.5140,69.172,1.06,1.82,14,1
16,2552528788503,1788461732.000,1788461731.999,35.1830757,-97.4367674,319.04,9.6020,67.907,1.06,1.82,14,1
16,2552734041003,1788461732.206,1788461732.199,35.1830824,-97.4367480,319.10,9.5540,67.054,1.06,1.83,14,1
16,2552931052149,1788461732.403,1788461732.399,35.1830888,-97.4367284,319.09,9.5780,68.177,1.06,1.82,14,1
16,2553126089076,1788461732.598,1788461732.599,35.1830956,-97.4367092,319.08,9.5390,66.492,1.07,1.82,14,1
16,2553329501055,1788461732.801,1788461732.799,35.1831026,-97.4366901,319.17,9.5500,65.674,1.07,1.82,14,1
16,2553542432045,1788461733.014,1788461732.999,35.1831098,-97.4366712,319.16,9.4800,64.856,1.07,1.82,14,1
16,2553732352826,1788461733.204,1788461733.199,35.1831173,-97.4366525,319.10,9.4600,63.207,1.07,1.83,13,1
16,2553928705795,1788461733.400,1788461733.399,35.1831251,-97.4366341,319.15,9.4350,62.756,1.07,1.83,13,1
16,2554131362461,1788461733.603,1788461733.599,35.1831331,-97.4366160,319.14,9.3600,61.829,1.07,1.83,13,1
16,2554331164544,1788461733.803,1788461733.799,35.1831409,-97.4365979,319.08,9.2890,62.059,1.07,1.83,14,1
16,2554531753867,1788461734.003,1788461733.999,35.1831491,-97.4365798,319.13,9.3460,60.963,1.07,1.83,14,1
16,2554732597044,1788461734.204,1788461734.199,35.1831572,-97.4365621,319.10,9.2640,60.431,1.07,1.83,14,1
16,2554931796523,1788461734.403,1788461734.399,35.1831654,-97.4365446,319.07,9.1890,59.868,1.07,1.83,14,1
16,2555137287877,1788461734.609,1788461734.599,35.1831737,-97.4365273,319.06,9.1200,59.514,1.07,1.83,13,1
16,2555329046784,1788461734.801,1788461734.799,35.1831823,-97.4365104,319.10,9.0380,58.417,1.07,1.83,14,1
16,2555529425794,1788461735.001,1788461734.999,35.1831911,-97.4364937,319.15,8.9720,57.706,1.07,1.84,14,1
16,2555726387669,1788461735.198,1788461735.199,35.1831997,-97.4364772,319.19,8.8560,57.645,1.07,1.84,14,1
16,2555925777408,1788461735.397,1788461735.399,35.1832083,-97.4364609,319.21,8.7410,57.172,1.07,1.84,14,1
16,2556129195950,1788461735.601,1788461735.599,35.1832169,-97.4364449,319.21,8.6970,56.818,1.07,1.84,14,1
16,2556330638815,1788461735.802,1788461735.799,35.1832255,-97.4364291,319.22,8.5940,56.265,1.07,1.84,14,1
16,2556537628450,1788461736.009,1788461735.999,35.1832342,-97.4364136,319.21,8.5360,55.665,1.07,1.84,14,1
16,2556728932773,1788461736.200,1788461736.199,35.1832430,-97.4363986,319.26,8.3740,54.600,1.07,1.84,14,1
16,2556932091418,1788461736.404,1788461736.399,35.1832517,-97.4363837,319.23,8.3410,54.566,1.07,1.84,14,1
16,2557132140429,1788461736.604,1788461736.599,35.1832603,-97.4363691,319.17,8.1810,54.505,1.07,1.85,14,1
16,2557323232825,1788461736.795,1788461736.799,35.1832690,-97.4363548,319.16,8.0710,53.805,1.07,1.85,14,1
16,2557529044075,1788461737.001,1788461736.999,35.1832778,-97.4363407,319.11,8.0900,52.956,1.07,1.85,14,1
16,2557730297356,1788461737.202,1788461737.199,35.1832864,-97.4363270,319.14,7.8560,52.242,1.07,1.85,14,1
16,2557928659647,1788461737.400,1788461737.399,35.1832955,-97.4363134,319.19,7.9390,50.754,1.07,1.86,14,1
16,2558129613137,1788461737.601,1788461737.599,35.1833040,-97.4363005,319.24,7.5310,50.802,1.07,1.86,14,1
16,2558330918241,1788461737.802,1788461737.799,35.1833122,-97.4362878,319.25,7.3490,51.515,1.07,1.86,14,1
16,2558528221678,1788461738.000,1788461737.999,35.1833205,-97.4362756,319.21,7.2190,50.399,1.08,1.87,14,1
16,2558728360584,1788461738.200,1788461738.199,35.1833283,-97.4362636,319.15,6.9860,50.870,1.08,1.87,14,1
16,2558928000168,1788461738.399,1788461738.399,35.1833355,-97.4362521,319.13,6.6910,50.914,1.08,1.87,15,1
16,2559130382772,1788461738.602,1788461738.599,35.1833428,-97.4362412,319.21,6.4280,50.544,1.08,1.87,15,1
16,2559329056053,1788461738.801,1788461738.799,35.1833499,-97.4362308,319.24,6.2280,49.339,1.08,1.87,15,1
16,2559545143657,1788461739.017,1788461738.999,35.1833565,-97.4362208,319.26,5.9450,49.690,1.08,1.87,15,1
16,2559730259542,1788461739.202,1788461739.199,35.1833633,-97.4362112,319.27,5.7590,48.468,1.08,1.88,15,1
16,2559928751886,1788461739.400,1788461739.399,35.1833699,-97.4362022,319.41,5.5210,48.120,1.08,1.87,15,1
16,2560130480740,1788461739.602,1788461739.599,35.1833761,-97.4361935,319.41,5.2310,48.679,1.08,1.88,15,1
16,2560329712459,1788461739.801,1788461739.799,35.1833821,-97.4361855,319.46,4.8880,47.716,1.08,1.88,15,1
16,2560530681938,1788461740.002,1788461739.999,35.1833876,-97.4361779,319.52,4.6590,47.938,1.08,1.88,15,1
16,2560729573188,1788461740.201,1788461740.199,35.1833926,-97.4361704,319.50,4.3570,49.502,1.08,1.88,15,1
16,2560939778396,1788461740.411,1788461740.399,35.1833973,-97.4361636,319.54,4.0610,49.206,1.08,1.88,15,1
16,2561140209906,1788461740.612,1788461740.599,35.1834020,-97.4361573,319.54,3.8310,48.052,1.08,1.88,15,1
16,2561335308813,1788461740.807,1788461740.799,35.1834060,-97.4361513,319.52,3.5620,48.666,1.08,1.88,15,1
16,2561537365948,1788461741.009,1788461740.999,35.1834098,-97.4361458,319.57,3.2810,48.994,1.08,1.88,15,1
16,2561743476677,1788461741.215,1788461741.199,35.1834132,-97.4361409,319.60,3.0040,48.305,1.08,1.88,15,1
16,2561932331260,1788461741.404,1788461741.399,35.1834164,-97.4361362,319.55,2.7700,47.674,1.08,1.88,15,1
16,2562132477719,1788461741.604,1788461741.599,35.1834195,-97.4361320,319.52,2.5260,47.155,1.08,1.88,15,1
16,2562336340948,1788461741.808,1788461741.799,35.1834221,-97.4361280,319.44,2.3610,47.925,1.08,1.88,15,1
17,2562549796000,1788461742.021,1788461741.999,35.1834246,-97.4361246,319.48,2.0590,47.247,1.08,1.88,15,1
17,2562741064541,1788461742.213,1788461742.199,35.1834263,-97.4361215,319.39,1.6770,49.309,1.08,1.88,15,1
17,2562930575062,1788461742.402,1788461742.399,35.1834281,-97.4361189,319.32,1.5380,47.384,1.08,1.87,14,1
17,2563133391937,1788461742.605,1788461742.599,35.1834296,-97.4361168,319.30,1.2640,46.934,1.08,1.87,15,1
17,2563337497301,1788461742.809,1788461742.799,35.1834309,-97.4361154,319.34,1.0010,45.496,1.08,1.87,15,1
17,2563529405062,1788461743.001,1788461742.999,35.1834317,-97.4361139,319.28,0.8140,47.486,1.08,1.87,15,1
17,2563731125895,1788461743.203,1788461743.199,35.1834322,-97.4361130,319.26,0.5180,49.281,1.08,1.87,15,1
17,2563930534124,1788461743.402,1788461743.399,35.1834327,-97.4361124,319.32,0.3760,49.699,1.08,1.87,15,1
17,2564132241103,1788461743.604,1788461743.599,35.1834332,-97.4361116,319.31,0.5000,48.861,1.08,1.87,15,1
17,2564333424905,1788461743.805,1788461743.799,35.1834336,-97.4361110,319.37,0.3940,50.300,1.08,1.87,15,1
17,2564536386988,1788461744.008,1788461743.999,35.1834340,-97.4361104,319.40,0.4200,46.948,1.08,1.87,15,1
17,2564729356624,1788461744.201,1788461744.199,35.1834347,-97.4361095,319.42,0.5970,47.418,1.08,1.87,15,1
17,2564929858551,1788461744.401,1788461744.399,35.1834356,-97.4361083,319.40,0.7740,45.357,1.08,1.87,15,1
17,2565137005895,1788461744.608,1788461744.599,35.1834365,-97.4361073,319.37,0.6880,42.525,1.08,1.87,15,1
17,2565321543290,1788461744.793,1788461744.799,35.1834372,-97.4361063,319.40,0.6270,46.314,1.08,1.87,15,1
17,2565531413238,1788461745.003,1788461744.999,35.1834378,-97.4361052,319.32,0.6340,46.529,1.08,1.88,15,1
17,2565728568342,1788461745.200,1788461745.199,35.1834385,-97.4361043,319.35,0.5980,48.666,1.08,1.88,15,1
17,2565930311415,1788461745.402,1788461745.399,35.1834390,-97.4361035,319.36,0.4810,46.952,1.08,1.88,15,1
17,2566129563446,1788461745.601,1788461745.599,35.1834393,-97.4361026,319.34,0.4480,52.720,1.08,1.88,15,1
17,2566331128394,1788461745.803,1788461745.799,35.1834396,-97.4361020,319.34,0.3260,53.986,1.08,1.88,15,1
17,2566535376727,1788461746.007,1788461745.999,35.1834398,-97.4361015,319.33,0.2730,53.986,1.08,1.88,15,1
17,2566732676467,1788461746.204,1788461746.199,35.1834399,-97.4361010,319.29,0.2240,53.986,1.08,1.88,15,1
17,2566928820946,1788461746.400,1788461746.399,35.1834399,-97.4361005,319.28,0.1980,53.986,1.08,1.88,15,1
17,2567141255685,1788461746.613,1788461746.599,35.1834399,-97.4361004,319.26,0.0550,53.986,1.08,1.88,15,1
17,2567330346935,1788461746.802,1788461746.799,35.1834398,-97.4361003,319.23,0.0240,53.986,1.08,1.88,15,1
17,2567529586258,1788461747.001,1788461746.999,35.1834398,-97.4361002,319.25,0.0370,53.986,1.08,1.88,15,1
17,2567727826779,1788461747.199,1788461747.199,35.1834397,-97.4361000,319.25,0.0990,53.986,1.08,1.88,15,1
17,2567930951050,1788461747.402,1788461747.399,35.1834396,-97.4360998,319.28,0.0590,53.986,1.08,1.88,15,1
17,2568133305998,1788461747.605,1788461747.599,35.1834395,-97.4360997,319.32,0.0840,53.986,1.08,1.88,15,1
17,2568328739018,1788461747.800,1788461747.799,35.1834394,-97.4360996,319.30,0.0170,53.986,1.09,1.88,15,1
17,2568535086987,1788461748.007,1788461747.999,35.1834395,-97.4360996,319.32,0.0510,53.986,1.09,1.88,15,1
17,2568729253393,1788461748.201,1788461748.199,35.1834394,-97.4360996,319.34,0.0080,53.986,1.09,1.88,15,1
17,2568929970424,1788461748.401,1788461748.399,35.1834395,-97.4360996,319.39,0.0350,53.986,1.09,1.88,15,1
17,2569129208862,1788461748.601,1788461748.599,35.1834395,-97.4360994,319.40,0.0570,53.986,1.09,1.88,15,1
17,2569331297403,1788461748.803,1788461748.799,35.1834394,-97.4360992,319.42,0.0930,53.986,1.09,1.88,15,1
17,2569529913132,1788461749.001,1788461748.999,35.1834393,-97.4360992,319.46,0.0320,53.986,1.09,1.88,15,1
17,2569729783132,1788461749.201,1788461749.199,35.1834392,-97.4360990,319.46,0.0610,53.986,1.09,1.88,15,1
17,2569927758809,1788461749.399,1788461749.399,35.1834392,-97.4360989,319.51,0.0570,53.986,1.09,1.88,15,1
17,2570126979747,1788461749.598,1788461749.599,35.1834394,-97.4360986,319.58,0.2200,53.986,1.09,1.88,15,1
17,2570332542299,1788461749.804,1788461749.799,35.1834400,-97.4360980,319.61,0.4040,43.700,1.09,1.88,14,1
17,2570530460788,1788461750.002,1788461749.999,35.1834408,-97.4360971,319.60,0.6410,42.007,1.09,1.88,14,1
17,2570731551101,1788461750.203,1788461750.199,35.1834416,-97.4360962,319.62,0.6170,42.018,1.09,1.88,14,1
17,2570931221205,1788461750.403,1788461750.399,35.1834425,-97.4360945,319.55,0.9800,47.984,1.09,1.88,14,1
17,2571129255788,1788461750.601,1788461750.599,35.1834437,-97.4360929,319.51,1.0060,46.215,1.10,1.88,15,1
17,2571331481569,1788461750.803,1788461750.799,35.1834452,-97.4360909,319.53,1.2570,46.025,1.10,1.88,14,1
17,2571521846882,1788461750.993,1788461750.999,35.1834469,-97.4360885,319.54,1.4890,48.243,1.10,1.88,14,1
17,2571731050319,1788461751.203,1788461751.199,35.1834489,-97.4360856,319.63,1.6890,51.040,1.10,1.88,14,1
17,2571928961882,1788461751.400,1788461751.399,35.1834511,-97.4360826,319.63,1.8700,49.476,1.10,1.88,14,1
17,2572126047611,1788461751.598,1788461751.599,35.1834537,-97.4360790,319.63,2.1790,49.092,1.10,1.88,14,1
17,2572330047090,1788461751.802,1788461751.799,35.1834563,-97.4360748,319.54,2.4420,49.737,1.10,1.88,15,1
17,2572536099538,1788461752.008,1788461751.999,35.1834590,-97.4360705,319.52,2.5410,50.163,1.10,1.88,15,1
17,2572738714850,1788461752.210,1788461752.199,35.1834622,-97.4360660,319.50,2.7170,49.225,1.10,1.88,15,1
17,2572929816725,1788461752.401,1788461752.399,35.1834657,-97.4360613,319.57,2.8780,49.158,1.10,1.88,15,1
17,2573131567298,1788461752.603,1788461752.599,35.1834693,-97.4360561,319.51,3.1440,48.564,1.10,1.88,15,1
17,2573328738756,1788461752.800,1788461752.799,35.1834734,-97.4360504,319.48,3.4270,48.046,1.10,1.88,15,1
17,2573529923391,1788461753.001,1788461752.999,35.1834774,-97.4360446,319.50,3.4950,49.296,1.10,1.88,15,1
17,2573730672662,1788461753.202,1788461753.199,35.1834817,-97.4360386,319.51,3.6390,48.682,1.10,1.88,15,1
17,2573929291412,1788461753.401,1788461753.399,35.1834862,-97.4360323,319.52,3.8270,48.704,1.10,1.88,15,1
17,2574133646516,1788461753.605,1788461753.599,35.1834906,-97.4360255,319.53,3.9650,50.074,1.10,1.88,15,1
17,2574329478443,1788461753.801,1788461753.799,35.1834953,-97.4360188,319.51,3.9800,49.509,1.09,1.89,15,1
17,2574544216516,1788461754.016,1788461753.999,35.1834999,-97.4360123,319.49,3.9320,49.007,1.09,1.89,15,1
17,2574729708235,1788461754.201,1788461754.199,35.1835044,-97.4360059,319.53,3.8820,48.380,1.09,1.88,15,1
17,2574930274120,1788461754.402,1788461754.399,35.1835090,-97.4359994,319.53,3.8860,48.358,1.09,1.88,15,1
17,2575127528859,1788461754.599,1788461754.599,35.1835132,-97.4359935,319.54,3.6030,47.952,1.09,1.88,15,1
17,2575328536932,1788461754.800,1788461754.799,35.1835175,-97.4359877,319.55,3.5900,47.517,1.09,1.88,15,1
17,2575526201255,1788461754.998,1788461754.999,35.1835217,-97.4359822,319.60,3.4450,46.720,1.09,1.88,15,1
17,2575737170890,1788461755.209,1788461755.199,35.1835254,-97.4359768,319.59,3.1820,47.872,1.09,1.88,15,1
17,2575930509328,1788461755.402,1788461755.399,35.1835288,-97.4359718,319.55,2.9730,48.729,1.09,1.88,15,1
17,2576134353182,1788461755.606,1788461755.599,35.1835319,-97.4359670,319.54,2.8060,49.647,1.09,1.88,15,1
17,2576327207192,1788461755.799,1788461755.799,35.1835347,-97.4359628,319.56,2.4090,49.039,1.08,1.88,15,1
17,2576535247661,1788461756.007,1788461755.999,35.1835370,-97.4359594,319.59,2.0430,48.340,1.08,1.87,15,1
17,2576737906411,1788461756.209,1788461756.199,35.1835389,-97.4359566,319.59,1.6370,48.345,1.08,1.87,15,1
17,2576928951619,1788461756.400,1788461756.399,35.1835405,-97.4359544,319.56,1.3840,46.790,1.08,1.86,15,1
17,2577132471202,1788461756.604,1788461756.599,35.1835417,-97.4359527,319.58,1.0340,46.546,1.08,1.86,15,1
17,2577345586098,1788461756.817,1788461756.799,35.1835428,-97.4359513,319.60,0.8680,44.978,1.08,1.86,15,1
17,2577536612556,1788461757.008,1788461756.999,35.1835435,-97.4359502,319.61,0.6270,47.969,1.08,1.85,15,1
17,2577727190004,1788461757.199,1788461757.199,35.1835440,-97.4359494,319.63,0.4270,47.806,1.07,1.85,15,1
17,2577929902140,1788461757.401,1788461757.399,35.1835443,-97.4359488,319.60,0.3450,45.876,1.07,1.84,15,1
17,2578127107712,1788461757.599,1788461757.599,35.1835447,-97.4359483,319.61,0.2600,43.849,1.07,1.84,15,1
17,2578331901358,1788461757.803,1788461757.799,35.1835450,-97.4359476,319.57,0.4050,49.647,1.07,1.84,15,1
17,2578539573494,1788461758.011,1788461757.999,35.1835456,-97.4359466,319.57,0.5460,47.052,1.07,1.83,15,1
17,2578733680056,1788461758.205,1788461758.199,35.1835466,-97.4359452,319.56,0.8820,47.127,1.07,1.83,15,1
17,2578931745368,1788461758.403,1788461758.399,35.1835479,-97.4359434,319.55,1.1370,47.294,1.06,1.82,15,1
17,2579130302920,1788461758.602,1788461758.599,35.1835497,-97.4359410,319.53,1.5210,46.569,1.06,1.82,15,1
17,2579329417608,1788461758.801,1788461758.799,35.1835516,-97.4359381,319.58,1.7250,48.714,1.06,1.81,15,1
17,2579528910160,1788461759.000,1788461758.999,35.1835538,-97.4359348,319.58,1.9680,49.331,1.06,1.81,15,1
17,2579730616149,1788461759.202,1788461759.199,35.1835562,-97.4359312,319.63,2.1670,49.590,1.06,1.80,15,1
17,2579930553441,1788461759.402,1788461759.399,35.1835587,-97.4359268,319.63,2.4250,53.464,1.05,1.80,15,1
17,2580132967660,1788461759.604,1788461759.599,35.1835612,-97.4359219,319.63,2.6440,56.509,1.05,1.79,15,1
17,2580341541201,1788461759.813,1788461759.799,35.1835637,-97.4359164,319.59,2.9030,58.824,1.05,1.79,15,1
17,2580545755576,1788461760.017,1788461759.999,35.1835663,-97.4359102,319.52,3.2080,61.038,1.05,1.79,15,1
17,2580725968909,1788461760.197,1788461760.199,35.1835690,-97.4359033,319.53,3.5310,63.458,1.05,1.79,15,1
17,2580929602347,1788461760.401,1788461760.399,35.1835717,-97.4358960,319.55,3.6640,64.758,1.05,1.79,15,1
17,2581131450368,1788461760.603,1788461760.599,35.1835743,-97.4358883,319.56,3.8070,66.811,1.05,1.79,15,1
17,2581329812972,1788461760.801,1788461760.799,35.1835763,-97.4358797,319.50,4.0520,70.850,1.05,1.79,15,1
17,2581532100472,1788461761.004,1788461760.999,35.1835779,-97.4358707,319.46,4.1950,74.621,1.06,1.79,15,1
17,2581731418649,1788461761.203,1788461761.199,35.1835787,-97.4358614,319.46,4.2290,80.347,1.06,1.79,15,1
17,2581930810471,1788461761.402,1788461761.399,35.1835788,-97.4358518,319.46,4.3470,85.475,1.06,1.79,15,1
17,2582128156773,1788461761.600,1788461761.599,35.1835778,-97.4358419,319.46,4.4750,92.118,1.06,1.79,15,1
17,2582324737867,1788461761.796,1788461761.799,35.1835763,-97.4358320,319.42,4.5700,97.584,1.06,1.79,15,1
17,2582530649377,1788461762.002,1788461761.999,35.1835743,-97.4358224,319.43,4.4550,101.761,1.06,1.79,15,1
17,2582739871304,1788461762.211,1788461762.199,35.1835720,-97.4358127,319.46,4.5550,104.245,1.06,1.79,15,1
17,2582929678075,1788461762.401,1788461762.399,35.1835680,-97.4358031,319.43,4.8550,112.196,1.06,1.79,15,1
17,2583127929065,1788461762.599,1788461762.599,35.1835636,-97.4357936,319.42,4.9440,117.476,1.06,1.79,15,1
17,2583334117242,1788461762.806,1788461762.799,35.1835585,-97.4357846,319.40,4.8950,122.483,1.06,1.79,15,1
17,2583531038075,1788461763.003,1788461762.999,35.1835527,-97.4357757,319.37,5.1250,126.657,1.06,1.79,15,1
17,2583731763960,1788461763.203,1788461763.199,35.1835461,-97.4357679,319.24,5.0070,133.035,1.06,1.79,15,1
17,2583929714325,1788461763.401,1788461763.399,35.1835392,-97.4357600,319.23,5.1820,135.416,1.06,1.79,15,1
17,2584125071200,1788461763.597,1788461763.599,35.1835319,-97.4357517,319.19,5.4560,136.374,1.06,1.79,15,1
17,2584332229898,1788461763.804,1788461763.799,35.1835242,-97.4357432,319.16,5.7710,137.067,1.06,1.79,15,1
17,2584526994845,1788461763.998,1788461763.999,35.1835163,-97.4357342,319.14,5.9600,136.835,1.06,1.80,15,1
17,2584725186720,1788461764.197,1788461764.199,35.1835081,-97.4357252,319.12,6.0860,137.531,1.06,1.80,15,1
17,2584926214064,1788461764.398,1788461764.399,35.1834996,-97.4357158,319.04,6.3620,137.916,1.06,1.81,15,1
17,2585128765210,1788461764.600,1788461764.599,35.1834906,-97.4357063,318.99,6.5110,137.917,1.06,1.81,15,1
17,2585332350939,1788461764.804,1788461764.799,35.1834812,-97.4356967,318.86,6.7430,139.141,1.06,1.81,15,1
17,2585526264949,1788461764.998,1788461764.999,35.1834716,-97.4356869,318.81,6.8700,139.072,1.06,1.81,15,1
17,2585728648022,1788461765.200,1788461765.199,35.1834620,-97.4356768,318.76,6.9970,138.835,1.06,1.81,15,1
17,2585927271616,1788461765.399,1788461765.399,35.1834519,-97.4356665,318.73,7.2650,139.336,1.06,1.82,15,1
17,2586129673074,1788461765.601,1788461765.599,35.1834415,-97.4356559,318.65,7.4630,139.577,1.06,1.82,15,1
17,2586329484428,1788461765.801,1788461765.799,35.1834310,-97.4356452,318.57,7.5290,139.774,1.05,1.82,15,1
17,2586539161980,1788461766.011,1788461765.999,35.1834205,-97.4356347,318.52,7.4750,140.261,1.05,1.82,15,1
17,2586732606459,1788461766.204,1788461766.199,35.1834099,-97.4356245,318.41,7.5280,141.524,1.05,1.83,15,1
17,2586929830678,1788461766.401,1788461766.399,35.1833995,-97.4356141,318.42,7.4080,141.309,1.05,1.83,15,1
17,2587131685365,1788461766.603,1788461766.599,35.1833892,-97.4356043,318.42,7.2660,141.855,1.05,1.83,15,1
17,2587329697917,1788461766.801,1788461766.799,35.1833786,-97.4355945,318.35,7.3450,142.912,1.05,1.83,14,1
17,2587529775313,1788461767.001,1788461766.999,35.1833676,-97.4355851,318.30,7.4380,144.780,1.05,1.83,13,1
17,2587745639375,1788461767.217,1788461767.199,35.1833562,-97.4355762,318.19,7.4810,146.958,1.05,1.84,15,1
17,2587930334636,1788461767.402,1788461767.399,35.1833446,-97.4355677,318.09,7.5020,148.439,1.05,1.84,15,1
17,2588128918177,1788461767.600,1788461767.599,35.1833327,-97.4355596,318.04,7.5220,150.542,1.05,1.85,14,1
17,2588331477709,1788461767.803,1788461767.799,35.1833206,-97.4355521,318.06,7.5170,153.050,1.05,1.85,14,1
17,2588531234479,1788461768.003,1788461767.999,35.1833083,-97.4355450,318.03,7.5470,155.089,1.05,1.85,14,1
17,2588729505729,1788461768.201,1788461768.199,35.1832958,-97.4355387,318.01,7.5180,157.459,1.04,1.85,14,1
17,2588932763698,1788461768.404,1788461768.399,35.1832831,-97.4355332,317.93,7.5140,160.576,1.04,1.85,14,1
17,2589131815521,1788461768.603,1788461768.599,35.1832701,-97.4355282,317.93,7.5460,162.801,1.04,1.85,14,1
17,2589316816042,1788461768.788,1788461768.799,35.1832569,-97.4355243,317.96,7.5290,166.210,1.04,1.85,14,1
17,2589431582291,1788461768.903,1788461768.899,35.1832504,-97.4355228,317.93,7.4790,168.044,1.04,1.84,14,1
17,2589626071823,1788461769.098,1788461769.099,35.1832369,-97.4355199,317.97,7.6350,170.084,1.04,1.84,14,1
17,2589820333593,1788461769.292,1788461769.299,35.1832234,-97.4355180,317.99,7.4820,173.439,1.04,1.84,14,1
17,2590029168229,1788461769.501,1788461769.499,35.1832097,-97.4355166,317.91,7.6150,175.061,1.04,1.85,14,1
17,2590230436354,1788461769.702,1788461769.699,35.1831959,-97.4355154,317.84,7.6740,175.707,1.04,1.85,14,1
17,2590429610781,1788461769.901,1788461769.899,35.1831816,-97.4355146,317.86,7.9280,177.316,1.04,1.85,14,1
17,2590631732187,1788461770.103,1788461770.099,35.1831671,-97.4355138,317.78,8.0700,177.216,1.04,1.85,14,1
17,2590829536458,1788461770.301,1788461770.299,35.1831521,-97.4355132,317.74,8.2630,177.999,1.04,1.85,13,1
17,2591031997708,1788461770.503,1788461770.499,35.1831369,-97.4355129,317.70,8.4290,179.279,1.05,1.86,13,1
17,2591231935832,1788461770.703,1788461770.699,35.1831215,-97.4355128,317.65,8.5060,179.377,1.05,1.86,14,1
17,2591430285416,1788461770.902,1788461770.899,35.1831057,-97.4355126,317.64,8.6670,179.251,1.05,1.86,14,1
17,2591633665155,1788461771.105,1788461771.099,35.1830898,-97.4355124,317.61,8.8280,179.618,1.05,1.86,14,1
17,2591831377447,1788461771.303,1788461771.299,35.1830736,-97.4355122,317.57,8.9690,179.190,1.05,1.87,14,1
17,2592034601613,1788461771.506,1788461771.499,35.1830569,-97.4355121,317.53,9.2080,179.869,1.05,1.87,14,1
17,2592233993124,1788461771.705,1788461771.699,35.1830403,-97.4355123,317.44,9.2720,180.697,1.05,1.87,14,1
17,2592427716353,1788461771.899,1788461771.899,35.1830233,-97.4355124,317.41,9.3730,180.568,1.05,1.87,14,1
17,2592652916822,1788461772.124,1788461772.099,35.1830063,-97.4355124,317.38,9.4100,180.305,1.05,1.87,14,1
17,2592831459582,1788461772.303,1788461772.299,35.1829888,-97.4355124,317.43,9.6340,180.046,1.05,1.87,14,1
17,2593037625936,1788461772.509,1788461772.499,35.1829715,-97.4355123,317.43,9.5960,179.669,1.05,1.87,14,1
17,2593227805467,1788461772.699,1788461772.699,35.1829541,-97.4355122,317.37,9.6270,179.986,1.05,1.87,14,1
17,2593431510623,1788461772.903,1788461772.899,35.1829366,-97.4355124,317.40,9.6650,180.531,1.05,1.87,14,1
17,2593630565988,1788461773.102,1788461773.099,35.1829190,-97.4355130,317.38,9.7400,181.546,1.05,1.87,15,1
17,2593834788436,1788461773.306,1788461773.299,35.1829012,-97.4355132,317.38,9.8140,180.669,1.05,1.87,15,1
17,2594032374998,1788461773.504,1788461773.499,35.1828836,-97.4355135,317.35,9.7350,180.943,1.05,1.87,15,1
17,2594228895883,1788461773.700,1788461773.699,35.1828659,-97.4355135,317.36,9.8050,180.100,1.05,1.87,15,1
17,2594430206352,1788461773.902,1788461773.899,35.1828480,-97.4355134,317.37,9.8590,179.958,1.05,1.87,15,1
17,2594631240050,1788461774.103,1788461774.099,35.1828301,-97.4355131,317.32,9.9350,179.311,1.05,1.87,15,1
17,2594827820467,1788461774.299,1788461774.299,35.1828123,-97.4355131,317.25,9.9140,180.098,1.05,1.87,15,1
17,2595029373279,1788461774.501,1788461774.499,35.1827944,-97.4355133,317.14,9.9400,180.619,1.05,1.87,15,1
17,2595230213852,1788461774.702,1788461774.699,35.1827763,-97.4355132,317.05,10.0570,179.667,1.05,1.87,15,1
17,2595429925987,1788461774.901,1788461774.899,35.1827581,-97.4355131,317.01,10.0810,180.093,1.05,1.87,15,1
17,2595629616925,1788461775.101,1788461775.099,35.1827399,-97.4355127,316.99,10.0690,179.085,1.05,1.87,15,1
17,2595826662133,1788461775.298,1788461775.299,35.1827215,-97.4355126,316.97,10.1670,179.855,1.05,1.87,15,1
17,2596029712237,1788461775.501,1788461775.499,35.1827031,-97.4355124,316.97,10.1270,179.476,1.05,1.87,15,1
17,2596230758226,1788461775.702,1788461775.699,35.1826844,-97.4355123,316.96,10.3410,179.703,1.05,1.87,15,1
17,2596431657237,1788461775.903,1788461775.899,35.1826658,-97.4355120,316.91,10.2670,179.400,1.05,1.87,15,1
17,2596631257080,1788461776.103,1788461776.099,35.1826474,-97.4355117,316.83,10.2380,179.437,1.05,1.88,15,1
17,2596827871820,1788461776.299,1788461776.299,35.1826290,-97.4355113,316.78,10.2210,179.188,1.05,1.88,15,1
17,2597043229997,1788461776.515,1788461776.499,35.1826103,-97.4355111,316.70,10.4030,179.552,1.05,1.88,15,1
17,2597227481924,1788461776.699,1788461776.699,35.1825914,-97.4355112,316.66,10.4710,180.164,1.05,1.88,15,1
17,2597429790830,1788461776.901,1788461776.899,35.1825727,-97.4355124,316.49,10.4710,182.720,1.05,1.88,15,1
17,2597629842497,1788461777.101,1788461777.099,35.1825536,-97.4355124,316.48,10.5520,180.369,1.05,1.88,15,1
17,2597830959632,1788461777.302,1788461777.299,35.1825349,-97.4355117,316.43,10.3460,178.434,1.05,1.88,15,1
17,2598034440361,1788461777.506,1788461777.499,35.1825161,-97.4355112,316.34,10.4680,178.887,1.05,1.88,15,1
17,2598228199059,1788461777.700,1788461777.699,35.1824972,-97.4355113,316.27,10.4820,180.215,1.06,1.89,15,1
17,2598431176663,1788461777.903,1788461777.899,35.1824782,-97.4355112,316.21,10.5390,179.882,1.06,1.89,15,1
17,2598631794684,1788461778.103,1788461778.099,35.1824590,-97.4355112,316.18,10.5950,180.021,1.06,1.89,15,1
17,2598835281350,1788461778.307,1788461778.299,35.1824399,-97.4355109,316.20,10.5850,179.191,1.06,1.89,15,1
17,2599030151246,1788461778.502,1788461778.499,35.1824207,-97.4355105,316.19,10.6030,179.339,1.06,1.89,15,1
17,2599230543486,1788461778.702,1788461778.699,35.1824015,-97.4355103,316.16,10.5720,179.741,1.06,1.89,15,1
17,2599431511663,1788461778.903,1788461778.899,35.1823825,-97.4355099,316.13,10.5400,179.537,1.06,1.89,15,1
17,2599633534215,1788461779.105,1788461779.099,35.1823636,-97.4355096,316.10,10.4950,179.374,1.06,1.89,15,1
17,2599831223798,1788461779.303,1788461779.299,35.1823444,-97.4355095,316.09,10.5830,179.805,1.06,1.89,15,1
17,2600033285829,1788461779.505,1788461779.499,35.1823254,-97.4355095,316.10,10.4700,180.021,1.05,1.89,15,1
17,2600218193173,1788461779.690,1788461779.699,35.1823064,-97.4355094,316.11,10.4770,179.979,1.05,1.89,15,1
17,2600331533537,1788461779.803,1788461779.799,35.1822969,-97.4355093,316.10,10.4760,179.833,1.05,1.88,15,1
17,2600536597287,1788461780.008,1788461779.999,35.1822780,-97.4355092,316.15,10.4030,179.963,1.05,1.88,15,1
17,2600733707600,1788461780.205,1788461780.199,35.1822591,-97.4355090,316.15,10.4250,179.815,1.05,1.87,15,1
17,2600932355620,1788461780.404,1788461780.399,35.1822404,-97.4355089,316.14,10.3490,180.170,1.04,1.87,15,1
17,2601132481558,1788461780.604,1788461780.599,35.1822220,-97.4355087,316.10,10.1860,179.668,1.04,1.87,15,1
17,2601329655881,1788461780.801,1788461780.799,35.1822034,-97.4355083,316.12,10.2890,179.572,1.04,1.87,15,1
17,2601532431506,1788461781.004,1788461780.999,35.1821852,-97.4355080,316.17,9.9930,179.413,1.04,1.86,15,1
17,2601729684474,1788461781.201,1788461781.199,35.1821675,-97.4355077,316.08,9.8120,179.737,1.04,1.86,15,1
17,2601928462183,1788461781.400,1788461781.399,35.1821496,-97.4355076,316.08,9.8830,179.879,1.04,1.86,15,1
17,2602127611141,1788461781.599,1788461781.599,35.1821320,-97.4355073,316.05,9.7670,178.964,1.04,1.86,15,1
17,2602328175620,1788461781.800,1788461781.799,35.1821142,-97.4355073,316.14,9.7960,180.081,1.04,1.85,15,1
17,2602539318276,1788461782.011,1788461781.999,35.1820968,-97.4355071,316.10,9.6180,179.542,1.04,1.85,15,1
17,2602737364266,1788461782.209,1788461782.199,35.1820795,-97.4355071,316.13,9.6130,179.774,1.04,1.85,15,1
17,2602917905307,1788461782.389,1788461782.399,35.1820627,-97.4355066,316.14,9.2850,178.726,1.04,1.85,15,1
17,2603030157963,1788461782.502,1788461782.499,35.1820541,-97.4355070,316.16,9.4230,179.922,1.04,1.84,15,1
17,2603230693901,1788461782.702,1788461782.699,35.1820372,-97.4355070,316.17,9.3550,179.770,1.04,1.84,15,1
17,2603432320411,1788461782.904,1788461782.899,35.1820206,-97.4355066,316.17,9.1410,178.887,1.04,1.84,15,1
17,2603630797130,1788461783.102,1788461783.099,35.1820043,-97.4355067,316.16,9.0550,180.510,1.04,1.85,15,1
17,2603832200359,1788461783.304,1788461783.299,35.1819879,-97.4355068,316.14,9.0200,180.427,1.04,1.85,15,1
17,2604030431401,1788461783.502,1788461783.499,35.1819720,-97.4355066,316.16,8.7910,179.310,1.04,1.85,15,1
17,2604231787494,1788461783.703,1788461783.699,35.1819567,-97.4355066,316.12,8.4930,179.981,1.04,1.85,15,1
17,2604425371296,1788461783.897,1788461783.899,35.1819414,-97.4355063,316.07,8.4860,179.313,1.04,1.85,15,1
17,2604628111348,1788461784.100,1788461784.099,35.1819263,-97.4355059,316.07,8.3430,178.576,1.04,1.85,15,1
17,2604829120879,1788461784.301,1788461784.299,35.1819117,-97.4355056,316.02,8.1160,179.444,1.04,1.85,15,1
17,2605031984681,1788461784.503,1788461784.499,35.1818976,-97.4355053,315.99,7.8090,179.161,1.05,1.85,15,1
17,2605230273900,1788461784.702,1788461784.699,35.1818839,-97.4355050,315.99,7.5880,179.124,1.05,1.85,15,1
17,2605430935983,1788461784.902,1788461784.899,35.1818706,-97.4355045,315.95,7.3190,178.408,1.05,1.85,15,1
17,2605599666869,1788461785.071,1788461785.099,35.1818581,-97.4355048,315.90,6.9660,180.226,1.05,1.85,15,1
17,2605730863952,1788461785.202,1788461785.199,35.1818519,-97.4355048,315.89,6.9050,180.265,1.05,1.85,15,1
17,2605929399212,1788461785.401,1788461785.399,35.1818398,-97.4355048,315.87,6.6770,180.658,1.05,1.85,15,1
17,2606129324681,1788461785.601,1788461785.599,35.1818286,-97.4355053,315.84,6.1400,181.954,1.05,1.85,15,1
17,2606330309368,1788461785.802,1788461785.799,35.1818180,-97.4355056,315.82,5.8410,181.912,1.05,1.85,15,1
17,2606532475410,1788461786.004,1788461785.999,35.1818082,-97.4355064,315.86,5.3880,183.689,1.05,1.85,15,1
17,2606732108066,1788461786.204,1788461786.199,35.1817995,-97.4355076,315.72,4.9320,185.667,1.05,1.85,15,1
17,2606930559889,1788461786.402,1788461786.399,35.1817910,-97.4355093,315.68,4.7460,188.499,1.05,1.85,15,1
17,2607128079160,1788461786.600,1788461786.599,35.1817834,-97.4355115,315.60,4.3410,191.749,1.05,1.85,15,1
17,2607328163535,1788461786.800,1788461786.799,35.1817762,-97.4355145,315.57,4.1910,196.788,1.05,1.85,15,1
17,2607530267493,1788461787.002,1788461786.999,35.1817692,-97.4355171,315.70,3.9410,197.427,1.05,1.85,15,1
17,2607728503691,1788461787.200,1788461787.199,35.1817628,-97.4355203,315.80,3.7470,201.576,1.05,1.85,15,1
17,2607928071555,1788461787.400,1788461787.399,35.1817566,-97.4355245,315.90,3.8220,205.502,1.05,1.85,15,1
17,2608132303066,1788461787.604,1788461787.599,35.1817507,-97.4355288,315.97,3.7410,208.830,1.06,1.85,15,1
17,2608343802857,1788461787.815,1788461787.799,35.1817451,-97.4355341,315.99,3.8030,214.697,1.06,1.85,15,1
17,2608528830722,1788461788.000,1788461787.999,35.1817403,-97.4355403,316.02,3.8360,223.270,1.06,1.85,15,1
17,2608726120774,1788461788.198,1788461788.199,35.1817360,-97.4355473,316.06,3.8550,229.892,1.06,1.85,15,1
17,2608930923690,1788461788.402,1788461788.399,35.1817326,-97.4355545,316.08,3.8170,236.633,1.06,1.85,15,1
17,2609130504940,1788461788.602,1788461788.599,35.1817298,-97.4355622,316.06,3.8090,242.531,1.06,1.85,15,1
17,2609333828951,1788461788.805,1788461788.799,35.1817276,-97.4355705,316.13,3.9350,248.701,1.06,1.85,15,1
17,2609535177596,1788461789.007,1788461788.999,35.1817257,-97.4355791,316.17,4.0400,252.717,1.06,1.85,15,1
17,2609732237700,1788461789.204,1788461789.199,35.1817243,-97.4355878,316.31,4.0400,257.267,1.06,1.85,15,1
17,2609933704263,1788461789.405,1788461789.399,35.1817235,-97.4355969,316.43,4.1880,261.431,1.06,1.85,15,1
17,2610126826607,1788461789.598,1788461789.599,35.1817233,-97.4356062,316.50,4.2840,265.939,1.06,1.85,15,1
17,2610332466502,1788461789.804,1788461789.799,35.1817226,-97.4356159,316.57,4.4560,265.451,1.06,1.85,15,1
17,2610530557752,1788461790.002,1788461789.999,35.1817224,-97.4356262,316.61,4.7370,267.721,1.06,1.85,15,1
17,2610743999575,1788461790.215,1788461790.199,35.1817225,-97.4356368,316.63,4.8230,269.592,1.07,1.85,15,1
17,2610930658637,1788461790.402,1788461790.399,35.1817224,-97.4356482,316.74,5.1810,270.266,1.07,1.85,15,1
17,2611130182439,1788461790.602,1788461790.599,35.1817229,-97.4356595,316.80,5.1910,271.895,1.07,1.85,15,1
17,2611328021033,1788461790.800,1788461790.799,35.1817233,-97.4356715,316.80,5.5000,273.174,1.08,1.85,15,1
17,2611531502752,1788461791.003,1788461790.999,35.1817229,-97.4356840,316.90,5.6690,270.230,1.08,1.85,15,1
17,2611732901398,1788461791.204,1788461791.199,35.1817232,-97.4356970,316.85,5.9960,271.298,1.08,1.85,15,1
17,2611928137647,1788461791.400,1788461791.399,35.1817231,-97.4357106,316.75,6.1640,270.733,1.08,1.85,15,1
17,2612130478220,1788461791.602,1788461791.599,35.1817225,-97.4357244,316.64,6.3630,268.887,1.09,1.85,15,1
17,2612338995877,1788461791.810,1788461791.799,35.1817223,-97.4357388,316.67,6.5440,269.390,1.09,1.85,15,1
17,2612538615199,1788461792.010,1788461791.999,35.1817224,-97.4357539,316.66,6.8770,270.528,1.09,1.85,15,1
17,2612743768585,1788461792.215,1788461792.199,35.1817231,-97.4357692,316.67,7.0110,272.684,1.10,1.86,15,1
17,2612930380512,1788461792.402,1788461792.399,35.1817230,-97.4357856,316.65,7.3830,271.504,1.10,1.86,15,1
17,2613134867647,1788461792.606,1788461792.599,35.1817237,-97.4358022,316.62,7.7410,272.790,1.10,1.86,15,1
17,2613329289418,1788461792.801,1788461792.799,35.1817237,-97.4358194,316.59,7.8100,270.871,1.10,1.86,15,1
17,2613533223845,1788461793.005,1788461792.999,35.1817237,-97.4358368,316.52,8.0020,271.131,1.10,1.86,15,1
17,2613730374730,1788461793.202,1788461793.199,35.1817237,-97.4358547,316.51,8.1160,270.709,1.10,1.86,15,1
17,2613929147074,1788461793.401,1788461793.399,35.1817241,-97.4358728,316.56,8.2640,271.860,1.10,1.87,15,1
17,2614130528740,1788461793.602,1788461793.599,35.1817235,-97.4358919,316.50,8.6670,269.141,1.10,1.87,15,1
17,2614327606345,1788461793.799,1788461793.799,35.1817237,-97.4359110,316.45,8.7350,271.133,1.11,1.87,15,1
17,2614544121813,1788461794.016,1788461793.999,35.1817240,-97.4359304,316.43,8.8580,271.522,1.11,1.87,15,1
17,2614733464469,1788461794.205,1788461794.199,35.1817242,-97.4359495,316.39,8.7740,271.141,1.11,1.86,15,1
17,2614932103792,1788461794.404,1788461794.399,35.1817245,-97.4359691,316.32,8.9600,271.531,1.11,1.86,15,1
17,2615130796032,1788461794.602,1788461794.599,35.1817248,-97.4359889,316.32,9.0150,270.891,1.11,1.86,15,1
17,2615332735250,1788461794.804,1788461794.799,35.1817249,-97.4360089,316.31,9.0440,270.245,1.11,1.87,15,1
17,2615532800407,1788461795.004,1788461794.999,35.1817252,-97.4360288,316.31,9.0710,271.321,1.11,1.87,15,1
17,2615731534521,1788461795.203,1788461795.199,35.1817257,-97.4360490,316.32,9.1920,271.809,1.11,1.87,15,1
17,2615930891031,1788461795.402,1788461795.399,35.1817260,-97.4360691,316.36,9.1410,271.045,1.11,1.87,15,1
17,2616130209313,1788461795.602,1788461795.599,35.1817258,-97.4360892,316.30,9.1340,269.908,1.11,1.87,15,1
17,2616328052490,1788461795.800,1788461795.799,35.1817259,-97.4361091,316.28,9.0400,270.469,1.12,1.87,15,1
17,2616536903010,1788461796.008,1788461795.999,35.1817259,-97.4361292,316.31,9.1460,270.001,1.12,1.87,15,1
17,2616728922385,1788461796.200,1788461796.199,35.1817263,-97.4361489,316.24,9.0190,271.162,1.12,1.87,15,1
17,2616929926291,1788461796.401,1788461796.399,35.1817265,-97.4361685,316.28,8.9000,270.262,1.12,1.87,15,1
17,2617130907073,1788461796.602,1788461796.599,35.1817266,-97.4361881,316.29,8.9520,270.497,1.12,1.87,15,1
17,2617330785406,1788461796.802,1788461796.799,35.1817264,-97.4362079,316.28,8.9470,269.762,1.12,1.86,15,1
17,2617546475666,1788461797.018,1788461796.999,35.1817264,-97.4362273,316.24,8.8490,269.913,1.12,1.86,15,1
17,2617731396083,1788461797.203,1788461797.199,35.1817265,-97.4362466,316.23,8.7590,270.334,1.12,1.86,15,1
17,2617931966708,1788461797.403,1788461797.399,35.1817264,-97.4362657,316.11,8.6960,270.424,1.12,1.85,15,1
17,2618131641760,1788461797.603,1788461797.599,35.1817265,-97.4362845,316.10,8.5440,270.469,1.12,1.85,15,1
17,2618331021655,1788461797.803,1788461797.799,35.1817265,-97.4363030,316.08,8.3340,270.320,1.12,1.86,15,1
17,2618530874624,1788461798.002,1788461797.999,35.1817262,-97.4363212,316.03,8.2150,269.537,1.12,1.86,15,1
17,2618725268426,1788461798.197,1788461798.199,35.1817258,-97.4363393,315.98,8.2620,268.805,1.12,1.85,15,1
17,2618932954832,1788461798.404,1788461798.399,35.1817260,-97.4363568,315.95,7.9570,270.225,1.12,1.85,15,1
17,2619129090457,1788461798.601,1788461798.599,35.1817259,-97.4363741,316.00,7.7920,269.326,1.12,1.85,15,1
17,2619335815457,1788461798.807,1788461798.799,35.1817259,-97.4363913,316.00,7.8100,269.751,1.12,1.85,15,1
17,2619529903686,1788461799.001,1788461798.999,35.1817258,-97.4364081,315.97,7.6780,269.570,1.12,1.85,15,1
17,2619731622280,1788461799.203,1788461799.199,35.1817257,-97.4364247,315.98,7.5270,269.236,1.12,1.85,15,1
17,2619928828217,1788461799.400,1788461799.399,35.1817254,-97.4364411,315.97,7.4550,268.611,1.12,1.85,15,1
17,2620131239363,1788461799.603,1788461799.599,35.1817247,-97.4364576,316.01,7.4770,267.295,1.12,1.85,15,1
17,2620326117748,1788461799.798,1788461799.799,35.1817241,-97.4364739,315.99,7.3730,267.430,1.12,1.85,15,1
17,2620531574311,1788461800.003,1788461799.999,35.1817232,-97.4364900,316.00,7.2730,266.560,1.12,1.86,15,1
17,2620737651186,1788461800.209,1788461800.199,35.1817221,-97.4365058,316.02,7.1550,265.430,1.12,1.86,15,1
17,2620931301915,1788461800.403,1788461800.399,35.1817208,-97.4365215,316.05,7.1230,264.136,1.12,1.86,15,1
17,2621132004311,1788461800.603,1788461800.599,35.1817195,-97.4365368,316.01,7.0390,264.409,1.12,1.86,15,1
17,2621331653633,1788461800.803,1788461800.799,35.1817180,-97.4365523,316.03,7.0250,263.419,1.12,1.86,15,1
17,2621530674571,1788461801.002,1788461800.999,35.1817160,-97.4365678,316.15,7.0070,261.135,1.12,1.86,15,1
17,2621732424102,1788461801.204,1788461801.199,35.1817134,-97.4365828,316.18,6.9060,258.888,1.12,1.87,15,1
17,2621930884519,1788461801.402,1788461801.399,35.1817106,-97.4365977,316.14,6.9640,257.943,1.12,1.87,15,1
17,2622130856810,1788461801.602,1788461801.599,35.1817076,-97.4366125,316.15,6.8950,256.321,1.12,1.87,15,1
17,2622330839154,1788461801.802,1788461801.799,35.1817044,-97.4366270,316.07,6.8430,255.359,1.12,1.87,15,1
18,2622539070352,1788461802.011,1788461801.999,35.1817009,-97.4366417,316.02,6.9490,254.397,1.12,1.87,14,1
18,2622745637643,1788461802.217,1788461802.199,35.1816974,-97.4366563,315.90,6.9450,253.958,1.12,1.87,14,1
18,2622933207487,1788461802.405,1788461802.399,35.1816933,-97.4366708,315.81,6.9600,251.899,1.12,1.87,14,1
18,2623133791602,1788461802.605,1788461802.599,35.1816890,-97.4366854,315.70,6.9920,251.247,1.12,1.87,15,1
18,2623346130508,1788461802.818,1788461802.799,35.1816845,-97.4367001,315.64,7.1200,250.405,1.11,1.87,14,1
18,2623527885143,1788461802.999,1788461802.999,35.1816799,-97.4367151,315.60,7.2500,249.561,1.11,1.88,14,1
18,2623731817122,1788461803.203,1788461803.199,35.1816750,-97.4367302,315.53,7.3820,248.915,1.11,1.88,14,1
18,2623932962695,1788461803.404,1788461803.399,35.1816703,-97.4367453,315.53,7.3580,249.475,1.11,1.88,15,1
18,2624130975768,1788461803.602,1788461803.599,35.1816652,-97.4367607,315.48,7.5510,248.414,1.11,1.88,14,1
18,2624328453216,1788461803.800,1788461803.799,35.1816602,-97.4367765,315.54,7.6690,248.529,1.11,1.88,15,1
18,2624532335039,1788461804.004,1788461803.999,35.1816551,-97.4367924,315.52,7.7600,248.819,1.10,1.87,15,1
18,2624731668684,1788461804.203,1788461804.199,35.1816500,-97.4368087,315.55,7.8840,248.811,1.10,1.87,15,1
18,2624929384986,1788461804.401,1788461804.399,35.1816446,-97.4368249,315.57,7.9200,248.195,1.10,1.87,15,1
18,2625129278945,1788461804.601,1788461804.599,35.1816388,-97.4368412,315.57,8.0580,246.827,1.10,1.87,15,1
18,2625331520142,1788461804.803,1788461804.799,35.1816333,-97.4368577,315.55,8.0860,248.210,1.10,1.87,15,1
18,2625530778580,1788461805.002,1788461804.999,35.1816279,-97.4368744,315.54,8.0920,248.768,1.10,1.87,15,1
18,2625732826236,1788461805.204,1788461805.199,35.1816231,-97.4368909,315.52,7.9670,249.970,1.10,1.87,15,1
18,2625931501913,1788461805.403,1788461805.399,35.1816181,-97.4369072,315.44,7.8970,249.735,1.10,1.87,15,1
18,2626130824309,1788461805.602,1788461805.599,35.1816132,-97.4369237,315.49,7.9630,249.344,1.09,1.87,15,1
18,2626329490194,1788461805.801,1788461805.799,35.1816082,-97.4369401,315.49,7.9660,249.697,1.09,1.86,15,1
18,2626535965923,1788461806.007,1788461805.999,35.1816033,-97.4369565,315.45,7.9610,249.660,1.09,1.86,15,1
18,2626730594413,1788461806.202,1788461806.199,35.1815983,-97.4369727,315.46,7.8920,249.457,1.09,1.86,15,1
18,2626930123736,1788461806.402,1788461806.399,35.1815934,-97.4369887,315.51,7.7740,249.053,1.09,1.86,14,1
18,2627130860142,1788461806.602,1788461806.599,35.1815891,-97.4370050,315.55,7.8300,251.254,1.09,1.86,14,1
18,2627329884881,1788461806.801,1788461806.799,35.1815848,-97.4370211,315.53,7.7040,252.087,1.09,1.86,15,1
18,2627535275871,1788461807.007,1788461806.999,35.1815805,-97.4370370,315.49,7.6370,252.176,1.09,1.86,15,1
18,2627731924100,1788461807.203,1788461807.199,35.1815764,-97.4370530,315.51,7.6440,252.368,1.09,1.86,15,1
18,2627931391235,1788461807.403,1788461807.399,35.1815726,-97.4370692,315.50,7.6810,253.890,1.09,1.86,15,1
18,2628133869568,1788461807.605,1788461807.599,35.1815687,-97.4370852,315.46,7.5920,253.750,1.09,1.86,15,1
18,2628330354308,1788461807.802,1788461807.799,35.1815648,-97.4371008,315.44,7.4300,253.021,1.09,1.86,15,1
18,2628548959047,1788461808.020,1788461807.999,35.1815611,-97.4371166,315.45,7.4930,253.616,1.09,1.86,15,1
18,2628731946860,1788461808.203,1788461808.199,35.1815580,-97.4371323,315.46,7.3620,255.306,1.09,1.86,15,1
18,2628925594724,1788461808.397,1788461808.399,35.1815549,-97.4371478,315.48,7.2510,255.818,1.09,1.86,15,1
18,2629130878839,1788461808.602,1788461808.599,35.1815521,-97.4371637,315.46,7.4460,256.830,1.09,1.86,15,1
18,2629329170505,1788461808.801,1788461808.799,35.1815491,-97.4371795,315.45,7.3730,256.641,1.09,1.87,15,1
18,2629526778995,1788461808.998,1788461808.999,35.1815465,-97.4371949,315.38,7.1600,258.296,1.09,1.87,15,1
18,2629730732172,1788461809.202,1788461809.199,35.1815440,-97.4372101,315.34,7.0560,258.495,1.10,1.87,15,1
18,2629927106234,1788461809.399,1788461809.399,35.1815420,-97.4372251,315.33,6.9330,260.049,1.10,1.87,15,1
18,2630133846130,1788461809.605,1788461809.599,35.1815404,-97.4372399,315.29,6.7700,261.734,1.10,1.87,14,1
18,2630331704620,1788461809.803,1788461809.799,35.1815391,-97.4372542,315.23,6.5650,263.251,1.10,1.88,14,1
18,2630538112224,1788461810.010,1788461809.999,35.1815381,-97.4372684,315.28,6.4450,264.442,1.10,1.87,15,1
18,2630749451807,1788461810.221,1788461810.199,35.1815371,-97.4372825,315.28,6.4220,264.213,1.10,1.88,15,1
18,2630937995140,1788461810.409,1788461810.399,35.1815360,-97.4372966,315.30,6.4310,264.414,1.10,1.87,15,1
18,2631137824828,1788461810.609,1788461810.599,35.1815351,-97.4373104,315.31,6.3210,264.953,1.10,1.88,15,1
18,2631335806963,1788461810.807,1788461810.799,35.1815345,-97.4373240,315.31,6.2200,266.347,1.10,1.87,15,1
18,2631537073682,1788461811.009,1788461810.999,35.1815340,-97.4373375,315.32,6.1480,267.377,1.10,1.87,15,1
18,2631736580036,1788461811.208,1788461811.199,35.1815337,-97.4373509,315.34,6.0410,267.513,1.10,1.87,15,1
18,2631935564879,1788461811.407,1788461811.399,35.1815336,-97.4373639,315.39,5.9150,268.310,1.10,1.87,15,1
18,2632135344098,1788461811.607,1788461811.599,35.1815334,-97.4373766,315.41,5.7310,268.595,1.10,1.86,15,1
18,2632334650817,1788461811.806,1788461811.799,35.1815335,-97.4373890,315.44,5.6640,269.408,1.10,1.86,15,1
18,2632537896910,1788461812.009,1788461811.999,35.1815336,-97.4374011,315.47,5.4920,269.790,1.10,1.87,15,1
18,2632737079410,1788461812.209,1788461812.199,35.1815339,-97.4374128,315.50,5.3230,270.682,1.10,1.87,15,1
18,2632925198577,1788461812.397,1788461812.399,35.1815341,-97.4374243,315.49,5.2490,270.884,1.10,1.87,15,1
18,2633131913160,1788461812.603,1788461812.599,35.1815343,-97.4374355,315.50,5.0620,270.628,1.10,1.87,15,1
18,2633329312327,1788461812.801,1788461812.799,35.1815342,-97.4374462,315.50,4.8770,269.615,1.10,1.87,15,1
18,2633529426493,1788461813.001,1788461812.999,35.1815343,-97.4374567,315.54,4.7380,269.777,1.11,1.87,15,1
18,2633728903941,1788461813.200,1788461813.199,35.1815348,-97.4374666,315.54,4.5040,271.358,1.11,1.87,15,1
18,2633932775504,1788461813.404,1788461813.399,35.1815352,-97.4374762,315.62,4.2310,271.555,1.11,1.87,15,1
18,2634130868837,1788461813.602,1788461813.599,35.1815354,-97.4374851,315.60,4.0410,271.507,1.11,1.87,15,1
18,2634336478160,1788461813.808,1788461813.799,35.1815356,-97.4374937,315.66,3.8580,270.424,1.11,1.86,15,1
18,2634551287118,1788461814.023,1788461813.999,35.1815361,-97.4375015,315.68,3.5110,271.814,1.11,1.86,15,1
18,2634731311858,1788461814.203,1788461814.199,35.1815362,-97.4375087,315.70,3.2370,270.951,1.11,1.86,15,1
18,2634931288576,1788461814.403,1788461814.399,35.1815362,-97.4375152,315.71,2.8730,269.974,1.11,1.86,15,1
18,2635132869097,1788461814.604,1788461814.599,35.1815363,-97.4375210,315.72,2.5840,270.220,1.11,1.86,15,1
18,2635331248524,1788461814.803,1788461814.799,35.1815365,-97.4375261,315.73,2.2600,271.141,1.11,1.86,15,1
18,2635535650816,1788461815.007,1788461814.999,35.1815369,-97.4375304,315.73,1.8820,272.696,1.11,1.86,15,1
18,2635725103680,1788461815.197,1788461815.199,35.1815372,-97.4375339,315.71,1.5390,273.317,1.11,1.86,15,1
18,2635925753732,1788461815.397,1788461815.399,35.1815374,-97.4375367,315.70,1.2350,273.820,1.11,1.86,15,1
18,2636125538159,1788461815.597,1788461815.599,35.1815378,-97.4375392,315.73,1.1040,275.269,1.11,1.86,15,1
18,2636331192638,1788461815.803,1788461815.799,35.1815381,-97.4375413,315.80,0.8940,273.072,1.11,1.86,15,1
18,2636536484409,1788461816.008,1788461815.999,35.1815382,-97.4375432,315.88,0.8180,271.252,1.10,1.85,15,1
18,2636730383992,1788461816.202,1788461816.199,35.1815386,-97.4375452,315.86,0.9150,277.947,1.10,1.85,15,1
18,2636933250242,1788461816.405,1788461816.399,35.1815392,-97.4375476,315.97,1.0800,281.468,1.10,1.85,15,1
18,2637135737742,1788461816.607,1788461816.599,35.1815395,-97.4375503,315.94,1.3110,279.215,1.10,1.85,15,1
18,2637331715607,1788461816.803,1788461816.799,35.1815400,-97.4375535,315.93,1.5220,279.589,1.10,1.84,15,1
18,2637535877481,1788461817.007,1788461816.999,35.1815408,-97.4375572,315.93,1.8020,282.044,1.10,1.84,15,1
18,2637737167690,1788461817.209,1788461817.199,35.1815417,-97.4375615,315.98,2.0300,282.847,1.09,1.84,15,1
18,2637937827065,1788461817.409,1788461817.399,35.1815428,-97.4375660,315.97,2.1930,284.824,1.09,1.83,15,1
18,2638140791283,1788461817.612,1788461817.599,35.1815442,-97.4375708,315.94,2.3620,288.320,1.09,1.83,15,1
18,2638331810398,1788461817.803,1788461817.799,35.1815464,-97.4375760,316.00,2.6370,293.351,1.09,1.83,15,1
18,2638541028314,1788461818.013,1788461817.999,35.1815491,-97.4375814,316.04,2.8540,297.231,1.09,1.82,15,1
18,2638738130294,1788461818.210,1788461818.199,35.1815524,-97.4375868,316.07,3.0480,302.564,1.09,1.82,15,1
18,2638930466387,1788461818.402,1788461818.399,35.1815562,-97.4375920,316.10,3.1260,308.014,1.09,1.82,15,1
18,2639131124720,1788461818.603,1788461818.599,35.1815609,-97.4375970,316.20,3.3550,314.719,1.09,1.81,15,1
18,2639334190762,1788461818.806,1788461818.799,35.1815661,-97.4376016,316.28,3.5020,321.007,1.09,1.81,15,1
18,2639532303574,1788461819.004,1788461818.999,35.1815717,-97.4376058,316.33,3.6180,326.160,1.08,1.81,15,1
18,2639734983991,1788461819.206,1788461819.199,35.1815779,-97.4376097,316.40,3.7970,331.336,1.08,1.80,15,1
18,2639931432012,1788461819.403,1788461819.399,35.1815846,-97.4376128,316.44,3.9470,337.334,1.08,1.80,15,1
18,2640133603418,1788461819.605,1788461819.599,35.1815915,-97.4376153,316.47,3.9540,342.062,1.08,1.80,15,1
18,2640333488314,1788461819.805,1788461819.799,35.1815988,-97.4376172,316.52,4.1350,346.764,1.08,1.80,15,1
18,2640552824824,1788461820.024,1788461819.999,35.1816067,-97.4376182,316.54,4.3410,352.912,1.07,1.79,15,1
18,2640737308157,1788461820.209,1788461820.199,35.1816149,-97.4376190,316.56,4.5540,354.440,1.07,1.79,15,1
18,2640935092116,1788461820.407,1788461820.399,35.1816235,-97.4376196,316.57,4.7060,356.207,1.07,1.78,15,1
18,2641130531178,1788461820.602,1788461820.599,35.1816324,-97.4376200,316.60,4.9530,357.487,1.07,1.78,15,1
18,2641344782063,1788461820.816,1788461820.799,35.1816418,-97.4376203,316.62,5.1350,358.111,1.06,1.77,15,1
18,2641530506542,1788461821.002,1788461820.999,35.1816515,-97.4376206,316.63,5.3260,358.091,1.06,1.77,15,1
18,2641730864824,1788461821.202,1788461821.199,35.1816619,-97.4376209,316.66,5.7520,358.640,1.06,1.76,15,1
18,2641921383834,1788461821.393,1788461821.399,35.1816727,-97.4376210,316.69,5.9360,359.211,1.06,1.76,15,1
18,2642129426438,1788461821.601,1788461821.599,35.1816838,-97.4376212,316.70,6.1240,359.033,1.06,1.76,15,1
18,2642337126646,1788461821.809,1788461821.799,35.1816952,-97.4376212,316.71,6.3650,359.905,1.06,1.75,15,1
18,2642534353052,1788461822.006,1788461821.999,35.1817072,-97.4376214,316.72,6.6280,358.836,1.06,1.75,15,1
18,2642740345865,1788461822.212,1788461822.199,35.1817197,-97.4376214,316.70,6.9630,359.702,1.06,1.75,15,1
18,2642942063625,1788461822.414,1788461822.399,35.1817327,-97.4376215,316.74,7.1470,359.432,1.06,1.75,15,1
18,2643152947375,1788461822.624,1788461822.599,35.1817460,-97.4376218,316.75,7.3230,359.130,1.06,1.74,15,1
18,2643337051698,1788461822.809,1788461822.799,35.1817596,-97.4376219,316.77,7.5560,359.186,1.06,1.74,15,1
18,2643549464198,1788461823.021,1788461822.999,35.1817737,-97.4376221,316.81,7.8160,359.229,1.05,1.74,15,1
18,2643731802010,1788461823.203,1788461823.199,35.1817883,-97.4376223,316.83,8.0240,359.498,1.05,1.73,15,1
18,2643936538000,1788461823.408,1788461823.399,35.1818030,-97.4376226,316.85,8.1060,358.798,1.05,1.73,15,1
18,2644138924927,1788461823.610,1788461823.599,35.1818181,-97.4376229,316.89,8.2990,359.062,1.05,1.73,15,1
18,2644336144614,1788461823.808,1788461823.799,35.1818335,-97.4376231,316.87,8.5420,359.415,1.05,1.73,15,1
18,2644551779823,1788461824.023,1788461823.999,35.1818491,-97.4376231,316.88,8.6840,359.967,1.05,1.72,15,1
18,2644731396125,1788461824.203,1788461824.199,35.1818652,-97.4376232,316.90,8.8640,359.624,1.05,1.72,15,1
18,2644926696541,1788461824.398,1788461824.399,35.1818814,-97.4376233,316.90,9.0010,359.654,1.05,1.72,15,1
18,2645131676072,1788461824.603,1788461824.599,35.1818976,-97.4376234,316.93,8.8790,359.610,1.05,1.72,15,1
18,2645330650551,1788461824.802,1788461824.799,35.1819142,-97.4376234,316.89,9.2660,359.946,1.05,1.72,15,1
18,2645529308156,1788461825.001,1788461824.999,35.1819313,-97.4376235,316.91,9.4380,359.695,1.05,1.71,15,1
18,2645733956801,1788461825.205,1788461825.199,35.1819486,-97.4376234,316.90,9.5240,0.140,1.05,1.71,15,1
18,2645934487322,1788461825.406,1788461825.399,35.1819658,-97.4376234,316.88,9.5530,359.965,1.06,1.71,15,1
18,2646146330082,1788461825.618,1788461825.599,35.1819829,-97.4376235,316.91,9.4520,359.602,1.06,1.71,15,1
18,2646319195655,1788461825.791,1788461825.799,35.1820004,-97.4376235,316.90,9.6760,359.599,1.06,1.71,15,1
18,2646545140916,1788461826.017,1788461825.999,35.1820179,-97.4376232,316.92,9.6900,0.887,1.06,1.71,15,1
18,2646731720030,1788461826.203,1788461826.199,35.1820356,-97.4376229,316.94,9.7190,0.960,1.06,1.71,15,1
18,2646929792738,1788461826.401,1788461826.399,35.1820530,-97.4376226,316.97,9.6190,0.506,1.06,1.70,15,1
18,2647131070915,1788461826.603,1788461826.599,35.1820707,-97.4376225,317.03,9.7210,0.408,1.06,1.70,15,1
18,2647327516488,1788461826.799,1788461826.799,35.1820882,-97.4376224,317.04,9.6650,0.210,1.06,1.70,15,1
18,2647534381019,1788461827.006,1788461826.999,35.1821058,-97.4376221,317.00,9.7500,0.322,1.06,1.70,15,1
18,2647729721384,1788461827.201,1788461827.199,35.1821236,-97.4376219,316.98,9.8970,0.092,1.06,1.70,15,1
18,2647935881957,1788461827.407,1788461827.399,35.1821413,-97.4376218,316.94,9.8420,0.007,1.06,1.70,15,1
18,2648142299196,1788461827.614,1788461827.599,35.1821592,-97.4376218,316.96,9.8790,0.004,1.06,1.70,15,1
18,2648333769457,1788461827.805,1788461827.799,35.1821770,-97.4376216,316.98,9.8460,0.418,1.06,1.70,15,1
18,2648549752009,1788461828.021,1788461827.999,35.1821949,-97.4376213,316.94,9.9750,0.161,1.06,1.70,15,1
18,2648747626175,1788461828.219,1788461828.199,35.1822126,-97.4376211,316.96,9.7900,0.496,1.06,1.70,15,1
18,2648947602477,1788461828.419,1788461828.399,35.1822302,-97.4376208,316.92,9.7790,0.438,1.06,1.70,15,1
18,2649128629977,1788461828.600,1788461828.599,35.1822479,-97.4376208,316.99,9.7340,0.231,1.06,1.70,15,1
18,2649336344873,1788461828.808,1788461828.799,35.1822654,-97.4376205,317.04,9.6410,0.633,1.06,1.70,15,1
18,2649535193258,1788461829.007,1788461828.999,35.1822826,-97.4376204,317.05,9.5420,0.280,1.06,1.70,15,1
18,2649750956435,1788461829.222,1788461829.199,35.1823002,-97.4376203,317.04,9.7460,0.026,1.06,1.70,15,1
18,2649946042529,1788461829.418,1788461829.399,35.1823175,-97.4376200,317.07,9.5210,1.114,1.06,1.71,14,1
18,2650150362685,1788461829.622,1788461829.599,35.1823346,-97.4376197,317.09,9.4810,0.547,1.06,1.71,14,1
18,2650344392945,1788461829.816,1788461829.799,35.1823519,-97.4376194,317.15,9.5620,0.524,1.06,1.71,15,1
18,2650532076539,1788461830.004,1788461829.999,35.1823691,-97.4376191,317.13,9.5610,0.767,1.06,1.71,15,1
18,2650742915133,1788461830.214,1788461830.199,35.1823862,-97.4376186,317.15,9.4550,1.138,1.07,1.71,15,1
18,2650952852372,1788461830.424,1788461830.399,35.1824033,-97.4376179,317.14,9.5020,1.740,1.07,1.72,15,1
18,2651148234351,1788461830.620,1788461830.599,35.1824203,-97.4376173,317.15,9.4060,1.553,1.07,1.72,15,1
18,2651339735549,1788461830.811,1788461830.799,35.1824371,-97.4376171,317.17,9.3150,0.570,1.07,1.72,15,1
18,2651541153674,1788461831.013,1788461830.999,35.1824539,-97.4376167,317.15,9.3680,0.764,1.07,1.72,15,1
18,2651748535080,1788461831.220,1788461831.199,35.1824707,-97.4376160,317.18,9.3100,1.855,1.07,1.73,15,1
18,2651935637632,1788461831.407,1788461831.399,35.1824873,-97.4376153,317.19,9.2520,1.758,1.07,1.73,15,1
18,2652148415080,1788461831.620,1788461831.599,35.1825037,-97.4376148,317.20,9.0950,1.311,1.07,1.73,15,1
18,2652349560288,1788461831.821,1788461831.799,35.1825202,-97.4376142,317.19,9.1660,1.659,1.07,1.73,15,1
18,2652561359663,1788461832.033,1788461831.999,35.1825367,-97.4376140,317.23,9.1160,0.346,1.07,1.73,15,1
18,2652757943413,1788461832.229,1788461832.199,35.1825531,-97.4376135,317.26,9.0820,1.330,1.07,1.73,15,1
18,2652951527840,1788461832.423,1788461832.399,35.1825693,-97.4376132,317.29,8.9930,0.994,1.07,1.73,15,1
18,2653129970288,1788461832.601,1788461832.599,35.1825854,-97.4376130,317.28,8.9060,0.416,1.07,1.73,15,1
18,2653351244090,1788461832.823,1788461832.799,35.1826012,-97.4376125,317.35,8.7250,1.671,1.07,1.73,15,1
18,2653548879246,1788461833.020,1788461832.999,35.1826168,-97.4376122,317.41,8.6410,0.894,1.08,1.73,15,1
18,2653740890496,1788461833.212,1788461833.199,35.1826323,-97.4376120,317.44,8.5680,0.603,1.08,1.73,15,1
18,2653942183777,1788461833.414,1788461833.399,35.1826478,-97.4376117,317.48,8.5600,1.109,1.07,1.72,15,1
18,2654144223256,1788461833.616,1788461833.599,35.1826631,-97.4376115,317.52,8.4620,0.750,1.07,1.72,15,1
18,2654339886485,1788461833.811,1788461833.799,35.1826781,-97.4376112,317.60,8.2770,1.009,1.07,1.72,15,1
18,2654549506954,1788461834.021,1788461833.999,35.1826930,-97.4376112,317.60,8.2370,359.975,1.07,1.72,15,1
18,2654740647162,1788461834.212,1788461834.199,35.1827072,-97.4376108,317.69,7.7870,1.176,1.07,1.72,15,1
18,2654942723517,1788461834.414,1788461834.399,35.1827211,-97.4376107,317.72,7.6880,0.414,1.07,1.72,15,1
18,2655144210912,1788461834.616,1788461834.599,35.1827346,-97.4376106,317.74,7.5190,0.165,1.07,1.72,15,1
18,2655348216329,1788461834.820,1788461834.799,35.1827480,-97.4376105,317.80,7.3750,0.292,1.07,1.72,15,1
18,2655546000079,1788461835.017,1788461834.999,35.1827610,-97.4376103,317.84,7.1840,0.843,1.07,1.72,15,1
18,2655745924506,1788461835.217,1788461835.199,35.1827735,-97.4376102,317.88,6.9430,0.850,1.07,1.72,15,1
18,2655932841433,1788461835.404,1788461835.399,35.1827856,-97.4376101,317.94,6.6650,0.623,1.07,1.72,15,1
18,2656148406120,1788461835.620,1788461835.599,35.1827970,-97.4376100,318.01,6.2690,0.586,1.07,1.72,15,1
18,2656343311693,1788461835.815,1788461835.799,35.1828079,-97.4376100,318.09,5.9930,0.450,1.07,1.72,15,1
18,2656552810339,1788461836.024,1788461835.999,35.1828185,-97.4376100,318.08,5.9170,359.836,1.07,1.71,15,1
18,2656752452474,1788461836.224,1788461836.199,35.1828285,-97.4376098,318.08,5.5880,0.895,1.07,1.71,15,1
18,2656948677787,1788461836.420,1788461836.399,35.1828378,-97.4376098,318.14,5.1090,0.408,1.07,1.71,15,1
18,2657148178307,1788461836.620,1788461836.599,35.1828467,-97.4376098,318.20,4.9050,0.593,1.07,1.71,15,1
18,2657329949141,1788461836.801,1788461836.799,35.1828554,-97.4376096,318.28,4.7340,0.991,1.07,1.71,15,1
18,2657550359713,1788461837.022,1788461836.999,35.1828633,-97.4376094,318.36,4.3430,1.726,1.07,1.71,15,1
18,2657749732370,1788461837.221,1788461837.199,35.1828699,-97.4376094,318.33,3.6900,0.657,1.07,1.71,15,1
18,2657942361067,1788461837.414,1788461837.399,35.1828762,-97.4376093,318.41,3.4750,1.020,1.07,1.71,15,1
18,2658148460807,1788461837.620,1788461837.599,35.1828818,-97.4376092,318.39,3.1620,0.750,1.07,1.71,15,1
18,2658341946119,1788461837.813,1788461837.799,35.1828868,-97.4376087,318.40,2.7940,2.644,1.08,1.71,15,1
18,2658558847630,1788461838.030,1788461837.999,35.1828909,-97.4376084,318.34,2.3280,2.676,1.08,1.71,15,1
18,2658730218255,1788461838.202,1788461838.199,35.1828942,-97.4376081,318.31,1.9570,3.417,1.08,1.71,15,1
18,2658947232317,1788461838.419,1788461838.399,35.1828972,-97.4376079,318.28,1.7090,3.968,1.08,1.71,15,1
18,2659148744140,1788461838.620,1788461838.599,35.1828997,-97.4376074,318.22,1.4410,5.527,1.08,1.71,15,1
18,2659344787473,1788461838.816,1788461838.799,35.1829012,-97.4376072,318.16,0.9270,4.375,1.08,1.72,15,1
18,2659542741744,1788461839.014,1788461838.999,35.1829025,-97.4376068,318.10,0.7580,6.570,1.08,1.72,15,1
18,2659746721900,1788461839.218,1788461839.199,35.1829039,-97.4376070,318.14,0.6750,1.150,1.08,1.72,15,1
18,2659946312733,1788461839.418,1788461839.399,35.1829047,-97.4376071,318.10,0.4430,358.668,1.08,1.72,15,1
18,2660136014035,1788461839.607,1788461839.599,35.1829053,-97.4376071,318.10,0.3500,1.900,1.08,1.72,15,1
18,2660346209087,1788461839.818,1788461839.799,35.1829061,-97.4376071,318.12,0.3910,1.087,1.08,1.72,15,1
18,2660550349296,1788461840.022,1788461839.999,35.1829071,-97.4376073,318.16,0.5090,357.513,1.08,1.72,15,1
18,2660746964035,1788461840.218,1788461840.199,35.1829086,-97.4376073,318.17,0.7660,358.601,1.08,1.72,15,1
18,2660947519868,1788461840.419,1788461840.399,35.1829106,-97.4376070,318.12,1.1250,2.255,1.08,1.72,15,1
18,2661144426222,1788461840.616,1788461840.599,35.1829129,-97.4376069,318.11,1.3460,2.100,1.09,1.72,15,1
18,2661336778618,1788461840.808,1788461840.799,35.1829161,-97.4376067,318.13,1.6880,2.286,1.09,1.72,15,1
18,2661543649139,1788461841.015,1788461840.999,35.1829195,-97.4376068,318.21,1.7620,1.304,1.09,1.72,15,1
18,2661744099243,1788461841.216,1788461841.199,35.1829228,-97.4376064,318.22,1.8940,3.976,1.09,1.72,15,1
18,2661942700701,1788461841.414,1788461841.399,35.1829264,-97.4376057,318.21,2.0410,7.320,1.09,1.72,15,1
18,2662136782680,1788461841.608,1788461841.599,35.1829304,-97.4376046,318.17,2.3070,9.490,1.09,1.73,15,1
18,2662345034868,1788461841.817,1788461841.799,35.1829349,-97.4376032,318.16,2.5850,12.611,1.09,1.73,15,1
18,2662541795024,1788461842.013,1788461841.999,35.1829397,-97.4376015,318.19,2.7010,15.690,1.09,1.73,15,1
18,2662733244139,1788461842.205,1788461842.199,35.1829448,-97.4375989,318.17,2.9900,20.081,1.09,1.73,15,1
18,2662936134920,1788461842.408,1788461842.399,35.1829495,-97.4375956,318.10,3.0200,25.771,1.09,1.73,15,1
18,2663132079555,1788461842.604,1788461842.599,35.1829540,-97.4375913,318.05,3.2280,33.493,1.09,1.73,15,1
18,2663345895388,1788461842.817,1788461842.799,35.1829586,-97.4375862,318.07,3.3710,39.728,1.09,1.73,15,1
18,2663541083357,1788461843.013,1788461842.999,35.1829630,-97.4375805,318.09,3.4960,44.841,1.09,1.73,15,1
18,2663738451899,1788461843.210,1788461843.199,35.1829669,-97.4375743,318.07,3.5630,49.353,1.09,1.73,15,1
18,2663936072471,1788461843.408,1788461843.399,35.1829700,-97.4375673,318.13,3.7130,58.475,1.08,1.73,15,1
18,2664130339346,1788461843.602,1788461843.599,35.1829726,-97.4375597,318.14,3.7270,64.252,1.08,1.72,15,1
18,2664338904971,1788461843.810,1788461843.799,35.1829747,-97.4375521,318.19,3.6810,69.494,1.08,1.72,15,1
18,2664561315544,1788461844.033,1788461843.999,35.1829763,-97.4375443,318.17,3.6720,73.445,1.08,1.72,15,1
18,2664726099607,1788461844.198,1788461844.199,35.1829776,-97.4375359,318.19,3.9220,78.243,1.07,1.72,15,1
18,2664937353148,1788461844.409,1788461844.399,35.1829784,-97.4375272,318.23,3.9500,82.176,1.07,1.72,15,1
18,2665140520700,1788461844.612,1788461844.599,35.1829786,-97.4375187,318.25,3.8570,86.604,1.07,1.71,15,1
18,2665340521846,1788461844.812,1788461844.799,35.1829787,-97.4375098,318.30,4.0340,89.033,1.07,1.71,15,1
18,2665532355544,1788461845.004,1788461844.999,35.1829786,-97.4375005,318.28,4.2040,89.990,1.07,1.71,15,1
18,2665742332783,1788461845.214,1788461845.199,35.1829785,-97.4374911,318.30,4.2500,90.554,1.07,1.71,15,1
18,2665948513981,1788461845.420,1788461845.399,35.1829786,-97.4374810,318.27,4.6080,89.547,1.06,1.71,15,1
18,2666152570283,1788461845.624,1788461845.599,35.1829783,-97.4374707,318.24,4.7240,91.082,1.06,1.71,15,1
18,2666337477835,1788461845.809,1788461845.799,35.1829779,-97.4374598,318.20,4.9280,91.698,1.06,1.71,15,1
18,2666547168147,1788461846.019,1788461845.999,35.1829776,-97.4374484,318.20,5.2390,91.717,1.06,1.71,15,1
18,2666741090752,1788461846.213,1788461846.199,35.1829773,-97.4374366,318.15,5.3450,91.481,1.06,1.71,15,1
18,2666936318252,1788461846.408,1788461846.399,35.1829768,-97.4374244,318.11,5.5840,91.951,1.06,1.71,15,1
18,2667131474241,1788461846.603,1788461846.599,35.1829764,-97.4374116,318.06,5.8280,91.879,1.06,1.70,15,1
18,2667331532626,1788461846.803,1788461846.799,35.1829762,-97.4373987,318.06,5.9210,90.862,1.06,1.70,15,1
18,2667548308095,1788461847.020,1788461846.999,35.1829762,-97.4373851,318.08,6.2100,90.192,1.06,1.71,15,1
18,2667744810543,1788461847.216,1788461847.199,35.1829760,-97.4373710,318.07,6.4480,90.890,1.05,1.71,15,1
18,2667941103199,1788461847.413,1788461847.399,35.1829759,-97.4373565,318.09,6.5650,90.596,1.05,1.71,15,1
18,2668134253043,1788461847.606,1788461847.599,35.1829758,-97.4373417,318.06,6.7340,90.105,1.05,1.71,15,1
18,2668341056116,1788461847.813,1788461847.799,35.1829760,-97.4373266,318.02,6.9120,89.335,1.05,1.71,15,1
18,2668549310595,1788461848.021,1788461847.999,35.1829764,-97.4373111,317.96,7.1040,88.543,1.05,1.71,15,1
18,2668747917938,1788461848.219,1788461848.199,35.1829767,-97.4372952,317.96,7.2550,88.478,1.05,1.71,14,1
18,2668942005855,1788461848.413,1788461848.399,35.1829771,-97.4372789,317.94,7.4630,87.797,1.05,1.71,15,1
18,2669148593042,1788461848.620,1788461848.599,35.1829778,-97.4372622,317.91,7.6370,87.015,1.05,1.71,15,1
18,2669332686219,1788461848.804,1788461848.799,35.1829788,-97.4372451,317.89,7.7820,85.963,1.05,1.71,15,1
18,2669529279240,1788461849.001,1788461848.999,35.1829798,-97.4372278,317.92,7.9220,85.955,1.05,1.71,15,1
18,2669731317209,1788461849.203,1788461849.199,35.1829809,-97.4372101,317.91,8.0670,85.551,1.05,1.72,15,1
18,2669931268042,1788461849.403,1788461849.399,35.1829822,-97.4371922,317.89,8.2180,84.678,1.05,1.72,15,1
18,2670131252521,1788461849.603,1788461849.599,35.1829837,-97.4371739,317.89,8.3420,84.285,1.05,1.72,15,1
18,2670336871271,1788461849.808,1788461849.799,35.1829855,-97.4371554,317.85,8.4610,82.873,1.05,1.72,15,1
18,2670552717104,1788461850.024,1788461849.999,35.1829876,-97.4371366,317.85,8.5890,82.446,1.05,1.72,15,1
18,2670737737625,1788461850.209,1788461850.199,35.1829897,-97.4371177,317.86,8.6780,81.938,1.05,1.73,15,1
18,2670931511531,1788461850.403,1788461850.399,35.1829920,-97.4370985,317.84,8.7660,81.711,1.05,1.73,15,1
18,2671137483146,1788461850.609,1788461850.599,35.1829946,-97.4370794,317.86,8.8220,80.547,1.05,1.73,14,1
18,2671347579239,1788461850.819,1788461850.799,35.1829975,-97.4370600,317.86,8.9140,79.414,1.05,1.73,13,1
18,2671532671531,1788461851.004,1788461850.999,35.1830007,-97.4370406,317.88,8.9780,78.921,1.05,1.73,13,1
18,2671741191583,1788461851.213,1788461851.199,35.1830042,-97.4370211,317.91,9.0980,77.430,1.05,1.73,13,1
18,2671932507052,1788461851.404,1788461851.399,35.1830078,-97.4370014,317.96,9.1660,77.555,1.05,1.73,13,1
18,2672135798250,1788461851.607,1788461851.599,35.1830115,-97.4369817,317.95,9.1950,76.920,1.05,1.73,13,1
18,2672328196895,1788461851.800,1788461851.799,35.1830156,-97.4369620,317.93,9.2340,75.799,1.05,1.74,13,1
18,2672536391531,1788461852.008,1788461851.999,35.1830202,-97.4369422,317.92,9.3270,74.274,1.05,1.74,13,1
18,2672741721739,1788461852.213,1788461852.199,35.1830251,-97.4369223,317.97,9.4020,73.526,1.05,1.73,13,1
18,2672931307937,1788461852.403,1788461852.399,35.1830299,-97.4369024,317.94,9.4330,73.529,1.05,1.74,13,1
18,2673130901582,1788461852.602,1788461852.599,35.1830346,-97.4368824,317.91,9.4350,73.800,1.05,1.74,13,1
18,2673324551374,1788461852.796,1788461852.799,35.1830402,-97.4368625,317.94,9.6090,71.089,1.05,1.74,12,1
18,2673541955280,1788461853.013,1788461852.999,35.1830459,-97.4368425,317.91,9.5790,70.933,1.05,1.74,14,1
18,2673732426895,1788461853.204,1788461853.199,35.1830517,-97.4368226,317.95,9.6590,70.138,1.05,1.74,14,1
18,2673937693613,1788461853.409,1788461853.399,35.1830577,-97.4368028,317.91,9.6340,69.420,1.05,1.74,14,1
18,2674146686738,1788461853.618,1788461853.599,35.1830638,-97.4367831,317.95,9.6010,69.304,1.05,1.74,14,1
18,2674350752988,1788461853.822,1788461853.799,35.1830704,-97.4367635,317.96,9.5420,67.873,1.05,1.74,14,1
18,2674545831947,1788461854.017,1788461853.999,35.1830771,-97.4367440,318.00,9.6270,67.244,1.06,1.75,14,1
18,2674754691113,1788461854.226,1788461854.199,35.1830839,-97.4367249,317.99,9.5100,66.472,1.06,1.75,14,1
18,2674931556842,1788461854.403,1788461854.399,35.1830910,-97.4367058,317.97,9.5470,65.644,1.06,1.75,14,1
18,2675135657259,1788461854.607,1788461854.599,35.1830983,-97.4366868,318.08,9.5250,65.058,1.06,1.75,14,1
18,2675335682936,1788461854.807,1788461854.799,35.1831056,-97.4366681,318.10,9.4600,64.368,1.06,1.75,14,1
18,2675532311894,1788461855.004,1788461854.999,35.1831131,-97.4366493,318.04,9.4660,63.990,1.06,1.75,14,1
18,2675727694811,1788461855.199,1788461855.199,35.1831207,-97.4366309,318.06,9.4030,63.123,1.06,1.76,14,1
18,2675929995488,1788461855.401,1788461855.399,35.1831286,-97.4366123,318.06,9.4990,62.872,1.06,1.76,14,1
18,2676131989342,1788461855.603,1788461855.599,35.1831367,-97.4365939,318.06,9.5100,61.884,1.06,1.76,14,1
18,2676329797831,1788461855.801,1788461855.799,35.1831451,-97.4365756,318.10,9.5010,60.719,1.06,1.76,15,1
18,2676539370175,1788461856.011,1788461855.999,35.1831537,-97.4365575,318.09,9.5150,60.064,1.06,1.77,14,1
18,2676741419029,1788461856.213,1788461856.199,35.1831624,-97.4365396,318.09,9.4370,59.763,1.06,1.77,14,1
18,2676941708821,1788461856.413,1788461856.399,35.1831711,-97.4365218,318.10,9.4670,59.048,1.06,1.77,14,1
18,2677141554498,1788461856.613,1788461856.599,35.1831805,-97.4365042,318.13,9.5130,57.330,1.06,1.77,14,1
18,2677347293508,1788461856.819,1788461856.799,35.1831899,-97.4364865,318.15,9.5920,57.656,1.06,1.77,15,1
18,2677541749966,1788461857.013,1788461856.999,35.1831990,-97.4364690,318.17,9.4600,58.052,1.06,1.78,15,1
18,2677733233456,1788461857.205,1788461857.199,35.1832084,-97.4364515,318.22,9.4530,57.168,1.06,1.78,14,1
18,2677942757362,1788461857.414,1788461857.399,35.1832180,-97.4364341,318.22,9.5020,56.448,1.06,1.78,14,1
18,2678141115487,1788461857.613,1788461857.599,35.1832278,-97.4364170,318.26,9.4960,55.480,1.06,1.78,14,1
18,2678347816997,1788461857.819,1788461857.799,35.1832378,-97.4363999,318.35,9.4870,54.977,1.06,1.78,14,1
18,2678536147778,1788461858.008,1788461857.999,35.1832480,-97.4363829,318.41,9.5500,54.013,1.06,1.79,14,1
18,2678736733924,1788461858.208,1788461858.199,35.1832583,-97.4363662,318.42,9.4830,53.585,1.06,1.79,14,1
18,2678933491216,1788461858.405,1788461858.399,35.1832687,-97.4363498,318.45,9.4460,52.724,1.06,1.79,14,1
18,2679131658507,1788461858.603,1788461858.599,35.1832792,-97.4363333,318.52,9.4770,52.495,1.05,1.79,14,1
18,2679332291476,1788461858.804,1788461858.799,35.1832899,-97.4363170,318.63,9.4710,51.725,1.05,1.80,14,1
18,2679537463090,1788461859.009,1788461858.999,35.1833002,-97.4363007,318.62,9.4120,52.794,1.05,1.80,14,1
18,2679738496528,1788461859.210,1788461859.199,35.1833107,-97.4362844,318.59,9.4740,51.768,1.06,1.80,14,1
18,2679941016684,1788461859.413,1788461859.399,35.1833214,-97.4362684,318.53,9.4330,51.143,1.06,1.81,14,1
18,2680147483194,1788461859.619,1788461859.599,35.1833322,-97.4362528,318.53,9.2930,50.188,1.06,1.81,14,1
18,2680338581111,1788461859.810,1788461859.799,35.1833428,-97.4362374,318.57,9.1730,49.775,1.06,1.82,14,1
18,2680541444236,1788461860.013,1788461859.999,35.1833535,-97.4362223,318.55,9.1410,49.280,1.06,1.82,14,1
18,2680751308455,1788461860.223,1788461860.199,35.1833641,-97.4362073,318.58,8.9910,49.065,1.06,1.82,14,1
18,2680939995798,1788461860.411,1788461860.399,35.1833749,-97.4361925,318.60,9.0140,48.240,1.06,1.82,15,1
18,2681139678298,1788461860.611,1788461860.599,35.1833853,-97.4361778,318.62,8.8640,49.134,1.06,1.82,15,1
18,2681339720017,1788461860.811,1788461860.799,35.1833955,-97.4361633,318.69,8.7420,49.397,1.06,1.82,15,1
18,2681533259548,1788461861.005,1788461860.999,35.1834053,-97.4361489,318.72,8.5390,49.618,1.06,1.82,15,1
18,2681732055381,1788461861.204,1788461861.199,35.1834150,-97.4361349,318.74,8.3550,49.385,1.06,1.82,15,1
18,2681935407465,1788461861.407,1788461861.399,35.1834248,-97.4361212,318.77,8.2820,48.608,1.06,1.82,15,1
18,2682137529600,1788461861.609,1788461861.599,35.1834344,-97.4361079,318.81,8.0930,48.334,1.06,1.83,15,1
18,2682331774912,1788461861.803,1788461861.799,35.1834438,-97.4360949,318.73,7.8830,48.284,1.06,1.83,15,1
19,2682555755589,1788461862.027,1788461861.999,35.1834527,-97.4360820,318.70,7.6840,49.360,1.06,1.83,15,1
19,2682750138766,1788461862.222,1788461862.199,35.1834618,-97.4360701,318.83,7.3700,47.891,1.06,1.83,15,1
19,2682939945120,1788461862.411,1788461862.399,35.1834701,-97.4360584,318.82,7.0540,48.481,1.06,1.83,15,1
19,2683129958089,1788461862.601,1788461862.599,35.1834775,-97.4360469,318.74,6.7180,50.291,1.06,1.83,15,1
19,2683341099339,1788461862.813,1788461862.799,35.1834853,-97.4360361,318.74,6.4990,49.133,1.06,1.83,15,1
19,2683538191787,1788461863.010,1788461862.999,35.1834925,-97.4360261,318.79,6.0300,48.593,1.06,1.83,15,1
19,2683749412099,1788461863.221,1788461863.199,35.1834992,-97.4360167,318.76,5.6870,47.791,1.06,1.83,15,1
19,2683950716318,1788461863.422,1788461863.399,35.1835055,-97.4360083,318.74,5.2080,46.949,1.06,1.84,15,1
19,2684150813297,1788461863.622,1788461863.599,35.1835112,-97.4360002,318.72,4.8650,47.750,1.06,1.84,15,1
19,2684341536318,1788461863.813,1788461863.799,35.1835166,-97.4359931,318.78,4.3940,46.889,1.06,1.84,15,1
19,2684532784599,1788461864.004,1788461863.999,35.1835215,-97.4359866,318.80,4.0150,46.338,1.06,1.84,15,1
19,2684746010120,1788461864.217,1788461864.199,35.1835259,-97.4359808,318.81,3.6020,46.334,1.06,1.84,15,1
19,2684956834078,1788461864.428,1788461864.399,35.1835296,-97.4359757,318.84,3.0900,46.566,1.06,1.84,15,1
19,2685147759390,1788461864.619,1788461864.599,35.1835328,-97.4359711,318.83,2.7390,47.573,1.06,1.84,15,1
19,2685348495797,1788461864.820,1788461864.799,35.1835354,-97.4359671,318.85,2.3340,48.010,1.05,1.84,15,1
19,2685549022776,1788461865.021,1788461864.999,35.1835377,-97.4359637,318.85,1.9970,47.432,1.05,1.83,15,1
19,2685739813296,1788461865.211,1788461865.199,35.1835393,-97.4359612,318.86,1.4590,47.451,1.05,1.83,15,1
19,2685932637776,1788461865.404,1788461865.399,35.1835406,-97.4359593,318.92,1.0630,47.594,1.05,1.83,15,1
19,2686145695275,1788461865.617,1788461865.599,35.1835414,-97.4359580,318.92,0.7860,45.566,1.05,1.83,15,1
19,2686339474963,1788461865.811,1788461865.799,35.1835419,-97.4359570,318.89,0.5470,48.330,1.05,1.82,15,1
19,2686548691525,1788461866.020,1788461865.999,35.1835423,-97.4359562,318.91,0.4410,50.069,1.05,1.82,15,1
19,2686747194077,1788461866.219,1788461866.199,35.1835428,-97.4359556,318.89,0.3850,48.548,1.05,1.82,15,1
19,2686941905119,1788461866.413,1788461866.399,35.1835433,-97.4359548,318.94,0.5090,48.096,1.04,1.81,15,1
19,2687145336369,1788461866.617,1788461866.599,35.1835440,-97.4359537,318.97,0.6460,52.784,1.04,1.81,15,1
19,2687332272306,1788461866.804,1788461866.799,35.1835450,-97.4359521,318.93,0.9630,50.009,1.04,1.81,15,1
19,2687539517098,1788461867.011,1788461866.999,35.1835464,-97.4359502,318.95,1.2010,48.258,1.04,1.80,15,1
19,2687744999494,1788461867.216,1788461867.199,35.1835482,-97.4359478,318.92,1.4750,46.931,1.04,1.80,15,1
19,2687941101369,1788461867.413,1788461867.399,35.1835502,-97.4359449,318.91,1.7350,48.359,1.04,1.80,15,1
19,2688153138816,1788461867.625,1788461867.599,35.1835524,-97.4359418,318.93,1.9350,48.062,1.04,1.79,15,1
19,2688347563035,1788461867.819,1788461867.799,35.1835549,-97.4359381,318.88,2.1750,49.284,1.03,1.79,15,1
19,2688557630431,1788461868.029,1788461867.999,35.1835576,-97.4359337,318.91,2.5330,51.252,1.03,1.79,15,1
19,2688750726785,1788461868.222,1788461868.199,35.1835604,-97.4359290,318.96,2.7090,52.356,1.03,1.78,15,1
19,2688945781004,1788461868.417,1788461868.399,35.1835636,-97.4359237,319.00,3.0320,53.749,1.03,1.78,15,1
19,2689149753295,1788461868.621,1788461868.599,35.1835665,-97.4359175,318.94,3.2510,58.002,1.03,1.78,15,1
19,2689349492930,1788461868.821,1788461868.799,35.1835694,-97.4359109,318.95,3.4040,60.374,1.03,1.78,15,1
19,2689541033660,1788461869.013,1788461868.999,35.1835722,-97.4359040,318.99,3.4790,62.340,1.03,1.78,15,1
19,2689745967722,1788461869.217,1788461869.199,35.1835744,-97.4358965,319.00,3.7140,67.380,1.03,1.78,15,1
19,2689929620951,1788461869.401,1788461869.399,35.1835760,-97.4358885,319.00,3.7190,72.298,1.03,1.78,15,1
19,2690141087149,1788461869.613,1788461869.599,35.1835773,-97.4358801,318.98,3.8890,76.535,1.03,1.78,15,1
19,2690336462722,1788461869.808,1788461869.799,35.1835784,-97.4358716,319.04,3.9350,79.388,1.04,1.78,15,1
19,2690541956940,1788461870.013,1788461869.999,35.1835794,-97.4358627,319.08,4.0700,80.920,1.04,1.78,15,1
19,2690739743086,1788461870.211,1788461870.199,35.1835800,-97.4358536,319.11,4.1810,83.655,1.04,1.78,15,1
19,2690936302617,1788461870.408,1788461870.399,35.1835800,-97.4358441,319.13,4.2510,87.141,1.04,1.78,15,1
19,2691140242617,1788461870.612,1788461870.599,35.1835790,-97.4358345,319.18,4.4120,92.436,1.04,1.78,15,1
19,2691336374701,1788461870.808,1788461870.799,35.1835769,-97.4358251,319.21,4.3850,99.925,1.04,1.78,15,1
19,2691544557253,1788461871.016,1788461870.999,35.1835742,-97.4358155,319.27,4.6070,105.809,1.04,1.78,15,1
19,2691748875065,1788461871.220,1788461871.199,35.1835712,-97.4358058,319.29,4.7160,109.042,1.04,1.79,15,1
19,2691945041836,1788461871.417,1788461871.399,35.1835674,-97.4357963,319.33,4.7210,113.187,1.04,1.79,15,1
19,2692140773815,1788461871.612,1788461871.599,35.1835626,-97.4357871,319.43,4.9710,119.965,1.04,1.79,15,1
19,2692346122356,1788461871.818,1788461871.799,35.1835571,-97.4357782,319.39,5.0140,124.870,1.04,1.79,15,1
19,2692548341835,1788461872.020,1788461871.999,35.1835509,-97.4357699,319.42,5.0310,129.340,1.04,1.78,15,1
19,2692737660377,1788461872.209,1788461872.199,35.1835444,-97.4357615,319.42,5.2160,132.250,1.05,1.79,15,1
19,2692939045117,1788461872.411,1788461872.399,35.1835375,-97.4357532,319.41,5.3810,134.777,1.05,1.79,15,1
19,2693137270064,1788461872.609,1788461872.599,35.1835301,-97.4357445,319.39,5.6900,134.563,1.05,1.79,15,1
19,2693338968450,1788461872.810,1788461872.799,35.1835226,-97.4357356,319.36,5.8560,134.820,1.05,1.80,15,1
19,2693548154127,1788461873.020,1788461872.999,35.1835147,-97.4357268,319.35,5.9540,136.356,1.05,1.80,15,1
19,2693741224856,1788461873.213,1788461873.199,35.1835065,-97.4357174,319.35,6.2330,136.722,1.05,1.80,15,1
19,2693941147460,1788461873.413,1788461873.399,35.1834979,-97.4357078,319.29,6.4250,137.223,1.04,1.81,15,1
19,2694149353293,1788461873.621,1788461873.599,35.1834889,-97.4356982,319.26,6.6510,138.013,1.04,1.81,15,1
19,2694344930012,1788461873.816,1788461873.799,35.1834799,-97.4356882,319.16,6.7080,137.422,1.04,1.81,15,1
19,2694552600168,1788461874.024,1788461873.999,35.1834705,-97.4356780,319.09,6.9810,137.677,1.04,1.81,15,1
19,2694751843293,1788461874.223,1788461874.199,35.1834607,-97.4356677,319.07,7.1540,138.768,1.04,1.81,15,1
19,2694935140741,1788461874.407,1788461874.399,35.1834505,-97.4356575,319.02,7.2810,139.929,1.04,1.82,14,1
19,2695142092355,1788461874.614,1788461874.599,35.1834402,-97.4356470,318.97,7.4420,140.252,1.04,1.82,15,1
19,2695333110897,1788461874.805,1788461874.799,35.1834294,-97.4356365,318.84,7.6120,141.183,1.04,1.82,15,1
19,2695541656314,1788461875.013,1788461874.999,35.1834187,-97.4356258,318.85,7.6350,140.809,1.04,1.82,15,1
19,2695748884751,1788461875.220,1788461875.199,35.1834076,-97.4356150,318.80,7.8340,141.352,1.04,1.83,15,1
19,2695942972355,1788461875.414,1788461875.399,35.1833963,-97.4356046,318.73,7.8560,142.829,1.04,1.83,15,1
19,2696148268917,1788461875.620,1788461875.599,35.1833848,-97.4355946,318.68,7.8210,144.156,1.04,1.83,15,1
19,2696340463605,1788461875.812,1788461875.799,35.1833729,-97.4355846,318.66,7.9960,145.168,1.04,1.84,13,1
19,2696542067199,1788461876.014,1788461875.999,35.1833609,-97.4355750,318.61,7.9670,146.578,1.04,1.85,15,1
19,2696730774386,1788461876.202,1788461876.199,35.1833486,-97.4355661,318.56,7.9400,148.746,1.04,1.85,14,1
19,2696948306573,1788461876.420,1788461876.399,35.1833363,-97.4355579,318.50,7.7780,151.171,1.04,1.86,15,1
19,2697147932615,1788461876.619,1788461876.599,35.1833238,-97.4355505,318.42,7.7010,153.805,1.04,1.86,15,1
19,2697343716157,1788461876.815,1788461876.799,35.1833110,-97.4355435,318.40,7.7830,155.908,1.04,1.86,14,1
19,2697545453396,1788461877.017,1788461876.999,35.1832979,-97.4355370,318.44,7.8480,157.975,1.04,1.86,14,1
19,2697742000948,1788461877.213,1788461877.199,35.1832844,-97.4355314,318.37,7.9150,160.774,1.04,1.86,14,1
19,2697929829125,1788461877.401,1788461877.399,35.1832706,-97.4355261,318.39,8.0110,162.654,1.04,1.86,14,1
19,2698130485792,1788461877.602,1788461877.599,35.1832567,-97.4355215,318.32,7.9920,164.955,1.04,1.86,13,1
19,2698332289385,1788461877.804,1788461877.799,35.1832421,-97.4355180,318.26,8.2540,168.995,1.04,1.86,14,1
19,2698544725167,1788461878.016,1788461877.999,35.1832275,-97.4355153,318.22,8.1620,171.509,1.05,1.86,14,1
19,2698748678760,1788461878.220,1788461878.199,35.1832127,-97.4355130,318.12,8.1870,173.093,1.05,1.87,13,1
19,2698939512979,1788461878.411,1788461878.399,35.1831975,-97.4355115,318.10,8.4140,175.270,1.05,1.87,13,1
19,2699132420479,1788461878.604,1788461878.599,35.1831822,-97.4355102,318.06,8.4890,176.234,1.05,1.87,14,1
19,2699332203760,1788461878.804,1788461878.799,35.1831664,-97.4355090,318.12,8.7160,176.421,1.05,1.87,14,1
19,2699529615270,1788461879.001,1788461878.999,35.1831507,-97.4355082,318.08,8.7320,177.358,1.06,1.87,14,1
19,2699737632302,1788461879.209,1788461879.199,35.1831348,-97.4355075,318.06,8.7610,178.152,1.06,1.87,14,1
19,2699946288135,1788461879.418,1788461879.399,35.1831189,-97.4355075,317.97,8.8350,179.224,1.06,1.87,14,1
19,2700131624072,1788461879.603,1788461879.599,35.1831026,-97.4355071,317.98,9.0090,179.036,1.06,1.87,14,1
19,2700331914280,1788461879.803,1788461879.799,35.1830859,-97.4355068,317.99,9.2080,179.389,1.06,1.87,14,1
19,2700546951051,1788461880.018,1788461879.999,35.1830691,-97.4355066,317.94,9.2620,179.148,1.06,1.87,14,1
19,2700729235426,1788461880.201,1788461880.199,35.1830523,-97.4355062,317.91,9.2780,178.929,1.06,1.87,14,1
19,2700926876936,1788461880.398,1788461880.399,35.1830352,-97.4355061,317.96,9.4150,179.755,1.06,1.87,14,1
19,2701139946832,1788461880.611,1788461880.599,35.1830179,-97.4355062,318.00,9.5340,180.285,1.06,1.87,14,1
19,2701340449176,1788461880.812,1788461880.799,35.1830006,-97.4355064,317.93,9.5940,180.350,1.06,1.87,14,1
19,2701539408707,1788461881.011,1788461880.999,35.1829829,-97.4355068,317.91,9.7570,180.936,1.06,1.86,14,1
19,2701741881624,1788461881.213,1788461881.199,35.1829649,-97.4355072,317.95,9.8730,181.087,1.06,1.86,14,1
19,2701940832509,1788461881.412,1788461881.399,35.1829470,-97.4355073,317.92,9.8790,179.825,1.06,1.86,14,1
19,2702130755269,1788461881.602,1788461881.599,35.1829292,-97.4355076,317.89,9.8940,180.864,1.06,1.86,14,1
19,2702340647144,1788461881.812,1788461881.799,35.1829109,-97.4355075,317.91,10.0650,179.647,1.06,1.86,14,1
19,2702545788550,1788461882.017,1788461881.999,35.1828927,-97.4355078,317.89,10.0870,180.824,1.06,1.86,14,1
19,2702744232457,1788461882.216,1788461882.199,35.1828743,-97.4355079,317.85,10.1830,180.075,1.06,1.86,14,1
19,2702935737144,1788461882.407,1788461882.399,35.1828558,-97.4355082,317.79,10.2620,180.445,1.06,1.87,14,1
19,2703133548342,1788461882.605,1788461882.599,35.1828372,-97.4355083,317.80,10.2820,180.048,1.06,1.87,14,1
19,2703328757040,1788461882.800,1788461882.799,35.1828190,-97.4355091,317.64,10.1410,182.108,1.06,1.87,14,1
19,2703533906154,1788461883.005,1788461882.999,35.1828005,-97.4355097,317.53,10.2720,181.114,1.07,1.88,14,1
19,2703746033967,1788461883.218,1788461883.199,35.1827818,-97.4355095,317.46,10.3450,179.587,1.07,1.88,15,1
19,2703952200998,1788461883.424,1788461883.399,35.1827636,-97.4355097,317.45,10.1230,180.494,1.07,1.88,14,1
19,2704142411050,1788461883.614,1788461883.599,35.1827454,-97.4355096,317.44,10.0720,179.741,1.07,1.88,14,1
19,2704341358081,1788461883.813,1788461883.799,35.1827272,-97.4355095,317.45,10.0190,179.965,1.07,1.88,14,1
19,2704546535112,1788461884.018,1788461883.999,35.1827095,-97.4355095,317.43,9.8330,179.927,1.07,1.89,14,1
19,2704738671727,1788461884.210,1788461884.199,35.1826918,-97.4355094,317.39,9.8320,180.027,1.07,1.89,14,1
19,2704932485372,1788461884.404,1788461884.399,35.1826743,-97.4355092,317.36,9.6880,179.539,1.07,1.90,14,1
19,2705148575997,1788461884.620,1788461884.599,35.1826573,-97.4355093,317.30,9.4330,179.923,1.07,1.90,14,1
19,2705342277716,1788461884.814,1788461884.799,35.1826407,-97.4355090,317.32,9.1980,179.193,1.07,1.90,15,1
19,2705541357299,1788461885.013,1788461884.999,35.1826244,-97.4355088,317.33,9.0350,179.579,1.07,1.90,15,1
19,2705737987039,1788461885.209,1788461885.199,35.1826084,-97.4355088,317.32,8.8880,179.975,1.08,1.90,15,1
19,2705930895789,1788461885.402,1788461885.399,35.1825928,-97.4355087,317.23,8.6380,179.570,1.08,1.90,15,1
19,2706129461570,1788461885.601,1788461885.599,35.1825774,-97.4355091,317.13,8.5390,181.198,1.08,1.90,15,1
19,2706354291257,1788461885.826,1788461885.799,35.1825625,-97.4355089,317.18,8.2440,179.616,1.08,1.90,15,1
19,2706542109174,1788461886.014,1788461885.999,35.1825481,-97.4355086,317.18,7.9370,179.240,1.08,1.90,15,1
19,2706728166309,1788461886.200,1788461886.199,35.1825341,-97.4355083,317.17,7.7830,179.235,1.08,1.90,15,1
19,2706931742038,1788461886.403,1788461886.399,35.1825205,-97.4355087,317.13,7.5260,180.697,1.08,1.90,15,1
19,2707133752038,1788461886.605,1788461886.599,35.1825073,-97.4355093,316.98,7.2770,181.619,1.08,1.90,15,1
19,2707331528340,1788461886.803,1788461886.799,35.1824944,-97.4355091,316.94,7.0890,179.688,1.08,1.90,15,1
19,2707534225059,1788461887.006,1788461886.999,35.1824820,-97.4355090,316.95,6.8430,179.598,1.08,1.90,15,1
19,2707731872246,1788461887.203,1788461887.199,35.1824701,-97.4355089,316.91,6.6090,179.505,1.08,1.90,15,1
19,2707932817142,1788461887.404,1788461887.399,35.1824586,-97.4355089,316.92,6.3530,179.836,1.09,1.90,14,1
19,2708137797923,1788461887.609,1788461887.599,35.1824475,-97.4355091,316.86,6.1010,180.834,1.09,1.90,14,1
19,2708334510475,1788461887.806,1788461887.799,35.1824371,-97.4355093,316.79,5.7820,181.043,1.09,1.90,14,1
19,2708541085111,1788461888.013,1788461887.999,35.1824269,-97.4355096,316.77,5.6210,181.725,1.08,1.90,14,1
19,2708740718079,1788461888.212,1788461888.199,35.1824176,-97.4355100,316.68,5.2050,182.359,1.08,1.90,14,1
19,2708932304642,1788461888.404,1788461888.399,35.1824087,-97.4355109,316.66,4.9390,184.135,1.08,1.89,14,1
19,2709133318913,1788461888.605,1788461888.599,35.1824004,-97.4355121,316.62,4.6020,186.531,1.08,1.89,14,1
19,2709333916412,1788461888.805,1788461888.799,35.1823927,-97.4355137,316.61,4.3010,189.717,1.08,1.89,14,1
19,2709531071152,1788461889.003,1788461888.999,35.1823857,-97.4355158,316.55,3.9800,193.199,1.08,1.89,14,1
19,2709732032506,1788461889.204,1788461889.199,35.1823791,-97.4355184,316.54,3.7590,196.614,1.07,1.89,14,1
19,2709933056100,1788461889.405,1788461889.399,35.1823732,-97.4355212,316.58,3.4170,200.152,1.07,1.88,14,1
19,2710148431256,1788461889.620,1788461889.599,35.1823678,-97.4355241,316.61,3.2240,202.442,1.07,1.88,14,1
19,2710346111516,1788461889.818,1788461889.799,35.1823630,-97.4355272,316.60,2.9510,205.976,1.07,1.88,14,1
19,2710544222766,1788461890.016,1788461889.999,35.1823586,-97.4355310,316.61,2.9250,212.101,1.07,1.88,15,1
19,2710740210943,1788461890.212,1788461890.199,35.1823544,-97.4355348,316.56,2.8330,214.527,1.06,1.88,14,1
19,2710940630110,1788461890.412,1788461890.399,35.1823504,-97.4355389,316.55,2.9010,218.423,1.06,1.87,15,1
19,2711143547245,1788461890.615,1788461890.599,35.1823470,-97.4355436,316.59,2.8110,224.782,1.06,1.87,15,1
19,2711346643026,1788461890.818,1788461890.799,35.1823438,-97.4355485,316.63,2.8150,229.905,1.05,1.86,15,1
19,2711540778026,1788461891.012,1788461890.999,35.1823410,-97.4355535,316.62,2.8460,234.615,1.05,1.86,15,1
19,2711731740682,1788461891.203,1788461891.199,35.1823384,-97.4355586,316.67,2.7380,238.227,1.05,1.85,15,1
19,2711935161464,1788461891.407,1788461891.399,35.1823365,-97.4355639,316.67,2.6540,243.772,1.05,1.85,15,1
19,2712137684745,1788461891.609,1788461891.599,35.1823350,-97.4355695,316.69,2.6690,249.179,1.05,1.85,15,1
19,2712333122922,1788461891.805,1788461891.799,35.1823339,-97.4355750,316.69,2.6010,252.885,1.04,1.85,15,1
19,2712562309953,1788461892.034,1788461891.999,35.1823330,-97.4355802,316.70,2.4720,256.970,1.04,1.84,15,1
19,2712740815526,1788461892.212,1788461892.199,35.1823323,-97.4355856,316.76,2.5300,259.839,1.04,1.84,15,1
19,2712933806151,1788461892.405,1788461892.399,35.1823318,-97.4355910,316.79,2.4500,262.639,1.04,1.83,15,1
19,2713124259380,1788461892.596,1788461892.599,35.1823316,-97.4355960,316.86,2.2630,264.724,1.04,1.83,15,1
19,2713338597661,1788461892.810,1788461892.799,35.1823315,-97.4356011,316.87,2.2940,266.824,1.04,1.83,15,1
19,2713543691775,1788461893.015,1788461892.999,35.1823315,-97.4356061,316.91,2.2550,268.487,1.04,1.83,15,1
19,2713739945421,1788461893.211,1788461893.199,35.1823313,-97.4356110,316.98,2.2130,267.824,1.04,1.83,15,1
19,2713948354119,1788461893.420,1788461893.399,35.1823313,-97.4356159,317.01,2.2170,268.611,1.04,1.83,15,1
19,2714156666984,1788461893.628,1788461893.599,35.1823313,-97.4356205,317.05,2.1080,269.099,1.04,1.83,15,1
19,2714342269431,1788461893.814,1788461893.799,35.1823312,-97.4356248,317.07,1.9490,269.417,1.04,1.83,15,1
19,2714544911879,1788461894.016,1788461893.999,35.1823312,-97.4356291,317.13,1.9870,269.713,1.04,1.83,15,1
19,2714748919587,1788461894.220,1788461894.199,35.1823311,-97.4356334,317.17,2.0060,269.661,1.04,1.83,15,1
19,2714933163858,1788461894.405,1788461894.399,35.1823309,-97.4356382,317.23,2.2080,268.648,1.04,1.83,15,1
19,2715133121983,1788461894.605,1788461894.599,35.1823309,-97.4356430,317.25,2.2380,269.675,1.04,1.83,15,1
19,2715332023181,1788461894.804,1788461894.799,35.1823308,-97.4356483,317.30,2.4460,270.098,1.04,1.83,15,1
19,2715536077139,1788461895.008,1788461894.999,35.1823308,-97.4356537,317.31,2.5080,270.391,1.04,1.83,15,1
19,2715730000629,1788461895.201,1788461895.199,35.1823312,-97.4356595,317.34,2.6650,272.809,1.05,1.84,15,1
19,2715933395889,1788461895.405,1788461895.399,35.1823312,-97.4356655,317.35,2.7880,271.777,1.05,1.84,15,1
19,2716143729639,1788461895.615,1788461895.599,35.1823313,-97.4356717,317.37,2.8190,271.168,1.05,1.84,15,1
19,2716339522243,1788461895.811,1788461895.799,35.1823315,-97.4356780,317.37,2.9040,271.850,1.05,1.84,15,1
19,2716551248076,1788461896.023,1788461895.999,35.1823318,-97.4356842,317.39,2.8530,272.804,1.05,1.84,15,1
19,2716743958545,1788461896.215,1788461896.199,35.1823323,-97.4356903,317.40,2.7650,274.450,1.05,1.84,15,1
19,2716942808857,1788461896.414,1788461896.399,35.1823331,-97.4356963,317.44,2.7710,276.383,1.05,1.84,15,1
19,2717130775472,1788461896.602,1788461896.599,35.1823339,-97.4357023,317.47,2.7790,278.197,1.05,1.85,15,1
19,2717342552920,1788461896.814,1788461896.799,35.1823348,-97.4357083,317.54,2.7400,279.516,1.05,1.85,15,1
19,2717541484170,1788461897.013,1788461896.999,35.1823357,-97.4357141,317.57,2.6900,280.513,1.05,1.85,15,1
19,2717741941722,1788461897.213,1788461897.199,35.1823369,-97.4357197,317.61,2.6640,283.675,1.05,1.84,15,1
19,2717937074638,1788461897.409,1788461897.399,35.1823384,-97.4357251,317.63,2.5710,286.559,1.05,1.84,15,1
19,2718136581253,1788461897.608,1788461897.599,35.1823404,-97.4357300,317.65,2.5660,291.621,1.05,1.84,15,1
19,2718331928232,1788461897.803,1788461897.799,35.1823431,-97.4357350,317.78,2.5940,297.680,1.05,1.84,15,1
19,2718536344221,1788461898.008,1788461897.999,35.1823456,-97.4357397,317.79,2.5130,300.294,1.05,1.84,15,1
19,2718737100992,1788461898.209,1788461898.199,35.1823485,-97.4357441,317.80,2.5950,304.648,1.05,1.84,15,1
19,2718932687034,1788461898.404,1788461898.399,35.1823516,-97.4357482,317.89,2.5080,309.478,1.05,1.84,15,1
19,2719139724221,1788461898.611,1788461898.599,35.1823547,-97.4357521,317.91,2.5120,312.224,1.05,1.84,15,1
19,2719344918596,1788461898.816,1788461898.799,35.1823586,-97.4357552,317.94,2.6110,320.936,1.05,1.84,15,1
19,2719541671617,1788461899.013,1788461898.999,35.1823624,-97.4357583,317.94,2.6350,324.343,1.05,1.83,15,1
19,2719742262242,1788461899.214,1788461899.199,35.1823665,-97.4357607,317.95,2.5730,329.911,1.05,1.84,15,1
19,2719932661721,1788461899.404,1788461899.399,35.1823709,-97.4357633,317.90,2.8390,332.801,1.05,1.84,15,1
19,2720144952815,1788461899.616,1788461899.599,35.1823757,-97.4357654,317.96,2.8110,337.475,1.05,1.84,15,1
19,2720339763596,1788461899.811,1788461899.799,35.1823808,-97.4357670,317.91,2.9590,342.036,1.05,1.84,15,1
19,2720553456356,1788461900.025,1788461899.999,35.1823862,-97.4357680,317.91,3.0150,347.687,1.05,1.84,15,1
19,2720746870106,1788461900.218,1788461900.199,35.1823919,-97.4357683,317.95,3.2050,354.274,1.05,1.84,15,1
19,2720935411564,1788461900.407,1788461900.399,35.1823979,-97.4357683,317.97,3.3100,357.895,1.05,1.83,15,1
19,2721136499064,1788461900.608,1788461900.599,35.1824039,-97.4357681,317.97,3.3250,359.506,1.05,1.83,15,1
19,2721335476929,1788461900.807,1788461900.799,35.1824099,-97.4357678,318.00,3.3480,1.386,1.04,1.83,15,1
19,2721535892866,1788461901.007,1788461900.999,35.1824159,-97.4357673,318.01,3.3400,3.205,1.04,1.82,15,1
19,2721738495106,1788461901.210,1788461901.199,35.1824222,-97.4357667,318.03,3.4850,3.883,1.04,1.82,15,1
19,2721933500835,1788461901.405,1788461901.399,35.1824286,-97.4357659,318.05,3.5660,5.143,1.04,1.82,15,1
19,2722142918855,1788461901.614,1788461901.599,35.1824350,-97.4357651,318.11,3.5310,5.860,1.04,1.82,15,1
19,2722340708230,1788461901.812,1788461901.799,35.1824416,-97.4357644,318.14,3.7010,5.018,1.04,1.82,15,1
19,2722539053126,1788461902.011,1788461901.999,35.1824483,-97.4357637,318.15,3.7190,5.110,1.04,1.82,15,1
19,2722752689168,1788461902.224,1788461902.199,35.1824549,-97.4357628,318.17,3.6920,5.691,1.04,1.82,15,1
19,2722942403699,1788461902.414,1788461902.399,35.1824615,-97.4357621,318.21,3.6430,4.884,1.05,1.81,15,1
19,2723142241615,1788461902.614,1788461902.599,35.1824682,-97.4357615,318.26,3.7390,4.837,1.05,1.81,15,1
19,2723341913647,1788461902.813,1788461902.799,35.1824748,-97.4357608,318.27,3.6690,4.557,1.05,1.81,15,1
19,2723541474792,1788461903.013,1788461902.999,35.1824813,-97.4357599,318.25,3.6300,5.630,1.05,1.82,15,1
19,2723745908126,1788461903.217,1788461903.199,35.1824878,-97.4357592,318.25,3.6770,5.228,1.05,1.82,15,1
19,2723935573490,1788461903.407,1788461903.399,35.1824942,-97.4357583,318.29,3.5540,6.013,1.05,1.82,15,1
19,2724152335886,1788461903.624,1788461903.599,35.1825004,-97.4357575,318.28,3.4400,6.044,1.05,1.82,15,1
19,2724332490625,1788461903.804,1788461903.799,35.1825066,-97.4357567,318.28,3.4500,5.815,1.05,1.82,15,1
19,2724541534063,1788461904.013,1788461903.999,35.1825128,-97.4357562,318.28,3.4790,3.810,1.05,1.82,15,1
19,2724731680157,1788461904.203,1788461904.199,35.1825189,-97.4357558,318.26,3.3420,3.613,1.05,1.82,15,1
19,2724951818229,1788461904.423,1788461904.399,35.1825247,-97.4357556,318.22,3.2620,2.141,1.05,1.82,15,1
19,2725135245104,1788461904.607,1788461904.599,35.1825306,-97.4357557,318.21,3.2200,359.979,1.05,1.82,15,1
19,2725336422552,1788461904.808,1788461904.799,35.1825365,-97.4357563,318.25,3.2910,357.441,1.05,1.82,15,1
19,2725542190312,1788461905.014,1788461904.999,35.1825423,-97.4357572,318.23,3.2030,354.493,1.05,1.82,15,1
19,2725733565990,1788461905.205,1788461905.199,35.1825481,-97.4357581,318.20,3.2360,352.786,1.05,1.82,15,1
19,2725938993385,1788461905.410,1788461905.399,35.1825540,-97.4357599,318.21,3.3220,348.463,1.05,1.82,15,1
19,2726139020833,1788461905.611,1788461905.599,35.1825597,-97.4357620,318.28,3.2490,344.654,1.05,1.82,15,1
19,2726346094479,1788461905.818,1788461905.800,35.1825653,-97.4357644,318.29,3.2530,341.754,1.05,1.82,15,1
19,2726548556927,1788461906.020,1788461906.000,35.1825710,-97.4357674,318.30,3.4470,337.452,1.05,1.82,15,1
19,2726736921927,1788461906.208,1788461906.200,35.1825765,-97.4357709,318.26,3.4210,334.201,1.05,1.81,15,1
19,2726931989114,1788461906.403,1788461906.400,35.1825822,-97.4357750,318.31,3.6390,329.972,1.04,1.81,15,1
19,2727138739947,1788461906.610,1788461906.600,35.1825876,-97.4357796,318.35,3.6780,326.149,1.04,1.81,14,1
19,2727335905208,1788461906.807,1788461906.800,35.1825927,-97.4357845,318.26,3.6810,322.715,1.04,1.81,15,1
19,2727535919791,1788461907.007,1788461907.000,35.1825976,-97.4357901,318.25,3.7420,318.232,1.04,1.81,15,1
19,2727735805260,1788461907.207,1788461907.200,35.1826021,-97.4357963,318.24,3.7620,314.514,1.04,1.82,14,1
19,2727939649009,1788461907.411,1788461907.400,35.1826063,-97.4358025,318.23,3.6140,310.908,1.04,1.82,15,1
19,2728141019582,1788461907.613,1788461907.600,35.1826100,-97.4358090,318.20,3.5820,306.879,1.04,1.82,15,1
19,2728344804791,1788461907.816,1788461907.800,35.1826134,-97.4358158,318.21,3.6010,303.628,1.04,1.82,14,1
19,2728554619686,1788461908.026,1788461908.000,35.1826165,-97.4358224,318.27,3.4690,301.209,1.04,1.82,14,1
19,2728745161561,1788461908.217,1788461908.200,35.1826190,-97.4358291,318.27,3.3140,297.064,1.04,1.82,15,1
19,2728948674217,1788461908.420,1788461908.400,35.1826213,-97.4358358,318.26,3.3300,295.078,1.04,1.82,14,1
19,2729145294009,1788461908.617,1788461908.600,35.1826234,-97.4358427,318.24,3.3140,291.948,1.04,1.82,14,1
19,2729335616144,1788461908.807,1788461908.800,35.1826249,-97.4358497,318.27,3.3030,288.051,1.04,1.83,14,1
19,2729541434946,1788461909.013,1788461909.000,35.1826262,-97.4358565,318.27,3.1370,285.042,1.04,1.83,14,1
19,2729727734373,1788461909.199,1788461909.200,35.1826271,-97.4358630,318.31,2.9670,281.603,1.04,1.83,14,1
19,2729932116509,1788461909.404,1788461909.400,35.1826277,-97.4358693,318.26,2.8790,277.800,1.04,1.83,15,1
19,2730132420519,1788461909.604,1788461909.600,35.1826282,-97.4358751,318.24,2.6370,276.936,1.04,1.84,14,1
19,2730334164061,1788461909.806,1788461909.800,35.1826285,-97.4358808,318.27,2.5420,274.446,1.04,1.84,14,1
19,2730552225936,1788461910.024,1788461910.000,35.1826287,-97.4358860,318.26,2.3200,273.673,1.04,1.84,14,1
19,2730729225883,1788461910.201,1788461910.200,35.1826288,-97.4358908,318.25,2.1560,271.477,1.04,1.85,15,1
19,2730938187863,1788461910.410,1788461910.400,35.1826287,-97.4358950,318.26,1.9150,269.500,1.04,1.85,14,1
19,2731139673904,1788461910.611,1788461910.600,35.1826285,-97.4358987,318.21,1.6820,266.637,1.04,1.86,15,1
19,2731351270519,1788461910.823,1788461910.800,35.1826285,-97.4359019,318.22,1.4320,265.742,1.04,1.86,15,1
19,2731536274321,1788461911.008,1788461911.000,35.1826282,-97.4359045,318.24,1.1250,263.363,1.04,1.86,14,1
19,2731731854373,1788461911.203,1788461911.200,35.1826280,-97.4359063,318.24,0.8360,262.054,1.04,1.87,14,1
19,2731932739737,1788461911.404,1788461911.400,35.1826281,-97.4359074,318.30,0.4660,261.753,1.04,1.87,14,1
19,2732128671872,1788461911.600,1788461911.600,35.1826282,-97.4359081,318.33,0.2390,261.753,1.04,1.87,14,1
19,2732331633122,1788461911.803,1788461911.800,35.1826284,-97.4359081,318.38,0.0780,261.753,1.04,1.87,14,1
19,2732541536664,1788461912.013,1788461912.000,35.1826286,-97.4359080,318.41,0.0790,261.753,1.04,1.87,14,1
19,2732732768435,1788461912.204,1788461912.200,35.1826287,-97.4359079,318.43,0.0310,261.753,1.04,1.87,14,1
19,2732933314164,1788461912.405,1788461912.400,35.1826289,-97.4359080,318.50,0.0630,261.753,1.04,1.88,14,1
19,2733133064164,1788461912.605,1788461912.600,35.1826289,-97.4359081,318.54,0.0310,261.753,1.04,1.88,14,1
19,2733331792028,1788461912.803,1788461912.800,35.1826291,-97.4359081,318.54,0.0280,261.753,1.04,1.88,13,1
19,2733530535362,1788461913.002,1788461913.000,35.1826293,-97.4359082,318.57,0.0640,261.753,1.04,1.88,13,1
19,2733729783434,1788461913.201,1788461913.200,35.1826294,-97.4359082,318.60,0.0480,261.753,1.04,1.88,13,1
19,2733929807601,1788461913.401,1788461913.400,35.1826295,-97.4359084,318.67,0.0140,261.753,1.04,1.88,13,1
19,2734147106143,1788461913.619,1788461913.600,35.1826295,-97.4359083,318.70,0.0560,261.753,1.04,1.88,13,1
19,2734330403382,1788461913.802,1788461913.800,35.1826295,-97.4359083,318.71,0.0580,261.753,1.04,1.88,13,1
19,2734548462080,1788461914.020,1788461914.000,35.1826296,-97.4359081,318.68,0.0550,261.753,1.05,1.88,13,1
19,2734733367705,1788461914.205,1788461914.200,35.1826297,-97.4359082,318.70,0.0220,261.753,1.05,1.88,13,1
19,2734928636090,1788461914.400,1788461914.400,35.1826297,-97.4359083,318.71,0.0380,261.753,1.05,1.88,13,1
19,2735150902340,1788461914.622,1788461914.600,35.1826297,-97.4359084,318.73,0.0210,261.753,1.05,1.88,13,1
