,turnId,pointId,time [ns],lat [deg],lon [deg],speed [mps],steer_angle [deg],x [m],y [m]
0,0,0,15980000000.0,35.181999438933914,-97.43550230422683,7.433934366499032,1.0,-5.028612792998788,-39.226342245116825
1,0,1,15990000000.0,35.18199881590223,-97.43550233212378,7.435701172777646,1.0,-5.026094057239777,-39.29521216717404
2,0,2,16000000000.0,35.181998192870545,-97.43550236002072,7.43746797905626,1.0,-5.023575321480764,-39.364082090016694
3,0,3,16010000000.0,35.181997569838856,-97.43550238791767,7.4392347853348735,1.0,-5.021056585721753,-39.432952012859346
4,0,4,16020000000.0,35.18199694680717,-97.4355024158146,7.441001591613488,1.0,-5.018537851245797,-39.501821935702
5,0,5,16030000000.0,35.18199632377548,-97.43550244371154,7.4427683978921015,1.0,-5.0160191154867855,-39.57069185854465
6,0,6,16040000000.0,35.18199570074379,-97.43550247160849,7.444535204170715,1.0,-5.013500379727772,-39.6395617813873
7,0,7,16050000000.0,35.1819950777121,-97.43550249950543,7.44630201044933,1.0,-5.010981643968761,-39.70843170422995
8,0,8,16060000000.0,35.181994454680414,-97.43550252740236,7.448068816727943,1.0,-5.008462909492806,-39.7773016270726
9,0,9,16070000000.0,35.181993831648725,-97.43550255529931,7.449835623006557,0.9444108382002188,-5.005944173733794,-39.846171549915255
10,0,10,16080000000.0,35.181993208617044,-97.43550258319625,7.451602429285171,0.9496349174875125,-5.003425437974782,-39.91504147197247
11,0,11,16090000000.0,35.181992585585355,-97.4355026110932,7.453369235563785,0.9760877278679098,-5.00090670221577,-39.983911394815124
12,0,12,16100000000.0,35.18199196255367,-97.43550263899013,7.455136041842398,0.9255004398058824,-4.998387967739815,-40.052781317657775
13,0,13,16110000000.0,35.18199133952198,-97.43550266688707,7.456902848121013,0.9,-4.9958692319808025,-40.12165124050043
14,0,14,16120000000.0,35.18199071649029,-97.43550269478402,7.4586696543996265,1.2,-4.99335049622179,-40.19052116334308
15,0,15,16130000000.0,35.18199003628373,-97.43550269569683,7.451039121348562,1.2,-4.9932680815820865,-40.26571119662904
16,0,16,16140000000.0,35.18198934292855,-97.43550269040404,7.441247464258533,1.1405722564264948,-4.993745952541158,-40.34235467777748
17,0,17,16150000000.0,35.18198864957337,-97.43550268511125,7.431455807168503,0.8181987882142516,-4.994223823500228,-40.41899815971135
18,0,18,16160000000.0,35.181987956218194,-97.43550267981846,7.421664150078475,0.8,-4.994701694459299,-40.49564164085979
19,0,19,16170000000.0,35.18198726286302,-97.43550267452568,7.411872492988445,0.8,-4.995179564135313,-40.572285122008225
20,0,20,16180000000.0,35.18198656950784,-97.43550266923289,7.402080835898416,0.8,-4.995657435094385,-40.64892860315666
21,0,21,16190000000.0,35.18198587615266,-97.4355026639401,7.3922891788083875,0.8119128214198446,-4.996135306053456,-40.72557208509053
22,0,22,16200000000.0,35.18198518279748,-97.43550265864731,7.382497521718358,0.8737121483757345,-4.996613177012527,-40.80221556623897
23,0,23,16210000000.0,35.18198448944231,-97.43550265335452,7.37270586462833,0.9,-4.997091047971598,-40.87885904738741
24,0,24,16220000000.0,35.18198379608713,-97.43550264806174,7.3629142075383,0.8782101059364381,-4.9975689176476115,-40.955502528535845
25,0,25,16230000000.0,35.18198310273195,-97.43550264276895,7.353122550448271,0.8,-4.998046788606683,-41.03214601046972
26,0,26,16240000000.0,35.18198240937677,-97.43550263747616,7.343330893358242,0.8,-4.998524659565754,-41.108789491618154
27,0,27,16250000000.0,35.181981716021596,-97.43550263218337,7.333539236268213,0.8,-4.999002530524826,-41.18543297276659
28,0,28,16260000000.0,35.18198102266642,-97.43550262689058,7.323747579178184,0.8,-4.999480401483897,-41.26207645391503
29,0,29,16270000000.0,35.181980329311244,-97.4355026215978,7.313955922088155,0.8,-4.99995827115991,-41.338719935063466
30,0,30,16280000000.0,35.18197963595606,-97.43550261630502,7.304164264998126,0.8,-5.000436142118981,-41.41536341699734
31,0,31,16290000000.0,35.181978942600885,-97.43550261101223,7.294372607908097,0.7879976504188676,-5.000914013078052,-41.492006898145775
32,0,32,16300000000.0,35.18197824924571,-97.43550260571944,7.284580950818068,0.72082837848004,-5.001391884037123,-41.56865037929421
33,0,33,16310000000.0,35.18197755589053,-97.43550260042664,7.2747892937280385,0.7,-5.0018697549961955,-41.64529386044265
34,0,34,16320000000.0,35.181976911176406,-97.4355026,7.271842478434967,0.7,-5.001908274951876,-41.71656056008743
35,0,35,16330000000.0,35.18197627072695,-97.4355026,7.269495793405751,0.6792851275850474,-5.001908274951876,-41.78735584306679
36,0,36,16340000000.0,35.1819756302775,-97.4355026,7.267149108376534,0.6,-5.001908274951876,-41.85815112526072
37,0,37,16350000000.0,35.18197498982804,-97.4355026,7.264802423347318,0.6,-5.001908274951876,-41.92894640824008
38,0,38,16360000000.0,35.181974349378585,-97.4355026,7.262455738318102,0.6,-5.001908274951876,-41.99974169121944
39,0,39,16370000000.0,35.18197370892913,-97.4355026,7.260109053288885,0.5694729499776889,-5.001908274951876,-42.0705369741988
40,0,40,16380000000.0,35.18197306847967,-97.4355026,7.2577623682596695,0.5,-5.001908274951876,-42.14133225717816
41,0,41,16390000000.0,35.181972428030214,-97.4355026,7.255415683230453,0.5,-5.001908274951876,-42.212127540157525
42,0,42,16400000000.0,35.18197178758076,-97.4355026,7.253068998201236,0.5,-5.001908274951876,-42.282922823136886
43,0,43,16410000000.0,35.1819711471313,-97.4355026,7.25072231317202,0.5,-5.001908274951876,-42.35371810611625
44,0,44,16420000000.0,35.18197050668185,-97.4355026,7.248375628142804,0.4787348697433896,-5.001908274951876,-42.424513388310174
45,0,45,16430000000.0,35.18196986623239,-97.4355026,7.246028943113588,0.4006784739974632,-5.001908274951876,-42.495308671289536
46,0,46,16440000000.0,35.181969225782936,-97.4355026,7.243682258084371,0.4,-5.001908274951876,-42.5661039542689
47,0,47,16450000000.0,35.18196858533348,-97.4355026,7.241335573055156,0.4,-5.001908274951876,-42.63689923724826
48,0,48,16460000000.0,35.18196794488402,-97.4355026,7.238988888025939,0.4,-5.001908274951876,-42.70769452022762
49,0,49,16470000000.0,35.181967304434565,-97.4355026,7.236642202996722,0.4,-5.001908274951876,-42.77848980320698
50,0,50,16480000000.0,35.18196666398511,-97.4355026,7.234295517967507,0.4,-5.001908274951876,-42.84928508618634
51,0,51,16490000000.0,35.18196602353566,-97.4355026,7.23194883293829,0.4,-5.001908274951876,-42.92008036838027
52,0,52,16500000000.0,35.1819653830862,-97.4355026,7.229602147909074,0.4,-5.001908274951876,-42.99087565135963
53,0,53,16510000000.0,35.181964742636744,-97.4355026,7.2272554628798575,0.4,-5.001908274951876,-43.06167093433899
54,0,54,16520000000.0,35.18196409434428,-97.43550259757417,7.2186497076861285,0.4,-5.002127296735717,-43.133333183228615
55,0,55,16530000000.0,35.18196343702835,-97.43550259235738,7.202842824602365,0.4,-5.002598305902669,-43.20599288609614
56,0,56,16540000000.0,35.18196277971242,-97.43550258714058,7.187035941518602,0.4,-5.00306931635268,-43.278652588963666
57,0,57,16550000000.0,35.181962122396484,-97.43550258192379,7.171229058434839,0.4,-5.003540325519633,-43.351312292616626
58,0,58,16560000000.0,35.181961465080555,-97.435502576707,7.155422175351076,0.3768769167438821,-5.004011334686585,-43.42397199548415
59,0,59,16570000000.0,35.181960807764625,-97.4355025714902,7.139615292267312,0.3,-5.004482343853538,-43.49663169835168
60,0,60,16580000000.0,35.181960150448695,-97.4355025662734,7.123808409183549,0.3,-5.00495335430355,-43.5692914012192
61,0,61,16590000000.0,35.181959493132766,-97.43550256105661,7.108001526099786,0.3,-5.005424363470502,-43.64195110408673
62,0,62,16600000000.0,35.181958835816836,-97.43550255583982,7.092194643016022,0.3,-5.005895372637455,-43.714610806954255
63,0,63,16610000000.0,35.181958178500906,-97.43550255062303,7.076387759932259,0.3,-5.0063663818044075,-43.78727050982178
64,0,64,16620000000.0,35.18195752118498,-97.43550254540624,7.060580876848496,0.3,-5.006837390971361,-43.85993021268931
65,0,65,16630000000.0,35.18195686386905,-97.43550254018943,7.044773993764732,0.3,-5.007308401421371,-43.93258991555683
66,0,66,16640000000.0,35.18195620655312,-97.43550253497264,7.028967110680969,0.3,-5.0077794105883235,-44.00524961842436
67,0,67,16650000000.0,35.18195554923719,-97.43550252975585,7.013160227597206,0.3,-5.008250419755276,-44.077909321291884
68,0,68,16660000000.0,35.18195489192126,-97.43550252453906,6.997353344513443,0.3,-5.00872142892223,-44.15056902415941
69,0,69,16670000000.0,35.18195423460533,-97.43550251932227,6.981546461429679,0.3,-5.009192438089182,-44.223228727026935
70,0,70,16680000000.0,35.1819535772894,-97.43550251410547,6.965739578345916,0.3,-5.009663448539192,-44.29588842989446
71,0,71,16690000000.0,35.18195291997347,-97.43550250888867,6.949932695262153,0.3,-5.010134457706145,-44.36854813276199
72,0,72,16700000000.0,35.18195226265754,-97.43550250367188,6.934125812178389,0.3,-5.010605466873098,-44.44120783562951
73,0,73,16710000000.0,35.18195161950161,-97.43550249422405,6.923173278452767,0.3,-5.011458484632568,-44.51230229196753
74,0,74,16720000000.0,35.18195101000072,-97.43550247472002,6.9237583993148935,0.3,-5.013219447847953,-44.57967652081237
75,0,75,16730000000.0,35.181950400499815,-97.435502455216,6.92434352017702,0.3,-5.014980411063338,-44.647050750442645
76,0,76,16740000000.0,35.18194979099892,-97.43550243571197,6.924928641039147,0.3,-5.0167413742787215,-44.714424979287486
77,0,77,16750000000.0,35.18194918149802,-97.43550241620794,6.925513761901273,0.3,-5.018502337494105,-44.78179920891776
78,0,78,16760000000.0,35.181948571997125,-97.43550239670391,6.9260988827634,0.3,-5.020263300709491,-44.8491734377626
79,0,79,16770000000.0,35.181947962496224,-97.43550237719988,6.9266840036255255,0.3,-5.022024263924875,-44.91654766739288
80,0,80,16780000000.0,35.18194735299533,-97.43550235769585,6.927269124487652,0.3,-5.02378522714026,-44.98392189623772
81,0,81,16790000000.0,35.18194674349443,-97.43550233819182,6.927854245349779,0.3,-5.025546190355644,-45.05129612586799
82,0,82,16800000000.0,35.181946133993534,-97.4355023186878,6.928439366211905,0.3,-5.027307153571029,-45.11867035471283
83,0,83,16810000000.0,35.18194552449263,-97.43550229918377,6.929024487074032,0.3,-5.029068116786413,-45.18604458434311
84,0,84,16820000000.0,35.18194491499173,-97.43550227967972,6.9296096079361575,0.3,-5.030829081284856,-45.25341881397338
85,0,85,16830000000.0,35.18194430549084,-97.4355022601757,6.930194728798284,0.3,-5.03259004450024,-45.320793042818224
86,0,86,16840000000.0,35.181943695989936,-97.43550224067167,6.930779849660411,0.3,-5.034351007715625,-45.3881672724485
87,0,87,16850000000.0,35.18194308648904,-97.43550222116764,6.931364970522537,0.3,-5.0361119709310085,-45.45554150129334
88,0,88,16860000000.0,35.18194247698814,-97.43550220166361,6.931950091384664,0.3,-5.037872934146393,-45.522915730923614
89,0,89,16870000000.0,35.18194186748725,-97.43550218215958,6.93253521224679,0.3,-5.039633897361778,-45.590289959768455
90,0,90,16880000000.0,35.181941257986345,-97.43550216265555,6.933120333108916,0.3,-5.041394860577162,-45.65766418939873
91,0,91,16890000000.0,35.18194064848545,-97.43550214315152,6.933705453971043,0.3,-5.043155823792547,-45.72503841824357
92,0,92,16900000000.0,35.18194003898455,-97.4355021236475,6.934290574833169,0.3,-5.0449167870079314,-45.792412647873846
93,0,93,16910000000.0,35.181939429483656,-97.43550210414347,6.934875695695296,0.3,-5.046677750223316,-45.85978687671869
94,0,94,16920000000.0,35.1819388264954,-97.43550210769925,6.92884059048088,0.3,-5.046356708679432,-45.926441198806174
95,0,95,16930000000.0,35.18193822526391,-97.43550211747538,6.921019693097819,0.3,-5.045474049722969,-45.99290132706457
96,0,96,16940000000.0,35.18193762403242,-97.4355021272515,6.913198795714758,0.3,-5.044591392049564,-46.059361456108405
97,0,97,16950000000.0,35.18193702280094,-97.43550213702763,6.905377898331697,0.3,-5.043708733093101,-46.125821584366804
98,0,98,16960000000.0,35.18193642156945,-97.43550214680374,6.897557000948636,0.3,-5.042826075419696,-46.1922817126252
99,0,99,16970000000.0,35.18193582033796,-97.43550215657986,6.889736103565574,0.3,-5.041943417746291,-46.258741841669035
100,0,100,16980000000.0,35.18193521910648,-97.43550216635599,6.881915206182513,0.3,-5.041060758789827,-46.325201969927434
101,0,101,16990000000.0,35.181934617874994,-97.4355021761321,6.874094308799452,0.3,-5.040178101116423,-46.39166209818583
102,0,102,17000000000.0,35.1819340166435,-97.43550218590823,6.86627341141639,0.3,-5.03929544215996,-46.458122227229666
103,0,103,17010000000.0,35.18193341541202,-97.43550219568435,6.8584525140333295,0.3,-5.038412784486554,-46.524582355488064
104,0,104,17020000000.0,35.181932814180534,-97.43550220546048,6.8506316166502685,0.3,-5.037530125530092,-46.59104248374646
105,0,105,17030000000.0,35.18193221294904,-97.4355022152366,6.842810719267207,0.3,-5.036647467856687,-46.657502612790296
106,0,106,17040000000.0,35.18193161171756,-97.43550222501271,6.834989821884146,0.3,-5.035764810183282,-46.723962741048695
107,0,107,17050000000.0,35.181931010486075,-97.43550223478884,6.827168924501085,0.3,-5.034882151226819,-46.79042286930709
108,0,108,17060000000.0,35.18193040925458,-97.43550224456496,6.819348027118023,0.3,-5.033999493553414,-46.856882998350926
109,0,109,17070000000.0,35.1819298080231,-97.43550225434109,6.811527129734962,0.3,-5.03311683459695,-46.923343126609325
110,0,110,17080000000.0,35.181929206791615,-97.4355022641172,6.803706232351901,0.29828705771783315,-5.032234176923545,-46.989803254867724
111,0,111,17090000000.0,35.18192860556013,-97.43550227389332,6.7958853349688395,0.21068062575872645,-5.031351519250141,-47.05626338312612
112,0,112,17100000000.0,35.18192800432864,-97.43550228366945,6.788064437585779,0.2,-5.030468860293678,-47.122723512169955
113,0,113,17110000000.0,35.181927403097156,-97.43550229344557,6.780243540202717,0.2,-5.029586202620272,-47.189183640428354
114,0,114,17120000000.0,35.181926800599584,-97.43550229673113,6.774526015395339,0.2,-5.029289558416914,-47.255783722018805
115,0,115,17130000000.0,35.1819261955262,-97.4355022868119,6.773087726211953,0.2,-5.030185137763548,-47.32266853362319
116,0,116,17140000000.0,35.18192559045282,-97.43550227689266,6.771649437028568,0.2,-5.03108071711018,-47.38955334522757
117,0,117,17150000000.0,35.18192498537944,-97.43550226697343,6.770211147845183,0.2,-5.031976296456814,-47.45643815683195
118,0,118,17160000000.0,35.18192438030606,-97.4355022570542,6.768772858661797,0.2,-5.032871875803448,-47.52332296843633
119,0,119,17170000000.0,35.181923775232676,-97.43550224713496,6.767334569478412,0.2,-5.03376745515008,-47.590207780040714
120,0,120,17180000000.0,35.1819231701593,-97.43550223721572,6.765896280295026,0.2,-5.034663035779772,-47.65709259085966
121,0,121,17190000000.0,35.18192256508592,-97.43550222729648,6.764457991111641,0.2,-5.035558615126405,-47.723977402464044
122,0,122,17200000000.0,35.18192196001254,-97.43550221737725,6.763019701928256,0.2,-5.0364541944730385,-47.790862214068426
123,0,123,17210000000.0,35.181921354939156,-97.43550220745801,6.76158141274487,0.2,-5.037349773819671,-47.85774702567281
124,0,124,17220000000.0,35.181920749865775,-97.43550219753878,6.760143123561485,0.2,-5.038245353166305,-47.92463183727719
125,0,125,17230000000.0,35.18192014479239,-97.43550218761955,6.7587048343781,0.2,-5.039140932512939,-47.99151664888157
126,0,126,17240000000.0,35.18191953971901,-97.4355021777003,6.757266545194714,0.2,-5.0400365131426295,-48.05840146048595
127,0,127,17250000000.0,35.18191893464564,-97.43550216778107,6.755828256011329,0.2,-5.040932092489263,-48.1252862713049
128,0,128,17260000000.0,35.181918329572255,-97.43550215786183,6.754389966827944,0.2,-5.041827671835896,-48.19217108290928
129,0,129,17270000000.0,35.181917724498874,-97.4355021479426,6.752951677644558,0.2,-5.0427232511825295,-48.259055894513665
130,0,130,17280000000.0,35.18191711942549,-97.43550213802337,6.751513388461173,0.2,-5.043618830529163,-48.32594070611805
131,0,131,17290000000.0,35.18191651435211,-97.43550212810413,6.750075099277788,0.2,-5.044514409875796,-48.39282551772243
132,0,132,17300000000.0,35.18191590927873,-97.43550211818489,6.748636810094402,0.2,-5.045409990505487,-48.45971032932681
133,0,133,17310000000.0,35.18191530420535,-97.43550210826565,6.747198520911017,0.2,-5.04630556985212,-48.52659514093119
134,0,134,17320000000.0,35.18191469832804,-97.4355020974582,6.7441360140588325,0.2,-5.047281344148787,-48.593568818102426
135,0,135,17330000000.0,35.181914088432165,-97.4355020822108,6.732954589633185,0.2,-5.048657987984892,-48.660986708434564
136,0,136,17340000000.0,35.18191347853629,-97.4355020669634,6.721773165207539,0.2,-5.050034633104055,-48.7284045987667
137,0,137,17350000000.0,35.18191286864041,-97.435502051716,6.710591740781892,0.2,-5.05141127694016,-48.79582248909884
138,0,138,17360000000.0,35.18191225874453,-97.4355020364686,6.699410316356245,0.2,-5.052787920776265,-48.86324037943098
139,0,139,17370000000.0,35.181911648848654,-97.43550202122121,6.688228891930598,0.2,-5.05416456461237,-48.930658269763114
140,0,140,17380000000.0,35.18191103895278,-97.43550200597382,6.677047467504951,0.2,-5.055541208448475,-48.99807616009525
141,0,141,17390000000.0,35.1819104290569,-97.43550199072642,6.665866043079304,0.2,-5.056917852284581,-49.06549405042739
142,0,142,17400000000.0,35.18190981916102,-97.43550197547903,6.654684618653658,0.2,-5.058294496120685,-49.13291194075953
143,0,143,17410000000.0,35.18190920926514,-97.43550196023162,6.6435031942280105,0.2,-5.059671141239849,-49.200329831091665
144,0,144,17420000000.0,35.181908599369265,-97.43550194498422,6.632321769802363,0.2,-5.061047785075954,-49.2677477214238
145,0,145,17430000000.0,35.18190798947339,-97.43550192973683,6.621140345376717,0.2,-5.06242442891206,-49.33516561175594
146,0,146,17440000000.0,35.18190737957751,-97.43550191448944,6.60995892095107,0.2,-5.063801072748164,-49.40258350208808
147,0,147,17450000000.0,35.18190676968163,-97.43550189924204,6.598777496525424,0.2,-5.065177716584269,-49.470001392420215
148,0,148,17460000000.0,35.181906159785754,-97.43550188399465,6.587596072099776,0.2,-5.066554360420374,-49.53741928275235
149,0,149,17470000000.0,35.181905549889876,-97.43550186874724,6.576414647674129,0.2,-5.0679310055395375,-49.60483717308449
150,0,150,17480000000.0,35.181904939994,-97.43550185349984,6.565233223248483,0.18575982760502793,-5.069307649375642,-49.67225506341663
151,0,151,17490000000.0,35.18190433009812,-97.43550183825245,6.554051798822836,0.1,-5.070684293211747,-49.739672953748766
152,0,152,17500000000.0,35.18190372020224,-97.43550182300505,6.5428703743971885,0.1,-5.072060937047853,-49.8070908440809
153,0,153,17510000000.0,35.181903110306365,-97.43550180775766,6.531688949971542,0.1,-5.073437580883958,-49.87450873441304
154,0,154,17520000000.0,35.18190251519715,-97.43550180982079,6.523274731358383,0.1,-5.073251306579593,-49.94029210686932
155,0,155,17530000000.0,35.18190193540355,-97.43550182981367,6.517726706399788,0.030806189063635858,-5.071446206182295,-50.00438249139094
156,0,156,17540000000.0,35.18190135560995,-97.43550184980656,6.512178681441194,0.0,-5.0696411057849975,-50.06847287591256
157,0,157,17550000000.0,35.18190077581636,-97.43550186979944,6.506630656482598,0.0,-5.0678360053877,-50.13256325964875
158,0,158,17560000000.0,35.18190019602276,-97.43550188979232,6.501082631524004,0.0,-5.066030904990401,-50.19665364417037
159,0,159,17570000000.0,35.18189961622916,-97.4355019097852,6.495534606565409,-0.0739874457089041,-5.064225804593105,-50.26074402869199
160,0,160,17580000000.0,35.18189903643556,-97.43550192977808,6.489986581606813,-0.16404659676425065,-5.062420704195806,-50.32483441321361
161,0,161,17590000000.0,35.18189845664196,-97.43550194977097,6.484438556648219,-0.25086180343023,-5.060615603798508,-50.38892479773523
162,0,162,17600000000.0,35.18189787684836,-97.43550196976385,6.478890531689624,-0.3,-5.058810503401211,-50.45301518225685
163,0,163,17610000000.0,35.18189729705476,-97.43550198975673,6.473342506731028,-0.3,-5.057005403003913,-50.51710556677847
164,0,164,17620000000.0,35.18189671726116,-97.43550200974961,6.467794481772434,-0.3,-5.055200302606615,-50.58119595130009
165,0,165,17630000000.0,35.18189613746756,-97.4355020297425,6.462246456813839,-0.3232622890540067,-5.053395202209317,-50.64528633582171
166,0,166,17640000000.0,35.18189555767396,-97.43550204973538,6.456698431855243,-0.4,-5.051590101812019,-50.70937672034333
167,0,167,17650000000.0,35.18189497788036,-97.43550206972826,6.451150406896649,-0.4,-5.049785001414722,-50.77346710486495
168,0,168,17660000000.0,35.18189439808676,-97.43550208972114,6.445602381938054,-0.5,-5.047979901017424,-50.83755748938657
169,0,169,17670000000.0,35.18189381829316,-97.43550210971404,6.440054356979459,-0.5,-5.046174799337068,-50.90164787390819
170,0,170,17680000000.0,35.18189323849956,-97.43550212970692,6.434506332020864,-0.5219397090823343,-5.044369698939771,-50.96573825842981
171,0,171,17690000000.0,35.18189265870597,-97.4355021496998,6.428958307062269,-0.6,-5.042564598542473,-51.029828642165995
172,0,172,17700000000.0,35.18189207891237,-97.43550216969268,6.423410282103674,-0.6,-5.040759498145175,-51.093919026687615
173,0,173,17710000000.0,35.18189149911877,-97.43550218968556,6.417862257145079,-0.6,-5.038954397747878,-51.158009411209235
174,0,174,17720000000.0,35.181890923533636,-97.43550220996275,6.409171790064132,-0.6234509544001781,-5.037123628499959,-51.2216345918479
175,0,175,17730000000.0,35.18189035243351,-97.43550223054294,6.397132382180322,-0.7,-5.0352655018976,-51.28476399951467
176,0,176,17740000000.0,35.181889781333396,-97.43550225112313,6.385092974296512,-0.7183706437475141,-5.033407375295241,-51.347893406396
177,0,177,17750000000.0,35.18188921023328,-97.43550227170331,6.373053566412703,-0.7976325191183606,-5.0315492486928814,-51.41102281327733
178,0,178,17760000000.0,35.18188863913316,-97.43550229228349,6.361014158528893,-0.8790542472223182,-5.02969112337358,-51.47415222015866
179,0,179,17770000000.0,35.18188806803305,-97.43550231286368,6.348974750645083,-1.1,-5.02783299677122,-51.53728162703999
180,0,180,17780000000.0,35.18188749693293,-97.43550233344386,6.336935342761274,-1.1,-5.025974870168861,-51.60041103392132
181,0,181,17790000000.0,35.18188692583281,-97.43550235402405,6.324895934877464,-1.1,-5.024116743566502,-51.66354044080265
182,0,182,17800000000.0,35.18188635473269,-97.43550237460423,6.312856526993654,-1.1,-5.022258618247201,-51.72666984846941
183,0,183,17810000000.0,35.18188578363257,-97.43550239518441,6.300817119109844,-1.1031583414388382,-5.020400491644842,-51.789799255350744
184,0,184,17820000000.0,35.18188521253246,-97.4355024157646,6.288777711226035,-1.1797035968692071,-5.0185423650424825,-51.852928662232074
185,0,185,17830000000.0,35.18188464143234,-97.43550243634479,6.276738303342225,-1.2,-5.016684238440123,-51.916058069113404
186,0,186,17840000000.0,35.181884070332224,-97.43550245692497,6.264698895458415,-1.2319564786737343,-5.014826113120822,-51.979187475994735
187,0,187,17850000000.0,35.18188349923211,-97.43550247750515,6.252659487574606,-1.3938035551976216,-5.012967986518462,-52.042316882876065
188,0,188,17860000000.0,35.181882928131984,-97.43550249808534,6.240620079690796,-1.4,-5.011109859916103,-52.10544629054283
189,0,189,17870000000.0,35.18188235703187,-97.43550251866553,6.228580671806986,-1.429472401550676,-5.009251733313745,-52.16857569742416
190,0,190,17880000000.0,35.18188178593175,-97.4355025392457,6.216541263923177,-1.524056096908371,-5.007393607994443,-52.23170510430549
191,0,191,17890000000.0,35.181881214831634,-97.43550255982589,6.204501856039367,-1.6126160247884693,-5.005535481392084,-52.29483451118682
192,0,192,17900000000.0,35.18188064373152,-97.43550258040608,6.192462448155557,-1.6810803548040667,-5.003677354789724,-52.35796391806815
193,0,193,17910000000.0,35.18188007431868,-97.43550259976222,6.180560088491984,-1.7206451870018393,-5.001929744354926,-52.42090681344976
194,0,194,17920000000.0,35.18187953842705,-97.43550259480025,6.171380463262639,-2.0,-5.002377745732749,-52.480144274201024
195,0,195,17930000000.0,35.18187900253541,-97.4355025898383,6.162200838033293,-2.0,-5.002825747110572,-52.53938173573772
196,0,196,17940000000.0,35.181878466643774,-97.43550258487633,6.153021212803948,-2.0169850245741876,-5.003273748488395,-52.59861919727442
197,0,197,17950000000.0,35.181877930752144,-97.43550257991437,6.143841587574602,-2.0995720669810645,-5.003721749866218,-52.65785665802568
198,0,198,17960000000.0,35.18187739486051,-97.43550257495242,6.134661962345257,-2.122606669485499,-5.004169749960983,-52.717094119562375
199,0,199,17970000000.0,35.18187685896887,-97.43550256999046,6.125482337115911,-2.2541269147852754,-5.004617751338806,-52.77633158109907
200,0,200,17980000000.0,35.18187632307723,-97.4355025650285,6.116302711886566,-2.4224074242024445,-5.005065752716629,-52.83556904263577
201,0,201,17990000000.0,35.181875787185604,-97.43550256006654,6.107123086657221,-2.5168035704074088,-5.005513754094452,-52.89480650338703
202,0,202,18000000000.0,35.18187525129397,-97.43550255510458,6.097943461427875,-2.6453094518003355,-5.005961755472275,-52.95404396492373
203,0,203,18010000000.0,35.18187471540233,-97.43550255014262,6.088763836198529,-2.7,-5.006409756850099,-53.01328142646042
204,0,204,18020000000.0,35.18187417951069,-97.43550254518065,6.079584210969184,-2.7195013199350444,-5.0068577582279215,-53.07251888799712
205,0,205,18030000000.0,35.18187364361906,-97.43550254021869,6.070404585739839,-2.8081380655052057,-5.007305759605744,-53.13175634874838
206,0,206,18040000000.0,35.18187310772743,-97.43550253525673,6.061224960510493,-2.915542173079758,-5.007753760983567,-53.19099381028508
207,0,207,18050000000.0,35.18187257183579,-97.43550253029478,6.052045335281147,-2.9941701154847906,-5.0082017610783325,-53.250231271821775
208,0,208,18060000000.0,35.18187203594416,-97.43550252533282,6.042865710051802,-3.0,-5.008649762456155,-53.30946873257304
209,0,209,18070000000.0,35.18187150005252,-97.43550252037086,6.033686084822457,-3.0,-5.009097763833979,-53.368706194109734
210,0,210,18080000000.0,35.181870964160886,-97.4355025154089,6.024506459593111,-3.0,-5.009545765211802,-53.42794365564643
211,0,211,18090000000.0,35.18187042826925,-97.43550251044694,6.015326834363766,-3.0,-5.009993766589624,-53.48718111718313
212,0,212,18100000000.0,35.18186989237762,-97.43550250548498,6.00614720913442,-3.0,-5.010441767967447,-53.54641857793439
213,0,213,18110000000.0,35.18186935648598,-97.43550250052301,5.996967583905075,-3.0,-5.01088976934527,-53.605656039471086
214,0,214,18120000000.0,35.18186888018875,-97.4355025,5.991331071112474,-3.0,-5.010936990997687,-53.65830593538462
215,0,215,18130000000.0,35.181868410913225,-97.4355025,5.986112025601427,-3.0,-5.010936990997687,-53.71017965212616
216,0,216,18140000000.0,35.181867941637705,-97.4355025,5.980892980090381,-3.0,-5.010936990997687,-53.76205336808226
217,0,217,18150000000.0,35.181867472362185,-97.4355025,5.975673934579335,-3.0,-5.010936990997687,-53.81392708403837
218,0,218,18160000000.0,35.181867003086666,-97.4355025,5.9704548890682885,-3.0,-5.010936990997687,-53.865800799994474
219,0,219,18170000000.0,35.181866533811146,-97.4355025,5.965235843557243,-3.0,-5.010936990997687,-53.91767451595058
220,0,220,18180000000.0,35.181866064535626,-97.4355025,5.960016798046197,-3.0,-5.010936990997687,-53.969548231906685
221,0,221,18190000000.0,35.181865595260106,-97.4355025,5.954797752535151,-3.0,-5.010936990997687,-54.02142194786279
222,0,222,18200000000.0,35.18186512598458,-97.4355025,5.949578707024104,-3.0,-5.010936990997687,-54.07329566460433
223,0,223,18210000000.0,35.18186465670906,-97.4355025,5.944359661513058,-3.0,-5.010936990997687,-54.125169380560436
224,0,224,18220000000.0,35.18186418743354,-97.4355025,5.939140616002012,-3.0,-5.010936990997687,-54.17704309651654
225,0,225,18230000000.0,35.18186371815802,-97.4355025,5.933921570490966,-3.0617179026945416,-5.010936990997687,-54.22891681247265
226,0,226,18240000000.0,35.1818632488825,-97.4355025,5.9287025249799195,-3.1,-5.010936990997687,-54.28079052842875
227,0,227,18250000000.0,35.18186277960698,-97.4355025,5.9234834794688735,-3.1,-5.010936990997687,-54.33266424438486
228,0,228,18260000000.0,35.181862310331454,-97.4355025,5.918264433957828,-3.1,-5.010936990997687,-54.3845379611264
229,0,229,18270000000.0,35.181861841055934,-97.4355025,5.913045388446782,-3.1,-5.010936990997687,-54.4364116770825
230,0,230,18280000000.0,35.181861371780414,-97.4355025,5.907826342935735,-3.1,-5.010936990997687,-54.48828539303861
231,0,231,18290000000.0,35.181860902504894,-97.4355025,5.902607297424689,-3.1,-5.010936990997687,-54.540159108994715
232,0,232,18300000000.0,35.181860433229375,-97.4355025,5.897388251913643,-3.159864144510283,-5.010936990997687,-54.59203282495082
233,0,233,18310000000.0,35.181859963953855,-97.4355025,5.892169206402597,-3.2,-5.010936990997687,-54.643906540906926
234,0,234,18320000000.0,35.18185949467833,-97.4355025,5.88695016089155,-3.2,-5.010936990997687,-54.695780257648465
235,0,235,18330000000.0,35.18185902540281,-97.4355025,5.8817311153805045,-3.2,-5.010936990997687,-54.74765397360457
236,0,236,18340000000.0,35.181858544680956,-97.43550250260938,5.877078281666798,-3.2,-5.010701397241706,-54.80079296708695
237,0,237,18350000000.0,35.18185795297203,-97.43550253052018,5.877915605611625,-3.2,-5.00818141050152,-54.86620047170206
238,0,238,18360000000.0,35.18185736126311,-97.43550255843098,5.87875292955645,-3.2,-5.005661423761335,-54.93160797553173
239,0,239,18370000000.0,35.181856769554194,-97.43550258634178,5.879590253501275,-3.2085822957855936,-5.003141437021149,-54.99701547936141
240,0,240,18380000000.0,35.18185617784527,-97.43550261425258,5.880427577446101,-3.3,-5.000621450280963,-55.06242298397652
241,0,241,18390000000.0,35.18185558613635,-97.43550264216337,5.881264901390927,-3.3,-4.9981014648238355,-55.12783048780619
242,0,242,18400000000.0,35.18185499442743,-97.43550267007417,5.882102225335752,-3.3553428648593773,-4.9955814780836505,-55.19323799163587
243,0,243,18410000000.0,35.18185440271851,-97.43550269798497,5.882939549280578,-3.4,-4.9930614913434646,-55.25864549625098
244,0,244,18420000000.0,35.18185381100959,-97.43550272589577,5.883776873225403,-3.4,-4.990541504603279,-55.32405300008065
245,0,245,18430000000.0,35.18185321930066,-97.43550275380657,5.8846141971702295,-3.4,-4.988021517863094,-55.38946050469576
246,0,246,18440000000.0,35.181852627591745,-97.43550278171737,5.885451521115055,-3.4,-4.985501531122908,-55.45486800852544
247,0,247,18450000000.0,35.18185203588283,-97.43550280962816,5.88628884505988,-3.4,-4.98298154566578,-55.52027551235511
248,0,248,18460000000.0,35.1818514441739,-97.43550283753896,5.887126169004706,-3.4,-4.980461558925594,-55.58568301697022
249,0,249,18470000000.0,35.18185085246498,-97.43550286544976,5.887963492949532,-3.4,-4.977941572185409,-55.6510905207999
250,0,250,18480000000.0,35.181850260756065,-97.43550289336056,5.888800816894357,-3.4,-4.975421585445223,-55.71649802462957
251,0,251,18490000000.0,35.18184966904714,-97.43550292127136,5.889638140839183,-3.4,-4.972901598705037,-55.78190552924468
252,0,252,18500000000.0,35.18184907733822,-97.43550294918215,5.890475464784008,-3.4,-4.970381613247909,-55.84731303307436
253,0,253,18510000000.0,35.1818484856293,-97.43550297709295,5.891312788728834,-3.4,-4.967861626507724,-55.91272053690403
254,0,254,18520000000.0,35.18184791226674,-97.43550300087733,5.889122349100666,-3.4,-4.965714202489902,-55.97610003459167
255,0,255,18530000000.0,35.181847422893284,-97.43550300577107,5.873070899585284,-3.4,-4.965272361071683,-56.03019537636669
256,0,256,18540000000.0,35.18184693351982,-97.4355030106648,5.8570194500699015,-3.4,-4.9648305196534634,-56.08429071892715
257,0,257,18550000000.0,35.18184644414636,-97.43550301555854,5.840968000554519,-3.4,-4.964388678235244,-56.13838606148761
258,0,258,18560000000.0,35.181845954772896,-97.43550302045227,5.824916551039137,-3.4,-4.963946836817025,-56.19248140404807
259,0,259,18570000000.0,35.18184546539944,-97.43550302534601,5.808865101523755,-3.4,-4.9635049953988055,-56.24657674582309
260,0,260,18580000000.0,35.18184497602598,-97.43550303023974,5.792813652008372,-3.4,-4.9630631539805865,-56.30067208838355
261,0,261,18590000000.0,35.181844486652516,-97.43550303513348,5.77676220249299,-3.4,-4.962621312562367,-56.35476743094401
262,0,262,18600000000.0,35.18184399727905,-97.43550304002721,5.760710752977608,-3.4,-4.962179471144148,-56.40886277350447
263,0,263,18610000000.0,35.1818435079056,-97.43550304492095,5.7446593034622255,-3.4983910661441757,-4.961737629725929,-56.46295811527949
264,0,264,18620000000.0,35.181843018532135,-97.43550304981468,5.728607853946843,-3.5,-4.96129578830771,-56.51705345783995
265,0,265,18630000000.0,35.18184252915867,-97.43550305470842,5.712556404431461,-3.5,-4.9608539468894906,-56.57114880040041
266,0,266,18640000000.0,35.18184203978521,-97.43550305960215,5.696504954916079,-3.5,-4.960412105471271,-56.62524414296087
267,0,267,18650000000.0,35.18184155041175,-97.43550306449589,5.680453505400696,-3.5,-4.959970264053052,-56.679339485521325
268,0,268,18660000000.0,35.18184106103829,-97.43550306938963,5.664402055885314,-3.5,-4.959528422634833,-56.73343482729635
269,0,269,18670000000.0,35.18184057166483,-97.43550307428336,5.648350606369932,-3.5732402002726174,-4.959086581216613,-56.78753016985681
270,0,270,18680000000.0,35.181840082291366,-97.4355030791771,5.6322991568545495,-3.6,-4.958644739798394,-56.84162551241727
271,0,271,18690000000.0,35.1818395929179,-97.43550308407083,5.616247707339167,-3.650971960369748,-4.958202898380174,-56.895720854977725
272,0,272,18700000000.0,35.18183910354445,-97.43550308896457,5.600196257823785,-3.7,-4.957761056961955,-56.94981619675275
273,0,273,18710000000.0,35.181838614170985,-97.4355030938583,5.584144808308403,-3.764530801882457,-4.957319215543736,-57.00391153931321
274,0,274,18720000000.0,35.18183812479752,-97.43550309875204,5.56809335879302,-3.8614804177918174,-4.956877374125516,-57.058006881873666
275,0,275,18730000000.0,35.18183763186508,-97.43550308041836,5.550136195590951,-3.9627254508541427,-4.958532669848062,-57.112495634156915
276,0,276,18740000000.0,35.18183713771437,-97.43550305413375,5.531526689965873,-4.149943848241008,-4.960905832456333,-57.1671190538018
277,0,277,18750000000.0,35.18183664356365,-97.43550302784914,5.512917184340795,-4.3,-4.963278995064603,-57.221742474232116
278,0,278,18760000000.0,35.18183614941294,-97.43550300156453,5.4943076787157175,-4.3,-4.965652157672874,-57.276365893877
279,0,279,18770000000.0,35.181835655262226,-97.43550297527992,5.475698173090639,-4.431503685457023,-4.968025320281145,-57.33098931352188
280,0,280,18780000000.0,35.18183516111151,-97.43550294899529,5.457088667465561,-4.638810757256539,-4.970398484172472,-57.3856127339522
281,0,281,18790000000.0,35.181834666960796,-97.43550292271068,5.438479161840483,-4.752796687117308,-4.972771646780743,-57.440236153597084
282,0,282,18800000000.0,35.18183417281008,-97.43550289642607,5.419869656215405,-4.8778015461244095,-4.975144809389013,-57.4948595740274
283,0,283,18810000000.0,35.181833678659366,-97.43550287014146,5.4012601505903275,-5.125177848962417,-4.977517971997284,-57.549482993672285
284,0,284,18820000000.0,35.181833184508655,-97.43550284385685,5.382650644965249,-5.36426443277271,-4.9798911346055545,-57.60410641331717
285,0,285,18830000000.0,35.181832690357936,-97.43550281757224,5.364041139340172,-5.59551857891018,-4.982264297213825,-57.658729833747486
286,0,286,18840000000.0,35.181832196207225,-97.43550279128762,5.345431633715093,-5.849607076413812,-4.9846374611051525,-57.71335325339237
287,0,287,18850000000.0,35.18183170205651,-97.43550276500301,5.326822128090016,-6.132892996103502,-4.987010623713424,-57.76797667303725
288,0,288,18860000000.0,35.181831207905795,-97.4355027387184,5.3082126224649375,-6.490203896076679,-4.989383786321694,-57.82260009346757
289,0,289,18870000000.0,35.18183071375508,-97.43550271243379,5.28960311683986,-6.733234983212965,-4.9917569489299645,-57.877223513112455
290,0,290,18880000000.0,35.181830219604365,-97.43550268614918,5.270993611214782,-7.011527642889902,-4.994130111538235,-57.93184693354277
291,0,291,18890000000.0,35.18182972545365,-97.43550265986457,5.252384105589704,-7.317051911321879,-4.996503274146505,-57.986470353187656
292,0,292,18900000000.0,35.18182923130294,-97.43550263357994,5.233774599964626,-7.955556090504677,-4.998876438037834,-58.04109377283254
293,0,293,18910000000.0,35.18182873715222,-97.43550260729533,5.2151650943395484,-8.6,-5.001249600646104,-58.09571719326286
294,0,294,18920000000.0,35.1818282821955,-97.43550259642917,5.202322700217044,-8.6,-5.002230675253772,-58.14600810981176
295,0,295,18930000000.0,35.18182784229638,-97.43550259148648,5.191695923747472,-8.869346485241783,-5.0026769368054715,-58.1946345583178
296,0,296,18940000000.0,35.18182740239726,-97.43550258654379,5.181069147277899,-9.21205750392809,-5.003123198357169,-58.24326100682384
297,0,297,18950000000.0,35.18182696249814,-97.43550258160111,5.170442370808326,-9.564570339704105,-5.003569458625811,-58.291887455329885
298,0,298,18960000000.0,35.181826522599025,-97.43550257665842,5.159815594338753,-10.115797951996205,-5.0040157201775095,-58.34051390383593
299,0,299,18970000000.0,35.18182608269991,-97.43550257171573,5.149188817869181,-10.622189756766671,-5.004461981729208,-58.38914035234197
300,0,300,18980000000.0,35.18182564280078,-97.43550256677305,5.138562041399608,-11.185264815988102,-5.004908241997849,-58.437766801633444
301,0,301,18990000000.0,35.18182520290166,-97.43550256183036,5.127935264930035,-11.673318561768546,-5.005354503549548,-58.486393250139486
302,0,302,19000000000.0,35.181824763002545,-97.43550255688767,5.117308488460463,-12.168875567970122,-5.005800765101246,-58.53501969864553
303,0,303,19010000000.0,35.18182432310343,-97.43550255194498,5.10668171199089,-12.884231328730255,-5.006247026652946,-58.58364614715157
304,0,304,19020000000.0,35.18182388320431,-97.4355025470023,5.096054935521317,-13.484372372255928,-5.006693286921586,-58.63227259565761
305,0,305,19030000000.0,35.18182344330519,-97.43550254205961,5.0854281590517445,-14.177944827802277,-5.007139548473285,-58.68089904416365
306,0,306,19040000000.0,35.18182300340607,-97.43550253711692,5.074801382582172,-14.855830394848972,-5.007585810024984,-58.729525492669694
307,0,307,19050000000.0,35.18182256350695,-97.43550253217424,5.064174606112599,-15.49400256400751,-5.008032070293625,-58.77815194196117
308,0,308,19060000000.0,35.18182212360783,-97.43550252723155,5.053547829643026,-17.187080916369187,-5.008478331845323,-58.82677839046721
309,0,309,19070000000.0,35.18182168370871,-97.43550252228886,5.042921053173454,-18.3,-5.008924593397023,-58.87540483897325
310,0,310,19080000000.0,35.181821243809594,-97.43550251734618,5.0322942767038805,-18.3,-5.009370853665663,-58.924031287479295
311,0,311,19090000000.0,35.181820803910476,-97.43550251240349,5.021667500234308,-18.788080038485717,-5.009817115217362,-58.97265773598534
312,0,312,19100000000.0,35.18182036401136,-97.4355025074608,5.011040723764736,-19.53891256191455,-5.0102633767690605,-59.02128418449138
313,0,313,19110000000.0,35.18181992411223,-97.43550250251812,5.000413947295163,-20.538436257679482,-5.010709637037702,-59.069910633782854
314,0,314,19120000000.0,35.18181950140416,-97.43550250239272,4.987343293054838,-21.220569748573904,-5.010720958738085,-59.11663678377835
315,0,315,19130000000.0,35.18181909655039,-97.43550250727047,4.971734472877363,-21.83061136746331,-5.010280560759682,-59.161389319717586
316,0,316,19140000000.0,35.18181869169661,-97.43550251214823,4.956125652699888,-22.7824150828695,-5.009840161498221,-59.20614185644226
317,0,317,19150000000.0,35.18181828684284,-97.435502517026,4.9405168325224125,-23.55259603005886,-5.009399762236758,-59.2508943923815
318,0,318,19160000000.0,35.18181788198907,-97.43550252190374,4.924908012344938,-24.35927930202062,-5.008959364258355,-59.295646928320735
319,0,319,19170000000.0,35.1818174771353,-97.4355025267815,4.909299192167463,-25.302203495666912,-5.0085189649968935,-59.340399464259974
320,0,320,19180000000.0,35.181817072281525,-97.43550253165925,4.893690371989988,-26.066936906736206,-5.00807856701849,-59.38515200019921
321,0,321,19190000000.0,35.181816667427746,-97.43550253653702,4.878081551812513,-26.857122363390957,-5.007638167757029,-59.429904536923885
322,0,322,19200000000.0,35.181816262573975,-97.43550254141478,4.862472731635037,-27.471336113675196,-5.007197768495566,-59.474657072863124
323,0,323,19210000000.0,35.1818158577202,-97.43550254629253,4.846863911457563,-28.2906549966044,-5.006757370517163,-59.51940960880236
324,0,324,19220000000.0,35.18181545286643,-97.43550255117029,4.831255091280088,-29.131129031251625,-5.006316971255702,-59.5641621447416
325,0,325,19230000000.0,35.18181504801266,-97.43550255604805,4.8156462711026125,-30.334932378240598,-5.00587657199424,-59.60891468068084
326,0,326,19240000000.0,35.18181464315888,-97.4355025609258,4.800037450925138,-31.8,-5.005436174015837,-59.65366721740551
327,0,327,19250000000.0,35.18181423830511,-97.43550256580356,4.784428630747662,-31.8,-5.0049957747543745,-59.69841975334475
328,0,328,19260000000.0,35.181813833451336,-97.43550257068131,4.768819810570188,-31.97325228562112,-5.004555376775971,-59.74317228928399
329,0,329,19270000000.0,35.181813428597565,-97.43550257555907,4.753210990392713,-32.93959214283133,-5.00411497751451,-59.78792482522323
330,0,330,19280000000.0,35.18181302374379,-97.43550258043683,4.737602170215237,-33.73102791348371,-5.003674578253048,-59.83267736116247
331,0,331,19290000000.0,35.181812618890014,-97.43550258531458,4.721993350037763,-34.54276799800786,-5.003234180274645,-59.87742989788714
332,0,332,19300000000.0,35.18181221403624,-97.43550259019234,4.706384529860287,-35.31155001849799,-5.002793781013183,-59.92218243382638
333,0,333,19310000000.0,35.18181180918247,-97.43550259507009,4.690775709682812,-36.29602729715263,-5.002353383034779,-59.96693496976562
334,0,334,19320000000.0,35.1818114043287,-97.43550259994785,4.675166889505338,-37.35936606923118,-5.001912983773318,-60.011687505704856
335,0,335,19330000000.0,35.18181098037906,-97.43550262622631,4.6606804353524645,-38.26468791160061,-4.999540376728994,-60.058550898499874
336,0,336,19340000000.0,35.18181055622304,-97.43550265273606,4.646206111231427,-39.236892767414254,-4.997146886638949,-60.105437105009116
337,0,337,19350000000.0,35.18181013206702,-97.43550267924581,4.63173178711039,-40.19447872812927,-4.994753396548904,-60.15232331151836
338,0,338,19360000000.0,35.18180970791101,-97.43550270575557,4.617257462989352,-41.30313359585403,-4.992359906458858,-60.19920951724217
339,0,339,19370000000.0,35.18180928375499,-97.43550273226532,4.602783138868315,-42.71856803412018,-4.989966416368813,-60.24609572375141
340,0,340,19380000000.0,35.181808859598966,-97.43550275877507,4.588308814747277,-43.91383173749753,-4.987572926278768,-60.29298193026065
341,0,341,19390000000.0,35.181808435442946,-97.43550278528483,4.57383449062624,-45.1732110429849,-4.985179436188723,-60.339868136769894
342,0,342,19400000000.0,35.18180801128693,-97.43550281179458,4.5593601665052015,-47.25461798938544,-4.982785946098677,-60.3867543424937
343,0,343,19410000000.0,35.18180758713091,-97.43550283830433,4.544885842384164,-52.2,-4.980392456008632,-60.433640549002945
344,0,344,19420000000.0,35.18180716297489,-97.43550286481407,4.530411518263127,-52.2,-4.9779989672016445,-60.48052675551219
345,0,345,19430000000.0,35.18180673881888,-97.43550289132382,4.515937194142089,-52.2,-4.975605477111599,-60.527412961235996
346,0,346,19440000000.0,35.18180631466286,-97.43550291783357,4.501462870021052,-52.76678988416913,-4.973211987021554,-60.57429916774524
347,0,347,19450000000.0,35.18180589050684,-97.43550294434333,4.486988545900014,-54.25479948057186,-4.970818496931509,-60.62118537425448
348,0,348,19460000000.0,35.18180546635082,-97.43550297085308,4.472514221778977,-56.063619470185444,-4.968425006841463,-60.66807157997829
349,0,349,19470000000.0,35.1818050421948,-97.43550299736283,4.458039897657939,-57.97135509505177,-4.966031516751419,-60.71495778648753
350,0,350,19480000000.0,35.18180461803878,-97.43550302387258,4.443565573536902,-59.523571536237554,-4.963638026661373,-60.76184399299677
351,0,351,19490000000.0,35.18180419388277,-97.43550305038234,4.4290912494158645,-61.20791244396078,-4.961244536571328,-60.80873019872058
352,0,352,19500000000.0,35.18180376972675,-97.43550307689209,4.414616925294827,-62.80580039633705,-4.958851046481282,-60.855616405229824
353,0,353,19510000000.0,35.18180335326367,-97.43550310491962,4.400567162551262,-64.75646750638045,-4.956320520705857,-60.90165223419362
354,0,354,19520000000.0,35.18180298905715,-97.43550314325715,4.3894013572577855,-66.84321309525676,-4.952859134065536,-60.94191162301854
355,0,355,19530000000.0,35.18180262485062,-97.43550318159468,4.378235551964309,-68.53197268385186,-4.949397747425214,-60.982171012628896
356,0,356,19540000000.0,35.1818022606441,-97.4355032199322,4.367069746670833,-70.20939917503799,-4.94593636206795,-61.02243040145382
357,0,357,19550000000.0,35.18180189643758,-97.43550325826973,4.355903941377356,-71.77251733268334,-4.942474975427629,-61.06268979027874
358,0,358,19560000000.0,35.18180153223105,-97.43550329660727,4.34473813608388,-74.77433394194985,-4.939013588787307,-61.102949179889094
359,0,359,19570000000.0,35.18180116802453,-97.4355033349448,4.333572330790403,-78.5,-4.935552202146986,-61.143208568714016
360,0,360,19580000000.0,35.181800803818,-97.43550337328232,4.322406525496927,-78.5,-4.932090816789723,-61.18346795832437
361,0,361,19590000000.0,35.18180043961148,-97.43550341161985,4.31124072020345,-78.91892160615699,-4.928629430149401,-61.22372734714929
362,0,362,19600000000.0,35.18180007540495,-97.43550344995738,4.300074914909974,-80.4586558111307,-4.92516804350908,-61.26398673675965
363,0,363,19610000000.0,35.18179971119843,-97.43550348829491,4.2889091096164975,-82.30235664418878,-4.921706656868758,-61.30424612558457
364,0,364,19620000000.0,35.1817993469919,-97.43550352663243,4.277743304323022,-84.48784876062922,-4.918245271511494,-61.344505515194925
365,0,365,19630000000.0,35.18179898278538,-97.43550356496996,4.2665774990295455,-86.47137406615337,-4.914783884871173,-61.384764904019846
366,0,366,19640000000.0,35.18179861857885,-97.4355036033075,4.255411693736069,-87.0048221333816,-4.911322498230851,-61.4250242936302
367,0,367,19650000000.0,35.18179825437233,-97.43550364164501,4.244245888442593,-89.12531114642118,-4.907861112873587,-61.46528368245512
368,0,368,19660000000.0,35.181797890165804,-97.43550367998255,4.233080083149116,-90.2,-4.904399726233266,-61.50554307206548
369,0,369,19670000000.0,35.18179752595928,-97.43550371832008,4.22191427785564,-92.27201284197086,-4.900938339592945,-61.5458024608904
370,0,370,19680000000.0,35.181797161752755,-97.43550375665761,4.210748472562163,-93.84643702600813,-4.897476952952623,-61.586061850500755
371,0,371,19690000000.0,35.181796797546234,-97.43550379499513,4.199582667268687,-95.41796493131092,-4.894015567595359,-61.62632123932568
372,0,372,19700000000.0,35.181796433339706,-97.43550383333266,4.1884168619752105,-97.26807018828409,-4.8905541809550375,-61.66658062893603
373,0,373,19710000000.0,35.181796069133185,-97.43550387167019,4.177251056681734,-98.6,-4.887092794314716,-61.70684001776095
374,0,374,19720000000.0,35.18179571195313,-97.43550391132031,4.166496953222609,-101.50577235856984,-4.8835128980579,-61.74632270117314
375,0,375,19730000000.0,35.18179537466359,-97.43550395468611,4.1569082933827115,-103.34802581533374,-4.87959752329293,-61.78360668715399
376,0,376,19740000000.0,35.181795037374044,-97.43550399805191,4.147319633542814,-107.90125962499427,-4.87568214852796,-61.82089067313484
377,0,377,19750000000.0,35.1817947000845,-97.4355040414177,4.137730973702917,-108.8,-4.871766775046047,-61.85817465911569
378,0,378,19760000000.0,35.18179436279496,-97.4355040847835,4.1281423138630196,-108.8,-4.867851400281077,-61.89545864509654
379,0,379,19770000000.0,35.18179402550542,-97.4355041281493,4.118553654023122,-110.41522958008487,-4.863936025516106,-61.93274263107739
380,0,380,19780000000.0,35.181793688215876,-97.4355041715151,4.108964994183225,-112.11513024922245,-4.860020650751136,-61.97002661705824
381,0,381,19790000000.0,35.181793350926334,-97.43550421488091,4.099376334343328,-113.49004618176801,-4.856105275986167,-62.00731060303909
382,0,382,19800000000.0,35.18179301363679,-97.4355042582467,4.08978767450343,-114.90184915760588,-4.852189902504254,-62.04459458901994
383,0,383,19810000000.0,35.18179267634725,-97.4355043016125,4.080199014663533,-116.75235760131183,-4.848274527739283,-62.081878575000786
384,0,384,19820000000.0,35.18179233905771,-97.4355043449783,4.070610354823636,-118.70846646720793,-4.844359152974313,-62.119162560981636
385,0,385,19830000000.0,35.181792001768166,-97.4355043883441,4.061021694983737,-120.04061565623833,-4.840443778209343,-62.156446546962485
386,0,386,19840000000.0,35.181791664478624,-97.43550443170989,4.05143303514384,-121.73250496983445,-4.836528404727431,-62.193730532943334
387,0,387,19850000000.0,35.18179132718908,-97.43550447507569,4.041844375303943,-123.04266574654636,-4.83261302996246,-62.231014518924184
388,0,388,19860000000.0,35.18179098989954,-97.43550451844149,4.0322557154640455,-124.5953978354889,-4.82869765519749,-62.26829850490503
389,0,389,19870000000.0,35.18179065261,-97.43550456180729,4.022667055624148,-126.51921479813811,-4.82478228043252,-62.30558249088588
390,0,390,19880000000.0,35.181790315320455,-97.4355046051731,4.013078395784251,-128.0167417586346,-4.820866905667549,-62.34286647686673
391,0,391,19890000000.0,35.18178997803091,-97.43550464853888,4.0034897359443535,-129.42343684709402,-4.816951532185637,-62.38015046284758
392,0,392,19900000000.0,35.18178964074137,-97.43550469190468,3.993901076104456,-133.60599822721454,-4.813036157420667,-62.41743444882843
393,0,393,19910000000.0,35.18178930345183,-97.43550473527048,3.9843124162645585,-135.3,-4.809120782655697,-62.45471843480928
394,0,394,19920000000.0,35.18178896616229,-97.43550477863629,3.974723756424661,-135.3,-4.805205407890726,-62.49200242079013
395,0,395,19930000000.0,35.18178862076224,-97.43550484480944,3.9672587166157953,-135.3,-4.799230821884995,-62.530182941912784
396,0,396,19940000000.0,35.181788267487,-97.43550493312826,3.9618556835743624,-136.05825629476735,-4.791256767650174,-62.56923398696145
397,0,397,19950000000.0,35.18178791421177,-97.43550502144706,3.95645265053293,-137.39663080548584,-4.783282714698411,-62.60828503122468
398,0,398,19960000000.0,35.18178756093653,-97.43550510976587,3.951049617491497,-139.00953313209183,-4.77530866046359,-62.64733607627335
399,0,399,19970000000.0,35.18178720766129,-97.43550519808468,3.945646584450064,-140.3491412843489,-4.767334606228769,-62.686387121322014
400,0,400,19980000000.0,35.181786854386054,-97.43550528640348,3.940243551408631,-141.77625569836155,-4.759360553277006,-62.725438165585246
401,0,401,19990000000.0,35.181786501110814,-97.4355053747223,3.934840518367198,-142.87793113573105,-4.751386499042185,-62.76448921063391
402,0,402,20000000000.0,35.18178614783558,-97.43550546304111,3.929437485325765,-143.98423450930497,-4.743412444807364,-62.80354025489714
403,0,403,20010000000.0,35.18178579456034,-97.43550555135992,3.924034452284332,-145.5137243175064,-4.7354383905725435,-62.84259129994581
404,0,404,20020000000.0,35.1817854412851,-97.43550563967872,3.918631419242899,-146.73334307043143,-4.72746433762078,-62.881642344994475
405,0,405,20030000000.0,35.18178508800987,-97.43550572799754,3.9132283862014665,-147.81615702973252,-4.719490283385959,-62.92069338925771
406,0,406,20040000000.0,35.18178473473463,-97.43550581631635,3.9078253531600335,-148.98032617624523,-4.711516229151138,-62.95974443430637
407,0,407,20050000000.0,35.181784381459394,-97.43550590463515,3.9024223201186006,-150.14240550588335,-4.703542176199374,-62.998795478569605
408,0,408,20060000000.0,35.181784028184154,-97.43550599295396,3.8970192870771676,-152.75993236535749,-4.695568121964553,-63.03784652361827
409,0,409,20070000000.0,35.181783674908914,-97.43550608127278,3.8916162540357346,-156.0,-4.687594067729732,-63.076897568666936
410,0,410,20080000000.0,35.18178332163368,-97.43550616959158,3.8862132209943017,-156.0,-4.679620014777969,-63.11594861293017
411,0,411,20090000000.0,35.18178296835844,-97.43550625791039,3.8808101879528687,-156.0,-4.671645960543148,-63.154999657978834
412,0,412,20100000000.0,35.18178261508321,-97.4355063462292,3.8754071549114357,-156.22841097061192,-4.663671906308326,-63.194050702242066
413,0,413,20110000000.0,35.18178226180797,-97.43550643454802,3.8700041218700028,-157.76011016337344,-4.655697852073505,-63.23310174729073
414,0,414,20120000000.0,35.181781926325485,-97.43550652415558,3.8625578300292513,-159.16930570673205,-4.647607439909808,-63.2701859809265
415,0,415,20130000000.0,35.18178164177143,-97.43550661745199,3.8492630916169674,-160.28764764066923,-4.639183972933789,-63.30164058616461
416,0,416,20140000000.0,35.18178135721738,-97.4355067107484,3.8359683532046835,-161.6962576401686,-4.63076050595777,-63.333095190617286
417,0,417,20150000000.0,35.181781072663334,-97.4355068040448,3.8226736147923996,-163.29242065096236,-4.622337038981751,-63.36454979506996
418,0,418,20160000000.0,35.18178078810928,-97.43550689734121,3.8093788763801157,-164.47647088614707,-4.613913572005732,-63.39600440030807
419,0,419,20170000000.0,35.18178050355523,-97.43550699063763,3.796084137967832,-165.8976348579902,-4.6054901037466545,-63.42745900476075
420,0,420,20180000000.0,35.18178021900118,-97.43550708393404,3.782789399555548,-166.8097604414852,-4.597066636770636,-63.458913609213425
421,0,421,20190000000.0,35.18177993444713,-97.43550717723045,3.769494661143264,-167.6874506277328,-4.588643169794617,-63.490368214451536
422,0,422,20200000000.0,35.18177964989308,-97.43550727052686,3.7561999227309806,-168.65866725922706,-4.580219702818598,-63.52182281890421
423,0,423,20210000000.0,35.18177936533903,-97.43550736382326,3.7429051843186967,-169.61390815435033,-4.571796235842578,-63.55327742335689
424,0,424,20220000000.0,35.18177908078498,-97.43550745711968,3.7296104459064128,-170.94851996268423,-4.563372767583502,-63.584732028595
425,0,425,20230000000.0,35.18177879623093,-97.43550755041609,3.716315707494129,-171.9465589068897,-4.554949300607483,-63.616186633047676
426,0,426,20240000000.0,35.18177851167688,-97.4355076437125,3.703020969081845,-178.03343753289928,-4.546525833631463,-63.64764123750035
427,0,427,20250000000.0,35.18177822712283,-97.4355077370089,3.689726230669561,-178.8,-4.538102366655445,-63.67909584273846
428,0,428,20260000000.0,35.18177794256878,-97.43550783030531,3.676431492257277,-178.8,-4.529678899679426,-63.71055044719114
429,0,429,20270000000.0,35.18177765801473,-97.43550792360173,3.6631367538449933,-178.8,-4.521255431420348,-63.742005051643815
430,0,430,20280000000.0,35.181777373460676,-97.43550801689814,3.64984201543271,-178.8,-4.512831964444329,-63.773459656881926
431,0,431,20290000000.0,35.18177708890663,-97.43550811019455,3.636547277020426,-180.0273111493077,-4.504408497468311,-63.8049142613346
432,0,432,20300000000.0,35.18177680435258,-97.43550820349095,3.623252538608142,-181.32599319044832,-4.4959850304922915,-63.83636886578728
433,0,433,20310000000.0,35.181776519798525,-97.43550829678736,3.609957800195858,-182.98468463926218,-4.487561563516272,-63.86782347102539
434,0,434,20320000000.0,35.18177623524448,-97.43550839008377,3.596663061783574,-184.52997479249188,-4.479138096540253,-63.899278075478065
435,0,435,20330000000.0,35.18177595069043,-97.43550848338019,3.5833683233712903,-185.79627467238336,-4.4707146282811765,-63.93073267993074
436,0,436,20340000000.0,35.1817756492684,-97.4355085923748,3.568507408066705,-187.12323432025997,-4.460873815032371,-63.96405187078358
437,0,437,20350000000.0,35.1817753441902,-97.43550870477203,3.5533070206366615,-187.9312718200141,-4.450725789034642,-63.99777521531007
438,0,438,20360000000.0,35.181775039112004,-97.43550881716926,3.538106633206618,-189.1122845110538,-4.440577763036914,-64.03149855905113
439,0,439,20370000000.0,35.1817747340338,-97.4355089295665,3.5229062457765736,-190.72755474670234,-4.430429737039185,-64.06522190357762
440,0,440,20380000000.0,35.181774428955606,-97.43550904196373,3.50770585834653,-192.43607774434736,-4.420281711041457,-64.09894524731868
441,0,441,20390000000.0,35.18177412387741,-97.43550915436096,3.4925054709164858,-193.63261474536725,-4.4101336850437285,-64.13266859105974
442,0,442,20400000000.0,35.18177381879921,-97.43550926675819,3.477305083486442,-196.16981752665382,-4.399985659046,-64.16639193558623
443,0,443,20410000000.0,35.18177351372101,-97.43550937915542,3.4621046960563984,-197.4,-4.389837633048272,-64.20011527932729
444,0,444,20420000000.0,35.18177320864282,-97.43550949155265,3.446904308626354,-197.4,-4.379689607050543,-64.23383862306835
445,0,445,20430000000.0,35.181772903564614,-97.43550960394988,3.4317039211963105,-198.65573819811743,-4.369541581052815,-64.26756196759484
446,0,446,20440000000.0,35.18177259848642,-97.43550971634711,3.4165035337662664,-199.73148898251907,-4.359393555055086,-64.3012853113359
447,0,447,20450000000.0,35.18177229340822,-97.43550982874434,3.4013031463362227,-200.66935615748594,-4.349245529057358,-64.33500865507696
448,0,448,20460000000.0,35.18177198833002,-97.43550994114158,3.3861027589061785,-201.1,-4.339097503059629,-64.36873199960345
449,0,449,20470000000.0,35.181771683251824,-97.4355100535388,3.370902371476135,-202.9677109745781,-4.328949477061901,-64.40245534334451
450,0,450,20480000000.0,35.18177137817362,-97.43551016593604,3.355701984046091,-204.99012870311307,-4.318801451064172,-64.436178687871
451,0,451,20490000000.0,35.181771073095426,-97.43551027833327,3.340501596616047,-206.05202736095313,-4.308653425066444,-64.46990203161207
452,0,452,20500000000.0,35.18177076801723,-97.4355103907305,3.3253012091860032,-207.25610548534087,-4.298505399068715,-64.50362537535312
453,0,453,20510000000.0,35.18177046293903,-97.43551050312773,3.310100821755959,-208.76116541324714,-4.288357373070987,-64.53734871987962
454,0,454,20520000000.0,35.181770162936324,-97.43551062097944,3.296251733265191,-210.32512958052973,-4.277716877484658,-64.57051101873205
455,0,455,20530000000.0,35.18176989460355,-97.43551077286592,3.2908344489141936,-211.53884453508272,-4.264003479442301,-64.60017252384006
456,0,456,20540000000.0,35.18176962627077,-97.43551092475239,3.285417164563196,-212.73364925107933,-4.2502900826830015,-64.62983402894807
457,0,457,20550000000.0,35.181769357937995,-97.43551107663887,3.2799998802121983,-213.95773694636625,-4.236576684640645,-64.65949553405608
458,0,458,20560000000.0,35.18176908960522,-97.43551122852534,3.274582595861201,-215.54102638625116,-4.222863287881346,-64.68915703916409
459,0,459,20570000000.0,35.18176882127244,-97.43551138041182,3.2691653115102035,-219.5,-4.209149889838988,-64.7188185442721
460,0,460,20580000000.0,35.181768552939666,-97.4355115322983,3.2637480271592056,-219.5,-4.195436491796632,-64.7484800493801
461,0,461,20590000000.0,35.18176828460689,-97.43551168418477,3.2583307428082082,-219.5,-4.1817230950373325,-64.77814155448812
462,0,462,20600000000.0,35.18176801627411,-97.43551183607126,3.252913458457211,-220.63447366965744,-4.168009696994976,-64.80780305959613
463,0,463,20610000000.0,35.181767747941336,-97.43551198795774,3.2474961741062134,-222.02538985915493,-4.154296298952619,-64.83746456470413
464,0,464,20620000000.0,35.18176747960856,-97.4355121398442,3.2420788897552155,-223.78302407566255,-4.140582902193319,-64.86712606981214
465,0,465,20630000000.0,35.18176721127578,-97.43551229173069,3.236661605404218,-224.98363021552544,-4.126869504150962,-64.89678757492015
466,0,466,20640000000.0,35.18176694294301,-97.43551244361716,3.2312443210532207,-225.78221995893225,-4.113156107391663,-64.92644908002816
467,0,467,20650000000.0,35.18176667461023,-97.43551259550364,3.225827036702223,-226.73634908158888,-4.099442709349306,-64.95611058513617
468,0,468,20660000000.0,35.181766406277454,-97.43551274739012,3.2204097523512254,-228.44879080025947,-4.085729311306949,-64.98577209024418
469,0,469,20670000000.0,35.18176613794468,-97.43551289927659,3.214992468000228,-229.89962051916112,-4.0720159145476496,-65.01543359535219
470,0,470,20680000000.0,35.1817658696119,-97.43551305116307,3.2095751836492306,-231.2541406123491,-4.058302516505293,-65.0450951004602
471,0,471,20690000000.0,35.181765601279125,-97.43551320304955,3.2041578992982327,-232.73193415098052,-4.044589118462936,-65.07475660556821
472,0,472,20700000000.0,35.18176533294635,-97.43551335493602,3.1987406149472353,-233.92193909673057,-4.030875721703637,-65.10441811067622
473,0,473,20710000000.0,35.18176506461357,-97.4355135068225,3.193323330596238,-235.24924723513675,-4.01716232366128,-65.13407961578423
474,0,474,20720000000.0,35.18176480329703,-97.4355136625725,3.19026545913282,-236.53195149619563,-4.003100099462412,-65.16296554650438
475,0,475,20730000000.0,35.18176455311601,-97.43551382445433,3.1909522305587825,-237.87749738343717,-3.9884842500168434,-65.19062055614967
476,0,476,20740000000.0,35.18176430293499,-97.43551398633618,3.1916390019847447,-240.56375688313506,-3.9738683992882162,-65.21827556658039
477,0,477,20750000000.0,35.18176405275397,-97.43551414821802,3.1923257734107073,-242.5,-3.959252548559589,-65.24593057622567
478,0,478,20760000000.0,35.18176380257295,-97.43551431009985,3.1930125448366695,-242.5,-3.944636699114019,-65.27358558587096
479,0,479,20770000000.0,35.181763552391935,-97.43551447198169,3.193699316262632,-243.18010586489092,-3.9300208483853916,-65.30124059551625
480,0,480,20780000000.0,35.18176330221091,-97.43551463386352,3.1943860876885943,-244.45288425453896,-3.9154049989398225,-65.32889560594697
481,0,481,20790000000.0,35.18176305202989,-97.43551479574536,3.195072859114557,-245.38524536340378,-3.9007891482111954,-65.35655061559225
482,0,482,20800000000.0,35.181762801848876,-97.43551495762719,3.195759630540519,-246.4669432632904,-3.8861732987656255,-65.38420562523754
483,0,483,20810000000.0,35.18176255166785,-97.43551511950903,3.1964464019664818,-247.95275545585247,-3.8715574480369987,-65.41186063566826
484,0,484,20820000000.0,35.181762301486835,-97.43551528139086,3.197133173392444,-249.01525335353085,-3.856941598591429,-65.43951564531355
485,0,485,20830000000.0,35.18176205130582,-97.4355154432727,3.1978199448184066,-250.3725088444591,-3.8423257478628017,-65.46717065495884
486,0,486,20840000000.0,35.1817618011248,-97.43551560515454,3.1985067162443688,-251.51268916072948,-3.8277098984172326,-65.49482566460412
487,0,487,20850000000.0,35.181761550943776,-97.43551576703638,3.1991934876703314,-252.61603546134913,-3.813094047688605,-65.52248067503484
488,0,488,20860000000.0,35.18176130076276,-97.4355159289182,3.1998802590962936,-253.72228490306844,-3.7984781982430356,-65.55013568468013
489,0,489,20870000000.0,35.18176105058174,-97.43551609080005,3.200567030522256,-254.76739578076163,-3.783862347514408,-65.57779069432542
490,0,490,20880000000.0,35.18176080040072,-97.43551625268188,3.2012538019482184,-255.86531392887494,-3.769246498068839,-65.60544570475614
491,0,491,20890000000.0,35.1817605502197,-97.43551641456372,3.201940573374181,-257.0058164279631,-3.754630647340212,-65.63310071440142
492,0,492,20900000000.0,35.18176030003868,-97.43551657644555,3.202627344800143,-259.4098810712896,-3.740014797894642,-65.66075572404671
493,0,493,20910000000.0,35.181760049857665,-97.4355167383274,3.203314116226106,-261.0,-3.725398947166015,-65.688410733692
494,0,494,20920000000.0,35.181759799680975,-97.43551690023926,3.2039938188768238,-261.0,-3.7107803853366503,-65.71606526500801
495,0,495,20930000000.0,35.18175955285257,-97.43551708536057,3.1992115185467584,-261.0,-3.694066309434401,-65.74334967707387
496,0,496,20940000000.0,35.18175930602417,-97.43551727048187,3.1944292182166936,-261.5215515217557,-3.67735223481521,-65.77063408835429
497,0,497,20950000000.0,35.18175905919576,-97.43551745560318,3.1896469178866282,-262.24158964403483,-3.6606381589129606,-65.79791850042014
498,0,498,20960000000.0,35.18175881236736,-97.43551764072448,3.184864617556563,-263.0670826924304,-3.6439240830107122,-65.82520291170056
499,0,499,20970000000.0,35.181758565538956,-97.43551782584578,3.180082317226498,-263.75946863893694,-3.6272100083915215,-65.85248732376641
500,0,500,20980000000.0,35.18175831871055,-97.43551801096709,3.1753000168964327,-264.4493062668641,-3.6104959324892723,-65.87977173583226
501,0,501,20990000000.0,35.18175807188215,-97.43551819608838,3.170517716566368,-265.0289764398047,-3.593781857870081,-65.90705614711268
502,0,502,21000000000.0,35.181757825053744,-97.43551838120969,3.1657354162363025,-265.47967122331636,-3.5770677819678323,-65.93434055917854
503,0,503,21010000000.0,35.18175757822534,-97.435518566331,3.1609531159062376,-265.9815145431603,-3.5603537060655834,-65.96162497124439
504,0,504,21020000000.0,35.18175733139694,-97.43551875145229,3.1561708155761723,-266.55591063644374,-3.543639631446392,-65.98890938252481
505,0,505,21030000000.0,35.18175708456853,-97.4355189365736,3.1513885152461074,-267.0771509862884,-3.5269255555441434,-66.01619379459066
506,0,506,21040000000.0,35.181756837740124,-97.4355191216949,3.146606214916042,-267.46406765019935,-3.5102114809249523,-66.04347820665652
507,0,507,21050000000.0,35.181756590911725,-97.4355193068162,3.141823914585977,-267.86437152542373,-3.4934974050227035,-66.07076261793694
508,0,508,21060000000.0,35.18175634408332,-97.43551949193751,3.137041614255912,-268.2612819834475,-3.476783329120455,-66.09804703000279
509,0,509,21070000000.0,35.18175609725491,-97.4355196770588,3.132259313925847,-269.00669255762296,-3.460069254501263,-66.12533144206864
510,0,510,21080000000.0,35.18175585042651,-97.43551986218012,3.1274770135957817,-269.4,-3.4433551785990146,-66.15261585334906
511,0,511,21090000000.0,35.181755603598106,-97.43552004730142,3.122694713265717,-269.4,-3.4266411026967654,-66.17990026541491
512,0,512,21100000000.0,35.1817553567697,-97.43552023242272,3.1179124129356515,-269.5307868047041,-3.4099270280775746,-66.20718467748077
513,0,513,21110000000.0,35.1817551099413,-97.43552041754403,3.1131301126055866,-269.8711479040436,-3.393212952175326,-66.23446908876119
514,0,514,21120000000.0,35.18175487313418,-97.43552064378126,3.116525711341048,-270.20840636880587,-3.3727866364725743,-66.2606457475755
515,0,515,21130000000.0,35.18175464437569,-97.43552090304088,3.1264894144855266,-270.59858190138743,-3.3493788233381996,-66.28593271159218
516,0,516,21140000000.0,35.1817544156172,-97.4355211623005,3.1364531176300052,-270.91851201907446,-3.325971010203824,-66.31121967482343
517,0,517,21150000000.0,35.18175418685871,-97.43552142156013,3.146416820774484,-271.2131419306435,-3.3025631970694493,-66.33650663805469
518,0,518,21160000000.0,35.18175395810022,-97.43552168081975,3.1563805239189624,-271.78127437869057,-3.279155383935074,-66.36179360207137
519,0,519,21170000000.0,35.18175372934173,-97.43552194007938,3.166344227063441,-272.48357643573814,-3.2557475695176414,-66.38708056530263
520,0,520,21180000000.0,35.181753500583234,-97.435522199339,3.1763079302079196,-273.11274522404733,-3.2323397563832663,-66.41236752931931
521,0,521,21190000000.0,35.181753271824746,-97.43552245859863,3.186271633352398,-273.8098855993614,-3.208931943248891,-66.43765449255056
522,0,522,21200000000.0,35.18175304306626,-97.43552271785825,3.1962353364968767,-274.60724284163683,-3.1855241301145156,-66.46294145578182
523,0,523,21210000000.0,35.181752814307764,-97.43552297711787,3.2061990396413558,-275.530061040397,-3.162116316980141,-66.4882284197985
524,0,524,21220000000.0,35.181752585549276,-97.43552323637749,3.2161627427858344,-276.5858759467106,-3.138708503845766,-66.51351538302976
525,0,525,21230000000.0,35.18175235679078,-97.43552349563711,3.226126445930313,-277.5090884790477,-3.1153006907113907,-66.53880234704644
526,0,526,21240000000.0,35.181752128032294,-97.43552375489674,3.2360901490747915,-279.5080275847305,-3.0918928775770156,-66.5640893102777
527,0,527,21250000000.0,35.1817518992738,-97.43552401415636,3.24605385221927,-281.7,-3.0684850644426405,-66.58937627429438
528,0,528,21260000000.0,35.18175167051531,-97.43552427341598,3.2560175553637487,-281.7,-3.0450772513082653,-66.61466323752563
529,0,529,21270000000.0,35.18175144175682,-97.4355245326756,3.2659812585082273,-282.1923824417077,-3.02166943817389,-66.63995020075689
530,0,530,21280000000.0,35.18175121299833,-97.43552479193524,3.275944961652706,-283.31909871271193,-2.9982616237564574,-66.66523716477357
531,0,531,21290000000.0,35.18175098423984,-97.43552505119486,3.2859086647971845,-284.47893075621477,-2.9748538106220823,-66.69052412800482
532,0,532,21300000000.0,35.181750755481346,-97.43552531045448,3.295872367941663,-285.5934100274242,-2.951445997487707,-66.71581109202151
533,0,533,21310000000.0,35.18175052672286,-97.4355255697141,3.3058360710861416,-287.11114250803564,-2.9280381843533325,-66.74109805525276
534,0,534,21320000000.0,35.181750305194306,-97.43552578210098,3.2992501213806746,-288.38812046148666,-2.9088623776587927,-66.76558582138497
535,0,535,21330000000.0,35.181750084622045,-97.43552598828809,3.290475181485057,-289.47305111189564,-2.8902463305094077,-66.78996787910492
536,0,536,21340000000.0,35.18174986404979,-97.4355261944752,3.2817002415894394,-290.60584018822755,-2.8716302833600222,-66.81434993603943
537,0,537,21350000000.0,35.18174964347753,-97.43552640066231,3.272925301693822,-291.5957124733911,-2.8530142362106368,-66.83873199375938
538,0,538,21360000000.0,35.18174942290527,-97.43552660684942,3.264150361798204,-292.7263103123876,-2.8343981890612517,-66.86311405147933
539,0,539,21370000000.0,35.18174920233301,-97.43552681303655,3.2553754219025866,-293.74545155554335,-2.8157821406288086,-66.88749610919928
540,0,540,21380000000.0,35.18174898176075,-97.43552701922366,3.246600482006969,-294.5371268297992,-2.7971660934794236,-66.91187816691922
541,0,541,21390000000.0,35.181748761188494,-97.43552722541077,3.2378255421113513,-295.343764935181,-2.778550046330038,-66.93626022385374
542,0,542,21400000000.0,35.18174854061623,-97.43552743159788,3.2290506022157337,-295.99560601942056,-2.759933999180653,-66.96064228157368
543,0,543,21410000000.0,35.18174832004397,-97.43552763778499,3.220275662320116,-297.0111630939022,-2.7413179520312676,-66.98502433929363
544,0,544,21420000000.0,35.18174809947171,-97.4355278439721,3.2115007224244985,-298.1,-2.7227019048818826,-67.00940639701358
545,0,545,21430000000.0,35.18174787889945,-97.43552805015922,3.202725782528881,-298.1,-2.7040858564494394,-67.03378845473352
546,0,546,21440000000.0,35.1817476583272,-97.43552825634633,3.1939508426332632,-298.19640239735674,-2.6854698093000544,-67.05817051166804
547,0,547,21450000000.0,35.181747437754936,-97.43552846253344,3.1851759027376456,-298.43586417378475,-2.666853762150669,-67.08255256938799
548,0,548,21460000000.0,35.181747217182675,-97.43552866872055,3.176400962842028,-298.7118821844922,-2.6482377150012835,-67.10693462710793
549,0,549,21470000000.0,35.181746996610414,-97.43552887490766,3.1676260229464104,-299.0,-2.629621667851898,-67.13131668482788
550,0,550,21480000000.0,35.18174677603815,-97.43552908109477,3.1588510830507928,-299.03614842065946,-2.611005620702513,-67.15569874254783
551,0,551,21490000000.0,35.18174655546589,-97.4355292872819,3.150076143155175,-299.1,-2.5923895722700703,-67.18008080026777
552,0,552,21500000000.0,35.18174633489364,-97.435529493469,3.1413012032595575,-299.1,-2.573773525120685,-67.20446285720229
553,0,553,21510000000.0,35.18174611432138,-97.43552969965612,3.13252626336394,-299.1,-2.5551574779712993,-67.22884491492223
554,0,554,21520000000.0,35.181745893976135,-97.435529906741,3.124017211051065,-299.1,-2.536460373657165,-67.2532018780278
555,0,555,21530000000.0,35.18174568141455,-97.43553014460754,3.124624529874499,-299.1,-2.5149840805867716,-67.2766984359528
556,0,556,21540000000.0,35.18174546885296,-97.43553038247408,3.1252318486979327,-299.1,-2.4935077875163776,-67.3001949938778
557,0,557,21550000000.0,35.18174525629137,-97.43553062034061,3.1258391675213666,-299.1,-2.4720314957290412,-67.3236915518028
558,0,558,21560000000.0,35.181745043729784,-97.43553085820716,3.126446486344801,-299.1,-2.4505552026586477,-67.3471881097278
559,0,559,21570000000.0,35.181744831168196,-97.43553109607369,3.127053805168235,-299.1370571160789,-2.4290789108713113,-67.3706846676528
560,0,560,21580000000.0,35.18174461860661,-97.43553133394023,3.1276611239916687,-299.2,-2.4076026178009178,-67.3941812255778
561,0,561,21590000000.0,35.18174440604502,-97.43553157180678,3.1282684428151026,-299.2,-2.3861263247305238,-67.4176777835028
562,0,562,21600000000.0,35.18174419348343,-97.43553180967331,3.1288757616385365,-299.2,-2.3646500329431874,-67.4411743414278
563,0,563,21610000000.0,35.181743980921844,-97.43553204753985,3.1294830804619704,-299.2,-2.343173739872794,-67.4646708993528
564,0,564,21620000000.0,35.181743768360256,-97.43553228540638,3.1300903992854043,-299.24051155032225,-2.3216974480854575,-67.4881674572778
565,0,565,21630000000.0,35.18174355579867,-97.43553252327293,3.1306977181088382,-299.3289131926645,-2.300221155015064,-67.5116640152028
566,0,566,21640000000.0,35.18174334323707,-97.43553276113947,3.1313050369322726,-299.4425949933369,-2.27874486194467,-67.53516057391323
567,0,567,21650000000.0,35.181743130675486,-97.435532999006,3.1319123557557065,-299.546361106593,-2.2572685701573336,-67.55865713183823
568,0,568,21660000000.0,35.1817429181139,-97.43553323687254,3.1325196745791404,-299.6,-2.23579227708694,-67.58215368976323
569,0,569,21670000000.0,35.18174270555231,-97.43553347473909,3.1331269934025743,-299.83911173437036,-2.214315984016546,-67.60565024768823
570,0,570,21680000000.0,35.18174249299072,-97.43553371260562,3.133734312226008,-300.0324942441428,-2.19283969222921,-67.62914680561323
571,0,571,21690000000.0,35.181742280429134,-97.43553395047216,3.134341631049442,-300.2908106955858,-2.171363399158816,-67.65264336353823
572,0,572,21700000000.0,35.181742067867546,-97.43553418833869,3.134948949872876,-300.80183503520044,-2.1498871073714803,-67.67613992146323
573,0,573,21710000000.0,35.18174185530596,-97.43553442620524,3.13555626869631,-301.0929764463687,-2.1284108143010867,-67.69963647938823
574,0,574,21720000000.0,35.18174166020578,-97.43553467188633,3.1343055364533865,-301.17062499350493,-2.1062289678488875,-67.72120285304126
575,0,575,21730000000.0,35.181741512469706,-97.4355349387644,3.1280148389167293,-301.5389327922403,-2.082133306244719,-67.73753359866575
576,0,576,21740000000.0,35.181741364733625,-97.43553520564248,3.121724141380072,-302.08539579379067,-2.058037644640551,-67.75386434507567
577,0,577,21750000000.0,35.18174121699755,-97.43553547252056,3.115433443843415,-302.8265597666104,-2.0339419830363825,-67.77019509070016
578,0,578,21760000000.0,35.18174106926147,-97.43553573939865,3.1091427463067576,-303.0060058163522,-2.0098463201491565,-67.78652583711008
579,0,579,21770000000.0,35.18174092152539,-97.43553600627672,3.102852048770101,-303.69960994571693,-1.9857506585449884,-67.80285658352
580,0,580,21780000000.0,35.181740773789315,-97.4355362731548,3.0965613512334436,-304.3405590353827,-1.9616549969408204,-67.81918732914448
581,0,581,21790000000.0,35.181740626053234,-97.43553654003287,3.0902706536967863,-305.11344741395635,-1.9375593353366523,-67.8355180755544
582,0,582,21800000000.0,35.18174047831715,-97.43553680691095,3.083979956160129,-306.50157430737164,-1.9134636737324837,-67.85184882196432
583,0,583,21810000000.0,35.18174033058108,-97.43553707378904,3.077689258623472,-307.3926511909246,-1.8893680108452582,-67.86817956758881
584,0,584,21820000000.0,35.181740182845,-97.43553734066711,3.0713985610868146,-307.66394373226336,-1.8652723492410899,-67.88451031399873
585,0,585,21830000000.0,35.181740035108916,-97.43553760754519,3.0651078635501574,-308.55784196912805,-1.8411766876369215,-67.90084106040865
586,0,586,21840000000.0,35.18173988737284,-97.43553787442326,3.0588171660135,-309.5834795335412,-1.8170810260327532,-67.91717180603314
587,0,587,21850000000.0,35.18173973963676,-97.43553814130134,3.052526468476843,-311.15383622435996,-1.7929853644285851,-67.93350255244306
588,0,588,21860000000.0,35.18173959190069,-97.43553840817941,3.0462357709401857,-311.7,-1.768889702824417,-67.94983329806755
589,0,589,21870000000.0,35.181739444164606,-97.4355386750575,3.0399450734035285,-313.1983739481268,-1.744794039937191,-67.96616404447747
590,0,590,21880000000.0,35.181739296428525,-97.43553894193558,3.0336543758668713,-314.37352488610856,-1.720698378333023,-67.98249479088739
591,0,591,21890000000.0,35.18173914869245,-97.43553920881365,3.027363678330214,-315.7917471424948,-1.6966027167288544,-67.99882553651187
592,0,592,21900000000.0,35.18173900095637,-97.43553947569173,3.021072980793557,-318.40194894848315,-1.6725070551246863,-68.0151562829218
593,0,593,21910000000.0,35.18173885322029,-97.4355397425698,3.0147822832568996,-320.94460841772843,-1.648411393520518,-68.03148702933171
594,0,594,21920000000.0,35.181738705484214,-97.43554000944788,3.0084915857202423,-321.1,-1.62431573191635,-68.0478177749562
595,0,595,21930000000.0,35.18173856009043,-97.4355402844241,3.0018510228513047,-321.2811616562745,-1.5994889109495785,-68.0638896038532
596,0,596,21940000000.0,35.181738420544306,-97.43554057961782,2.9943370011366515,-322.99112766952015,-1.572836710859924,-68.079315032399
597,0,597,21950000000.0,35.18173828099819,-97.43554087481152,2.9868229794219983,-325.30559834968983,-1.5461845120533269,-68.09474046015936
598,0,598,21960000000.0,35.18173814145207,-97.43554117000524,2.979308957707345,-325.7545514607625,-1.5195323119636723,-68.11016588791972
599,0,599,21970000000.0,35.181738001905956,-97.43554146519895,2.9717949359926914,-327.1763423586953,-1.4928801118740178,-68.12559131568008
600,0,600,21980000000.0,35.18173786235984,-97.43554176039265,2.964280914278038,-328.4621789421958,-1.4662279130674207,-68.14101674344045
601,0,601,21990000000.0,35.18173772281372,-97.43554205558637,2.956766892563385,-329.9335518975609,-1.4395757129777662,-68.15644217120081
602,0,602,22000000000.0,35.181737583267605,-97.43554235078008,2.9492528708487318,-332.0999741195868,-1.4129235128881117,-68.17186759896117
603,0,603,22010000000.0,35.18173744372149,-97.43554264597378,2.9417388491340786,-333.39158805387467,-1.3862713140815146,-68.18729302672153
604,0,604,22020000000.0,35.18173730417537,-97.4355429411675,2.9342248274194254,-333.7268836678761,-1.35961911399186,-68.2027184544819
605,0,605,22030000000.0,35.18173716462925,-97.43554323636121,2.9267108057047717,-334.780862124118,-1.3329669139022056,-68.2181438830277
606,0,606,22040000000.0,35.18173702508313,-97.43554353155493,2.9191967839901185,-335.8621539677867,-1.306314713812551,-68.23356931078806
607,0,607,22050000000.0,35.18173688553701,-97.43554382674863,2.9116827622754653,-337.2078791875184,-1.2796625150059542,-68.24899473854842
608,0,608,22060000000.0,35.1817367459909,-97.43554412194234,2.904168740560812,-337.7,-1.2530103149162994,-68.26442016630878
609,0,609,22070000000.0,35.18173660644478,-97.43554441713606,2.896654718846159,-340.2,-1.226358114826645,-68.27984559406914
610,0,610,22080000000.0,35.18173646689866,-97.43554471232976,2.8891406971315057,-340.2,-1.199705916020048,-68.2952710218295
611,0,611,22090000000.0,35.181736327352546,-97.43554500752347,2.881626675416852,-340.3981548043041,-1.1730537159303933,-68.31069644958987
612,0,612,22100000000.0,35.18173618780643,-97.43554530271719,2.874112653702199,-341.5808317631889,-1.1464015158407388,-68.32612187735023
613,0,613,22110000000.0,35.18173604826031,-97.43554559791089,2.8665986319875456,-341.68646350489934,-1.1197493170341417,-68.3415473051106
614,0,614,22120000000.0,35.18173592804374,-97.43554588643214,2.8651447586857666,-342.2422066467518,-1.0936995548350477,-68.35483604466376
615,0,615,22130000000.0,35.18173581804618,-97.43554617142583,2.866894719950374,-342.76211250758104,-1.0679682860274167,-68.36699517548055
616,0,616,22140000000.0,35.18173570804861,-97.43554645641952,2.868644681214981,-343.1428050356765,-1.0422370172197857,-68.37915430629735
617,0,617,22150000000.0,35.18173559805105,-97.4355467414132,2.8703946424795888,-343.5949420897209,-1.0165057484121547,-68.39131343711415
618,0,618,22160000000.0,35.181735488053484,-97.4355470264069,2.872144603744196,-344.0732338727071,-0.9907744796045237,-68.40347256793095
619,0,619,22170000000.0,35.18173537805592,-97.43554731140058,2.8738945650088032,-344.3785335016935,-0.9650432107968927,-68.41563169874775
620,0,620,22180000000.0,35.18173526805835,-97.43554759639429,2.875644526273411,-344.7621748106061,-0.9393119407062042,-68.42779083034998
621,0,621,22190000000.0,35.18173515806078,-97.43554788138798,2.877394487538018,-344.9554375777929,-0.9135806718985732,-68.43994996116677
622,0,622,22200000000.0,35.18173504806322,-97.43554816638166,2.879144448802626,-345.13982896666,-0.8878494030909421,-68.45210909198357
623,0,623,22210000000.0,35.18173493806565,-97.43554845137535,2.880894410067233,-345.3422741606962,-0.8621181342833111,-68.46426822280037
624,0,624,22220000000.0,35.18173482806809,-97.43554873636904,2.8826443713318404,-345.5611425759889,-0.8363868654756801,-68.47642735361717
625,0,625,22230000000.0,35.18173471807052,-97.43554902136273,2.884394332596448,-345.6963424809533,-0.8106555966680491,-68.48858648443397
626,0,626,22240000000.0,35.18173460807296,-97.43554930635642,2.8861442938610553,-345.7,-0.7849243278604181,-68.50074561525076
627,0,627,22250000000.0,35.18173449807539,-97.43554959135012,2.8878942551256626,-345.7,-0.7591930577697295,-68.51290474606756
628,0,628,22260000000.0,35.18173438807783,-97.43554987634381,2.8896442163902702,-345.9198900996777,-0.7334617889620985,-68.52506387688436
629,0,629,22270000000.0,35.18173427808026,-97.4355501613375,2.8913941776548775,-346.3834364951156,-0.7077305201544675,-68.53722300770116
630,0,630,22280000000.0,35.1817341680827,-97.43555044633119,2.893144138919485,-346.5763474957639,-0.6819992513468365,-68.54938213851796
631,0,631,22290000000.0,35.181734058085134,-97.43555073132488,2.8948941001840924,-346.6,-0.6562679825392055,-68.56154126933475
632,0,632,22300000000.0,35.18173394808757,-97.43555101631857,2.8966440614486997,-346.6,-0.6305367137315745,-68.57370040015155
633,0,633,22310000000.0,35.181733838090004,-97.43555130131226,2.8983940227133074,-346.6,-0.6048054449239435,-68.58585953096835
634,0,634,22320000000.0,35.18173374138051,-97.43555158562837,2.897046016997409,-346.6,-0.5791353523033365,-68.59654979821073
635,0,635,22330000000.0,35.18173365170982,-97.43555186958558,2.894056993870993,-346.6,-0.5534976645858225,-68.60646199652706
636,0,636,22340000000.0,35.18173356203913,-97.43555215354277,2.8910679707445777,-346.6,-0.5278599781513661,-68.61637419484339
637,0,637,22350000000.0,35.18173347236843,-97.43555243749996,2.888078947618162,-346.6,-0.5022222917169098,-68.62628639394515
638,0,638,22360000000.0,35.181733382697736,-97.43555272145717,2.885089924491746,-346.53301570246106,-0.47658460399939584,-68.63619859226148
639,0,639,22370000000.0,35.181733293027044,-97.43555300541436,2.8821009013653303,-346.5,-0.45094691756493943,-68.64611079057781
640,0,640,22380000000.0,35.18173320335635,-97.43555328937157,2.879111878238915,-346.3157457221398,-0.42530922984742553,-68.65602298889414
641,0,641,22390000000.0,35.18173311368565,-97.43555357332876,2.876122855112499,-346.21768423498463,-0.3996715434129692,-68.6659351879959
642,0,642,22400000000.0,35.18173302401496,-97.43555385728595,2.8731338319860833,-346.14304330374404,-0.3740338569785128,-68.67584738631223
643,0,643,22410000000.0,35.18173293434427,-97.43555414124316,2.870144808859668,-345.98245436073785,-0.34839616926099887,-68.68575958462856
644,0,644,22420000000.0,35.18173284467357,-97.43555442520035,2.867155785733252,-345.7117348177083,-0.3227584828265425,-68.69567178373032
645,0,645,22430000000.0,35.181732755002876,-97.43555470915754,2.8641667626068363,-345.5277523347831,-0.29712079639208616,-68.70558398204665
646,0,646,22440000000.0,35.181732665332184,-97.43555499311475,2.861177739480421,-344.9356537532516,-0.2714831086745722,-68.71549618036298
647,0,647,22450000000.0,35.18173257566149,-97.43555527707194,2.858188716354005,-344.8,-0.24584542224011585,-68.7254083786793
648,0,648,22460000000.0,35.18173248599079,-97.43555556102913,2.8551996932275894,-344.6810597705267,-0.2202077358056595,-68.73532057778107
649,0,649,22470000000.0,35.1817323963201,-97.43555584498634,2.8522106701011736,-344.08048774169396,-0.19457004808814551,-68.7452327760974
650,0,650,22480000000.0,35.18173230664941,-97.43555612894353,2.849221646974758,-343.67615071825117,-0.16893236165368916,-68.75514497441372
651,0,651,22490000000.0,35.181732216978716,-97.43555641290074,2.8462326238483424,-343.14741964394557,-0.1432946739361752,-68.76505717273005
652,0,652,22500000000.0,35.18173212730802,-97.43555669685793,2.8432436007219266,-342.59551720700716,-0.11765698750171887,-68.77496937183182
653,0,653,22510000000.0,35.181732037637325,-97.43555698081512,2.8402545775955113,-341.9077930345287,-0.0920193010672625,-68.78488157014814
654,0,654,22520000000.0,35.181731962694485,-97.43555729226686,2.844567130307568,-341.16072431494285,-0.06389920993318511,-68.79316575162534
655,0,655,22530000000.0,35.18173189840475,-97.43555762360626,2.8541611365421784,-340.5151831358669,-0.033983519443439816,-68.80027233906503
656,0,656,22540000000.0,35.18173183411502,-97.43555795494565,2.8637551427767893,-339.75797366439355,-0.004067828953694517,-68.80737892571929
657,0,657,22550000000.0,35.18173176982529,-97.43555828628504,2.8733491490114,-339.2081608095663,0.025847861536050776,-68.81448551237355
658,0,658,22560000000.0,35.181731705535555,-97.43555861762444,2.8829431552460103,-338.53561759375395,0.05576355202579607,-68.82159209981324
659,0,659,22570000000.0,35.181731641245825,-97.43555894896382,2.892537161480621,-337.33640031550675,0.08567924123248376,-68.8286986864675
660,0,660,22580000000.0,35.18173157695609,-97.43555928030321,2.9021311677152313,-336.6142740859123,0.11559493172222904,-68.8358052739072
661,0,661,22590000000.0,35.18173151266636,-97.4355596116426,2.9117251739498418,-335.7071379283653,0.14551062221197433,-68.84291186056146
662,0,662,22600000000.0,35.181731448376624,-97.435559942982,2.9213191801844522,-334.925467358743,0.17542631270171963,-68.85001844800115
663,0,663,22610000000.0,35.181731384086895,-97.43556027432139,2.930913186419063,-333.01766924869185,0.20534200319146492,-68.85712503465541
664,0,664,22620000000.0,35.181731319797166,-97.43556060566077,2.9405071926536737,-332.3,0.23525769239815258,-68.86423162130967
665,0,665,22630000000.0,35.18173125550743,-97.43556093700016,2.950101198888284,-332.3,0.2651733828878979,-68.87133820874936
666,0,666,22640000000.0,35.1817311912177,-97.43556126833955,2.9596952051228946,-331.651706523513,0.2950890733776432,-68.87844479540362
667,0,667,22650000000.0,35.181731126927964,-97.43556159967895,2.969289211357505,-331.2487204640299,0.32500476386738847,-68.88555138284332
668,0,668,22660000000.0,35.181731062638235,-97.43556193101834,2.9788832175921156,-330.9262445715214,0.35492045435713376,-68.89265796949758
669,0,669,22670000000.0,35.1817309983485,-97.43556226235772,2.988477223826726,-329.9102399470759,0.38483614356382145,-68.89976455693727
670,0,670,22680000000.0,35.18173093405877,-97.43556259369711,2.998071230061337,-329.2582113814111,0.41475183405356675,-68.90687114359153
671,0,671,22690000000.0,35.181730869769034,-97.4355629250365,3.0076652362959475,-328.7175956542336,0.44466752454331204,-68.91397773103122
672,0,672,22700000000.0,35.181730805479305,-97.4355632563759,3.017259242530558,-328.1973375722543,0.47458321503305734,-68.92108431768548
673,0,673,22710000000.0,35.181730741189575,-97.4355635877153,3.0268532487651685,-327.5855321755503,0.5044989055228026,-68.92819090433974
674,0,674,22720000000.0,35.181730671126736,-97.43556392451595,3.035075265898547,-327.18687450812325,0.5349076776196303,-68.9359356505723
675,0,675,22730000000.0,35.181730590769966,-97.43556427105453,3.0408509088290554,-326.8002516223585,0.5661956598140548,-68.94481828794213
676,0,676,22740000000.0,35.181730510413196,-97.4355646175931,3.046626551759564,-326.39933137328427,0.5974836407254218,-68.95370092531195
677,0,677,22750000000.0,35.181730430056426,-97.43556496413169,3.052402194690073,-326.07490876425834,0.6287716229198465,-68.96258356268177
678,0,678,22760000000.0,35.181730349699656,-97.43556531067026,3.0581778376205815,-325.7149913289014,0.6600596038312135,-68.9714662000516
679,0,679,22770000000.0,35.18173026934288,-97.43556565720883,3.0639534805510897,-324.996714819624,0.6913475847425805,-68.98034883820685
680,0,680,22780000000.0,35.18173018898611,-97.43556600374741,3.0697291234815984,-324.4,0.7226355669370051,-68.98923147557667
681,0,681,22790000000.0,35.18173010862934,-97.43556635028598,3.075504766412107,-324.4,0.7539235478483722,-68.9981141129465
682,0,682,22800000000.0,35.18173002827257,-97.43556669682457,3.081280409342616,-324.3134367079971,0.7852115300427969,-69.00699675031632
683,0,683,22810000000.0,35.1817299479158,-97.43556704336314,3.0870560522731245,-323.99056208968153,0.8164995109541638,-69.01587938768614
684,0,684,22820000000.0,35.18172986755902,-97.4355673899017,3.0928316952036328,-323.67317488799046,0.8477874918655309,-69.0247620258414
685,0,685,22830000000.0,35.18172978720225,-97.43556773644029,3.0986073381341415,-323.4115206912503,0.8790754740599556,-69.03364466321122
686,0,686,22840000000.0,35.18172970684548,-97.43556808297886,3.10438298106465,-323.05370079990706,0.9103634549713224,-69.04252730058104
687,0,687,22850000000.0,35.18172962648871,-97.43556842951743,3.110158623995159,-322.59789022921007,0.9416514358826896,-69.05140993795087
688,0,688,22860000000.0,35.18172954613194,-97.43556877605602,3.115934266925667,-321.74880403121426,0.9729394180771141,-69.06029257532069
689,0,689,22870000000.0,35.18172946577516,-97.43556912259459,3.121709909856176,-321.5804559476189,1.0042273989884813,-69.06917521347594
690,0,690,22880000000.0,35.18172938541839,-97.43556946913317,3.1274855527866845,-321.07170211446356,1.0355153811829059,-69.07805785084577
691,0,691,22890000000.0,35.18172930506162,-97.43556981567174,3.133261195717193,-320.492714989659,1.066803362094273,-69.08694048821559
692,0,692,22900000000.0,35.18172922470485,-97.43557016221031,3.139036838647702,-319.57409327185565,1.0980913430056398,-69.09582312558541
693,0,693,22910000000.0,35.18172914434808,-97.4355705087489,3.14481248157821,-319.0,1.1293793252000646,-69.10470576295523
694,0,694,22920000000.0,35.181729071541,-97.4355708466733,3.1487224207489652,-318.774190003968,1.1598895576438153,-69.11275385791328
695,0,695,22930000000.0,35.18172900803207,-97.43557117398855,3.150334570503569,-317.53649183931645,1.1894419195768424,-69.11977413480273
696,0,696,22940000000.0,35.18172894452314,-97.43557150130381,3.1519467202581724,-315.3,1.218994282792927,-69.12679441247761
697,0,697,22950000000.0,35.18172888101421,-97.43557182861906,3.153558870012776,-315.3,1.2485466447259541,-69.13381468936706
698,0,698,22960000000.0,35.18172881750528,-97.43557215593431,3.155171019767379,-315.3,1.2780990066589812,-69.1408349662565
699,0,699,22970000000.0,35.18172875399635,-97.43557248324957,3.1567831695219826,-314.6,1.3076513698750658,-69.14785524314595
700,0,700,22980000000.0,35.18172869048742,-97.43557281056482,3.158395319276586,-314.5142808912989,1.337203731808093,-69.15487552082084
701,0,701,22990000000.0,35.18172862697849,-97.43557313788007,3.1600074690311897,-313.7846341047932,1.36675609374112,-69.16189579771029
702,0,702,23000000000.0,35.18172856346956,-97.43557346519533,3.161619618785793,-312.6508707161105,1.3963084569572046,-69.16891607459974
703,0,703,23010000000.0,35.181728499960634,-97.43557379251058,3.1632317685403963,-312.2,1.4258608188902318,-69.17593635148918
704,0,704,23020000000.0,35.1817284364517,-97.43557411982583,3.164843918295,-311.0657821988148,1.4554131808232589,-69.18295662916407
705,0,705,23030000000.0,35.18172837294277,-97.4355744471411,3.1664560680496034,-309.6007846526857,1.4849655440393434,-69.18997690605352
706,0,706,23040000000.0,35.18172830943384,-97.43557477445634,3.168068217804207,-309.4888337946193,1.5145179059723706,-69.19699718294297
707,0,707,23050000000.0,35.18172824592491,-97.43557510177159,3.16968036755881,-308.38357121117025,1.5440702679053977,-69.20401746061785
708,0,708,23060000000.0,35.18172818241598,-97.43557542908685,3.1712925173134137,-307.65914192710125,1.5736226311214823,-69.2110377375073
709,0,709,23070000000.0,35.18172811890705,-97.4355757564021,3.172904667068017,-306.90876044634814,1.6031749930545094,-69.21805801439675
710,0,710,23080000000.0,35.181728055398125,-97.43557608371735,3.1745168168226208,-305.97023428114574,1.6327273549875365,-69.2250782912862
711,0,711,23090000000.0,35.18172799188919,-97.43557641103261,3.176128966577224,-305.31171665250747,1.662279718203621,-69.23209856896108
712,0,712,23100000000.0,35.18172792838026,-97.43557673834786,3.1777411163318274,-304.6194534448625,1.6918320801366482,-69.23911884585053
713,0,713,23110000000.0,35.181727864871334,-97.43557706566311,3.179353266086431,-302.86251654519197,1.7213844420696751,-69.24613912273998
714,0,714,23120000000.0,35.181727801362406,-97.43557739297837,3.1809654158410345,-302.2,1.7509368052857597,-69.25315939962942
715,0,715,23130000000.0,35.18172778996127,-97.43557775637467,3.189231752908918,-302.2,1.7837468222728503,-69.2544196810104
716,0,716,23140000000.0,35.18172777970248,-97.43557812056196,3.197643966301986,-301.7515657214492,1.8166282555297801,-69.25555368817683
717,0,717,23150000000.0,35.18172776944368,-97.43557848474924,3.206056179695055,-301.00012029206374,1.8495096887867097,-69.25668769534326
718,0,718,23160000000.0,35.18172775918489,-97.43557884893653,3.2144683930881235,-300.22616473015063,1.8823911220436398,-69.25782170250969
719,0,719,23170000000.0,35.181727748926086,-97.43557921312382,3.222880606481192,-299.5116481259438,1.9152725553005694,-69.25895571046155
720,0,720,23180000000.0,35.18172773866729,-97.4355795773111,3.2312928198742603,-298.69543235679345,1.948153988557499,-69.26008971762798
721,0,721,23190000000.0,35.1817277284085,-97.43557994149839,3.239705033267329,-297.95346275254906,1.981035421814429,-69.2612237247944
722,0,722,23200000000.0,35.1817277181497,-97.43558030568568,3.2481172466603976,-297.1558813206041,2.0139168550713586,-69.26235773196083
723,0,723,23210000000.0,35.1817277078909,-97.43558066987296,3.256529460053466,-296.1950386739289,2.0467982883282883,-69.2634917399127
724,0,724,23220000000.0,35.181727697632105,-97.43558103406025,3.2649416734465344,-294.9784082554823,2.0796797215852183,-69.26462574707912
725,0,725,23230000000.0,35.18172768737331,-97.43558139824754,3.2733538868396033,-293.9015538637347,2.112561154842148,-69.26575975424555
726,0,726,23240000000.0,35.18172767711451,-97.43558176243484,3.2817661002326717,-292.78485700195466,2.1454425893821356,-69.26689376219741
727,0,727,23250000000.0,35.181727666855714,-97.43558212662212,3.29017831362574,-291.62697352002147,2.178324022639065,-69.26802776936384
728,0,728,23260000000.0,35.18172765659692,-97.43558249080941,3.298590527018809,-289.28295405979884,2.2112054558959953,-69.26916177653027
729,0,729,23270000000.0,35.181727646338125,-97.4355828549967,3.3070027404118774,-286.8,2.244086889152925,-69.2702957836967
730,0,730,23280000000.0,35.18172763607932,-97.43558321918398,3.3154149538049458,-286.8,2.2769683224098545,-69.27142979164856
731,0,731,23290000000.0,35.18172762582053,-97.43558358337127,3.323827167198014,-286.8,2.3098497556667845,-69.27256379881499
732,0,732,23300000000.0,35.181727615561734,-97.43558394755856,3.332239380591083,-284.9715167276613,2.342731188923714,-69.27369780598141
733,0,733,23310000000.0,35.18172760530294,-97.43558431174584,3.3406515939841515,-283.9,2.3756126221806437,-69.27483181314784
734,0,734,23320000000.0,35.181727597490614,-97.43558469322265,3.3474341035098005,-280.95075776987625,2.410055077218891,-69.27569538755435
735,0,735,23330000000.0,35.181727592296106,-97.43558509319982,3.3524727769124913,-280.63168869940444,2.446167876962436,-69.27626958846147
736,0,736,23340000000.0,35.1817275871016,-97.43558549317699,3.3575114503151817,-279.1497067652495,2.482280676705981,-69.2768437893686
737,0,737,23350000000.0,35.18172758190709,-97.43558589315415,3.3625501237178725,-276.5208301992195,2.5183934764495253,-69.27741799027572
738,0,738,23360000000.0,35.18172757671258,-97.43558629313132,3.3675887971205634,-275.8573419636956,2.5545062761930706,-69.27799219118285
739,0,739,23370000000.0,35.181727571518074,-97.43558669310849,3.372627470523254,-272.7892550626632,2.5906190759366154,-69.27856639208997
740,0,740,23380000000.0,35.181727566323566,-97.43558709308566,3.377666143925945,-270.96226531571614,2.62673187568016,-69.2791405929971
741,0,741,23390000000.0,35.18172756112906,-97.43558749306283,3.382704817328636,-269.6387663517263,2.662844675423705,-69.27971479390422
742,0,742,23400000000.0,35.18172755593455,-97.43558789304,3.3877434907313266,-267.82279705639445,2.69895747516725,-69.28028899481134
743,0,743,23410000000.0,35.181727550740035,-97.43558829301716,3.3927821641340175,-266.1407201429651,2.7350702749107945,-69.2808631965039
744,0,744,23420000000.0,35.18172754554553,-97.43558869299433,3.3978208375367083,-265.56351690067083,2.7711830746543398,-69.28143739741103
745,0,745,23430000000.0,35.18172754035102,-97.43558909297148,3.402859510939399,-263.34060103391363,2.807295873114827,-69.28201159831815
746,0,746,23440000000.0,35.18172753515651,-97.43558949294865,3.40789818434209,-258.46415164232604,2.8434086728583714,-69.28258579922527
747,0,747,23450000000.0,35.181727529962004,-97.43558989292582,3.4129368577447807,-258.4,2.8795214726019163,-69.2831600001324
748,0,748,23460000000.0,35.181727524767496,-97.43559029290299,3.4179755311474715,-258.4,2.9156342723454616,-69.28373420103952
749,0,749,23470000000.0,35.18172751957299,-97.43559069288015,3.4230142045501624,-255.92181376605893,2.951747072089006,-69.28430840194665
750,0,750,23480000000.0,35.18172751437848,-97.43559109285732,3.428052877952853,-252.38359981363962,2.987859871832551,-69.28488260285377
751,0,751,23490000000.0,35.18172750918397,-97.43559149283449,3.433091551355544,-250.63406558339005,3.0239726715760957,-69.2854568037609
752,0,752,23500000000.0,35.18172750398946,-97.43559189281166,3.438130224758235,-248.59179082071424,3.0600854713196406,-69.28603100545345
753,0,753,23510000000.0,35.181727495509875,-97.43559228867993,3.4435939936368123,-246.2634815544099,3.095827290350859,-69.28696833839041
754,0,754,23520000000.0,35.18172747615468,-97.43559267094521,3.45046509123141,-244.6294655110179,3.1303409345577475,-69.28910786201413
755,0,755,23530000000.0,35.18172745679947,-97.43559305321051,3.4573361888260075,-244.2126065951823,3.1648545800476944,-69.2912473864233
756,0,756,23540000000.0,35.181727437444266,-97.4355934354758,3.464207286420605,-242.04362260553214,3.199368224254583,-69.29338691083245
757,0,757,23550000000.0,35.18172741808906,-97.43559381774108,3.4710783840152026,-238.55815170990311,3.233881868461472,-69.29552643524161
758,0,758,23560000000.0,35.181727398733855,-97.43559420000638,3.4779494816098,-237.51770861039816,3.2683955139514187,-69.29766595965077
759,0,759,23570000000.0,35.18172737937865,-97.43559458227166,3.484820579204398,-233.4,3.302909158158308,-69.29980548405993
760,0,760,23580000000.0,35.181727360023444,-97.43559496453695,3.4916916767989954,-233.10861882845353,3.337422802365196,-69.30194500846909
761,0,761,23590000000.0,35.181727340668246,-97.43559534680224,3.498562774393593,-231.1600683551506,3.371936447855143,-69.30408453209282
762,0,762,23600000000.0,35.18172732131304,-97.43559572906753,3.5054338719881906,-225.58437205974826,3.4064500920620318,-69.30622405650197
763,0,763,23610000000.0,35.181727301957835,-97.43559611133281,3.512304969582788,-222.2,3.4409637362689205,-69.30836358091113
764,0,764,23620000000.0,35.18172728260263,-97.43559649359811,3.5191760671773857,-222.2,3.475477381758868,-69.3105031053203
765,0,765,23630000000.0,35.181727263247424,-97.4355968758634,3.5260471647719833,-222.2,3.509991025965756,-69.31264262972945
766,0,766,23640000000.0,35.18172724389222,-97.43559725812868,3.532918262366581,-217.89971108109782,3.544504670172645,-69.31478215413861
767,0,767,23650000000.0,35.18172722453701,-97.43559764039396,3.5397893599611785,-215.61986177021004,3.5790183143795344,-69.31692167854777
768,0,768,23660000000.0,35.181727205181815,-97.43559802265926,3.546660457555776,-213.44184587970162,3.6135319598694804,-69.3190612021715
769,0,769,23670000000.0,35.18172718582661,-97.43559840492455,3.5535315551503737,-211.86565662733832,3.64804560407637,-69.32120072658066
770,0,770,23680000000.0,35.181727166471404,-97.43559878718983,3.5604026527449713,-209.80739843032492,3.6825592482832588,-69.32334025098982
771,0,771,23690000000.0,35.1817271471162,-97.43559916945513,3.567273750339569,-207.56656536960378,3.7170728937732047,-69.32547977539897
772,0,772,23700000000.0,35.18172712776099,-97.43559955172041,3.5741448479341664,-205.6254438505222,3.7515865379800943,-69.32761929980813
773,0,773,23710000000.0,35.18172710840579,-97.4355999339857,3.581015945528764,-202.969004077566,3.786100182186983,-69.3297588242173
774,0,774,23720000000.0,35.18172709134335,-97.4356003337298,3.587924352019249,-200.87844792170102,3.822191938502604,-69.33164490637353
775,0,775,23730000000.0,35.181727076041035,-97.43560074689222,3.5948614002752235,-198.73903441640303,3.8594951975919227,-69.33333642397585
776,0,776,23740000000.0,35.18172706073872,-97.43560116005466,3.601798448531198,-196.71397237675174,3.8967984579642976,-69.33502794157818
777,0,777,23750000000.0,35.1817270454364,-97.43560157321708,3.6087354967871725,-194.88742153426026,3.934101717053615,-69.33671945996593
778,0,778,23760000000.0,35.18172703013409,-97.43560198637952,3.615672545043147,-189.0802767489802,3.97140497742599,-69.33841097756826
779,0,779,23770000000.0,35.18172701483178,-97.43560239954196,3.6226095932991216,-185.7,4.008708237798366,-69.34010249517058
780,0,780,23780000000.0,35.18172699952947,-97.43560281270439,3.629546641555096,-185.7,4.046011496887683,-69.34179401277291
781,0,781,23790000000.0,35.181726984227154,-97.43560322586683,3.6364836898110706,-185.7,4.083314757260059,-69.34348553037523
782,0,782,23800000000.0,35.18172696892484,-97.43560363902925,3.643420738067045,-185.02301873268706,4.120618016349376,-69.34517704797756
783,0,783,23810000000.0,35.18172695362253,-97.43560405219169,3.6503577863230197,-182.54391897144777,4.157921276721751,-69.34686856557988
784,0,784,23820000000.0,35.18172693832022,-97.43560446535412,3.6572948345789946,-180.5068628321148,4.195224535811069,-69.3485600831822
785,0,785,23830000000.0,35.181726923017905,-97.43560487851656,3.664231882834969,-178.60212349067348,4.232527796183445,-69.35025160078453
786,0,786,23840000000.0,35.18172690771559,-97.43560529167898,3.6711689310909437,-176.56013828253575,4.269831055272762,-69.35194311838686
787,0,787,23850000000.0,35.18172689241328,-97.43560570484142,3.678105979346918,-174.56559719588859,4.307134315645137,-69.35363463598918
788,0,788,23860000000.0,35.18172687711097,-97.43560611800385,3.6850430276028927,-172.027428136302,4.344437574734455,-69.3553261535915
789,0,789,23870000000.0,35.181726861808656,-97.43560653116629,3.6919800758588672,-169.69460496165323,4.3817408351068305,-69.35701767119383
790,0,790,23880000000.0,35.18172684650634,-97.43560694432873,3.6989171241148417,-167.39056762586202,4.419044095479205,-69.35870918879615
791,0,791,23890000000.0,35.18172683120403,-97.43560735749115,3.7058541723708163,-165.32944140531083,4.456347354568523,-69.36040070639848
792,0,792,23900000000.0,35.18172681590172,-97.43560777065359,3.712791220626791,-163.33399695521427,4.493650614940899,-69.3620922240008
793,0,793,23910000000.0,35.18172680059941,-97.43560818381602,3.7197282688827653,-160.37729011653335,4.530953874030216,-69.36378374160313
794,0,794,23920000000.0,35.18172679043253,-97.43560861618501,3.7354993034940764,-154.18429271108974,4.569991239372947,-69.36490758839611
795,0,795,23930000000.0,35.18172678047501,-97.435609049337,3.7516304813561896,-151.3,4.609099299907139,-69.36600829237804
796,0,796,23940000000.0,35.18172677051749,-97.435609482489,3.7677616592183027,-151.3,4.64820736044133,-69.36710899635997
797,0,797,23950000000.0,35.181726760559975,-97.435609915641,3.783892837080416,-150.5345953921098,4.687315420975522,-69.36820970034191
798,0,798,23960000000.0,35.18172675060246,-97.43561034879299,3.800024014942529,-147.1852664998945,4.726423481509713,-69.36931040432384
799,0,799,23970000000.0,35.18172674064494,-97.435610781945,3.816155192804642,-144.14728452887715,4.765531543326962,-69.37041110830577
800,0,800,23980000000.0,35.18172673068742,-97.435611215097,3.8322863706667554,-141.3996990649723,4.804639603861153,-69.37151181228771
801,0,801,23990000000.0,35.181726720729905,-97.435611648249,3.8484175485288685,-138.58671449106302,4.8437476643953445,-69.37261251626964
802,0,802,24000000000.0,35.18172671077239,-97.43561208140099,3.8645487263909817,-136.39551641971383,4.882855724929536,-69.37371322025157
803,0,803,24010000000.0,35.18172670081487,-97.43561251455299,3.880679904253095,-134.45928561542698,4.921963785463728,-69.37481392423351
804,0,804,24020000000.0,35.18172669085735,-97.43561294770498,3.896811082115208,-130.5333676687384,4.961071845997919,-69.37591462821544
805,0,805,24030000000.0,35.181726680899835,-97.43561338085698,3.912942259977321,-127.37431046352134,5.000179906532111,-69.37701533219737
806,0,806,24040000000.0,35.18172667094232,-97.43561381400897,3.9290734378394343,-124.91849174155813,5.039287967066302,-69.3781160361793
807,0,807,24050000000.0,35.1817266609848,-97.43561424716098,3.9452046157015475,-122.696215875958,5.078396028883551,-69.37921674016124
808,0,808,24060000000.0,35.18172665102728,-97.43561468031298,3.9613357935636606,-119.73320830187976,5.117504089417743,-69.38031744414317
809,0,809,24070000000.0,35.181726641069766,-97.43561511346498,3.9774669714257738,-117.04057091491879,5.156612149951934,-69.3814181481251
810,0,810,24080000000.0,35.18172663111225,-97.43561554661697,3.993598149287887,-114.07997177865425,5.195720210486126,-69.38251885210704
811,0,811,24090000000.0,35.18172662115473,-97.43561597976897,4.0097293271500005,-111.44935750769434,5.234828271020318,-69.38361955608897
812,0,812,24100000000.0,35.18172661119722,-97.43561641292096,4.025860505012114,-107.24533382356142,5.273936331554508,-69.38472025928547
813,0,813,24110000000.0,35.1817266012397,-97.43561684607296,4.041991682874227,-102.2,5.3130443920887,-69.3858209632674
814,0,814,24120000000.0,35.18172663069689,-97.43561729467442,4.045447139506544,-102.2,5.353547340255206,-69.38256476543344
815,0,815,24130000000.0,35.181726665758994,-97.43561774547281,4.047100066998159,-100.63424793843848,5.39424864399657,-69.37868900081341
816,0,816,24140000000.0,35.181726700821095,-97.43561819627122,4.048752994489775,-98.55559701761193,5.43494994902099,-69.37481323619338
817,0,817,24150000000.0,35.18172673588319,-97.43561864706963,4.050405921981391,-96.48469083805779,5.475651254045411,-69.37093747235878
818,0,818,24160000000.0,35.18172677094529,-97.43561909786804,4.052058849473007,-93.48245693296407,5.516352559069833,-69.36706170773874
819,0,819,24170000000.0,35.18172680600739,-97.43561954866645,4.053711776964623,-90.48217058894843,5.557053864094252,-69.36318594311871
820,0,820,24180000000.0,35.181726841069484,-97.43561999946485,4.055364704456238,-87.8,5.597755167835616,-69.35931017928411
821,0,821,24190000000.0,35.181726876131584,-97.43562045026326,4.057017631947854,-87.34370346906178,5.638456472860037,-69.35543441466407
822,0,822,24200000000.0,35.181726911193685,-97.43562090106167,4.05867055943947,-85.26141414707783,5.679157777884457,-69.35155865004404
823,0,823,24210000000.0,35.18172694625578,-97.43562135186008,4.060323486931086,-82.9684200309935,5.7198590829088785,-69.34768288620944
824,0,824,24220000000.0,35.18172698131788,-97.43562180265849,4.061976414422702,-80.39206462060207,5.7605603879333,-69.3438071215894
825,0,825,24230000000.0,35.18172701637998,-97.43562225345688,4.063629341914318,-76.16638619126603,5.801261691674662,-69.33993135696937
826,0,826,24240000000.0,35.181727051442074,-97.4356227042553,4.065282269405933,-71.0,5.841962996699083,-69.33605559313477
827,0,827,24250000000.0,35.181727086504175,-97.4356231550537,4.066935196897549,-71.0,5.882664301723503,-69.33217982851474
828,0,828,24260000000.0,35.181727121566276,-97.43562360585211,4.068588124389165,-71.0,5.923365606747924,-69.3283040638947
829,0,829,24270000000.0,35.18172715662837,-97.43562405665051,4.070241051880781,-70.39020702447463,5.964066910489287,-69.3244283000601
830,0,830,24280000000.0,35.18172719169047,-97.43562450744892,4.071893979372397,-68.62735081654695,6.004768215513708,-69.32055253544007
831,0,831,24290000000.0,35.18172722675257,-97.43562495824733,4.073546906864013,-66.79626006860839,6.045469520538129,-69.31667677082004
832,0,832,24300000000.0,35.181727261814665,-97.43562540904574,4.075199834355628,-65.22673802642976,6.08617082556255,-69.31280100698544
833,0,833,24310000000.0,35.181727296876765,-97.43562585984415,4.076852761847244,-63.27939745060208,6.12687213058697,-69.3089252423654
834,0,834,24320000000.0,35.1817273,-97.43562632824067,4.085519255778938,-61.22702863441613,6.169162318988791,-69.30858000016443
835,0,835,24330000000.0,35.1817273,-97.43562679835807,4.094871591431244,-59.60832608827142,6.211607880535408,-69.30858000016443
836,0,836,24340000000.0,35.1817273,-97.43562726847549,4.10422392708355,-57.97024813864322,6.254053443365082,-69.30858000016443
837,0,837,24350000000.0,35.1817273,-97.43562773859288,4.113576262735855,-56.478804361840666,6.296499004911699,-69.30858000016443
838,0,838,24360000000.0,35.1817273,-97.4356282087103,4.122928598388161,-54.765356090524506,6.338944567741373,-69.30858000016443
839,0,839,24370000000.0,35.1817273,-97.4356286788277,4.132280934040467,-52.854163266890986,6.38139012928799,-69.30858000016443
840,0,840,24380000000.0,35.1817273,-97.43562914894511,4.141633269692774,-51.42603826995401,6.423835692117663,-69.30858000016443
841,0,841,24390000000.0,35.1817273,-97.43562961906252,4.150985605345079,-49.86381158569034,6.466281254947337,-69.30858000016443
842,0,842,24400000000.0,35.1817273,-97.43563008917992,4.160337940997385,-48.15539860430444,6.508726816493954,-69.30858000016443
843,0,843,24410000000.0,35.1817273,-97.43563055929734,4.169690276649691,-44.0,6.551172379323629,-69.30858000016443
844,0,844,24420000000.0,35.1817273,-97.43563102941474,4.179042612301997,-44.0,6.593617940870245,-69.30858000016443
845,0,845,24430000000.0,35.1817273,-97.43563149953215,4.188394947954302,-43.722101964091465,6.636063503699919,-69.30858000016443
846,0,846,24440000000.0,35.1817273,-97.43563196964955,4.197747283606608,-42.122212637157205,6.678509065246536,-69.30858000016443
847,0,847,24450000000.0,35.1817273,-97.43563243976696,4.207099619258914,-40.88424856323427,6.72095462807621,-69.30858000016443
848,0,848,24460000000.0,35.1817273,-97.43563290988436,4.21645195491122,-39.32597388256866,6.763400189622827,-69.30858000016443
849,0,849,24470000000.0,35.1817273,-97.43563338000178,4.225804290563525,-37.516083660691834,6.805845752452501,-69.30858000016443
850,0,850,24480000000.0,35.1817273,-97.43563385011917,4.235156626215831,-36.147918979502606,6.848291313999116,-69.30858000016443
851,0,851,24490000000.0,35.1817273,-97.43563432023659,4.244508961868137,-34.70200252422956,6.890736876828791,-69.30858000016443
852,0,852,24500000000.0,35.1817273,-97.435634790354,4.253861297520443,-33.49018934646127,6.933182439658466,-69.30858000016443
853,0,853,24510000000.0,35.1817273,-97.4356352604714,4.263213633172748,-31.988395178224433,6.975628001205083,-69.30858000016443
854,0,854,24520000000.0,35.181727304587135,-97.43563576788817,4.279642143534261,-30.376981440443586,7.021441216901104,-69.3080729381505
855,0,855,24530000000.0,35.18172730959538,-97.43563627872906,4.296720255729355,-29.11986971633322,7.06756358661222,-69.30751932660868
856,0,856,24540000000.0,35.18172731460363,-97.43563678956995,4.3137983679244485,-27.935128160889604,7.113685956323335,-69.30696571506687
857,0,857,24550000000.0,35.181727319611866,-97.43563730041085,4.330876480119542,-26.867551246037973,7.15980832603445,-69.30641210431048
858,0,858,24560000000.0,35.18172732462011,-97.43563781125174,4.347954592314636,-24.950141322086385,7.205930695745565,-69.30585849276866
859,0,859,24570000000.0,35.18172732962836,-97.43563832209263,4.36503270450973,-21.4,7.252053065456679,-69.30530488122685
860,0,860,24580000000.0,35.181727334636605,-97.43563883293352,4.382110816704824,-21.4,7.298175435167795,-69.30475126968503
861,0,861,24590000000.0,35.181727339644844,-97.43563934377441,4.3991889288999175,-21.4,7.344297804878909,-69.30419765892864
862,0,862,24600000000.0,35.18172734465309,-97.4356398546153,4.416267041095011,-21.272880096501808,7.390420174590026,-69.30364404738683
863,0,863,24610000000.0,35.18172734966134,-97.43564036545621,4.433345153290105,-19.87056869124029,7.4365425455841985,-69.30309043584501
864,0,864,24620000000.0,35.181727354669576,-97.4356408762971,4.450423265485199,-17.9,7.482664915295313,-69.30253682508862
865,0,865,24630000000.0,35.18172735967782,-97.43564138713799,4.467501377680293,-17.9,7.528787285006428,-69.3019832135468
866,0,866,24640000000.0,35.18172736468607,-97.43564189797888,4.484579489875387,-17.66557124547433,7.574909654717543,-69.30142960200499
867,0,867,24650000000.0,35.18172736969431,-97.43564240881977,4.50165760207048,-17.014411220237104,7.621032024428658,-69.3008759912486
868,0,868,24660000000.0,35.181727374702554,-97.43564291966067,4.518735714265574,-16.2976231133425,7.667154394139773,-69.30032237970678
869,0,869,24670000000.0,35.1817273797108,-97.43564343050156,4.535813826460668,-15.41634685099108,7.713276763850888,-69.29976876816497
870,0,870,24680000000.0,35.181727384719046,-97.43564394134245,4.552891938655762,-14.674943469536753,7.759399133562004,-69.29921515662315
871,0,871,24690000000.0,35.181727389727286,-97.43564445218334,4.569970050850856,-14.48275733723895,7.805521503273119,-69.29866154586676
872,0,872,24700000000.0,35.18172739473553,-97.43564496302425,4.587048163045949,-13.564979317872334,7.851643874267292,-69.29810793432495
873,0,873,24710000000.0,35.18172739974378,-97.43564547386514,4.604126275241043,-12.9,7.897766243978406,-69.29755432278313
874,0,874,24720000000.0,35.1817274,-97.4356460414213,4.6168811893279935,-12.796203286742339,7.949009273530992,-69.29752600003525
875,0,875,24730000000.0,35.1817274,-97.43564661203548,4.629403000791358,-12.0,8.000528404251481,-69.29752600003525
876,0,876,24740000000.0,35.1817274,-97.43564718264967,4.641924812254722,-12.0,8.05204753497197,-69.29752600003525
877,0,877,24750000000.0,35.1817274,-97.43564775326388,4.654446623718086,-12.0,8.103566666975517,-69.29752600003525
878,0,878,24760000000.0,35.1817274,-97.43564832387807,4.666968435181451,-10.988736116334614,8.155085797696007,-69.29752600003525
879,0,879,24770000000.0,35.1817274,-97.43564889449226,4.679490246644815,-10.367307070350165,8.206604928416496,-69.29752600003525
880,0,880,24780000000.0,35.1817274,-97.43564946510645,4.69201205810818,-10.100166722291224,8.258124059136986,-69.29752600003525
881,0,881,24790000000.0,35.1817274,-97.43565003572064,4.704533869571544,-9.695436174983199,8.309643189857475,-69.29752600003525
882,0,882,24800000000.0,35.1817274,-97.43565060633483,4.717055681034908,-9.377857698165794,8.361162320577966,-69.29752600003525
883,0,883,24810000000.0,35.1817274,-97.43565117694904,4.729577492498272,-9.053451917147456,8.412681452581513,-69.29752600003525
884,0,884,24820000000.0,35.1817274,-97.43565174756323,4.742099303961637,-8.6,8.464200583302002,-69.29752600003525
885,0,885,24830000000.0,35.1817274,-97.43565231817742,4.754621115425001,-8.566381427384284,8.515719714022492,-69.29752600003525
886,0,886,24840000000.0,35.1817274,-97.43565288879161,4.767142926888366,-8.294445549807461,8.567238844742983,-69.29752600003525
887,0,887,24850000000.0,35.1817274,-97.4356534594058,4.77966473835173,-7.860429532012309,8.618757975463472,-69.29752600003525
888,0,888,24860000000.0,35.1817274,-97.43565403002,4.792186549815094,-7.303208150097443,8.670277107467019,-69.29752600003525
889,0,889,24870000000.0,35.1817274,-97.4356546006342,4.8047083612784585,-6.886007767769712,8.721796238187508,-69.29752600003525
890,0,890,24880000000.0,35.1817274,-97.43565517124838,4.817230172741823,-6.603728179434972,8.773315368907998,-69.29752600003525
891,0,891,24890000000.0,35.1817274,-97.43565574186258,4.8297519842051875,-6.311797719501064,8.824834499628489,-69.29752600003525
892,0,892,24900000000.0,35.1817274005407,-97.43565630937222,4.841767497048511,-6.061206666369711,8.876073329733503,-69.29746623086871
893,0,893,24910000000.0,35.181727425269365,-97.43565673800234,4.831134172793893,-5.3,8.914773122618055,-69.29473272439864
894,0,894,24920000000.0,35.18172744999803,-97.43565716663247,4.820500848539275,-5.3,8.953472916785664,-69.29199921792858
895,0,895,24930000000.0,35.181727474726685,-97.43565759526258,4.809867524284658,-5.3,8.992172709670214,-69.28926571224395
896,0,896,24940000000.0,35.18172749945535,-97.43565802389271,4.79923420003004,-5.009504208045809,9.030872503837823,-69.28653220577388
897,0,897,24950000000.0,35.18172752418401,-97.43565845252284,4.788600875775423,-4.916306915400483,9.069572298005433,-69.28379869930382
898,0,898,24960000000.0,35.181727548912676,-97.43565888115296,4.777967551520805,-4.7,9.108272090889985,-69.28106519283375
899,0,899,24970000000.0,35.18172757364133,-97.43565930978309,4.767334227266187,-4.678164283000169,9.146971885057594,-69.27833168714912
900,0,900,24980000000.0,35.181727598369996,-97.43565973841321,4.75670090301157,-4.495961315858258,9.185671677942144,-69.27559818067905
901,0,901,24990000000.0,35.18172762309866,-97.43566016704334,4.746067578756953,-4.405985640782015,9.224371472109754,-69.27286467420899
902,0,902,25000000000.0,35.181727647827316,-97.43566059567345,4.735434254502335,-4.3333750223486955,9.263071264994304,-69.27013116852436
903,0,903,25010000000.0,35.18172767255598,-97.43566102430358,4.724800930247717,-4.224969766581521,9.301771059161913,-69.2673976620543
904,0,904,25020000000.0,35.18172769728464,-97.4356614529337,4.7141676059931,-4.1,9.340470852046465,-69.26466415558423
905,0,905,25030000000.0,35.18172770471149,-97.4356620088407,4.721056644506356,-4.098058865046664,9.390662111799921,-69.2638431917544
906,0,906,25040000000.0,35.18172771000415,-97.43566258044743,4.73010708432227,-4.005604936226204,9.442270856396386,-69.26325814164827
907,0,907,25050000000.0,35.1817277152968,-97.43566315205415,4.739157524138185,-4.0,9.493879599709793,-69.26267309154213
908,0,908,25060000000.0,35.18172772058946,-97.43566372366088,4.748207963954099,-3.916986631197657,9.545488344306259,-69.26208804143599
909,0,909,25070000000.0,35.18172772588211,-97.4356642952676,4.757258403770013,-3.7,9.597097087619666,-69.26150299132985
910,0,910,25080000000.0,35.18172773117476,-97.43566486687432,4.766308843585928,-3.7,9.648705830933073,-69.26091794200914
911,0,911,25090000000.0,35.181727736467415,-97.43566543848105,4.7753592834018415,-3.703734212907513,9.700314575529537,-69.260332891903
912,0,912,25100000000.0,35.18172774176007,-97.43566601008777,4.784409723217756,-3.7830170332003945,9.751923318842945,-69.25974784179687
913,0,913,25110000000.0,35.181727747052726,-97.4356665816945,4.793460163033671,-3.7048330239747664,9.80353206343941,-69.25916279169073
914,0,914,25120000000.0,35.18172775234538,-97.43566715330122,4.802510602849584,-3.8,9.855140806752818,-69.25857774158459
915,0,915,25130000000.0,35.181727757638036,-97.43566772490796,4.811561042665499,-3.7838911230269767,9.906749551349282,-69.25799269147845
916,0,916,25140000000.0,35.18172776293069,-97.43566829651468,4.8206114824814135,-3.6053703337901384,9.95835829466269,-69.25740764137231
917,0,917,25150000000.0,35.18172776822335,-97.4356688681214,4.829661922297327,-3.2761163789339554,10.009967037976097,-69.25682259126617
918,0,918,25160000000.0,35.181727773516,-97.43566943972813,4.838712362113242,-2.896693971339926,10.061575782572563,-69.25623754116003
919,0,919,25170000000.0,35.18172777880866,-97.43567001133485,4.847762801929156,-2.8,10.11318452588597,-69.2556524910539
920,0,920,25180000000.0,35.18172778410131,-97.43567058294158,4.85681324174507,-2.8,10.164793270482434,-69.25506744094776
921,0,921,25190000000.0,35.18172778939396,-97.4356711545483,4.865863681560985,-2.8,10.216402013795841,-69.25448239162705
922,0,922,25200000000.0,35.181727794686616,-97.43567172615502,4.874914121376899,-2.8,10.268010757109248,-69.25389734152091
923,0,923,25210000000.0,35.18172779997927,-97.43567229776176,4.883964561192813,-2.8,10.319619501705713,-69.25331229141477
924,0,924,25220000000.0,35.181727824940786,-97.43567286366188,4.895871816832781,-2.7463960693397396,10.370713012705394,-69.25055304548906
925,0,925,25230000000.0,35.18172784997962,-97.43567342953959,4.907790302881382,-2.5703019194139194,10.42180450032322,-69.2477852524712
926,0,926,25240000000.0,35.18172787501846,-97.43567399541729,4.919708788929983,-2.5,10.472895986657987,-69.24501745945335
927,0,927,25250000000.0,35.1817279000573,-97.43567456129499,4.931627274978583,-2.5,10.52398747299275,-69.2422496664355
928,0,928,25260000000.0,35.18172792509613,-97.43567512717269,4.943545761027184,-2.3084775735108267,10.575078959327518,-69.23948187341765
929,0,929,25270000000.0,35.18172795013497,-97.43567569305038,4.955464247075785,-2.2,10.626170445662286,-69.23671408039979
930,0,930,25280000000.0,35.18172797517381,-97.43567625892808,4.967382733124386,-2.2,10.677261931997052,-69.23394628738194
931,0,931,25290000000.0,35.181728000212644,-97.43567682480578,4.979301219172986,-2.1496674647796383,10.728353418331817,-69.23117849436409
932,0,932,25300000000.0,35.18172802525148,-97.43567739068348,4.991219705221587,-2.0565341027680906,10.779444904666585,-69.22841070134623
933,0,933,25310000000.0,35.18172805029032,-97.43567795656118,5.003138191270188,-1.9346394972749363,10.830536391001353,-69.22564290832838
934,0,934,25320000000.0,35.181728075329154,-97.43567852243888,5.015056677318789,-1.8411127467513144,10.881627877336117,-69.22287511531053
935,0,935,25330000000.0,35.18172810036799,-97.43567908831658,5.026975163367389,-1.8,10.932719363670884,-69.22010732229268
936,0,936,25340000000.0,35.18172812540683,-97.43567965419427,5.03889364941599,-1.8,10.983810850005652,-69.21733952927482
937,0,937,25350000000.0,35.181728150445664,-97.43568022007197,5.050812135464591,-1.8,11.034902336340418,-69.21457173625697
938,0,938,25360000000.0,35.1817281754845,-97.43568078594969,5.062730621513192,-1.8,11.085993823958242,-69.21180394323912
939,0,939,25370000000.0,35.18172820052334,-97.43568135182738,5.074649107561792,-1.7274069217642531,11.137085310293008,-69.20903615022127
940,0,940,25380000000.0,35.181728225562175,-97.43568191770508,5.086567593610393,-1.7,11.188176796627774,-69.20626835720341
941,0,941,25390000000.0,35.18172825060101,-97.43568248358278,5.098486079658994,-1.6488571263509806,11.239268282962541,-69.20350056418556
942,0,942,25400000000.0,35.18172827563985,-97.43568304946048,5.110404565707595,-1.6,11.290359769297307,-69.20073277116771
943,0,943,25410000000.0,35.18172830117581,-97.43568361463227,5.121928145128456,-1.6,11.34138752102817,-69.19791002604967
944,0,944,25420000000.0,35.18172834455536,-97.43568415446664,5.11927717274528,-1.6,11.39012762978989,-69.19311485052432
945,0,945,25430000000.0,35.1817283879349,-97.43568469430102,5.116626200362102,-1.6,11.438867738551608,-69.18831967578441
946,0,946,25440000000.0,35.181728431314454,-97.43568523413539,5.1139752279789255,-1.6,11.48760784731333,-69.18352450025907
947,0,947,25450000000.0,35.181728474694005,-97.43568577396977,5.111324255595749,-1.6,11.53634795607505,-69.17872932473372
948,0,948,25460000000.0,35.18172851807355,-97.43568631380414,5.108673283212571,-1.543224714678249,11.58508806483677,-69.17393414999381
949,0,949,25470000000.0,35.1817285614531,-97.43568685363853,5.1060223108293945,-1.4300169213829859,11.633828174881547,-69.16913897446847
950,0,950,25480000000.0,35.18172860483264,-97.4356873934729,5.103371338446217,-1.4,11.682568283643267,-69.16434379972856
951,0,951,25490000000.0,35.18172864821219,-97.43568793330728,5.10072036606304,-1.4,11.731308392404987,-69.15954862420321
952,0,952,25500000000.0,35.18172869159174,-97.43568847314165,5.098069393679863,-1.4,11.780048501166707,-69.15475344867787
953,0,953,25510000000.0,35.18172873497129,-97.43568901297603,5.095418421296686,-1.4,11.828788609928427,-69.14995827393795
954,0,954,25520000000.0,35.18172877835084,-97.4356895528104,5.092767448913509,-1.3432801141263788,11.877528718690145,-69.14516309841261
955,0,955,25530000000.0,35.18172882173039,-97.43569009264478,5.090116476530332,-1.3,11.926268827451867,-69.14036792288726
956,0,956,25540000000.0,35.18172886510993,-97.43569063247915,5.087465504147155,-1.246875594123042,11.975008936213587,-69.13557274814735
957,0,957,25550000000.0,35.18172890848948,-97.43569117231353,5.0848145317639775,-1.2,12.023749044975307,-69.13077757262201
958,0,958,25560000000.0,35.181728951869026,-97.4356917121479,5.082163559380801,-1.2,12.072489153737028,-69.1259823978821
959,0,959,25570000000.0,35.18172899524858,-97.43569225198227,5.079512586997623,-1.2,12.121229262498748,-69.12118722235675
960,0,960,25580000000.0,35.18172903862813,-97.43569279181665,5.0768616146144465,-1.2,12.169969371260468,-69.11639204683141
961,0,961,25590000000.0,35.18172908200767,-97.43569333165104,5.07421064223127,-1.2,12.218709481305245,-69.1115968720915
962,0,962,25600000000.0,35.18172912538722,-97.43569387148541,5.071559669848092,-1.2,12.267449590066965,-69.10680169656615
963,0,963,25610000000.0,35.181729168766765,-97.43569441131979,5.068908697464916,-1.137799603852557,12.316189698828685,-69.10200652182624
964,0,964,25620000000.0,35.18172920992713,-97.43569496876117,5.070545402892803,-1.1,12.366519494161873,-69.09745665538537
965,0,965,25630000000.0,35.18172924538103,-97.43569557147751,5.083207510859569,-1.0356482661962727,12.420937036635149,-69.09353758115245
966,0,966,25640000000.0,35.18172928083493,-97.43569617419385,5.095869618826335,-1.0,12.475354579108425,-69.08961850691952
967,0,967,25650000000.0,35.18172931628884,-97.43569677691019,5.1085317267931005,-1.0,12.529772121581702,-69.08569943190116
968,0,968,25660000000.0,35.18172935174274,-97.43569737962653,5.121193834759866,-1.0,12.58418966405498,-69.08178035766824
969,0,969,25670000000.0,35.18172938719664,-97.43569798234287,5.1338559427266315,-0.9363508250115226,12.638607206528256,-69.07786128343531
970,0,970,25680000000.0,35.18172942265054,-97.43569858505921,5.146518050693397,-0.8515300533510335,12.693024749001534,-69.07394220920239
971,0,971,25690000000.0,35.18172945810444,-97.43569918777554,5.159180158660163,-0.775046065386435,12.747442290191753,-69.07002313496946
972,0,972,25700000000.0,35.18172949355834,-97.43569979049188,5.171842266626929,-0.7,12.80185983266503,-69.06610406073654
973,0,973,25710000000.0,35.18172952901225,-97.43570039320822,5.184504374593695,-0.676966031112784,12.856277375138307,-69.06218498571818
974,0,974,25720000000.0,35.18172956446615,-97.43570099592456,5.197166482560461,-0.6,12.910694917611583,-69.05826591148525
975,0,975,25730000000.0,35.181729599920054,-97.4357015986409,5.209828590527227,-0.6,12.96511246008486,-69.05434683725233
976,0,976,25740000000.0,35.181729635373955,-97.43570220135724,5.222490698493993,-0.6,13.019530002558138,-69.0504277630194
977,0,977,25750000000.0,35.181729670827856,-97.43570280407359,5.235152806460759,-0.6,13.073947545031414,-69.04650868878647
978,0,978,25760000000.0,35.18172970628176,-97.43570340678993,5.247814914427525,-0.6,13.12836508750469,-69.04258961455355
979,0,979,25770000000.0,35.181729741735666,-97.43570400950627,5.260477022394291,-0.6,13.182782629977968,-69.03867053953519
980,0,980,25780000000.0,35.18172977718957,-97.43570461222261,5.273139130361057,-0.6,13.237200172451246,-69.03475146530226
981,0,981,25790000000.0,35.18172981264347,-97.43570521493893,5.285801238327823,-0.6,13.291617713641465,-69.03083239106934
982,0,982,25800000000.0,35.18172984809737,-97.43570581765528,5.298463346294588,-0.6,13.34603525611474,-69.02691331683641
983,0,983,25810000000.0,35.18172988355127,-97.43570642037162,5.3111254542613535,-0.6,13.400452798588018,-69.02299424260349
984,0,984,25820000000.0,35.18172992754156,-97.43570704151531,5.325758215340196,-0.6,13.456534094699633,-69.01813155588925
985,0,985,25830000000.0,35.18172997891997,-97.43570767860764,5.342096550740543,-0.6,13.5140553471253,-69.0124521867456
986,0,986,25840000000.0,35.18173003029838,-97.43570831569996,5.3584348861408895,-0.6,13.57157659826791,-69.00677281681652
987,0,987,25850000000.0,35.1817300816768,-97.43570895279228,5.374773221541236,-0.6,13.62909785069358,-69.00109344688744
988,0,988,25860000000.0,35.18173013305521,-97.43570958988461,5.391111556941583,-0.6,13.686619103119249,-68.99541407695835
989,0,989,25870000000.0,35.181730184433626,-97.43571022697694,5.40744989234193,-0.6,13.74414035554492,-68.98973470702927
990,0,990,25880000000.0,35.18173023581204,-97.43571086406925,5.423788227742277,-0.6,13.801661606687528,-68.98405533710019
991,0,991,25890000000.0,35.18173028719045,-97.43571150116158,5.440126563142623,-0.6,13.859182859113197,-68.97837596795654
992,0,992,25900000000.0,35.18173033856886,-97.4357121382539,5.45646489854297,-0.5770612598880939,13.916704111538868,-68.97269659802745
993,0,993,25910000000.0,35.181730389947276,-97.43571277534623,5.472803233943317,-0.5,13.974225363964534,-68.96701722809837
994,0,994,25920000000.0,35.18173044132569,-97.43571341243855,5.489141569343664,-0.5,14.031746615107146,-68.96133785816929
995,0,995,25930000000.0,35.181730492704105,-97.43571404953087,5.505479904744011,-0.46261240925318514,14.089267867532817,-68.9556584882402
996,0,996,25940000000.0,35.18173054408251,-97.4357146866232,5.521818240144357,-0.3652678364512619,14.146789119958482,-68.94997911909655
997,0,997,25950000000.0,35.18173059546093,-97.43571532371553,5.538156575544704,-0.27892607380390877,14.204310372384153,-68.94429974916747
998,0,998,25960000000.0,35.18173064683934,-97.43571596080784,5.554494910945051,-0.15227111174463479,14.261831623526765,-68.93862037923839
999,0,999,25970000000.0,35.181730698217756,-97.43571659790017,5.570833246345398,0.0,14.319352875952431,-68.9329410093093
1000,0,1000,25980000000.0,35.18173074959617,-97.4357172349925,5.587171581745745,0.0,14.376874128378102,-68.92726163938022
1001,0,1001,25990000000.0,35.18173080097458,-97.43571787208482,5.603509917146091,0.0,14.434395380803771,-68.92158227023657
1002,0,1002,26000000000.0,35.18173085235299,-97.43571850917715,5.619848252546438,0.0192849367842851,14.491916633229438,-68.91590290030749
1003,0,1003,26010000000.0,35.18173090143969,-97.43571914679009,5.635626267363357,0.15273872328405666,14.549484890470787,-68.9104768563871
1004,0,1004,26020000000.0,35.1817309212631,-97.43571979105097,5.6442494513932795,0.5017055660299685,14.607653371045256,-68.9082855765939
1005,0,1005,26030000000.0,35.181730941086514,-97.43572043531184,5.652872635423202,0.7607105591908727,14.665821850336666,-68.90609429680069
1006,0,1006,26040000000.0,35.18173096090993,-97.43572107957272,5.661495819453125,1.027472603505261,14.723990330911132,-68.90390301622205
1007,0,1007,26050000000.0,35.18173098073334,-97.4357217238336,5.670119003483047,1.1,14.782158811485603,-68.90171173642884
1008,0,1008,26060000000.0,35.18173100055675,-97.43572236809447,5.67874218751297,1.2949005757318843,14.84032729206007,-68.89952045663563
1009,0,1009,26070000000.0,35.18173102038016,-97.43572301235534,5.687365371542893,1.9,14.898495771351481,-68.89732917684242
1010,0,1010,26080000000.0,35.18173104020357,-97.43572365661622,5.695988555572816,1.9,14.956664251925949,-68.89513789704921
1011,0,1011,26090000000.0,35.18173106002699,-97.4357243008771,5.704611739602738,1.9,15.014832732500416,-68.89294661647057
1012,0,1012,26100000000.0,35.1817310798504,-97.43572494513798,5.713234923632661,1.9,15.073001213074884,-68.89075533667736
1013,0,1013,26110000000.0,35.18173109967381,-97.43572558939884,5.721858107662584,1.9254385246669816,15.131169692366296,-68.88856405688415
1014,0,1014,26120000000.0,35.18173111949722,-97.43572623365972,5.730481291692506,2.0380522314698144,15.189338172940761,-68.88637277709094
1015,0,1015,26130000000.0,35.18173113932063,-97.4357268779206,5.739104475722429,2.1518844073197476,15.247506653515229,-68.88418149729773
1016,0,1016,26140000000.0,35.18173115914404,-97.43572752218147,5.747727659752352,2.356004257365994,15.305675132806641,-68.88199021750452
1017,0,1017,26150000000.0,35.18173117896746,-97.43572816644235,5.756350843782275,2.5299934210226662,15.363843613381109,-68.87979893692588
1018,0,1018,26160000000.0,35.18173119879087,-97.43572881070322,5.764974027812197,2.7,15.422012093955576,-68.87760765713267
1019,0,1019,26170000000.0,35.18173121861428,-97.4357294549641,5.7735972118421195,2.73959892771714,15.480180574530046,-68.87541637733946
1020,0,1020,26180000000.0,35.18173123843769,-97.43573009922497,5.782220395872042,2.825262269413775,15.538349053821454,-68.87322509754625
1021,0,1021,26190000000.0,35.1817312582611,-97.43573074348585,5.790843579901965,2.894271909991554,15.596517534395922,-68.87103381775304
1022,0,1022,26200000000.0,35.18173127808452,-97.43573138774673,5.799466763931887,2.9,15.654686014970393,-68.8688425371744
1023,0,1023,26210000000.0,35.18173129790793,-97.4357320320076,5.80808994796181,2.9857772046367024,15.712854495544859,-68.86665125738119
1024,0,1024,26220000000.0,35.1817313,-97.43573269650433,5.8195397381686895,3.0448069627367236,15.772850012952647,-68.8664199997099
1025,0,1025,26230000000.0,35.1817313,-97.43573336338862,5.831323032160445,3.4,15.833061096870123,-68.8664199997099
1026,0,1026,26240000000.0,35.1817313,-97.43573403027293,5.843106326152201,3.4,15.893272182070657,-68.8664199997099
1027,0,1027,26250000000.0,35.1817313,-97.43573469715722,5.8548896201439575,3.4,15.95348326598813,-68.8664199997099
1028,0,1028,26260000000.0,35.1817313,-97.43573536404152,5.866672914135713,3.4,16.013694351188665,-68.8664199997099
1029,0,1029,26270000000.0,35.1817313,-97.43573603092582,5.878456208127469,3.506203360327784,16.073905436389197,-68.8664199997099
1030,0,1030,26280000000.0,35.1817313,-97.43573669781011,5.8902395021192255,3.6,16.134116520306673,-68.8664199997099
1031,0,1031,26290000000.0,35.1817313,-97.43573736469442,5.902022796110981,3.6,16.19432760550721,-68.8664199997099
1032,0,1032,26300000000.0,35.1817313,-97.43573803157871,5.913806090102738,3.6,16.254538689424685,-68.8664199997099
1033,0,1033,26310000000.0,35.1817313,-97.43573869846301,5.9255893840944935,3.6,16.314749774625216,-68.8664199997099
1034,0,1034,26320000000.0,35.1817313,-97.43573936534732,5.937372678086249,3.6233190962223754,16.374960859825748,-68.8664199997099
1035,0,1035,26330000000.0,35.1817313,-97.4357400322316,5.949155972078006,3.8,16.435171943743224,-68.8664199997099
1036,0,1036,26340000000.0,35.1817313,-97.43574069911591,5.9609392660697615,3.8087673839580574,16.495383028943756,-68.8664199997099
1037,0,1037,26350000000.0,35.1817313,-97.4357413660002,5.972722560061517,3.888815079577015,16.555594112861236,-68.8664199997099
1038,0,1038,26360000000.0,35.1817313,-97.4357420328845,5.984505854053274,3.9,16.615805198061768,-68.8664199997099
1039,0,1039,26370000000.0,35.1817313,-97.43574269976881,5.9962891480450295,3.9,16.6760162832623,-68.8664199997099
1040,0,1040,26380000000.0,35.1817313,-97.4357433666531,6.008072442036785,3.9,16.736227367179776,-68.8664199997099
1041,0,1041,26390000000.0,35.1817313,-97.4357440335374,6.019855736028542,3.9,16.796438452380308,-68.8664199997099
1042,0,1042,26400000000.0,35.1817313,-97.4357447004217,6.0316390300202976,3.9,16.856649536297784,-68.8664199997099
1043,0,1043,26410000000.0,35.1817313,-97.435745367306,6.043422324012054,3.9,16.916860621498316,-68.8664199997099
1044,0,1044,26420000000.0,35.18173131417184,-97.43574603773264,6.048534987644571,3.9,16.977391534470232,-68.86485344464745
1045,0,1045,26430000000.0,35.18173132907427,-97.4357467083419,6.0533037645783185,3.9,17.037938934732484,-68.86320613048184
1046,0,1046,26440000000.0,35.18173134397669,-97.43574737895115,6.058072541512066,3.9,17.098486334994735,-68.86155881631623
1047,0,1047,26450000000.0,35.18173135887912,-97.4357480495604,6.062841318445814,3.9,17.159033735256987,-68.85991150215062
1048,0,1048,26460000000.0,35.18173137378155,-97.43574872016967,6.067610095379562,3.9,17.219581136802294,-68.85826418719958
1049,0,1049,26470000000.0,35.18173138868398,-97.43574939077892,6.07237887231331,3.9,17.280128537064545,-68.85661687303397
1050,0,1050,26480000000.0,35.181731403586404,-97.43575006138818,6.077147649247058,3.9029777311171863,17.340675937326797,-68.85496955886836
1051,0,1051,26490000000.0,35.18173141848883,-97.43575073199743,6.081916426180806,3.9874873753155273,17.401223337589048,-68.85332224470275
1052,0,1052,26500000000.0,35.18173143339126,-97.43575140260668,6.086685203114554,4.081938498986082,17.4617707378513,-68.85167492975171
1053,0,1053,26510000000.0,35.18173144829369,-97.43575207321594,6.091453980048302,4.1077038202478855,17.52231813811355,-68.8500276155861
1054,0,1054,26520000000.0,35.181731463196115,-97.4357527438252,6.0962227569820495,4.2,17.58286553965886,-68.84838030142049
1055,0,1055,26530000000.0,35.18173147809854,-97.43575341443446,6.100991533915797,4.2,17.64341293992111,-68.84673298725488
1056,0,1056,26540000000.0,35.181731493000974,-97.43575408504371,6.105760310849545,4.2,17.70396034018336,-68.84508567230384
1057,0,1057,26550000000.0,35.1817315079034,-97.43575475565297,6.110529087783293,4.2,17.764507740445612,-68.84343835813823
1058,0,1058,26560000000.0,35.181731522805826,-97.43575542626222,6.115297864717041,4.2,17.825055140707867,-68.84179104397262
1059,0,1059,26570000000.0,35.18173153770825,-97.43575609687149,6.120066641650788,4.2,17.885602542253174,-68.84014372980701
1060,0,1060,26580000000.0,35.181731552610685,-97.43575676748074,6.124835418584536,4.3,17.946149942515426,-68.83849641485597
1061,0,1061,26590000000.0,35.18173156751311,-97.43575743809,6.129604195518284,4.3,18.006697342777677,-68.83684910069036
1062,0,1062,26600000000.0,35.18173158241554,-97.43575810869925,6.134372972452032,4.213073352952786,18.06724474303993,-68.83520178652475
1063,0,1063,26610000000.0,35.18173159731796,-97.4357587793085,6.13914174938578,4.281287384917584,18.127792143302184,-68.83355447235914
1064,0,1064,26620000000.0,35.181731612278455,-97.43575945253065,6.1404502101543486,4.3,18.188575454235643,-68.83190073962737
1065,0,1065,26630000000.0,35.18173162725169,-97.43576012632623,6.140999228783549,4.3,18.249410539109935,-68.83024559782712
1066,0,1066,26640000000.0,35.18173164222493,-97.43576080012183,6.141548247412749,4.297362581277102,18.31024562526729,-68.82859045602686
1067,0,1067,26650000000.0,35.18173165719816,-97.43576147391741,6.14209726604195,4.215518710900114,18.37108071014158,-68.82693531501204
1068,0,1068,26660000000.0,35.1817316721714,-97.435762147713,6.14264628467115,4.028271000706932,18.43191579629893,-68.82528017321178
1069,0,1069,26670000000.0,35.181731687144634,-97.43576282150859,6.143195303300351,4.015412672558618,18.492750881173222,-68.82362503219696
1070,0,1070,26680000000.0,35.18173170211787,-97.43576349530419,6.1437443219295504,4.1,18.553585967330573,-68.8219698903967
1071,0,1071,26690000000.0,35.181731717091104,-97.43576416909977,6.144293340558751,4.1,18.614421052204865,-68.82031474938188
1072,0,1072,26700000000.0,35.18173173206434,-97.43576484289537,6.144842359187951,4.1465959791473495,18.67525613836222,-68.81865960758162
1073,0,1073,26710000000.0,35.181731747037574,-97.43576551669096,6.145391377817152,4.2,18.736091224519566,-68.8170044665668
1074,0,1074,26720000000.0,35.18173176201081,-97.43576619048655,6.145940396446352,4.2,18.79692630939386,-68.81534932476654
1075,0,1075,26730000000.0,35.18173177698405,-97.43576686428214,6.1464894150755525,4.120733474226166,18.85776139555121,-68.81369418296629
1076,0,1076,26740000000.0,35.18173179195728,-97.43576753807773,6.147038433704752,4.1,18.918596480425506,-68.81203904195146
1077,0,1077,26750000000.0,35.18173180693052,-97.43576821187332,6.147587452333953,4.1,18.979431566582853,-68.81038390015121
1078,0,1078,26760000000.0,35.18173182190375,-97.4357688856689,6.148136470963153,4.1,19.04026665145715,-68.80872875913639
1079,0,1079,26770000000.0,35.18173183687699,-97.4357695594645,6.148685489592354,4.173542488991889,19.1011017376145,-68.80707361733613
1080,0,1080,26780000000.0,35.18173185185022,-97.43577023326009,6.149234508221554,4.2826891849280395,19.16193682248879,-68.80541847632131
1081,0,1081,26790000000.0,35.18173186682346,-97.43577090705568,6.149783526850754,4.230968313933643,19.22277190864614,-68.80376333452105
1082,0,1082,26800000000.0,35.1817318817967,-97.43577158085128,6.150332545479954,4.2,19.283606994803492,-68.8021081927208
1083,0,1083,26810000000.0,35.18173189676993,-97.43577225464686,6.150881564109155,4.2,19.344442079677783,-68.80045305170597
1084,0,1084,26820000000.0,35.18173190410333,-97.43577298267235,6.1586321869795215,4.2,19.41017342788136,-68.79964241790333
1085,0,1085,26830000000.0,35.18173190933531,-97.43577372561427,6.168363679814799,4.2,19.477251538792277,-68.7990640746176
1086,0,1086,26840000000.0,35.1817319145673,-97.43577446855619,6.178095172650076,4.2,19.544329649703197,-68.79848573054645
1087,0,1087,26850000000.0,35.18173191979928,-97.43577521149813,6.187826665485354,4.2,19.611407761897166,-68.79790738726072
1088,0,1088,26860000000.0,35.18173192503127,-97.43577595444005,6.197558158320631,4.2,19.678485872808086,-68.79732904318956
1089,0,1089,26870000000.0,35.181731930263254,-97.43577669738197,6.207289651155909,4.2,19.745563983719002,-68.79675069990384
1090,0,1090,26880000000.0,35.181731935495236,-97.4357774403239,6.217021143991186,4.2,19.812642095912974,-68.79617235661811
1091,0,1091,26890000000.0,35.181731940727225,-97.43577818326582,6.226752636826463,4.2,19.87972020682389,-68.79559401254696
1092,0,1092,26900000000.0,35.18173194595921,-97.43577892620775,6.236484129661741,4.2,19.946798317734807,-68.79501566926123
1093,0,1093,26910000000.0,35.181731951191196,-97.43577966914968,6.246215622497018,4.2,20.01387642992878,-68.79443732519007
1094,0,1094,26920000000.0,35.18173195642318,-97.4357804120916,6.255947115332296,4.2,20.080954540839695,-68.79385898190435
1095,0,1095,26930000000.0,35.18173196165517,-97.43578115503352,6.265678608167573,4.2,20.14803265175061,-68.79328063783319
1096,0,1096,26940000000.0,35.18173196688715,-97.43578189797546,6.27541010100285,4.2,20.215110763944583,-68.79270229454747
1097,0,1097,26950000000.0,35.18173197211914,-97.43578264091738,6.285141593838127,4.147610856512828,20.2821888748555,-68.79212395047631
1098,0,1098,26960000000.0,35.18173197735112,-97.4357833838593,6.294873086673404,4.1,20.349266985766416,-68.79154560719059
1099,0,1099,26970000000.0,35.1817319825831,-97.43578412680124,6.304604579508682,4.1,20.416345097960388,-68.79096726390486
1100,0,1100,26980000000.0,35.18173198781509,-97.43578486974316,6.314336072343959,4.1,20.483423208871304,-68.7903889198337
1101,0,1101,26990000000.0,35.18173199304707,-97.43578561268508,6.324067565179237,4.1,20.550501319782224,-68.78981057654798
1102,0,1102,27000000000.0,35.18173199827906,-97.43578635562702,6.333799058014514,4.1,20.617579431976196,-68.78923223247682
1103,0,1103,27010000000.0,35.18173199691459,-97.43578703195685,6.336537189083876,4.1,20.678643327080866,-68.78938306092721
1104,0,1104,27020000000.0,35.18173199231688,-97.43578767563686,6.335847531929689,4.1,20.73675936267537,-68.78989129245227
1105,0,1105,27030000000.0,35.18173198771916,-97.43578831931687,6.335157874775502,4.1,20.794875398269877,-68.79039952397733
1106,0,1106,27040000000.0,35.18173198312145,-97.43578896299688,6.334468217621315,4.1,20.852991433864382,-68.79090775471695
1107,0,1107,27050000000.0,35.181731978523736,-97.43578960667689,6.3337785604671275,4.1,20.911107469458887,-68.79141598624201
1108,0,1108,27060000000.0,35.18173197392602,-97.4357902503569,6.33308890331294,4.1,20.969223505053392,-68.79192421776708
1109,0,1109,27070000000.0,35.181731969328304,-97.43579089403691,6.3323992461587535,4.1,21.0273395406479,-68.79243244929214
1110,0,1110,27080000000.0,35.181731964730595,-97.43579153771692,6.331709589004566,4.1,21.085455576242406,-68.79294068003176
1111,0,1111,27090000000.0,35.18173196013288,-97.43579218139693,6.331019931850379,4.1,21.143571611836908,-68.79344891155682
1112,0,1112,27100000000.0,35.18173195553516,-97.43579282507694,6.330330274696191,4.1,21.201687647431417,-68.79395714308188
1113,0,1113,27110000000.0,35.18173195093745,-97.43579346875696,6.329640617542005,4.1,21.259803683025922,-68.79446537460694
1114,0,1114,27120000000.0,35.18173194633974,-97.43579411243697,6.328950960387817,4.1,21.317919718620427,-68.79497360534657
1115,0,1115,27130000000.0,35.18173194174202,-97.43579475611698,6.32826130323363,4.1,21.376035754214932,-68.79548183687163
1116,0,1116,27140000000.0,35.181731937144306,-97.43579539979699,6.327571646079443,4.1,21.43415178980944,-68.79599006839669
1117,0,1117,27150000000.0,35.18173193254659,-97.435796043477,6.326881988925256,4.1,21.492267825403943,-68.79649829992175
1118,0,1118,27160000000.0,35.18173192794888,-97.43579668715701,6.326192331771068,4.1,21.550383860998448,-68.79700653066138
1119,0,1119,27170000000.0,35.181731923351165,-97.43579733083702,6.325502674616881,4.1,21.608499896592956,-68.79751476218644
1120,0,1120,27180000000.0,35.18173191875345,-97.43579797451703,6.324813017462694,4.030685259412091,21.66661593218746,-68.7980229937115
1121,0,1121,27190000000.0,35.18173191415574,-97.43579861819704,6.324123360308507,4.0,21.724731967781967,-68.79853122445112
1122,0,1122,27200000000.0,35.181731909558025,-97.43579926187705,6.323433703154319,4.0,21.782848003376472,-68.79903945597619
1123,0,1123,27210000000.0,35.18173190496031,-97.43579990555706,6.322744046000132,4.0,21.840964038970977,-68.79954768750125
1124,0,1124,27220000000.0,35.18173190036259,-97.43580054923707,6.322054388845945,4.0,21.899080074565482,-68.8000559190263
1125,0,1125,27230000000.0,35.18173189526307,-97.43580130106649,6.340237202971058,3.961382245834432,21.966960612274157,-68.80061962025252
1126,0,1126,27240000000.0,35.181731890120574,-97.43580206215519,6.3600357941146255,3.9,22.035677144133885,-68.8011880717832
1127,0,1127,27250000000.0,35.181731884978085,-97.43580282324389,6.379834385258193,3.8706408249363,22.10439367599361,-68.80175652252845
1128,0,1128,27260000000.0,35.181731879835596,-97.43580358433259,6.399632976401761,3.763501080814041,22.173110207853334,-68.8023249732737
1129,0,1129,27270000000.0,35.1817318746931,-97.43580434542129,6.419431567545328,3.6495377844439076,22.241826739713062,-68.80289342480438
1130,0,1130,27280000000.0,35.18173186955061,-97.43580510650999,6.439230158688896,3.3593165913200727,22.31054327157279,-68.80346187554963
1131,0,1131,27290000000.0,35.18173186440812,-97.43580586759869,6.459028749832464,3.1,22.379259803432515,-68.80403032629488
1132,0,1132,27300000000.0,35.181731859265625,-97.43580662868739,6.478827340976032,3.1,22.44797633529224,-68.80459877782556
1133,0,1133,27310000000.0,35.181731854123136,-97.43580738977609,6.4986259321196,3.1,22.516692867151963,-68.80516722857081
1134,0,1134,27320000000.0,35.18173184898065,-97.43580815086479,6.5184245232631675,2.996118152637735,22.58540939901169,-68.80573567931606
1135,0,1135,27330000000.0,35.18173184383815,-97.43580891195349,6.538223114406735,2.808212926777949,22.654125930871416,-68.80630413084674
1136,0,1136,27340000000.0,35.18173183869566,-97.43580967304219,6.558021705550303,2.6581273060164845,22.72284246273114,-68.80687258159199
1137,0,1137,27350000000.0,35.18173183355317,-97.43581043413089,6.57782029669387,2.6366594747595626,22.791558994590865,-68.80744103233724
1138,0,1138,27360000000.0,35.18173182841068,-97.43581119521959,6.597618887837438,2.652017402923757,22.860275526450593,-68.80800948308249
1139,0,1139,27370000000.0,35.18173182326819,-97.43581195630827,6.617417478981006,2.5455870218339833,22.928992057027262,-68.80857793461317
1140,0,1140,27380000000.0,35.1817318181257,-97.43581271739697,6.637216070124573,2.409898413788719,22.997708588886987,-68.80914638535842
1141,0,1141,27390000000.0,35.18173181298321,-97.43581347848567,6.657014661268141,2.232253051459009,23.06642512074671,-68.80971483610367
1142,0,1142,27400000000.0,35.18173180784071,-97.43581423957437,6.6768132524117085,2.075452004824461,23.13514165260644,-68.81028328763435
1143,0,1143,27410000000.0,35.18173180269822,-97.43581500066307,6.696611843555276,1.9620106202158956,23.203858184466164,-68.8108517383796
1144,0,1144,27420000000.0,35.181731797246336,-97.43581581029638,6.707743490078264,1.9,23.276957670644812,-68.81145439006033
1145,0,1145,27430000000.0,35.181731791452904,-97.43581667351795,6.709307717082641,1.8691192711939444,23.354895488818425,-68.8120947959797
1146,0,1146,27440000000.0,35.181731785659466,-97.4358175367395,6.710871944087018,1.6791579104252645,23.43283330570898,-68.81273520268451
1147,0,1147,27450000000.0,35.181731779866034,-97.43581839996108,6.712436171091396,1.5,23.51077112388259,-68.81337560860388
1148,0,1148,27460000000.0,35.1817317740726,-97.43581926318265,6.714000398095773,1.5,23.588708942056208,-68.81401601452325
1149,0,1149,27470000000.0,35.181731768279164,-97.43582012640422,6.71556462510015,1.4529781645790363,23.666646760229817,-68.81465642122805
1150,0,1150,27480000000.0,35.18173176248573,-97.4358209896258,6.717128852104526,1.4,23.744584578403433,-68.81529682714742
1151,0,1151,27490000000.0,35.1817317566923,-97.43582185284735,6.7186930791089035,1.4,23.822522395293987,-68.81593723306679
1152,0,1152,27500000000.0,35.18173175089887,-97.43582271606893,6.720257306113281,1.4,23.900460213467603,-68.81657763898616
1153,0,1153,27510000000.0,35.18173174510543,-97.4358235792905,6.721821533117658,1.4,23.978398031641213,-68.81721804569096
1154,0,1154,27520000000.0,35.181731739312,-97.43582444251207,6.723385760122035,1.3506007598589995,24.05633584981483,-68.81785845161033
1155,0,1155,27530000000.0,35.18173173351857,-97.43582530573364,6.724949987126411,1.3,24.13427366798844,-68.8184988575297
1156,0,1156,27540000000.0,35.181731727725136,-97.4358261689552,6.7265142141307885,1.3,24.212211484879,-68.81913926344907
1157,0,1157,27550000000.0,35.1817317219317,-97.43582703217677,6.728078441135166,1.3,24.29014930305261,-68.81977967015388
1158,0,1158,27560000000.0,35.181731716138266,-97.43582789539835,6.729642668139543,1.3,24.368087121226225,-68.82042007607325
1159,0,1159,27570000000.0,35.181731710344835,-97.43582875861992,6.73120689514392,1.3,24.446024939399837,-68.82106048199262
1160,0,1160,27580000000.0,35.1817317045514,-97.43582962184149,6.732771122148296,1.3,24.523962757573447,-68.82170088791199
1161,0,1161,27590000000.0,35.18173170302065,-97.43583041176412,6.733275043616926,1.3,24.595282622312894,-68.82187009708744
1162,0,1162,27600000000.0,35.1817317171104,-97.43583093308476,6.729893504279915,1.3,24.6423511790121,-68.8203126161433
1163,0,1163,27610000000.0,35.181731731200145,-97.4358314544054,6.7265119649429055,1.3,24.689419735711308,-68.81875513598459
1164,0,1164,27620000000.0,35.181731745289895,-97.43583197572606,6.723130425605895,1.3,24.736488293693572,-68.81719765504045
1165,0,1165,27630000000.0,35.181731759379645,-97.4358324970467,6.719748886268885,1.3,24.783556850392785,-68.8156401740963
1166,0,1166,27640000000.0,35.18173177346939,-97.43583301836735,6.716367346931874,1.3,24.83062540709199,-68.81408269393759
1167,0,1167,27650000000.0,35.18173178755914,-97.43583353968799,6.712985807594864,1.3,24.8776939637912,-68.81252521299345
1168,0,1168,27660000000.0,35.18173180164889,-97.43583406100865,6.709604268257854,1.3,24.924762521773463,-68.8109677320493
1169,0,1169,27670000000.0,35.18173181573863,-97.43583458232929,6.706222728920843,1.3,24.971831078472672,-68.8094102518906
1170,0,1170,27680000000.0,35.18173182982838,-97.43583510364994,6.702841189583833,1.3,25.018899635171877,-68.80785277094645
1171,0,1171,27690000000.0,35.18173184391813,-97.43583562497058,6.699459650246823,1.3,25.06596819187109,-68.80629529000231
1172,0,1172,27700000000.0,35.18173185800787,-97.43583614629124,6.696078110909812,1.3,25.113036749853354,-68.8047378098436
1173,0,1173,27710000000.0,35.18173187209762,-97.43583666761188,6.692696571572802,1.3,25.16010530655256,-68.80318032889946
1174,0,1174,27720000000.0,35.18173188618737,-97.43583718893252,6.6893150322357915,1.3,25.207173863251768,-68.80162284795531
1175,0,1175,27730000000.0,35.18173189989533,-97.4358377152818,6.685945571600393,1.3,25.254696441435122,-68.80010756994764
1176,0,1176,27740000000.0,35.18173189457341,-97.43583849228267,6.683178171263433,1.3,25.324849637283066,-68.80069585525618
1177,0,1177,27750000000.0,35.18173188925149,-97.43583926928355,6.680410770926473,1.3,25.395002834414072,-68.80128414056472
1178,0,1178,27760000000.0,35.18173188392956,-97.43584004628441,6.6776433705895135,1.3,25.465156030262015,-68.80187242665869
1179,0,1179,27770000000.0,35.181731878607636,-97.43584082328528,6.674875970252554,1.3,25.53530922610996,-68.80246071196723
1180,0,1180,27780000000.0,35.18173187328571,-97.43584160028614,6.672108569915594,1.3,25.605462421957906,-68.80304899727577
1181,0,1181,27790000000.0,35.18173186796379,-97.435842377287,6.669341169578635,1.3,25.67561561780585,-68.8036372825843
1182,0,1182,27800000000.0,35.18173186264187,-97.43584315428787,6.666573769241674,1.3,25.745768813653793,-68.80422556789284
1183,0,1183,27810000000.0,35.181731857319946,-97.43584393128873,6.663806368904715,1.3,25.81592200950174,-68.80481385320138
1184,0,1184,27820000000.0,35.181731851998016,-97.4358447082896,6.661038968567755,1.3,25.886075205349684,-68.80540213929535
1185,0,1185,27830000000.0,35.181731846676094,-97.43584548529046,6.658271568230796,1.3,25.956228401197627,-68.80599042460389
1186,0,1186,27840000000.0,35.18173184135417,-97.43584626229132,6.655504167893836,1.3,26.026381597045575,-68.80657870991243
1187,0,1187,27850000000.0,35.18173183603225,-97.43584703929218,6.652736767556876,1.3,26.096534792893518,-68.80716699522097
1188,0,1188,27860000000.0,35.181731830710326,-97.43584781629305,6.649969367219916,1.3,26.16668798874146,-68.8077552805295
1189,0,1189,27870000000.0,35.1817318253884,-97.43584859329391,6.647201966882957,1.3,26.23684118458941,-68.80834356662348
1190,0,1190,27880000000.0,35.181731820066474,-97.43584937029478,6.644434566545997,1.3,26.306994380437356,-68.80893185193202
1191,0,1191,27890000000.0,35.18173181474455,-97.43585014729564,6.641667166209038,1.3,26.3771475762853,-68.80952013724055
1192,0,1192,27900000000.0,35.18173180942263,-97.4358509242965,6.638899765872078,1.3,26.447300772133246,-68.81010842254909
1193,0,1193,27910000000.0,35.18173180410071,-97.43585170129737,6.636132365535118,1.3,26.51745396798119,-68.81069670785763
1194,0,1194,27920000000.0,35.18173180209169,-97.4358524579226,6.635976647247925,1.3,26.585767506841123,-68.81091878459159
1195,0,1195,27930000000.0,35.18173181120701,-97.43585314612912,6.644590622803422,1.2736339406911679,26.647903713497318,-68.80991117730915
1196,0,1196,27940000000.0,35.18173182032233,-97.43585383433563,6.653204598358919,1.2,26.710039920153513,-68.8089035700267
1197,0,1197,27950000000.0,35.181731829437645,-97.43585452254214,6.661818573914417,1.2,26.772176126809708,-68.80789596274425
1198,0,1198,27960000000.0,35.18173183855296,-97.43585521074866,6.670432549469914,1.2,26.834312333465906,-68.80688835546181
1199,0,1199,27970000000.0,35.18173184766828,-97.43585589895517,6.679046525025411,1.2,26.896448540122098,-68.80588074817936
1200,0,1200,27980000000.0,35.1817318567836,-97.43585658716168,6.687660500580908,1.2,26.958584746778293,-68.80487314089692
1201,0,1201,27990000000.0,35.18173186589892,-97.43585727536819,6.696274476136406,1.2,27.020720953434488,-68.80386553361447
1202,0,1202,28000000000.0,35.181731875014236,-97.4358579635747,6.704888451691903,1.2,27.082857160090683,-68.80285792633202
1203,0,1203,28010000000.0,35.181731884129555,-97.43585865178122,6.713502427247399,1.2,27.144993366746874,-68.80185031904958
1204,0,1204,28020000000.0,35.18173189324487,-97.43585933998774,6.722116402802897,1.1697789929707887,27.207129574686128,-68.80084271176713
1205,0,1205,28030000000.0,35.18173190236019,-97.43586002819426,6.730730378358394,1.1,27.269265781342327,-68.79983510448469
1206,0,1206,28040000000.0,35.1817319114755,-97.43586071640077,6.739344353913891,1.1,27.331401987998518,-68.79882749798767
1207,0,1207,28050000000.0,35.18173192059082,-97.43586140460728,6.747958329469388,1.1,27.393538194654713,-68.79781989070523
1208,0,1208,28060000000.0,35.18173192970614,-97.43586209281379,6.756572305024886,1.1,27.455674401310905,-68.79681228342278
1209,0,1209,28070000000.0,35.18173193882146,-97.4358627810203,6.765186280580383,1.1,27.517810607967103,-68.79580467614034
1210,0,1210,28080000000.0,35.181731947936775,-97.43586346922682,6.77380025613588,1.0752503564591067,27.579946814623298,-68.79479706885789
1211,0,1211,28090000000.0,35.181731957052094,-97.43586415743333,6.782414231691377,1.0,27.64208302127949,-68.79378946157544
1212,0,1212,28100000000.0,35.18173196616741,-97.43586484563984,6.791028207246875,1.0,27.70421922793569,-68.792781854293
1213,0,1213,28110000000.0,35.18173197528273,-97.43586553384635,6.799642182802371,1.0,27.766355434591883,-68.79177424701055
1214,0,1214,28120000000.0,35.18173198439805,-97.43586622205287,6.808256158357868,1.0,27.828491641248075,-68.7907666397281
1215,0,1215,28130000000.0,35.18173199351337,-97.43586691025938,6.8168701339133655,1.0,27.89062784790427,-68.78975903244566
1216,0,1216,28140000000.0,35.1817320028961,-97.43586761431149,6.82104513177778,0.9776672663643815,27.954194708706822,-68.78872186535688
1217,0,1217,28150000000.0,35.18173201293871,-97.43586835746466,6.81426636969362,0.9,28.021291892269165,-68.78761175501808
1218,0,1218,28160000000.0,35.18173202298132,-97.43586910061784,6.807487607609459,0.9,28.08838907711457,-68.78650164467928
1219,0,1219,28170000000.0,35.18173203302393,-97.43586984377102,6.800708845525299,0.9,28.155486261959968,-68.78539153512591
1220,0,1220,28180000000.0,35.18173204306654,-97.4358705869242,6.793930083441139,0.9,28.222583446805373,-68.78428142478711
1221,0,1221,28190000000.0,35.18173205310915,-97.43587133007736,6.787151321356978,0.8857983428299596,28.289680630367716,-68.78317131444831
1222,0,1222,28200000000.0,35.18173206315176,-97.43587207323054,6.780372559272818,0.8298854041957517,28.356777815213118,-68.78206120410951
1223,0,1223,28210000000.0,35.181732073194375,-97.43587281638372,6.773593797188657,0.8,28.423875000058523,-68.78095109377071
1224,0,1224,28220000000.0,35.18173208323698,-97.43587355953689,6.766815035104497,0.8,28.490972183620865,-68.77984098421734
1225,0,1225,28230000000.0,35.18173209327959,-97.43587430269007,6.760036273020337,0.7037574300344163,28.55806936846627,-68.77873087387854
1226,0,1226,28240000000.0,35.181732103322204,-97.43587504584325,6.7532575109361765,0.7,28.625166553311672,-68.77762076353974
1227,0,1227,28250000000.0,35.181732113364816,-97.43587578899643,6.746478748852017,0.7,28.69226373815707,-68.77651065320094
1228,0,1228,28260000000.0,35.18173212340743,-97.43587653214959,6.739699986767857,0.7,28.75936092171942,-68.77540054286214
1229,0,1229,28270000000.0,35.18173213345003,-97.43587727530277,6.732921224683696,0.7,28.826458106564818,-68.77429043330878
1230,0,1230,28280000000.0,35.181732143492646,-97.43587801845595,6.726142462599536,0.7,28.893555291410223,-68.77318032296998
1231,0,1231,28290000000.0,35.18173215353526,-97.43587876160913,6.719363700515376,0.7,28.960652476255625,-68.77207021263118
1232,0,1232,28300000000.0,35.18173216357787,-97.4358795047623,6.712584938431215,0.7,29.027749659817967,-68.77096010229238
1233,0,1233,28310000000.0,35.181732173620475,-97.43588024791548,6.705806176347055,0.7,29.094846844663373,-68.76984999273901
1234,0,1234,28320000000.0,35.18173218366309,-97.43588099106866,6.699027414262895,0.7,29.16194402950877,-68.76873988240021
1235,0,1235,28330000000.0,35.1817321937057,-97.43588173422184,6.692248652178734,0.7,29.229041214354176,-68.76762977206141
1236,0,1236,28340000000.0,35.18173220413725,-97.43588249581319,6.685331475416323,0.7,29.297803129244752,-68.7664766686396
1237,0,1237,28350000000.0,35.181732215221906,-97.4358832883666,6.678181867713635,0.7,29.369360520024948,-68.76525137048631
1238,0,1238,28360000000.0,35.18173222630657,-97.43588408092,6.671032260010947,0.7,29.440917910805137,-68.76402607154759
1239,0,1239,28370000000.0,35.18173223739124,-97.43588487347343,6.663882652308259,0.7,29.512475302868385,-68.76280077260887
1240,0,1240,28380000000.0,35.181732248475896,-97.43588566602683,6.656733044605571,0.7,29.584032693648574,-68.76157547445558
1241,0,1241,28390000000.0,35.18173225956056,-97.43588645858024,6.649583436902883,0.7,29.655590084428763,-68.76035017551686
1242,0,1242,28400000000.0,35.18173227064523,-97.43588725113366,6.642433829200195,0.7,29.727147476492014,-68.75912487657814
1243,0,1243,28410000000.0,35.181732281729886,-97.43588804368707,6.635284221497507,0.7,29.798704867272203,-68.75789957842485
1244,0,1244,28420000000.0,35.18173229281455,-97.43588883624048,6.628134613794819,0.7,29.870262258052396,-68.75667427948613
1245,0,1245,28430000000.0,35.18173230389922,-97.4358896287939,6.6209850060921305,0.7,29.94181965011564,-68.75544898054741
1246,0,1246,28440000000.0,35.181732314983876,-97.43589042134731,6.613835398389443,0.7,30.013377040895833,-68.75422368239413
1247,0,1247,28450000000.0,35.18173232606854,-97.43589121390072,6.606685790686755,0.7,30.08493443167602,-68.7529983834554
1248,0,1248,28460000000.0,35.18173233715321,-97.43589200645413,6.599536182984067,0.7,30.15649182245621,-68.75177308451669
1249,0,1249,28470000000.0,35.181732348237865,-97.43589279900755,6.592386575281378,0.7,30.228049214519462,-68.7505477863634
1250,0,1250,28480000000.0,35.18173235932253,-97.43589359156095,6.585236967578691,0.7,30.29960660529965,-68.74932248742468
1251,0,1251,28490000000.0,35.1817323704072,-97.43589438411436,6.578087359876003,0.7,30.371163996079844,-68.74809718848596
1252,0,1252,28500000000.0,35.181732381491855,-97.43589517666778,6.5709377521733145,0.7,30.442721388143088,-68.74687189033267
1253,0,1253,28510000000.0,35.18173239257652,-97.43589596922119,6.563788144470626,0.7,30.514278778923284,-68.74564659139395
1254,0,1254,28520000000.0,35.18173239836874,-97.43589673816501,6.559734070253066,0.7,30.583704527294298,-68.74500631978378
1255,0,1255,28530000000.0,35.18173239342988,-97.43589745923761,6.561956554289395,0.7,30.648808119031422,-68.74555226077774
1256,0,1256,28540000000.0,35.18173238849103,-97.4358981803102,6.564179038325725,0.7,30.713911710768546,-68.7460982017717
1257,0,1257,28550000000.0,35.18173238355217,-97.43589890138281,6.566401522362054,0.7,30.779015303788732,-68.74664414276566
1258,0,1258,28560000000.0,35.18173237861332,-97.43589962245541,6.568624006398384,0.7,30.844118895525856,-68.74719008375962
1259,0,1259,28570000000.0,35.181732373674464,-97.435900343528,6.570846490434713,0.7,30.909222487262983,-68.74773602475358
1260,0,1260,28580000000.0,35.18173236873562,-97.4359010646006,6.573068974471042,0.7,30.974326079000107,-68.7482819649621
1261,0,1261,28590000000.0,35.18173236379676,-97.43590178567321,6.575291458507372,0.7,31.039429672020287,-68.74882790595606
1262,0,1262,28600000000.0,35.18173235885791,-97.4359025067458,6.577513942543701,0.7,31.10453326375741,-68.74937384695002
1263,0,1263,28610000000.0,35.18173235391905,-97.4359032278184,6.57973642658003,0.7,31.169636855494534,-68.74991978794398
1264,0,1264,28620000000.0,35.1817323489802,-97.435903948891,6.581958910616359,0.7,31.234740447231662,-68.75046572893794
1265,0,1265,28630000000.0,35.18173234404134,-97.43590466996359,6.584181394652688,0.7,31.299844038968786,-68.7510116699319
1266,0,1266,28640000000.0,35.181732339102496,-97.4359053910362,6.586403878689018,0.7,31.364947631988972,-68.75155761014042
1267,0,1267,28650000000.0,35.18173233416364,-97.4359061121088,6.588626362725347,0.7,31.430051223726096,-68.75210355113438
1268,0,1268,28660000000.0,35.181732329224786,-97.43590683318139,6.590848846761677,0.7,31.49515481546322,-68.75264949212834
1269,0,1269,28670000000.0,35.18173232428593,-97.43590755425399,6.593071330798006,0.6905477407390654,31.560258407200344,-68.7531954331223
1270,0,1270,28680000000.0,35.18173231934708,-97.43590827532658,6.595293814834335,0.6,31.625361998937468,-68.75374137411626
1271,0,1271,28690000000.0,35.18173231440822,-97.43590899639919,6.597516298870665,0.6,31.690465591957647,-68.75428731511022
1272,0,1272,28700000000.0,35.181732309469375,-97.43590971747179,6.599738782906994,0.6,31.755569183694774,-68.75483325531874
1273,0,1273,28710000000.0,35.18173230453052,-97.43591043854438,6.601961266943324,0.6,31.8206727754319,-68.7553791963127
1274,0,1274,28720000000.0,35.18173230082534,-97.43591115859911,6.603298461347534,0.6502272990156448,31.885684466884385,-68.75578876712424
1275,0,1275,28730000000.0,35.181732310807895,-97.43591186736045,6.594813290498793,0.923043291483052,31.949676509885098,-68.7546852952731
1276,0,1276,28740000000.0,35.181732320790445,-97.43591257612177,6.586328119650053,1.0585431033513035,32.01366855160275,-68.7535818242074
1277,0,1277,28750000000.0,35.181732330773,-97.4359132848831,6.577842948801313,1.0509548100976738,32.077660594603465,-68.75247835235626
1278,0,1278,28760000000.0,35.18173234075556,-97.43591399364443,6.569357777952573,1.1451223221930273,32.14165263760418,-68.75137488050513
1279,0,1279,28770000000.0,35.18173235073811,-97.43591470240575,6.560872607103832,1.2,32.205644679321836,-68.75027140943942
1280,0,1280,28780000000.0,35.181732360720666,-97.43591541116709,6.552387436255092,1.2,32.269636722322545,-68.74916793758828
1281,0,1281,28790000000.0,35.181732370703216,-97.43591611992842,6.543902265406351,1.2,32.33362876532326,-68.74806446652258
1282,0,1282,28800000000.0,35.18173238068577,-97.43591682868974,6.535417094557611,1.1563377748595716,32.397620807040916,-68.74696099467144
1283,0,1283,28810000000.0,35.18173239066832,-97.43591753745108,6.5269319237088705,1.1314732446791391,32.46161285004163,-68.74585752360574
1284,0,1284,28820000000.0,35.18173240065088,-97.43591824621241,6.518446752860131,1.3070673216022366,32.52560489304234,-68.7447540517546
1285,0,1285,28830000000.0,35.18173241063344,-97.43591895497373,6.50996158201139,1.4,32.589596934759996,-68.74365057990346
1286,0,1286,28840000000.0,35.18173242061599,-97.43591966373506,6.50147641116265,1.4,32.65358897776071,-68.74254710883775
1287,0,1287,28850000000.0,35.181732430598544,-97.4359203724964,6.492991240313909,1.4,32.71758102076143,-68.74144363698662
1288,0,1288,28860000000.0,35.181732440581094,-97.43592108125772,6.484506069465169,1.4,32.78157306247908,-68.74034016592091
1289,0,1289,28870000000.0,35.18173245056365,-97.43592179001905,6.4760208986164285,1.4,32.84556510547979,-68.73923669406977
1290,0,1290,28880000000.0,35.18173246054621,-97.43592249878039,6.467535727767689,1.4,32.90955714848051,-68.73813322221864
1291,0,1291,28890000000.0,35.18173247052876,-97.4359232075417,6.459050556918948,1.4,32.97354919019816,-68.73702975115293
1292,0,1292,28900000000.0,35.181732480511315,-97.43592391630304,6.450565386070208,1.4,33.03754123319888,-68.7359262793018
1293,0,1293,28910000000.0,35.181732490493864,-97.43592462506437,6.442080215221467,1.4,33.10153327619959,-68.73482280823609
1294,0,1294,28920000000.0,35.1817325,-97.43592533367452,6.433761173550232,1.4,33.16551166875035,-68.73377199973064
1295,0,1295,28930000000.0,35.1817325,-97.43592603926821,6.428756962982439,1.4,33.229217714359784,-68.73377199973064
1296,0,1296,28940000000.0,35.1817325,-97.4359267448619,6.423752752414646,1.4,33.29292375996921,-68.73377199973064
1297,0,1297,28950000000.0,35.1817325,-97.4359274504556,6.418748541846853,1.4,33.35662980557865,-68.73377199973064
1298,0,1298,28960000000.0,35.1817325,-97.43592815604929,6.41374433127906,1.3565117662470145,33.420335851188085,-68.73377199973064
1299,0,1299,28970000000.0,35.1817325,-97.43592886164298,6.4087401207112675,1.3,33.48404189679752,-68.73377199973064
1300,0,1300,28980000000.0,35.1817325,-97.43592956723667,6.4037359101434745,1.3,33.54774794240695,-68.73377199973064
1301,0,1301,28990000000.0,35.1817325,-97.43593027283035,6.3987316995756816,1.3,33.61145398673333,-68.73377199973064
1302,0,1302,29000000000.0,35.1817325,-97.43593097842404,6.393727489007889,1.3,33.67516003234277,-68.73377199973064
1303,0,1303,29010000000.0,35.1817325,-97.43593168401773,6.388723278440096,1.3,33.7388660779522,-68.73377199973064
1304,0,1304,29020000000.0,35.1817325,-97.43593238961142,6.383719067872303,1.3,33.80257212356163,-68.73377199973064
1305,0,1305,29030000000.0,35.1817325,-97.43593309520512,6.3787148573045105,1.3,33.86627816917107,-68.73377199973064
1306,0,1306,29040000000.0,35.1817325,-97.43593380079881,6.3737106467367175,1.3,33.929984214780504,-68.73377199973064
1307,0,1307,29050000000.0,35.1817325,-97.4359345063925,6.3687064361689245,1.3,33.99369026038993,-68.73377199973064
1308,0,1308,29060000000.0,35.1817325,-97.43593521198619,6.3637022256011315,1.3,34.05739630599937,-68.73377199973064
1309,0,1309,29070000000.0,35.1817325,-97.43593591757987,6.3586980150333385,1.3,34.12110235032574,-68.73377199973064
1310,0,1310,29080000000.0,35.1817325,-97.43593662317356,6.353693804465546,1.3,34.18480839593518,-68.73377199973064
1311,0,1311,29090000000.0,35.1817325,-97.43593732876725,6.3486895938977534,1.3,34.24851444154461,-68.73377199973064
1312,0,1312,29100000000.0,35.1817325,-97.43593803436094,6.3436853833299605,1.3,34.31222048715404,-68.73377199973064
1313,0,1313,29110000000.0,35.1817325,-97.43593873995464,6.3386811727621675,1.3,34.37592653276348,-68.73377199973064
1314,0,1314,29120000000.0,35.18173249934505,-97.43593944650137,6.334222682638816,1.3,34.439718625348725,-68.7338443978895
1315,0,1315,29130000000.0,35.18173248919918,-97.43594016685876,6.3376722814010185,1.3,34.50475764336226,-68.73496592293975
1316,0,1316,29140000000.0,35.181732479053295,-97.43594088721615,6.341121880163222,1.3,34.5697966613758,-68.73608744877544
1317,0,1317,29150000000.0,35.18173246890742,-97.43594160757354,6.344571478925424,1.3,34.63483567938934,-68.73720897382569
1318,0,1318,29160000000.0,35.18173245876154,-97.43594232793093,6.348021077687627,1.3,34.69987469740288,-68.73833049966137
1319,0,1319,29170000000.0,35.18173244861566,-97.43594304828831,6.35147067644983,1.3,34.764913714133364,-68.73945202471162
1320,0,1320,29180000000.0,35.18173243846978,-97.4359437686457,6.354920275212033,1.3,34.8299527321469,-68.74057355054731
1321,0,1321,29190000000.0,35.181732428323905,-97.43594448900309,6.358369873974236,1.3,34.89499175016044,-68.74169507559756
1322,0,1322,29200000000.0,35.18173241817802,-97.43594520936048,6.361819472736438,1.301679283648544,34.96003076817398,-68.74281660143325
1323,0,1323,29210000000.0,35.18173240803215,-97.43594592971787,6.365269071498641,1.364723739509639,35.02506978618752,-68.7439381264835
1324,0,1324,29220000000.0,35.181732397886265,-97.43594665007527,6.3687186702608445,1.4,35.09010880420106,-68.74505965231918
1325,0,1325,29230000000.0,35.18173238774039,-97.43594737043264,6.372168269023047,1.4,35.15514782093154,-68.74618117736944
1326,0,1326,29240000000.0,35.18173237759451,-97.43594809079003,6.37561786778525,1.4,35.22018683894508,-68.74730270320512
1327,0,1327,29250000000.0,35.18173236744863,-97.43594881114743,6.379067466547452,1.4,35.28522585695862,-68.74842422825537
1328,0,1328,29260000000.0,35.18173235730275,-97.43594953150482,6.3825170653096555,1.4,35.35026487497216,-68.74954575409106
1329,0,1329,29270000000.0,35.181732347156874,-97.43595025186221,6.385966664071859,1.4,35.415303892985705,-68.75066727914131
1330,0,1330,29280000000.0,35.18173233701099,-97.4359509722196,6.389416262834061,1.4,35.48034291099924,-68.751788804977
1331,0,1331,29290000000.0,35.18173232686512,-97.43595169257698,6.392865861596264,1.4,35.54538192772972,-68.75291033002725
1332,0,1332,29300000000.0,35.181732316719234,-97.43595241293437,6.396315460358466,1.4,35.61042094574326,-68.75403185586293
1333,0,1333,29310000000.0,35.18173230657336,-97.43595313329176,6.39976505912067,1.4,35.6754599637568,-68.75515338091319
1334,0,1334,29320000000.0,35.1817323,-97.43595384670375,6.400313895281181,1.4,35.73987190147525,-68.75587999998899
1335,0,1335,29330000000.0,35.1817323,-97.43595454733637,6.3955253990033425,1.4,35.803130025256436,-68.75587999998899
1336,0,1336,29340000000.0,35.1817323,-97.43595524796898,6.390736902725504,1.4,35.86638814903762,-68.75587999998899
1337,0,1337,29350000000.0,35.1817323,-97.43595594860159,6.385948406447665,1.4310863535011464,35.9296462728188,-68.75587999998899
1338,0,1338,29360000000.0,35.1817323,-97.4359566492342,6.381159910169826,1.5,35.99290439659998,-68.75587999998899
1339,0,1339,29370000000.0,35.1817323,-97.43595734986681,6.376371413891987,1.5,36.056162520381164,-68.75587999998899
1340,0,1340,29380000000.0,35.1817323,-97.43595805049942,6.371582917614148,1.5,36.119420644162346,-68.75587999998899
1341,0,1341,29390000000.0,35.1817323,-97.43595875113203,6.3667944213363095,1.5,36.182678767943536,-68.75587999998899
1342,0,1342,29400000000.0,35.1817323,-97.43595945176466,6.362005925058471,1.5,36.24593689300777,-68.75587999998899
1343,0,1343,29410000000.0,35.1817323,-97.43596015239727,6.357217428780632,1.5,36.309195016788955,-68.75587999998899
1344,0,1344,29420000000.0,35.1817323,-97.43596085302988,6.352428932502793,1.5,36.37245314057014,-68.75587999998899
1345,0,1345,29430000000.0,35.1817323,-97.4359615536625,6.347640436224954,1.5,36.43571126435132,-68.75587999998899
1346,0,1346,29440000000.0,35.1817323,-97.4359622542951,6.342851939947115,1.5,36.49896938813251,-68.75587999998899
1347,0,1347,29450000000.0,35.1817323,-97.43596295492772,6.338063443669276,1.515376275844062,36.56222751191368,-68.75587999998899
1348,0,1348,29460000000.0,35.1817323,-97.43596365556033,6.333274947391438,1.6,36.62548563569487,-68.75587999998899
1349,0,1349,29470000000.0,35.1817323,-97.43596435619294,6.328486451113599,1.6,36.688743759476054,-68.75587999998899
1350,0,1350,29480000000.0,35.1817323,-97.43596505682557,6.32369795483576,1.6379715193041038,36.75200188454029,-68.75587999998899
1351,0,1351,29490000000.0,35.1817323,-97.43596575745818,6.318909458557922,1.735674632071459,36.81526000832148,-68.75587999998899
1352,0,1352,29500000000.0,35.1817323,-97.43596645809079,6.314120962280083,1.8227949848571117,36.87851813210266,-68.75587999998899
1353,0,1353,29510000000.0,35.1817323,-97.4359671587234,6.309332466002244,1.9377723129279525,36.94177625588384,-68.75587999998899
1354,0,1354,29520000000.0,35.181732302505765,-97.4359678583246,6.310207381040727,2.1250568706835624,37.00494125662647,-68.75560301278284
1355,0,1355,29530000000.0,35.181732307391236,-97.43596855694629,6.316460777966547,2.223136938794745,37.068017820056966,-68.75506297275408
1356,0,1356,29540000000.0,35.1817323122767,-97.43596925556798,6.322714174892368,2.3340421325764313,37.13109438348746,-68.75452293351074
1357,0,1357,29550000000.0,35.181732317162165,-97.43596995418967,6.328967571818188,2.5196489142857144,37.19417094691794,-68.75398289426741
1358,0,1358,29560000000.0,35.18173232204763,-97.43597065281135,6.335220968744008,2.715135595789474,37.25724750906538,-68.75344285502408
1359,0,1359,29570000000.0,35.1817323269331,-97.43597135143304,6.3414743656698285,2.8679948564867965,37.32032407249587,-68.75290281499531
1360,0,1360,29580000000.0,35.181732331818566,-97.43597205005473,6.347727762595649,3.100296964514224,37.383400635926364,-68.75236277575198
1361,0,1361,29590000000.0,35.18173233670403,-97.43597274867642,6.353981159521469,3.4,37.44647719935685,-68.75182273650864
1362,0,1362,29600000000.0,35.181732341589495,-97.4359734472981,6.360234556447289,3.4,37.509553761504286,-68.75128269726531
1363,0,1363,29610000000.0,35.181732346474966,-97.43597414591979,6.36648795337311,3.4,37.57263032493478,-68.75074265723654
1364,0,1364,29620000000.0,35.18173235136043,-97.43597484454148,6.37274135029893,3.6,37.63570688836527,-68.75020261799321
1365,0,1365,29630000000.0,35.181732356245895,-97.43597554316317,6.37899474722475,3.610255828389092,37.698783451795755,-68.74966257874988
1366,0,1366,29640000000.0,35.18173236113137,-97.43597624178486,6.38524814415057,3.697670410137854,37.76186001522625,-68.74912253872111
1367,0,1367,29650000000.0,35.18173236601683,-97.43597694040653,6.391501541076391,3.7,37.824936577373684,-68.74858249947778
1368,0,1368,29660000000.0,35.181732370902296,-97.43597763902822,6.39775493800221,3.7,37.88801314080417,-68.74804246023444
1369,0,1369,29670000000.0,35.18173237578776,-97.43597833764991,6.40400833492803,3.722588766613131,37.95108970423466,-68.74750242099111
1370,0,1370,29680000000.0,35.18173238067323,-97.4359790362716,6.410261731853851,3.789236529145684,38.01416626766515,-68.74696238096234
1371,0,1371,29690000000.0,35.181732385558696,-97.4359797348933,6.416515128779671,3.702653316574287,38.077242831095646,-68.74642234171901
1372,0,1372,29700000000.0,35.18173239044416,-97.43598043351497,6.422768525705491,3.7967279711195716,38.140319393243075,-68.74588230247568
1373,0,1373,29710000000.0,35.181732395329625,-97.43598113213666,6.4290219226313114,3.8,38.20339595667357,-68.74534226323235
1374,0,1374,29720000000.0,35.1817324002223,-97.43598183156699,6.434911078897125,3.7433118662449165,38.266545529931456,-68.74480142677356
1375,0,1375,29730000000.0,35.18173240527152,-97.43598254855539,6.432891393273815,3.7,38.331280370910385,-68.74424328641965
1376,0,1376,29740000000.0,35.181732410320734,-97.43598326554378,6.430871707650506,3.7,38.39601521188931,-68.74368514606573
1377,0,1377,29750000000.0,35.18173241536994,-97.43598398253218,6.428852022027196,3.7,38.46075005286825,-68.74312700649725
1378,0,1378,29760000000.0,35.18173242041916,-97.43598469952057,6.426832336403886,3.7,38.52548489384718,-68.74256886614333
1379,0,1379,29770000000.0,35.181732425468375,-97.43598541650897,6.424812650780576,3.7,38.59021973482611,-68.74201072578941
1380,0,1380,29780000000.0,35.18173243051759,-97.43598613349737,6.422792965157267,3.7,38.65495457580504,-68.7414525854355
1381,0,1381,29790000000.0,35.1817324355668,-97.43598685048576,6.420773279533957,3.7,38.71968941678397,-68.74089444586701
1382,0,1382,29800000000.0,35.18173244061602,-97.43598756747416,6.4187535939106475,3.7,38.7844242577629,-68.7403363055131
1383,0,1383,29810000000.0,35.18173244566523,-97.43598828446255,6.416733908287338,3.7,38.84915909874183,-68.73977816515918
1384,0,1384,29820000000.0,35.18173245071444,-97.43598900145095,6.414714222664028,3.7,38.913893939720765,-68.7392200255907
1385,0,1385,29830000000.0,35.18173245576366,-97.43598971843934,6.412694537040719,3.7,38.978628780699694,-68.73866188523678
1386,0,1386,29840000000.0,35.181732460812874,-97.43599043542774,6.410674851417409,3.7,39.04336362167862,-68.73810374488286
1387,0,1387,29850000000.0,35.18173246586209,-97.43599115241614,6.408655165794099,3.7,39.10809846265756,-68.73754560452895
1388,0,1388,29860000000.0,35.1817324709113,-97.43599186940455,6.406635480170789,3.7,39.17283330491954,-68.73698746496046
1389,0,1389,29870000000.0,35.181732475960516,-97.43599258639294,6.40461579454748,3.7,39.23756814589848,-68.73642932460655
1390,0,1390,29880000000.0,35.18173248100973,-97.43599330338134,6.40259610892417,3.7,39.30230298687741,-68.73587118425263
1391,0,1391,29890000000.0,35.18173248605894,-97.43599402036973,6.40057642330086,3.7,39.367037827856336,-68.73531304468415
1392,0,1392,29900000000.0,35.18173249110816,-97.43599473735813,6.39855673767755,3.7,39.431772668835265,-68.73475490433023
1393,0,1393,29910000000.0,35.18173249615737,-97.43599545434652,6.39653705205424,3.7,39.4965075098142,-68.73419676397631
1394,0,1394,29920000000.0,35.18173249765048,-97.43599616799092,6.396374471176525,3.7,39.56094043065686,-68.73403171602988
1395,0,1395,29930000000.0,35.18173248781839,-97.43599687098565,6.402126246131261,3.7,39.62441182299155,-68.7351185555319
1396,0,1396,29940000000.0,35.181732477986294,-97.43599757398036,6.407878021085997,3.7,39.687883214043175,-68.73620539503392
1397,0,1397,29950000000.0,35.181732468154195,-97.43599827697507,6.413629796040732,3.7,39.7513546050948,-68.73729223532138
1398,0,1398,29960000000.0,35.1817324583221,-97.4359989799698,6.419381570995468,3.7,39.81482599742949,-68.7383790748234
1399,0,1399,29970000000.0,35.18173244849001,-97.4359996829645,6.425133345950203,3.7,39.87829738848111,-68.73946591432542
1400,0,1400,29980000000.0,35.18173243865792,-97.43600038595923,6.430885120904939,3.7,39.9417687808158,-68.74055275382744
1401,0,1401,29990000000.0,35.18173242882582,-97.43600108895394,6.4366368958596745,3.6345873499027244,40.00524017186742,-68.7416395941149
1402,0,1402,30000000000.0,35.181732418993725,-97.43600179194866,6.4423886708144105,3.6,40.06871156291905,-68.74272643361692
1403,0,1403,30010000000.0,35.18173240916163,-97.43600249494338,6.4481404457691465,3.6,40.13218295525373,-68.74381327311895
1404,0,1404,30020000000.0,35.18173239932954,-97.43600319793809,6.453892220723882,3.5638049144303867,40.19565434630536,-68.74490011262097
1405,0,1405,30030000000.0,35.18173238949745,-97.4360039009328,6.459643995678618,3.5,40.25912573735698,-68.74598695212299
1406,0,1406,30040000000.0,35.18173237966535,-97.43600460392753,6.465395770633353,3.41552179097602,40.32259712969167,-68.74707379241045
1407,0,1407,30050000000.0,35.181732369833256,-97.43600530692224,6.471147545588089,3.2520061213293836,40.386068520743294,-68.74816063191247
1408,0,1408,30060000000.0,35.18173236000116,-97.43600600991697,6.476899320542824,3.2,40.449539913077984,-68.74924747141449
1409,0,1409,30070000000.0,35.18173235016907,-97.43600671291168,6.48265109549756,3.2,40.513011304129606,-68.75033431091651
1410,0,1410,30080000000.0,35.18173234033697,-97.43600741590639,6.488402870452296,3.070939444051558,40.576482695181234,-68.75142115120397
1411,0,1411,30090000000.0,35.18173233050488,-97.43600811890111,6.494154645407031,3.0,40.63995408751592,-68.752507990706
1412,0,1412,30100000000.0,35.181732320672786,-97.43600882189583,6.499906420361767,3.0,40.703425478567546,-68.75359483020802
1413,0,1413,30110000000.0,35.181732310840694,-97.43600952489055,6.505658195316502,3.0,40.76689687090223,-68.75468166971004
1414,0,1414,30120000000.0,35.1817323010086,-97.43601022788526,6.511409970271238,2.9449389851187724,40.83036826195385,-68.75576850921206
1415,0,1415,30130000000.0,35.181732295399826,-97.43601095782527,6.510849955828876,2.848093854836131,40.896272467528334,-68.7563885032742
1416,0,1416,30140000000.0,35.18173229027381,-97.43601169084535,6.50956845219576,2.7460069107074743,40.962454763010015,-68.75695513338357
1417,0,1417,30150000000.0,35.181732285147795,-97.43601242386542,6.508286948562643,2.651826020807028,41.0286370584917,-68.75752176270751
1418,0,1418,30160000000.0,35.18173228002178,-97.43601315688551,6.5070054449295265,2.6,41.09481935525643,-68.75808839281689
1419,0,1419,30170000000.0,35.181732274895765,-97.43601388990558,6.505723941296409,2.531043444189599,41.161001650738115,-68.75865502214083
1420,0,1420,30180000000.0,35.18173226976975,-97.43601462292565,6.504442437663293,2.3768657941822977,41.227183946219796,-68.75922165146477
1421,0,1421,30190000000.0,35.181732264643735,-97.43601535594574,6.503160934030176,2.2329089233171926,41.29336624298454,-68.75978828157415
1422,0,1422,30200000000.0,35.18173225951772,-97.43601608896581,6.50187943039706,2.2,41.35954853846622,-68.76035491089809
1423,0,1423,30210000000.0,35.181732254391704,-97.43601682198589,6.500597926763943,2.185884756837641,41.4257308339479,-68.76092154100746
1424,0,1424,30220000000.0,35.18173224926569,-97.43601755500598,6.499316423130827,2.0628302678001837,41.49191313071264,-68.7614881703314
1425,0,1425,30230000000.0,35.181732244139674,-97.43601828802605,6.4980349194977105,2.0,41.55809542619432,-68.76205480044078
1426,0,1426,30240000000.0,35.18173223901366,-97.43601902104612,6.496753415864593,1.8528457909138947,41.624277721676,-68.76262142976472
1427,0,1427,30250000000.0,35.18173223388765,-97.43601975406621,6.495471912231477,1.5,41.69046001844074,-68.76318805908866
1428,0,1428,30260000000.0,35.18173222876163,-97.43602048708628,6.49419040859836,1.5,41.75664231392242,-68.76375468919804
1429,0,1429,30270000000.0,35.18173222363562,-97.43602122010635,6.492908904965244,1.5,41.8228246094041,-68.76432131852198
1430,0,1430,30280000000.0,35.1817322185096,-97.43602195312644,6.491627401332127,1.5,41.889006906168845,-68.76488794863135
1431,0,1431,30290000000.0,35.18173221338359,-97.43602268614652,6.490345897699011,1.5,41.955189201650526,-68.7654545779553
1432,0,1432,30300000000.0,35.18173220825758,-97.43602341916659,6.489064394065894,1.5,42.02137149713221,-68.76602120727924
1433,0,1433,30310000000.0,35.18173220313156,-97.43602415218668,6.4877828904327774,1.4725055924785442,42.087553793896944,-68.76658783738861
1434,0,1434,30320000000.0,35.18173219426237,-97.43602486584322,6.484341567689575,1.3591291166558168,42.15198781175387,-68.76756823723937
1435,0,1435,30330000000.0,35.181732179515905,-97.43602554909643,6.477509035654954,1.267267716268091,42.213676798414326,-68.76919831191543
1436,0,1436,30340000000.0,35.18173216476943,-97.43602623234963,6.470676503620333,1.2,42.27536578507479,-68.77082838737692
1437,0,1437,30350000000.0,35.18173215002296,-97.43602691560284,6.463843971585711,1.1860869207117077,42.33705477173525,-68.77245846205298
1438,0,1438,30360000000.0,35.18173213527649,-97.43602759885604,6.45701143955109,1.1,42.3987437583957,-68.77408853672904
1439,0,1439,30370000000.0,35.181732120530015,-97.43602828210925,6.450178907516468,1.0554451169452874,42.46043274505617,-68.77571861219053
1440,0,1440,30380000000.0,35.181732105783546,-97.43602896536245,6.443346375481847,0.9583350048242445,42.522121731716624,-68.77734868686659
1441,0,1441,30390000000.0,35.18173209103707,-97.43602964861564,6.4365138434472255,0.9,42.583810717094025,-68.77897876232808
1442,0,1442,30400000000.0,35.1817320762906,-97.43603033186885,6.429681311412605,0.9,42.64549970375448,-68.78060883700414
1443,0,1443,30410000000.0,35.18173206154413,-97.43603101512205,6.422848779377983,0.9241731262664842,42.70718869041494,-68.7822389116802
1444,0,1444,30420000000.0,35.181732046797656,-97.43603169837526,6.416016247343362,1.0,42.768877677075395,-68.78386898714169
1445,0,1445,30430000000.0,35.18173203205119,-97.43603238162846,6.40918371530874,0.9722961081498648,42.83056666373586,-68.78549906181775
1446,0,1446,30440000000.0,35.18173201730471,-97.43603306488167,6.402351183274119,0.8667207184642437,42.892255650396315,-68.78712913727924
1447,0,1447,30450000000.0,35.18173200255824,-97.43603374813488,6.395518651239497,0.7830334220119691,42.95394463705677,-68.7887592119553
1448,0,1448,30460000000.0,35.18173198781177,-97.43603443138808,6.388686119204876,0.7,43.015633623717235,-68.79038928663135
1449,0,1449,30470000000.0,35.1817319730653,-97.43603511464129,6.381853587170255,0.7,43.07732261037769,-68.79201936209284
1450,0,1450,30480000000.0,35.18173195831883,-97.43603579789448,6.375021055135633,0.7,43.13901159575509,-68.7936494367689
1451,0,1451,30490000000.0,35.18173194357235,-97.43603648114768,6.368188523101012,0.7,43.20070058241555,-68.7952795122304
1452,0,1452,30500000000.0,35.18173192882588,-97.43603716440089,6.36135599106639,0.7188857022418087,43.26238956907601,-68.79690958690645
1453,0,1453,30510000000.0,35.18173191407941,-97.43603784765409,6.354523459031769,0.8,43.32407855573647,-68.79853966236794
1454,0,1454,30520000000.0,35.181731898888984,-97.43603853044188,6.34771335752111,0.722079949841123,43.38572552097702,-68.80021881174201
1455,0,1455,30530000000.0,35.18173187432824,-97.43603920340615,6.341376686568218,0.6,43.44648554954702,-68.80293375605177
1456,0,1456,30540000000.0,35.1817318497675,-97.43603987637043,6.335040015615325,0.6,43.50724557811703,-68.80564870036153
1457,0,1457,30550000000.0,35.18173182520676,-97.4360405493347,6.328703344662433,0.6,43.56800560668703,-68.80836364467129
1458,0,1458,30560000000.0,35.18173180064603,-97.436041222299,6.32236667370954,0.6,43.628765636540095,-68.81107858819561
1459,0,1459,30570000000.0,35.181731776085286,-97.43604189526327,6.316030002756649,0.6,43.6895256651101,-68.81379353250537
1460,0,1460,30580000000.0,35.181731751524545,-97.43604256822755,6.309693331803756,0.6,43.75028569368009,-68.81650847681513
1461,0,1461,30590000000.0,35.181731726963804,-97.43604324119183,6.303356660850864,0.6,43.8110457222501,-68.81922342112489
1462,0,1462,30600000000.0,35.18173170240306,-97.43604391415612,6.297019989897971,0.6,43.871805752103164,-68.82193836543465
1463,0,1463,30610000000.0,35.18173167784232,-97.43604458712039,6.290683318945079,0.5568896828545369,43.932565780673166,-68.8246533097444
1464,0,1464,30620000000.0,35.18173165328158,-97.43604526008467,6.284346647992186,0.4,43.99332580924317,-68.82736825405416
1465,0,1465,30630000000.0,35.18173162872084,-97.43604593304894,6.278009977039294,0.4,44.054085837813176,-68.83008319836392
1466,0,1466,30640000000.0,35.1817316041601,-97.43604660601324,6.271673306086401,0.4314272303181733,44.114845867666226,-68.83279814267368
1467,0,1467,30650000000.0,35.18173157959936,-97.43604727897751,6.265336635133509,0.5,44.175605896236235,-68.83551308698344
1468,0,1468,30660000000.0,35.18173155503862,-97.43604795194179,6.258999964180616,0.5,44.236365924806236,-68.8382280312932
1469,0,1469,30670000000.0,35.181731530477876,-97.43604862490606,6.252663293227724,0.5,44.297125953376245,-68.84094297560296
1470,0,1470,30680000000.0,35.18173150591714,-97.43604929787035,6.246326622274832,0.5,44.3578859832293,-68.84365791912728
1471,0,1471,30690000000.0,35.1817314813564,-97.43604997083463,6.23998995132194,0.5,44.41864601179931,-68.84637286343704
1472,0,1472,30700000000.0,35.18173145679566,-97.43605064379891,6.233653280369047,0.5,44.47940604036931,-68.8490878077468
1473,0,1473,30710000000.0,35.18173143223492,-97.4360513167632,6.227316609416155,0.5,44.54016607022237,-68.85180275205656
1474,0,1474,30720000000.0,35.18173140767418,-97.43605198972747,6.2209799384632625,0.5,44.60092609879237,-68.85451769636632
1475,0,1475,30730000000.0,35.1817314,-97.4360526761956,6.2197591524040226,0.5,44.66290535157679,-68.85536600036616
1476,0,1476,30740000000.0,35.1817314,-97.43605336880063,6.220863305344061,0.5,44.725438687659484,-68.85536600036616
1477,0,1477,30750000000.0,35.1817314,-97.43605406140566,6.221967458284098,0.5,44.78797202374217,-68.85536600036616
1478,0,1478,30760000000.0,35.1817314,-97.43605475401068,6.223071611224136,0.5,44.85050535982486,-68.85536600036616
1479,0,1479,30770000000.0,35.1817314,-97.43605544661571,6.224175764164174,0.5,44.91303869590755,-68.85536600036616
1480,0,1480,30780000000.0,35.1817314,-97.43605613922074,6.225279917104213,0.5,44.97557203199025,-68.85536600036616
1481,0,1481,30790000000.0,35.1817314,-97.43605683182575,6.226384070044251,0.5,45.03810536678987,-68.85536600036616
1482,0,1482,30800000000.0,35.1817314,-97.43605752443078,6.227488222984289,0.5,45.10063870287256,-68.85536600036616
1483,0,1483,30810000000.0,35.1817314,-97.43605821703581,6.228592375924326,0.5,45.16317203895525,-68.85536600036616
1484,0,1484,30820000000.0,35.1817314,-97.43605890964083,6.229696528864364,0.5,45.22570537503795,-68.85536600036616
1485,0,1485,30830000000.0,35.1817314,-97.43605960224586,6.230800681804403,0.5,45.28823871112063,-68.85536600036616
1486,0,1486,30840000000.0,35.1817314,-97.43606029485089,6.231904834744441,0.48770332537655353,45.35077204720332,-68.85536600036616
1487,0,1487,30850000000.0,35.1817314,-97.43606098745592,6.233008987684479,0.4091204326836938,45.413305383286016,-68.85536600036616
1488,0,1488,30860000000.0,35.1817314,-97.43606168006093,6.234113140624517,0.4,45.47583871808565,-68.85536600036616
1489,0,1489,30870000000.0,35.1817314,-97.43606237266596,6.2352172935645545,0.4,45.538372054168335,-68.85536600036616
1490,0,1490,30880000000.0,35.1817314,-97.43606306527099,6.236321446504593,0.3832444326386517,45.60090539025102,-68.85536600036616
1491,0,1491,30890000000.0,35.1817314,-97.43606375787601,6.237425599444631,0.3,45.663438726333716,-68.85536600036616
1492,0,1492,30900000000.0,35.1817314,-97.43606445048104,6.238529752384669,0.3,45.7259720624164,-68.85536600036616
1493,0,1493,30910000000.0,35.1817314,-97.43606514308607,6.239633905324707,0.3,45.78850539849909,-68.85536600036616
1494,0,1494,30920000000.0,35.1817314,-97.4360658356911,6.240738058264745,0.3,45.851038734581785,-68.85536600036616
1495,0,1495,30930000000.0,35.181731396214815,-97.43606653749542,6.2492895420568715,0.3,45.914402649029334,-68.85578441437843
1496,0,1496,30940000000.0,35.181731391252384,-97.43606724216089,6.260157269987441,0.29537672976068746,45.97802488788155,-68.8563329614422
1497,0,1497,30950000000.0,35.181731386289954,-97.43606794682634,6.271024997918011,0.215343384667788,46.041647125450716,-68.85688150850598
1498,0,1498,30960000000.0,35.18173138132752,-97.43606865149181,6.281892725848581,0.2,46.105269364302934,-68.85743005556975
1499,0,1499,30970000000.0,35.181731376365086,-97.43606935615728,6.292760453779151,0.2,46.16889160315515,-68.85797860341896
1500,0,1500,30980000000.0,35.181731371402655,-97.43607006082274,6.303628181709721,0.2,46.23251384200737,-68.85852715048273
1501,0,1501,30990000000.0,35.181731366440225,-97.43607076548821,6.314495909640291,0.2,46.29613608085959,-68.8590756975465
1502,0,1502,31000000000.0,35.18173136147779,-97.43607147015366,6.32536363757086,0.2,46.35975831842875,-68.85962424539571
1503,0,1503,31010000000.0,35.18173135651536,-97.43607217481913,6.336231365501431,0.2,46.423380557280964,-68.86017279245948
1504,0,1504,31020000000.0,35.181731351552926,-97.4360728794846,6.347099093432001,0.2,46.48700279613319,-68.86072133952325
1505,0,1505,31030000000.0,35.181731346590496,-97.43607358415007,6.35796682136257,0.2,46.5506250349854,-68.86126988658702
1506,0,1506,31040000000.0,35.18173134162806,-97.43607428881553,6.36883454929314,0.2,46.61424727383763,-68.86181843443623
1507,0,1507,31050000000.0,35.18173133666563,-97.43607499348099,6.379702277223711,0.2,46.67786951140678,-68.8623669815
1508,0,1508,31060000000.0,35.1817313317032,-97.43607569814645,6.39057000515428,0.2,46.741491750259,-68.86291552856378
1509,0,1509,31070000000.0,35.18173132674076,-97.43607640281192,6.40143773308485,0.2,46.80511398911122,-68.86346407641298
1510,0,1510,31080000000.0,35.18173132177833,-97.43607710747739,6.41230546101542,0.1864789570472503,46.86873622796344,-68.86401262347675
1511,0,1511,31090000000.0,35.1817313168159,-97.43607781214286,6.42317318894599,0.1,46.93235846681566,-68.86456117054053
1512,0,1512,31100000000.0,35.18173131185346,-97.43607851680831,6.43404091687656,0.1,46.99598070438482,-68.86510971838973
1513,0,1513,31110000000.0,35.18173130689103,-97.43607922147378,6.44490864480713,0.1,47.05960294323704,-68.8656582654535
1514,0,1514,31120000000.0,35.1817313019286,-97.43607992613924,6.4557763727377,0.1,47.12322518208926,-68.86620681251728
1515,0,1515,31130000000.0,35.181731306213756,-97.43608064428355,6.460714581924872,0.1,47.18806438697449,-68.86573313144581
1516,0,1516,31140000000.0,35.18173131637757,-97.4360813709963,6.461883420618226,0.1,47.253677212731,-68.86460962317486
1517,0,1517,31150000000.0,35.18173132654139,-97.43608209770906,6.4630522593115804,0.1,47.3192900384875,-68.8634861149039
1518,0,1518,31160000000.0,35.181731336705205,-97.4360828244218,6.464221098004934,0.1,47.384902862960956,-68.86236260663296
1519,0,1519,31170000000.0,35.181731346869014,-97.43608355113456,6.465389936698288,0.1,47.45051568871746,-68.86123909914744
1520,0,1520,31180000000.0,35.18173135703283,-97.43608427784731,6.466558775391642,0.1,47.51612851447397,-68.86011559087649
1521,0,1521,31190000000.0,35.18173136719665,-97.43608500456007,6.467727614084996,0.1,47.58174134023047,-68.85899208260554
1522,0,1522,31200000000.0,35.18173137736046,-97.43608573127281,6.46889645277835,0.1,47.64735416470392,-68.85786857512002
1523,0,1523,31210000000.0,35.18173138752427,-97.43608645798557,6.470065291471704,0.1,47.71296699046043,-68.85674506684907
1524,0,1524,31220000000.0,35.18173139768809,-97.43608718469832,6.471234130165058,0.1,47.77857981621693,-68.85562155857812
1525,0,1525,31230000000.0,35.181731407851906,-97.43608791141108,6.472402968858412,0.1,47.84419264197344,-68.85449805030717
1526,0,1526,31240000000.0,35.181731418015715,-97.43608863812382,6.473571807551766,0.1,47.90980546644689,-68.85337454282165
1527,0,1527,31250000000.0,35.18173142817953,-97.43608936483658,6.47474064624512,0.1,47.9754182922034,-68.8522510345507
1528,0,1528,31260000000.0,35.18173143834335,-97.43609009154933,6.475909484938474,0.1,48.0410311179599,-68.85112752627975
1529,0,1529,31270000000.0,35.18173144850716,-97.43609081826209,6.477078323631828,0.1,48.10664394371641,-68.85000401879424
1530,0,1530,31280000000.0,35.181731458670974,-97.43609154497483,6.478247162325182,0.1,48.17225676818986,-68.84888051052329
1531,0,1531,31290000000.0,35.18173146883479,-97.43609227168758,6.479416001018536,0.1,48.23786959394637,-68.84775700225234
1532,0,1532,31300000000.0,35.18173147899861,-97.43609299840034,6.48058483971189,0.1,48.303482419702874,-68.84663349398139
1533,0,1533,31310000000.0,35.181731489162416,-97.4360937251131,6.481753678405244,0.1,48.369095245459384,-68.84550998649587
1534,0,1534,31320000000.0,35.18173149932623,-97.43609445182584,6.482922517098598,0.1,48.434708069932825,-68.84438647822492
1535,0,1535,31330000000.0,35.18173150483176,-97.4360952054372,6.493050064241542,0.1,48.50274949408487,-68.84377789730337
1536,0,1536,31340000000.0,35.181731510006564,-97.43609596095827,6.503813652104301,0.1,48.57096334065127,-68.84320587440456
1537,0,1537,31350000000.0,35.18173151518136,-97.43609671647934,6.5145772399670605,0.17092588580995716,48.639177187217676,-68.84263385229119
1538,0,1538,31360000000.0,35.181731520356166,-97.43609747200041,6.525340827829819,0.2,48.707391033784084,-68.84206182939238
1539,0,1539,31370000000.0,35.18173152553097,-97.43609822752148,6.536104415692578,0.2,48.775604880350485,-68.84148980649357
1540,0,1540,31380000000.0,35.18173153070577,-97.43609898304256,6.546868003555337,0.2,48.843818726916886,-68.8409177843802
1541,0,1541,31390000000.0,35.18173153588057,-97.43609973856363,6.557631591418096,0.2,48.912032573483295,-68.84034576148139
1542,0,1542,31400000000.0,35.18173154105537,-97.4361004940847,6.568395179280855,0.2,48.980246420049696,-68.83977373936801
1543,0,1543,31410000000.0,35.181731546230175,-97.43610124960577,6.579158767143614,0.2,49.048460266616104,-68.8392017164692
1544,0,1544,31420000000.0,35.18173155140498,-97.43610200512684,6.589922355006372,0.2,49.116674113182505,-68.8386296935704
1545,0,1545,31430000000.0,35.18173155657978,-97.43610276064791,6.600685942869132,0.2,49.18488795974891,-68.83805767145702
1546,0,1546,31440000000.0,35.18173156175458,-97.43610351616898,6.611449530731891,0.2,49.253101806315314,-68.83748564855821
1547,0,1547,31450000000.0,35.181731566929386,-97.43610427169006,6.622213118594649,0.2,49.32131565288172,-68.8369136256594
1548,0,1548,31460000000.0,35.181731572104184,-97.43610502721113,6.632976706457408,0.2,49.38952949944812,-68.83634160354603
1549,0,1549,31470000000.0,35.18173157727899,-97.4361057827322,6.6437402943201675,0.2,49.45774334601453,-68.83576958064722
1550,0,1550,31480000000.0,35.181731582453786,-97.43610653825327,6.654503882182926,0.2,49.52595719258093,-68.83519755853385
1551,0,1551,31490000000.0,35.18173158762859,-97.43610729377434,6.665267470045685,0.2,49.594171039147334,-68.83462553563504
1552,0,1552,31500000000.0,35.181731592803395,-97.43610804929541,6.676031057908444,0.2,49.66238488571374,-68.83405351273623
1553,0,1553,31510000000.0,35.18173159797819,-97.43610880481648,6.686794645771203,0.2,49.73059873228015,-68.83348149062286
1554,0,1554,31520000000.0,35.18173160926757,-97.43610955102181,6.6889302423573085,0.2,49.797971487107596,-68.83223356254689
1555,0,1555,31530000000.0,35.18173162447781,-97.43611029125358,6.685533288316763,0.2,49.864804906101,-68.83055222259756
1556,0,1556,31540000000.0,35.18173163968805,-97.43611103148537,6.682136334276218,0.2,49.93163832637745,-68.82887088264823
1557,0,1557,31550000000.0,35.1817316548983,-97.43611177171714,6.6787393802356725,0.2,49.99847174537085,-68.82718954191347
1558,0,1558,31560000000.0,35.18173167010854,-97.43611251194892,6.675342426195127,0.2,50.0653051656473,-68.82550820196414
1559,0,1559,31570000000.0,35.18173168531878,-97.43611325218069,6.671945472154582,0.2,50.1321385846407,-68.82382686201481
1560,0,1560,31580000000.0,35.18173170052902,-97.43611399241247,6.6685485181140365,0.2,50.19897200491715,-68.82214552206548
1561,0,1561,31590000000.0,35.18173171573927,-97.43611473264424,6.665151564073492,0.2,50.26580542391055,-68.82046418133072
1562,0,1562,31600000000.0,35.18173173094951,-97.43611547287603,6.661754610032946,0.2,50.332638844187,-68.81878284138139
1563,0,1563,31610000000.0,35.18173174615975,-97.4361162131078,6.6583576559924005,0.2,50.3994722631804,-68.81710150143206
1564,0,1564,31620000000.0,35.181731761369996,-97.43611695333956,6.654960701951856,0.2,50.4663056821738,-68.8154201606973
1565,0,1565,31630000000.0,35.181731776580236,-97.43611769357135,6.65156374791131,0.2,50.53313910245025,-68.81373882074797
1566,0,1566,31640000000.0,35.181731791790476,-97.43611843380312,6.648166793870765,0.2,50.59997252144365,-68.81205748079864
1567,0,1567,31650000000.0,35.181731807000716,-97.4361191740349,6.64476983983022,0.2,50.6668059417201,-68.81037614084931
1568,0,1568,31660000000.0,35.18173182221096,-97.43611991426667,6.641372885789674,0.2,50.7336393607135,-68.80869480011455
1569,0,1569,31670000000.0,35.181731837421204,-97.43612065449845,6.637975931749129,0.2,50.80047278098995,-68.80701346016522
1570,0,1570,31680000000.0,35.181731852631444,-97.43612139473022,6.634578977708584,0.2,50.86730619998335,-68.8053321202159
1571,0,1571,31690000000.0,35.181731867841684,-97.436122134962,6.631182023668039,0.2,50.9341396202598,-68.80365078026657
1572,0,1572,31700000000.0,35.18173188305193,-97.43612287519377,6.627785069627493,0.2,51.000973039253196,-68.8019694395318
1573,0,1573,31710000000.0,35.18173189826217,-97.43612361542556,6.624388115586948,0.2,51.06780645952965,-68.80028809958247
1574,0,1574,31720000000.0,35.1817319,-97.43612429523024,6.623261093494895,0.2,51.12918408916509,-68.80009599972027
1575,0,1575,31730000000.0,35.1817319,-97.43612496724032,6.622426874085374,0.2,51.18985796554856,-68.80009599972027
1576,0,1576,31740000000.0,35.1817319,-97.43612563925039,6.621592654675853,0.2,51.25053184193203,-68.80009599972027
1577,0,1577,31750000000.0,35.1817319,-97.43612631126048,6.620758435266333,0.2,51.311205719598554,-68.80009599972027
1578,0,1578,31760000000.0,35.1817319,-97.43612698327055,6.619924215856812,0.2,51.37187959598203,-68.80009599972027
1579,0,1579,31770000000.0,35.1817319,-97.43612765528064,6.619089996447291,0.2,51.432553473648554,-68.80009599972027
1580,0,1580,31780000000.0,35.1817319,-97.43612832729072,6.618255777037771,0.2,51.49322735003203,-68.80009599972027
1581,0,1581,31790000000.0,35.1817319,-97.43612899930079,6.61742155762825,0.2,51.5539012264155,-68.80009599972027
1582,0,1582,31800000000.0,35.1817319,-97.43612967131088,6.616587338218729,0.2,51.61457510408203,-68.80009599972027
1583,0,1583,31810000000.0,35.1817319,-97.43613034332095,6.6157531188092085,0.2,51.6752489804655,-68.80009599972027
1584,0,1584,31820000000.0,35.1817319,-97.43613101533104,6.6149188993996875,0.2,51.73592285813202,-68.80009599972027
1585,0,1585,31830000000.0,35.1817319,-97.43613168734112,6.614084679990167,0.2,51.79659673451549,-68.80009599972027
1586,0,1586,31840000000.0,35.1817319,-97.4361323593512,6.613250460580646,0.2,51.85727061218201,-68.80009599972027
1587,0,1587,31850000000.0,35.1817319,-97.43613303136128,6.612416241171125,0.2,51.91794448856549,-68.80009599972027
1588,0,1588,31860000000.0,35.1817319,-97.43613370337135,6.611582021761605,0.2,51.97861836494896,-68.80009599972027
1589,0,1589,31870000000.0,35.1817319,-97.43613437538144,6.610747802352084,0.2,52.03929224261549,-68.80009599972027
1590,0,1590,31880000000.0,35.1817319,-97.43613504739152,6.609913582942563,0.2,52.09996611899896,-68.80009599972027
1591,0,1591,31890000000.0,35.1817319,-97.4361357194016,6.609079363533043,0.2,52.16063999666549,-68.80009599972027
1592,0,1592,31900000000.0,35.1817319,-97.43613639141168,6.608245144123522,0.2,52.221313873048956,-68.80009599972027
1593,0,1593,31910000000.0,35.1817319,-97.43613706342175,6.607410924714001,0.2,52.281987749432425,-68.80009599972027
1594,0,1594,31920000000.0,35.1817319,-97.43613773543184,6.606576705304481,0.2,52.342661627098956,-68.80009599972027
1595,0,1595,31930000000.0,35.18173190314693,-97.43613843129931,6.607117159950537,0.2,52.40548951985026,-68.7997481380971
1596,0,1596,31940000000.0,35.18173191334144,-97.43613918059566,6.610736210309479,0.2,52.47314135382234,-68.79862123753696
1597,0,1597,31950000000.0,35.18173192353595,-97.436139929892,6.614355260668423,0.2,52.540793186511365,-68.79749433619139
1598,0,1598,31960000000.0,35.181731933730454,-97.43614067918834,6.617974311027366,0.2,52.608445020483444,-68.79636743563125
1599,0,1599,31970000000.0,35.181731943924966,-97.43614142848469,6.621593361386308,0.2,52.67609685445553,-68.79524053428568
1600,0,1600,31980000000.0,35.18173195411947,-97.43614217778102,6.6252124117452516,0.2,52.74374868714455,-68.79411363372554
1601,0,1601,31990000000.0,35.181731964313975,-97.43614292707737,6.628831462104195,0.2,52.81140052111663,-68.7929867331654
1602,0,1602,32000000000.0,35.18173197450849,-97.4361436763737,6.632450512463137,0.2,52.879052353805655,-68.79185983181983
1603,0,1603,32010000000.0,35.18173198470299,-97.43614442567005,6.6360695628220805,0.2,52.94670418777773,-68.7907329312597
1604,0,1604,32020000000.0,35.181731994897504,-97.43614517496638,6.639688613181024,0.2,53.01435602046676,-68.78960602991413
1605,0,1605,32030000000.0,35.18173200509201,-97.43614592426273,6.643307663539966,0.2,53.082007854438835,-68.78847912935399
1606,0,1606,32040000000.0,35.18173201528652,-97.43614667355908,6.646926713898909,0.2,53.14965968841092,-68.78735222800842
1607,0,1607,32050000000.0,35.181732025481026,-97.43614742285541,6.650545764257853,0.2,53.217311521099944,-68.78622532744828
1608,0,1608,32060000000.0,35.18173203567553,-97.43614817215176,6.654164814616796,0.2,53.28496335507202,-68.78509842688814
1609,0,1609,32070000000.0,35.18173204587004,-97.4361489214481,6.657783864975738,0.2,53.352615187761046,-68.78397152554257
1610,0,1610,32080000000.0,35.18173205606455,-97.43614967074444,6.661402915334682,0.2,53.420267021733125,-68.78284462498243
1611,0,1611,32090000000.0,35.18173206625906,-97.43615042004078,6.665021965693625,0.2,53.48791885442215,-68.78171772363686
1612,0,1612,32100000000.0,35.181732076453564,-97.43615116933712,6.668641016052567,0.2,53.555570688394226,-68.78059082307672
1613,0,1613,32110000000.0,35.181732086648076,-97.43615191863347,6.672260066411511,0.2,53.62322252236631,-68.77946392173115
1614,0,1614,32120000000.0,35.18173209684258,-97.4361526679298,6.675879116770454,0.2,53.690874355055335,-68.77833702117101
1615,0,1615,32130000000.0,35.1817321,-97.43615341342054,6.6782573564398815,0.2,53.75818259133068,-68.77798800024735
1616,0,1616,32140000000.0,35.1817321,-97.43615415720377,6.680078866386725,0.2,53.82533666181845,-68.77798800024735
1617,0,1617,32150000000.0,35.1817321,-97.436154900987,6.6819003763335685,0.2,53.89249073230621,-68.77798800024735
1618,0,1618,32160000000.0,35.1817321,-97.43615564477022,6.683721886280412,0.2,53.95964480151092,-68.77798800024735
1619,0,1619,32170000000.0,35.1817321,-97.43615638855346,6.685543396227255,0.2,54.02679887199868,-68.77798800024735
1620,0,1620,32180000000.0,35.1817321,-97.43615713233669,6.687364906174098,0.2,54.09395294248645,-68.77798800024735
1621,0,1621,32190000000.0,35.1817321,-97.43615787611992,6.689186416120942,0.2,54.16110701297421,-68.77798800024735
1622,0,1622,32200000000.0,35.1817321,-97.43615861990314,6.691007926067785,0.2,54.228261082178925,-68.77798800024735
1623,0,1623,32210000000.0,35.1817321,-97.43615936368637,6.6928294360146285,0.2,54.29541515266669,-68.77798800024735
1624,0,1624,32220000000.0,35.1817321,-97.4361601074696,6.694650945961472,0.2,54.36256922315446,-68.77798800024735
1625,0,1625,32230000000.0,35.1817321,-97.43616085125284,6.696472455908315,0.2,54.42972329364222,-68.77798800024735
1626,0,1626,32240000000.0,35.1817321,-97.43616159503605,6.698293965855158,0.2,54.49687736284693,-68.77798800024735
1627,0,1627,32250000000.0,35.1817321,-97.43616233881929,6.700115475802002,0.2,54.5640314333347,-68.77798800024735
1628,0,1628,32260000000.0,35.1817321,-97.43616308260252,6.701936985748845,0.2,54.63118550382246,-68.77798800024735
1629,0,1629,32270000000.0,35.1817321,-97.43616382638575,6.703758495695689,0.2,54.698339574310225,-68.77798800024735
1630,0,1630,32280000000.0,35.1817321,-97.43616457016897,6.705580005642532,0.2,54.76549364351493,-68.77798800024735
1631,0,1631,32290000000.0,35.1817321,-97.4361653139522,6.707401515589376,0.2,54.8326477140027,-68.77798800024735
1632,0,1632,32300000000.0,35.1817321,-97.43616605773543,6.709223025536218,0.2,54.89980178449047,-68.77798800024735
1633,0,1633,32310000000.0,35.1817321,-97.43616680151867,6.711044535483062,0.2,54.96695585497824,-68.77798800024735
1634,0,1634,32320000000.0,35.1817321,-97.43616754530188,6.712866045429905,0.2,55.03410992418294,-68.77798800024735
1635,0,1635,32330000000.0,35.18173211399876,-97.43616828127337,6.708053768713207,0.2,55.100558694051244,-68.77644057678481
1636,0,1636,32340000000.0,35.181732129108724,-97.43616901662477,6.702714916067293,0.2,55.16695147898364,-68.77477032166468
1637,0,1637,32350000000.0,35.181732144218685,-97.43616975197618,6.6973760634213795,0.2,55.23334426391604,-68.77310006654454
1638,0,1638,32360000000.0,35.18173215932865,-97.43617048732757,6.692037210775465,0.2,55.299737047565365,-68.77142981142441
1639,0,1639,32370000000.0,35.18173217443861,-97.43617122267898,6.686698358129551,0.2,55.36612983249776,-68.76975955630428
1640,0,1640,32380000000.0,35.18173218954857,-97.43617195803039,6.681359505483637,0.2,55.432522617430145,-68.76808930118415
1641,0,1641,32390000000.0,35.18173220465853,-97.43617269338178,6.676020652837722,0.2,55.498915401079486,-68.76641904606402
1642,0,1642,32400000000.0,35.18173221976849,-97.43617342873318,6.670681800191808,0.2,55.565308186011876,-68.76474879094388
1643,0,1643,32410000000.0,35.18173223487845,-97.43617416408459,6.665342947545894,0.2,55.631700970944266,-68.76307853582375
1644,0,1644,32420000000.0,35.18173224998841,-97.436174899436,6.660004094899979,0.2,55.698093755876656,-68.76140828148905
1645,0,1645,32430000000.0,35.18173226509837,-97.43617563478739,6.654665242254065,0.2,55.764486539526,-68.75973802636892
1646,0,1646,32440000000.0,35.18173228020833,-97.4361763701388,6.649326389608151,0.2,55.83087932445838,-68.75806777124879
1647,0,1647,32450000000.0,35.18173229531829,-97.4361771054902,6.6439875369622365,0.2,55.89727210939078,-68.75639751612866
1648,0,1648,32460000000.0,35.18173231042825,-97.4361778408416,6.638648684316323,0.2,55.963664893040104,-68.75472726100853
1649,0,1649,32470000000.0,35.18173232553821,-97.436178576193,6.633309831670409,0.2,56.0300576779725,-68.7530570058884
1650,0,1650,32480000000.0,35.181732340648175,-97.43617931154441,6.627970979024495,0.2,56.0964504629049,-68.75138675076826
1651,0,1651,32490000000.0,35.181732355758136,-97.4361800468958,6.62263212637858,0.2,56.162843246554225,-68.74971649564813
1652,0,1652,32500000000.0,35.1817323708681,-97.4361807822472,6.617293273732666,0.2,56.22923603148662,-68.748046240528
1653,0,1653,32510000000.0,35.18173238597805,-97.43618151759861,6.611954421086752,0.2,56.295628816419004,-68.7463759861933
1654,0,1654,32520000000.0,35.181732400369896,-97.43618225326463,6.606796558728953,0.2,56.36205000696391,-68.74478511173976
1655,0,1655,32530000000.0,35.18173240550684,-97.43618299298531,6.603971236659703,0.2,56.428837280790226,-68.74421727363298
1656,0,1656,32540000000.0,35.1817324106438,-97.436183732706,6.601145914590452,0.2,56.49562455589961,-68.74364943474077
1657,0,1657,32550000000.0,35.18173241578074,-97.43618447242669,6.598320592521202,0.2,56.56241183100897,-68.743081596634
1658,0,1658,32560000000.0,35.18173242091769,-97.43618521214738,6.595495270451952,0.2,56.62919910611836,-68.74251375852722
1659,0,1659,32570000000.0,35.181732426054644,-97.43618595186807,6.592669948382701,0.2,56.695986381227726,-68.74194591963501
1660,0,1660,32580000000.0,35.18173243119159,-97.43618669158874,6.589844626313451,0.2,56.76277365505404,-68.74137808152824
1661,0,1661,32590000000.0,35.18173243632854,-97.43618743130943,6.587019304244201,0.2,56.829560930163424,-68.74081024342146
1662,0,1662,32600000000.0,35.18173244146549,-97.43618817103012,6.58419398217495,0.2,56.896348205272794,-68.74024240452925
1663,0,1663,32610000000.0,35.18173244660244,-97.43618891075081,6.5813686601057,0.2,56.96313548038217,-68.73967456642248
1664,0,1664,32620000000.0,35.181732451739386,-97.4361896504715,6.57854333803645,0.2,57.02992275549154,-68.7391067283157
1665,0,1665,32630000000.0,35.18173245687634,-97.43619039019218,6.575718015967199,0.2,57.09671002931787,-68.7385388894235
1666,0,1666,32640000000.0,35.18173246201329,-97.43619112991287,6.572892693897949,0.2,57.16349730442724,-68.73797105131672
1667,0,1667,32650000000.0,35.18173246715023,-97.43619186963356,6.570067371828699,0.2,57.23028457953662,-68.73740321320994
1668,0,1668,32660000000.0,35.18173247228719,-97.43619260935425,6.567242049759448,0.2,57.29707185464599,-68.73683537431774
1669,0,1669,32670000000.0,35.181732477424134,-97.43619334907494,6.564416727690198,0.2,57.36385912975537,-68.73626753621096
1670,0,1670,32680000000.0,35.18173248256108,-97.43619408879562,6.561591405620948,0.2,57.43064640358168,-68.73569969810418
1671,0,1671,32690000000.0,35.181732487698035,-97.4361948285163,6.558766083551697,0.2,57.49743367869105,-68.73513185921198
1672,0,1672,32700000000.0,35.18173249283498,-97.436195568237,6.555940761482447,0.2,57.56422095380044,-68.7345640211052
1673,0,1673,32710000000.0,35.18173249797193,-97.43619630795769,6.553115439413197,0.2,57.631008228909806,-68.73399618299842
1674,0,1674,32720000000.0,35.181732503017734,-97.43619704058908,6.553056206679705,0.2,57.6971554314827,-68.7334384196528
1675,0,1675,32730000000.0,35.18173250800408,-97.43619776859578,6.554801428219499,0.2,57.762885083484115,-68.73288722881838
1676,0,1676,32740000000.0,35.18173251299043,-97.43619849660247,6.556546649759293,0.2,57.82861473548552,-68.73233603798397
1677,0,1677,32750000000.0,35.181732517976776,-97.43619922460917,6.558291871299086,0.2,57.894344387486925,-68.73178484714956
1678,0,1678,32760000000.0,35.181732522963124,-97.43619995261587,6.560037092838879,0.2,57.96007403948834,-68.73123365631514
1679,0,1679,32770000000.0,35.18173252794947,-97.43620068062258,6.561782314378673,0.2,58.02580369277281,-68.73068246548073
1680,0,1680,32780000000.0,35.18173253293582,-97.43620140862927,6.563527535918467,0.1298311656166005,58.09153334477423,-68.73013127464631
1681,0,1681,32790000000.0,35.181732537922166,-97.43620213663597,6.56527275745826,0.1,58.157262996775636,-68.7295800838119
1682,0,1682,32800000000.0,35.18173254290851,-97.43620286464267,6.567017978998053,0.1,58.22299264877705,-68.72902889297748
1683,0,1683,32810000000.0,35.18173254789486,-97.43620359264936,6.568763200537847,0.1,58.28872230077847,-68.72847770214307
1684,0,1684,32820000000.0,35.18173255288121,-97.43620432065607,6.570508422077641,0.1,58.35445195406294,-68.72792651130865
1685,0,1685,32830000000.0,35.181732557867555,-97.43620504866277,6.572253643617434,0.1,58.42018160606435,-68.72737532047424
1686,0,1686,32840000000.0,35.1817325628539,-97.43620577666947,6.573998865157227,0.1,58.48591125806575,-68.72682412963982
1687,0,1687,32850000000.0,35.18173256784025,-97.43620650467616,6.575744086697021,0.1,58.551640910067164,-68.72627293880541
1688,0,1688,32860000000.0,35.18173257282659,-97.43620723268286,6.577489308236815,0.048829774524158126,58.61737056206858,-68.72572174875643
1689,0,1689,32870000000.0,35.18173257781294,-97.43620796068957,6.579234529776608,0.0,58.68310021535305,-68.72517055792201
1690,0,1690,32880000000.0,35.181732582799285,-97.43620868869627,6.580979751316401,0.0,58.74882986735446,-68.7246193670876
1691,0,1691,32890000000.0,35.18173258778563,-97.43620941670297,6.582724972856195,0.0,58.814559519355875,-68.72406817625318
1692,0,1692,32900000000.0,35.18173259277198,-97.43621014470966,6.584470194395989,-0.04902233038749964,58.88028917135729,-68.72351698541877
1693,0,1693,32910000000.0,35.18173259775833,-97.43621087271636,6.586215415935782,-0.1,58.946018823358706,-68.72296579458435
1694,0,1694,32920000000.0,35.18173260544495,-97.4362115865915,6.582453466294083,-0.1,59.010472577207835,-68.72211611528968
1695,0,1695,32930000000.0,35.18173261533697,-97.4362122889249,6.5741936297202415,-0.2227882058805343,59.073884261173404,-68.7210226514378
1696,0,1696,32940000000.0,35.18173262522899,-97.43621299125832,6.5659337931463995,-0.3,59.13729594513898,-68.71992918758593
1697,0,1697,32950000000.0,35.18173263512101,-97.43621369359172,6.557673956572558,-0.3,59.20070762910455,-68.71883572373406
1698,0,1698,32960000000.0,35.18173264501303,-97.43621439592513,6.549414119998717,-0.3,59.26411931307012,-68.71774225988219
1699,0,1699,32970000000.0,35.18173265490505,-97.43621509825854,6.541154283424876,-0.3,59.327530997035694,-68.71664879603031
1700,0,1700,32980000000.0,35.18173266479707,-97.43621580059194,6.532894446851035,-0.3,59.39094267971821,-68.71555533217844
1701,0,1701,32990000000.0,35.18173267468909,-97.43621650292535,6.524634610277194,-0.3620301370696832,59.45435436368377,-68.71446186832657
1702,0,1702,33000000000.0,35.18173268458111,-97.43621720525876,6.516374773703353,-0.4,59.51776604764935,-68.71336840447469
1703,0,1703,33010000000.0,35.181732694473126,-97.43621790759217,6.508114937129512,-0.452804215897336,59.581177731614915,-68.71227494062282
1704,0,1704,33020000000.0,35.181732704365146,-97.43621860992558,6.499855100555671,-0.56068255957464,59.644589415580484,-68.71118147677095
1705,0,1705,33030000000.0,35.181732714257166,-97.43621931225898,6.4915952639818295,-0.6,59.70800109954606,-68.71008801291907
1706,0,1706,33040000000.0,35.181732724149185,-97.4362200145924,6.483335427407988,-0.6,59.77141278351163,-68.7089945490672
1707,0,1707,33050000000.0,35.181732734041205,-97.4362207169258,6.475075590834147,-0.6,59.83482446747719,-68.70790108521533
1708,0,1708,33060000000.0,35.181732743933225,-97.43622141925921,6.466815754260306,-0.82657804741639,59.898236151442774,-68.70680762136345
1709,0,1709,33070000000.0,35.181732753825244,-97.43622212159262,6.458555917686465,-1.0,59.961647835408336,-68.70571415751158
1710,0,1710,33080000000.0,35.181732763717264,-97.43622282392603,6.450296081112624,-1.0,60.025059519373904,-68.7046206936597
1711,0,1711,33090000000.0,35.18173277360928,-97.43622352625944,6.442036244538783,-1.0,60.08847120333948,-68.70352722980783
1712,0,1712,33100000000.0,35.1817327835013,-97.43622422859285,6.433776407964942,-1.0,60.15188288730505,-68.70243376595596
1713,0,1713,33110000000.0,35.18173279339333,-97.43622493092626,6.425516571391101,-1.0,60.21529457127062,-68.70134030131865
1714,0,1714,33120000000.0,35.18173280320101,-97.43622562247027,6.418575550017211,-1.0579865306289888,60.27773211170575,-68.70025616056765
1715,0,1715,33130000000.0,35.181732812839094,-97.43622629231734,6.414286601161856,-1.1,60.33821069645595,-68.69919076655393
1716,0,1716,33140000000.0,35.18173282247719,-97.43622696216441,6.409997652306501,-1.1,60.39868928120614,-68.69812537175477
1717,0,1717,33150000000.0,35.18173283211527,-97.43622763201148,6.405708703451147,-1.1553102564102564,60.45916786595633,-68.69705997774105
1718,0,1718,33160000000.0,35.18173284175336,-97.43622830185855,6.401419754595792,-1.3339798563952465,60.51964645070653,-68.69599458372733
1719,0,1719,33170000000.0,35.181732851391445,-97.43622897170562,6.397130805740437,-1.4689855835474652,60.580125035456724,-68.6949291897136
1720,0,1720,33180000000.0,35.18173286102954,-97.43622964155269,6.392841856885083,-1.5,60.640603620206925,-68.69386379491445
1721,0,1721,33190000000.0,35.181732870667624,-97.43623031139975,6.388552908029728,-1.5,60.70108220495712,-68.69279840090073
1722,0,1722,33200000000.0,35.18173288030571,-97.43623098124682,6.384263959174373,-1.540987543653839,60.7615607897073,-68.691733006887
1723,0,1723,33210000000.0,35.181732889943795,-97.43623165109389,6.3799750103190185,-1.6075672321418981,60.8220393744575,-68.69066761287328
1724,0,1724,33220000000.0,35.18173289958188,-97.43623232094096,6.3756860614636635,-1.7,60.882517959207696,-68.68960221885956
1725,0,1725,33230000000.0,35.181732909219974,-97.43623299078803,6.371397112608309,-1.7,60.9429965439579,-68.6885368240604
1726,0,1726,33240000000.0,35.18173291885806,-97.4362336606351,6.367108163752954,-1.7,61.0034751287081,-68.68747143004668
1727,0,1727,33250000000.0,35.181732928496146,-97.43623433048216,6.362819214897599,-1.7,61.06395371345829,-68.68640603603296
1728,0,1728,33260000000.0,35.18173293813423,-97.43623500032923,6.358530266042245,-1.746490565611632,61.124432298208475,-68.68534064201924
1729,0,1729,33270000000.0,35.181732947772325,-97.4362356701763,6.35424131718689,-1.9,61.184910882958675,-68.68427524722009
1730,0,1730,33280000000.0,35.18173295741041,-97.43623634002337,6.349952368331535,-1.9424782729990036,61.24538946770887,-68.68320985320636
1731,0,1731,33290000000.0,35.1817329670485,-97.43623700987044,6.345663419476181,-2.0,61.30586805245907,-68.68214445919264
1732,0,1732,33300000000.0,35.18173297668658,-97.43623767971751,6.341374470620826,-2.0,61.36634663720926,-68.68107906517892
1733,0,1733,33310000000.0,35.18173298632467,-97.43623834956458,6.337085521765471,-2.0,61.42682522195946,-68.6800136711652
1734,0,1734,33320000000.0,35.18173299596276,-97.43623901941164,6.332796572910117,-2.0,61.48730380670966,-68.67894827636604
1735,0,1735,33330000000.0,35.18173301157152,-97.43623971078891,6.334500384462273,-2.0,61.549726291746744,-68.67722288456875
1736,0,1736,33340000000.0,35.18173303148411,-97.43624041768575,6.3405239420084145,-2.0,61.61354999502241,-68.67502174679416
1737,0,1737,33350000000.0,35.18173305139669,-97.4362411245826,6.346547499554556,-2.0,61.67737369829809,-68.672820609805
1738,0,1738,33360000000.0,35.18173307130928,-97.43624183147942,6.352571057100698,-2.0,61.74119740029071,-68.67061947203041
1739,0,1739,33370000000.0,35.181733091221865,-97.43624253837626,6.358594614646839,-2.0,61.805021103566375,-68.66841833504125
1740,0,1740,33380000000.0,35.181733111134456,-97.4362432452731,6.364618172192981,-2.0,61.868844806842056,-68.66621719726666
1741,0,1741,33390000000.0,35.18173313104704,-97.43624395216993,6.3706417297391225,-1.964424000848912,61.93266850883466,-68.6640160602775
1742,0,1742,33400000000.0,35.18173315095963,-97.43624465906677,6.376665287285264,-1.9,61.99649221211034,-68.66181492250291
1743,0,1743,33410000000.0,35.181733170872214,-97.43624536596361,6.382688844831406,-1.9,62.06031591538602,-68.65961378551376
1744,0,1744,33420000000.0,35.181733190784804,-97.43624607286044,6.388712402377547,-1.9,62.124139617378624,-68.65741264773916
1745,0,1745,33430000000.0,35.18173321069739,-97.43624677975728,6.394735959923689,-1.9,62.187963320654305,-68.65521151075001
1746,0,1746,33440000000.0,35.18173323060997,-97.43624748665412,6.40075951746983,-1.9,62.25178702392997,-68.65301037376085
1747,0,1747,33450000000.0,35.18173325052256,-97.43624819355095,6.406783075015972,-1.9,62.31561072592259,-68.65080923598626
1748,0,1748,33460000000.0,35.181733270435146,-97.4362489004478,6.412806632562114,-1.9,62.37943442919827,-68.6486080989971
1749,0,1749,33470000000.0,35.181733290347736,-97.43624960734464,6.418830190108255,-1.9,62.443258132473936,-68.64640696122251
1750,0,1750,33480000000.0,35.18173331026032,-97.43625031424146,6.424853747654397,-1.9,62.507081834466554,-68.64420582423335
1751,0,1751,33490000000.0,35.18173333017291,-97.4362510211383,6.430877305200538,-1.9,62.57090553774222,-68.64200468645876
1752,0,1752,33500000000.0,35.181733350085494,-97.43625172803513,6.43690086274668,-1.9,62.634729239734845,-68.6398035494696
1753,0,1753,33510000000.0,35.181733369998085,-97.43625243493197,6.4429244202928215,-1.8529244223164418,62.698552943010505,-68.63760241169501
1754,0,1754,33520000000.0,35.18173338991067,-97.43625314182881,6.448947977838963,-1.8,62.762376646286185,-68.63540127470586
1755,0,1755,33530000000.0,35.18173339755567,-97.43625384709495,6.45011786545134,-1.8,62.82605311741763,-68.6345561964832
1756,0,1756,33540000000.0,35.1817333926008,-97.43625455068621,6.446302617004268,-1.8,62.88957836994482,-68.63510390784526
1757,0,1757,33550000000.0,35.181733387645934,-97.4362552542775,6.442487368557197,-1.8,62.95310362375507,-68.63565161842189
1758,0,1758,33560000000.0,35.181733382691064,-97.43625595786877,6.438672120110126,-1.7636700380701673,63.01662887628226,-68.63619932978395
1759,0,1759,33570000000.0,35.181733377736194,-97.43625666146004,6.4348568716630545,-1.7,63.08015412880946,-68.63674704114601
1760,0,1760,33580000000.0,35.18173337278133,-97.4362573650513,6.431041623215983,-1.7,63.14367938133665,-68.63729475172264
1761,0,1761,33590000000.0,35.18173336782646,-97.43625806864259,6.427226374768912,-1.7,63.2072046351469,-68.6378424630847
1762,0,1762,33600000000.0,35.18173336287159,-97.43625877223386,6.423411126321841,-1.7,63.270729887674094,-68.63839017444676
1763,0,1763,33610000000.0,35.18173335791672,-97.43625947582512,6.4195958778747695,-1.7,63.33425514020129,-68.63893788580882
1764,0,1764,33620000000.0,35.18173335296186,-97.4362601794164,6.415780629427698,-1.7,63.397780392728485,-68.63948559638544
1765,0,1765,33630000000.0,35.181733348006986,-97.43626088300766,6.411965380980627,-1.7,63.46130564525568,-68.6400333077475
1766,0,1766,33640000000.0,35.181733343052116,-97.43626158659895,6.408150132533556,-1.7,63.52483089906594,-68.64058101910956
1767,0,1767,33650000000.0,35.18173333809725,-97.43626229019021,6.404334884086484,-1.7,63.58835615159313,-68.64112872968619
1768,0,1768,33660000000.0,35.18173333314238,-97.43626299378148,6.400519635639413,-1.7,63.65188140412033,-68.64167644104825
1769,0,1769,33670000000.0,35.18173332818751,-97.43626369737275,6.396704387192342,-1.7,63.715406656647524,-68.64222415241031
1770,0,1770,33680000000.0,35.18173332323265,-97.43626440096402,6.392889138745271,-1.7,63.778931909174716,-68.64277186298693
1771,0,1771,33690000000.0,35.18173331827778,-97.4362651045553,6.389073890298199,-1.6624006413278627,63.842457162984964,-68.643319574349
1772,0,1772,33700000000.0,35.18173331332291,-97.43626580814657,6.385258641851128,-1.6,63.90598241551216,-68.64386728571105
1773,0,1773,33710000000.0,35.18173330836804,-97.43626651173784,6.381443393404057,-1.6,63.969507668039356,-68.64441499707311
1774,0,1774,33720000000.0,35.181733303413175,-97.43626721532911,6.377628144956986,-1.6,64.03303292056655,-68.64496270764974
1775,0,1775,33730000000.0,35.18173330166527,-97.43626793480313,6.376082425760534,-1.6,64.0979921811527,-68.64515592125727
1776,0,1776,33740000000.0,35.1817333070173,-97.43626868944017,6.379561248994092,-1.6,64.16612621127108,-68.6445643072797
1777,0,1777,33750000000.0,35.18173331236934,-97.43626944407721,6.383040072227649,-1.6,64.23426024138944,-68.64397269330212
1778,0,1778,33760000000.0,35.181733317721374,-97.43627019871425,6.386518895461207,-1.6,64.30239427150781,-68.64338107932454
1779,0,1779,33770000000.0,35.18173332307341,-97.43627095335128,6.389997718694764,-1.6,64.37052830034311,-68.64278946534697
1780,0,1780,33780000000.0,35.181733328425445,-97.43627170798833,6.3934765419283215,-1.6,64.43866233046148,-68.64219785136939
1781,0,1781,33790000000.0,35.18173333377748,-97.43627246262537,6.39695536516188,-1.6,64.50679636057986,-68.64160623739181
1782,0,1782,33800000000.0,35.18173333912952,-97.43627321726241,6.400434188395437,-1.6,64.57493039069821,-68.6410146226288
1783,0,1783,33810000000.0,35.18173334448156,-97.43627397189945,6.403913011628995,-1.6,64.64306442081659,-68.64042300865123
1784,0,1784,33820000000.0,35.18173334983359,-97.43627472653648,6.407391834862552,-1.6,64.71119844965189,-68.63983139467365
1785,0,1785,33830000000.0,35.18173335518563,-97.43627548117352,6.410870658096109,-1.6,64.77933247977028,-68.63923978069607
1786,0,1786,33840000000.0,35.18173336053766,-97.43627623581057,6.414349481329667,-1.5858143605723036,64.84746650988863,-68.6386481667185
1787,0,1787,33850000000.0,35.1817333658897,-97.43627699044761,6.4178283045632245,-1.504946721973662,64.91560054000699,-68.63805655274092
1788,0,1788,33860000000.0,35.181733371241734,-97.43627774508465,6.421307127796783,-1.5,64.98373457012536,-68.63746493876334
1789,0,1789,33870000000.0,35.18173337659377,-97.4362784997217,6.42478595103034,-1.5,65.05186860024374,-68.63687332478577
1790,0,1790,33880000000.0,35.181733381945804,-97.43627925435872,6.428264774263897,-1.5,65.12000262907905,-68.63628171080819
1791,0,1791,33890000000.0,35.18173338729784,-97.43628000899577,6.431743597497455,-1.482297518680096,65.18813665919741,-68.63569009683061
1792,0,1792,33900000000.0,35.181733392649875,-97.43628076363281,6.435222420731012,-1.4,65.25627068931578,-68.63509848285304
1793,0,1793,33910000000.0,35.18173339800191,-97.43628151826985,6.438701243964569,-1.4,65.32440471943416,-68.63450686887546
1794,0,1794,33920000000.0,35.18173340581243,-97.4362822126825,6.43901188697899,-1.4,65.38710126044532,-68.63364349396917
1795,0,1795,33930000000.0,35.181733415087564,-97.436282871217,6.437435114236466,-1.4,65.44655846589902,-68.63261822070655
1796,0,1796,33940000000.0,35.1817334243627,-97.43628352975149,6.435858341493944,-1.3818765770187575,65.50601567006966,-68.63159294744392
1797,0,1797,33950000000.0,35.18173343363783,-97.436284188286,6.434281568751421,-1.3011228801548922,65.56547287552337,-68.6305676741813
1798,0,1798,33960000000.0,35.181733442912964,-97.4362848468205,6.432704796008899,-1.2012377246362398,65.62493008097707,-68.62954240091867
1799,0,1799,33970000000.0,35.1817334521881,-97.43628550535499,6.431128023266377,-1.2,65.68438728514772,-68.62851712765604
1800,0,1800,33980000000.0,35.18173346146323,-97.43628616388949,6.429551250523854,-1.2,65.74384449060143,-68.62749185439341
1801,0,1801,33990000000.0,35.181733470738365,-97.43628682242398,6.427974477781332,-1.2,65.80330169477207,-68.62646658113079
1802,0,1802,34000000000.0,35.1817334800135,-97.43628748095848,6.426397705038809,-1.2,65.86275890022578,-68.62544130786816
1803,0,1803,34010000000.0,35.18173348928863,-97.43628813949299,6.424820932296286,-1.2,65.9222161056795,-68.62441603460553
1804,0,1804,34020000000.0,35.181733498563766,-97.43628879802748,6.4232441595537635,-1.2,65.98167330985014,-68.6233907613429
1805,0,1805,34030000000.0,35.1817335078389,-97.43628945656198,6.421667386811241,-1.2,66.04113051530385,-68.62236548808028
1806,0,1806,34040000000.0,35.18173351711403,-97.43629011509648,6.420090614068719,-1.2,66.10058772075755,-68.62134021481765
1807,0,1807,34050000000.0,35.181733526389166,-97.43629077363097,6.418513841326196,-1.2,66.1600449249282,-68.62031494155502
1808,0,1808,34060000000.0,35.1817335356643,-97.43629143216548,6.416937068583674,-1.2,66.2195021303819,-68.6192896682924
1809,0,1809,34070000000.0,35.18173354493943,-97.43629209069998,6.415360295841151,-1.2,66.2789593358356,-68.61826439502977
1810,0,1810,34080000000.0,35.181733554214574,-97.43629274923447,6.413783523098628,-1.2,66.33841654000625,-68.61723912098171
1811,0,1811,34090000000.0,35.18173356348971,-97.43629340776897,6.4122067503561055,-1.2,66.39787374545996,-68.61621384771908
1812,0,1812,34100000000.0,35.18173357276484,-97.43629406630346,6.410629977613583,-1.2,66.4573309496306,-68.61518857445645
1813,0,1813,34110000000.0,35.181733582039975,-97.43629472483796,6.409053204871061,-1.2,66.51678815508431,-68.61416330119383
1814,0,1814,34120000000.0,35.18173359131511,-97.43629538337247,6.407476432128538,-1.2,66.57624536053802,-68.6131380279312
1815,0,1815,34130000000.0,35.181733600676715,-97.43629604804651,6.406318054413894,-1.2,66.63625688793871,-68.61210319593752
1816,0,1816,34140000000.0,35.1817336113107,-97.43629680305924,6.4113160259286675,-1.2,66.70442483696816,-68.61092771550275
1817,0,1817,34150000000.0,35.18173362194468,-97.43629755807196,6.416313997443441,-1.2,66.7725927859976,-68.60975223506799
1818,0,1818,34160000000.0,35.181733632578656,-97.43629831308468,6.421311968958215,-1.1026834912559285,66.84076073502705,-68.60857675541865
1819,0,1819,34170000000.0,35.18173364321264,-97.43629906809738,6.426309940472989,-1.0782749314260842,66.90892868277344,-68.60740127498389
1820,0,1820,34180000000.0,35.18173365384662,-97.4362998231101,6.431307911987763,-0.9798898855585013,66.97709663180288,-68.60622579454912
1821,0,1821,34190000000.0,35.1817336644806,-97.43630057812283,6.436305883502537,-0.8863297858773638,67.04526458083232,-68.60505031411435
1822,0,1822,34200000000.0,35.181733675114586,-97.43630133313555,6.441303855017311,-0.8001623480695736,67.11343252986177,-68.60387483367958
1823,0,1823,34210000000.0,35.18173368574857,-97.43630208814827,6.446301826532085,-0.8,67.18160047889121,-68.60269935324482
1824,0,1824,34220000000.0,35.18173369638255,-97.43630284316097,6.4512997980468585,-0.8213965983962215,67.2497684266376,-68.60152387281005
1825,0,1825,34230000000.0,35.181733707016534,-97.4363035981737,6.456297769561632,-0.7671063850287033,67.31793637566705,-68.60034839237528
1826,0,1826,34240000000.0,35.181733717650516,-97.43630435318642,6.461295741076406,-0.1,67.38610432469649,-68.59917291194051
1827,0,1827,34250000000.0,35.1817337282845,-97.43630510819914,6.46629371259118,-0.1,67.45427227372595,-68.59799743150575
1828,0,1828,34260000000.0,35.18173373891848,-97.43630586321186,6.471291684105954,-0.07475115050999305,67.52244022275539,-68.59682195107098
1829,0,1829,34270000000.0,35.181733749552464,-97.43630661822456,6.476289655620728,-0.16473124212513907,67.59060817050177,-68.59564647063621
1830,0,1830,34280000000.0,35.18173376018645,-97.43630737323728,6.481287627135502,0.07290290626572954,67.65877611953121,-68.59447099020144
1831,0,1831,34290000000.0,35.18173377082043,-97.43630812825,6.486285598650276,0.1,67.72694406856066,-68.59329550976668
1832,0,1832,34300000000.0,35.181733781454405,-97.43630888326273,6.4912835701650495,0.1,67.7951120175901,-68.59212003011734
1833,0,1833,34310000000.0,35.18173379208839,-97.43630963827545,6.496281541679823,0.17650606197020985,67.86327996661956,-68.59094454968258
1834,0,1834,34320000000.0,35.18173380640305,-97.43631038440785,6.500473825741731,0.39192092493182007,67.93064613679533,-68.58936220661249
1835,0,1835,34330000000.0,35.181733831414334,-97.43631110473275,6.502324660551518,0.6588916801909218,67.99568222173917,-68.58659745950746
1836,0,1836,34340000000.0,35.181733856425616,-97.43631182505764,6.504175495361305,0.8653697162165978,68.06071830539994,-68.58383271240243
1837,0,1837,34350000000.0,35.1817338814369,-97.43631254538255,6.506026330171092,0.9,68.12575439034377,-68.5810679652974
1838,0,1838,34360000000.0,35.18173390644818,-97.43631326570745,6.507877164980878,0.9,68.19079047528761,-68.57830321819236
1839,0,1839,34370000000.0,35.18173393145946,-97.43631398603235,6.509727999790665,0.9,68.25582655894839,-68.57553847108733
1840,0,1840,34380000000.0,35.181733956470744,-97.43631470635725,6.511578834600452,1.0423744939616386,68.32086264389223,-68.5727737239823
1841,0,1841,34390000000.0,35.18173398148202,-97.43631542668214,6.513429669410239,1.3634520012763913,68.385898727553,-68.5700089776627
1842,0,1842,34400000000.0,35.1817340064933,-97.43631614700705,6.5152805042200255,1.4757499770849427,68.45093481249684,-68.56724423055766
1843,0,1843,34410000000.0,35.18173403150458,-97.43631686733194,6.517131339029812,1.5,68.51597089615761,-68.56447948345263
1844,0,1844,34420000000.0,35.181734056515864,-97.43631758765684,6.5189821738396,1.5,68.58100698110145,-68.5617147363476
1845,0,1845,34430000000.0,35.181734081527146,-97.43631830798175,6.520833008649387,1.5,68.64604306604528,-68.55894998924256
1846,0,1846,34440000000.0,35.18173410653843,-97.43631902830664,6.522683843459173,1.4144430992448118,68.71107914970605,-68.55618524213753
1847,0,1847,34450000000.0,35.18173413154971,-97.43631974863155,6.52453467826896,1.4,68.7761152346499,-68.5534204950325
1848,0,1848,34460000000.0,35.18173415656099,-97.43632046895644,6.526385513078747,1.434493999283566,68.84115131831066,-68.55065574792746
1849,0,1849,34470000000.0,35.181734181572274,-97.43632118928134,6.528236347888534,1.5,68.9061874032545,-68.54789100082243
1850,0,1850,34480000000.0,35.18173420658355,-97.43632190960625,6.5300871826983204,1.5838097644097864,68.97122348819833,-68.54512625450283
1851,0,1851,34490000000.0,35.18173423159483,-97.43632262993114,6.531938017508107,1.6,69.03625957185912,-68.5423615073978
1852,0,1852,34500000000.0,35.18173425660611,-97.43632335025605,6.533788852317894,1.6,69.10129565680296,-68.53959676029277
1853,0,1853,34510000000.0,35.181734281617395,-97.43632407058094,6.535639687127681,1.6,69.16633174046372,-68.53683201318773
1854,0,1854,34520000000.0,35.18173430513981,-97.43632478631807,6.537642476063381,1.6,69.23095360821976,-68.53423184512508
1855,0,1855,34530000000.0,35.18173432453331,-97.43632548933239,6.54006666338658,1.6,69.2944267698909,-68.53208808801242
1856,0,1856,34540000000.0,35.181734343926806,-97.43632619234671,6.542490850709779,1.6,69.35789993156203,-68.52994433089975
1857,0,1857,34550000000.0,35.18173436332031,-97.43632689536103,6.544915038032978,1.6,69.42137309323317,-68.52780057300166
1858,0,1858,34560000000.0,35.181734382713806,-97.43632759837536,6.547339225356177,1.6,69.4848462549043,-68.525656815889
1859,0,1859,34570000000.0,35.1817344021073,-97.43632830138968,6.5497634126793765,1.6,69.54831941657544,-68.52351305877633
1860,0,1860,34580000000.0,35.1817344215008,-97.436329004404,6.552187600002576,1.6,69.61179257824656,-68.52136930166367
1861,0,1861,34590000000.0,35.1817344408943,-97.43632970741832,6.554611787325775,1.6,69.6752657399177,-68.51922554376557
1862,0,1862,34600000000.0,35.1817344602878,-97.43633041043265,6.557035974648974,1.6,69.73873890158883,-68.51708178665291
1863,0,1863,34610000000.0,35.181734479681296,-97.43633111344697,6.559460161972173,1.737199787265888,69.80221206325997,-68.51493802954025
1864,0,1864,34620000000.0,35.18173449907479,-97.43633181646129,6.561884349295372,1.8,69.8656852249311,-68.51279427242758
1865,0,1865,34630000000.0,35.181734518468296,-97.43633251947563,6.564308536618571,1.8,69.9291583878853,-68.51065051452949
1866,0,1866,34640000000.0,35.18173453786179,-97.43633322248995,6.5667327239417705,1.8,69.99263154955642,-68.50850675741682
1867,0,1867,34650000000.0,35.18173455725529,-97.43633392550427,6.56915691126497,1.8,70.05610471122756,-68.50636300030416
1868,0,1868,34660000000.0,35.181734576648786,-97.4363346285186,6.571581098588169,1.8,70.1195778728987,-68.5042192431915
1869,0,1869,34670000000.0,35.18173459604229,-97.43633533153292,6.574005285911368,1.8,70.18305103456983,-68.5020754852934
1870,0,1870,34680000000.0,35.181734615435786,-97.43633603454724,6.576429473234567,1.9627000922369828,70.24652419624096,-68.49993172818074
1871,0,1871,34690000000.0,35.18173463482928,-97.43633673756156,6.578853660557766,2.0777913677486506,70.3099973579121,-68.49778797106808
1872,0,1872,34700000000.0,35.18173465422279,-97.43633744057588,6.5812778478809655,2.1,70.37347051958324,-68.49564421316998
1873,0,1873,34710000000.0,35.18173467361628,-97.4363381435902,6.583702035204165,2.1,70.43694368125436,-68.49350045605732
1874,0,1874,34720000000.0,35.18173469300978,-97.43633884660453,6.586126222527364,2.1898696608081347,70.50041684292549,-68.49135669894466
1875,0,1875,34730000000.0,35.181734709688016,-97.43633957794226,6.589486591500722,2.283039586226621,70.56644724491464,-68.48951308677243
1876,0,1876,34740000000.0,35.181734724836,-97.43634032524245,6.593374572212299,2.3819733220699923,70.63391885163288,-68.48783862879529
1877,0,1877,34750000000.0,35.18173473998397,-97.43634107254263,6.597262552923874,2.4,70.70139045706807,-68.48616417160358
1878,0,1878,34760000000.0,35.18173475513195,-97.43634181984282,6.601150533635451,2.4,70.76886206378632,-68.48448971441186
1879,0,1879,34770000000.0,35.181734770279924,-97.43634256714302,6.605038514347028,2.5936891343918647,70.83633367050457,-68.48281525722015
1880,0,1880,34780000000.0,35.181734785427906,-97.4363433144432,6.608926495058603,2.7556918422610592,70.90380527722282,-68.48114079924301
1881,0,1881,34790000000.0,35.18173480057588,-97.4363440617434,6.61281447577018,2.914241911943617,70.97127688394106,-68.4794663420513
1882,0,1882,34800000000.0,35.18173481572386,-97.43634480904358,6.616702456481756,3.0,71.03874848937626,-68.47779188485958
1883,0,1883,34810000000.0,35.18173483087183,-97.43634555634377,6.620590437193332,3.0,71.1062200960945,-68.47611742766787
1884,0,1884,34820000000.0,35.181734846019815,-97.43634630364396,6.624478417904908,3.051367783294619,71.17369170281276,-68.47444296969073
1885,0,1885,34830000000.0,35.18173486116779,-97.43634705094415,6.6283663986164845,3.151058164709098,71.241163309531,-68.47276851249902
1886,0,1886,34840000000.0,35.181734876315765,-97.43634779824434,6.632254379328061,3.3126659361575186,71.30863491624925,-68.4710940553073
1887,0,1887,34850000000.0,35.18173489146374,-97.43634854554453,6.636142360039637,3.4376381667305167,71.3761065229675,-68.46941959811559
1888,0,1888,34860000000.0,35.181734906611716,-97.43634929284471,6.640030340751213,3.497469706244492,71.44357812840269,-68.46774514092388
1889,0,1889,34870000000.0,35.1817349217597,-97.4363500401449,6.643918321462789,3.6559888420634277,71.51104973512093,-68.46607068294674
1890,0,1890,34880000000.0,35.181734936907674,-97.4363507874451,6.647806302174366,3.759406655754534,71.57852134183919,-68.46439622575502
1891,0,1891,34890000000.0,35.18173495205565,-97.43635153474528,6.651694282885941,3.848266283487503,71.64599294855745,-68.46272176856331
1892,0,1892,34900000000.0,35.181734967203624,-97.43635228204548,6.655582263597518,3.9792412470413643,71.71346455527569,-68.4610473113716
1893,0,1893,34910000000.0,35.18173498235161,-97.43635302934565,6.6594702443090945,4.155090114347258,71.78093616071088,-68.45937285339446
1894,0,1894,34920000000.0,35.18173499749958,-97.43635377664584,6.66335822502067,4.2,71.84840776742914,-68.45769839620274
1895,0,1895,34930000000.0,35.181735,-97.43635451920046,6.663789387597228,4.258056621799018,71.91545090988784,-68.45742199964292
1896,0,1896,34940000000.0,35.181735,-97.43635526081688,6.663537137115547,4.3,71.9824093448829,-68.45742199964292
1897,0,1897,34950000000.0,35.181735,-97.4363560024333,6.663284886633866,4.322125765554346,72.04936777987794,-68.45742199964292
1898,0,1898,34960000000.0,35.181735,-97.43635674404972,6.6630326361521846,4.4,72.116326214873,-68.45742199964292
1899,0,1899,34970000000.0,35.181735,-97.43635748566612,6.662780385670503,4.4,72.18328464858499,-68.45742199964292
1900,0,1900,34980000000.0,35.181735,-97.43635822728254,6.662528135188822,4.4,72.25024308358003,-68.45742199964292
1901,0,1901,34990000000.0,35.181735,-97.43635896889896,6.6622758847071415,4.4,72.31720151857509,-68.45742199964292
1902,0,1902,35000000000.0,35.181735,-97.43635971051538,6.66202363422546,4.4,72.38415995357013,-68.45742199964292
1903,0,1903,35010000000.0,35.181735,-97.4363604521318,6.661771383743779,4.4,72.45111838856519,-68.45742199964292
1904,0,1904,35020000000.0,35.181735,-97.43636119374821,6.6615191332620975,4.4,72.51807682356024,-68.45742199964292
1905,0,1905,35030000000.0,35.181735,-97.43636193536462,6.661266882780417,4.4,72.58503525727224,-68.45742199964292
1906,0,1906,35040000000.0,35.181735,-97.43636267698103,6.661014632298736,4.4,72.65199369226728,-68.45742199964292
1907,0,1907,35050000000.0,35.181735,-97.43636341859745,6.6607623818170545,4.4,72.71895212726234,-68.45742199964292
1908,0,1908,35060000000.0,35.181735,-97.43636416021387,6.660510131335373,4.4,72.78591056225738,-68.45742199964292
1909,0,1909,35070000000.0,35.181735,-97.43636490183029,6.660257880853692,4.4,72.85286899725243,-68.45742199964292
1910,0,1910,35080000000.0,35.181735,-97.4363656434467,6.660005630372011,4.4,72.91982743224749,-68.45742199964292
1911,0,1911,35090000000.0,35.181735,-97.43636638506312,6.65975337989033,4.4,72.98678586724253,-68.45742199964292
1912,0,1912,35100000000.0,35.181735,-97.43636712667953,6.659501129408649,4.401195351233592,73.05374430095452,-68.45742199964292
1913,0,1913,35110000000.0,35.181735,-97.43636786829595,6.6592488789269675,4.5,73.12070273594956,-68.45742199964292
1914,0,1914,35120000000.0,35.181735,-97.43636860989484,6.659100267776316,4.5,73.1876595889346,-68.45742199964292
1915,0,1915,35130000000.0,35.181735,-97.43636935020012,6.666602027950828,4.5,73.25449964518502,-68.45742199964292
1916,0,1916,35140000000.0,35.181735,-97.4363700905054,6.674103788125339,4.5,73.32133970143545,-68.45742199964292
1917,0,1917,35150000000.0,35.181735,-97.43637083081069,6.681605548299851,4.5,73.38817975768589,-68.45742199964292
1918,0,1918,35160000000.0,35.181735,-97.43637157111597,6.689107308474362,4.58062340619797,73.45501981393632,-68.45742199964292
1919,0,1919,35170000000.0,35.181735,-97.43637231142124,6.696609068648874,4.609948955878314,73.52185986890369,-68.45742199964292
1920,0,1920,35180000000.0,35.181735,-97.43637305172652,6.704110828823385,4.699330691685925,73.58869992515413,-68.45742199964292
1921,0,1921,35190000000.0,35.181735,-97.4363737920318,6.711612588997896,4.705897242601217,73.65553998140456,-68.45742199964292
1922,0,1922,35200000000.0,35.181735,-97.43637453233708,6.719114349172409,4.787395108172117,73.72238003765499,-68.45742199964292
1923,0,1923,35210000000.0,35.181735,-97.43637527264237,6.72661610934692,4.889586716233193,73.78922009390543,-68.45742199964292
1924,0,1924,35220000000.0,35.181735,-97.43637601294765,6.734117869521431,4.9,73.85606015015586,-68.45742199964292
1925,0,1925,35230000000.0,35.181735,-97.43637675325293,6.7416196296959425,4.9,73.92290020640628,-68.45742199964292
1926,0,1926,35240000000.0,35.181735,-97.43637749355821,6.749121389870454,4.901919352361649,73.98974026265672,-68.45742199964292
1927,0,1927,35250000000.0,35.181735,-97.4363782338635,6.756623150044965,5.034086128858906,74.05658031890715,-68.45742199964292
1928,0,1928,35260000000.0,35.181735,-97.43637897416878,6.764124910219477,5.135873562663979,74.12342037515758,-68.45742199964292
1929,0,1929,35270000000.0,35.181735,-97.43637971447404,6.771626670393989,5.2,74.19026043012497,-68.45742199964292
1930,0,1930,35280000000.0,35.181735,-97.43638045477933,6.7791284305685,5.2,74.25710048637539,-68.45742199964292
1931,0,1931,35290000000.0,35.181735,-97.4363811950846,6.786630190743011,5.2501231970899465,74.32394054262582,-68.45742199964292
1932,0,1932,35300000000.0,35.181735,-97.43638193538989,6.794131950917523,5.4,74.39078059887625,-68.45742199964292
1933,0,1933,35310000000.0,35.181735,-97.43638267569517,6.801633711092034,5.4,74.45762065512669,-68.45742199964292
1934,0,1934,35320000000.0,35.181735,-97.43638341600045,6.809135471266546,5.438257833150377,74.52446071137712,-68.45742199964292
1935,0,1935,35330000000.0,35.18173499624798,-97.43638416280339,6.807360538082904,5.5,74.5918874226264,-68.45783674803499
1936,0,1936,35340000000.0,35.18173499125497,-97.43638491175544,6.802517314817761,5.527078240421846,74.6595081706786,-68.45838867560644
1937,0,1937,35350000000.0,35.18173498626195,-97.43638566070749,6.797674091552618,5.6,74.72712891873083,-68.45894060396333
1938,0,1938,35360000000.0,35.18173498126894,-97.43638640965955,6.792830868287475,5.6,74.7947496680661,-68.45949253153478
1939,0,1939,35370000000.0,35.181734976275926,-97.4363871586116,6.787987645022332,5.614718743404937,74.86237041611832,-68.46004445910623
1940,0,1940,35380000000.0,35.181734971282914,-97.43638790756364,6.783144421757189,5.7,74.92999116417053,-68.46059638667768
1941,0,1941,35390000000.0,35.181734966289895,-97.4363886565157,6.778301198492046,5.7,74.9976119135058,-68.46114831503456
1942,0,1942,35400000000.0,35.18173496129688,-97.43638940546775,6.773457975226903,5.7,75.06523266155801,-68.46170024260601
1943,0,1943,35410000000.0,35.18173495630387,-97.4363901544198,6.76861475196176,5.794455207693738,75.13285340961023,-68.46225217017746
1944,0,1944,35420000000.0,35.18173495131086,-97.43639090337186,6.763771528696617,5.8,75.20047415894551,-68.46280409774891
1945,0,1945,35430000000.0,35.181734946317846,-97.4363916523239,6.758928305431474,5.8,75.26809490699772,-68.46335602532037
1946,0,1946,35440000000.0,35.18173494132483,-97.43639240127595,6.754085082166331,5.810867649381134,75.33571565504994,-68.46390795367725
1947,0,1947,35450000000.0,35.181734936331814,-97.43639315022801,6.749241858901189,5.893330892421339,75.40333640438521,-68.4644598812487
1948,0,1948,35460000000.0,35.1817349313388,-97.43639389918006,6.7443986356360455,5.97985531579567,75.47095715243742,-68.46501180882015
1949,0,1949,35470000000.0,35.18173492634579,-97.43639464813211,6.739555412370903,6.161721862670378,75.53857790048963,-68.4655637363916
1950,0,1950,35480000000.0,35.18173492135278,-97.43639539708415,6.7347121891057595,6.2,75.60619864854185,-68.46611566396305
1951,0,1951,35490000000.0,35.18173491635976,-97.43639614603622,6.729868965840617,6.2,75.67381939787712,-68.46666759231994
1952,0,1952,35500000000.0,35.181734911366746,-97.43639689498826,6.725025742575474,6.252663494280798,75.74144014592935,-68.46721951989139
1953,0,1953,35510000000.0,35.181734906373734,-97.43639764394031,6.720182519310331,6.356503718258416,75.80906089398155,-68.46777144746284
1954,0,1954,35520000000.0,35.18173490138072,-97.43639839289237,6.715339296045188,6.5,75.87668164331681,-68.46832337503429
1955,0,1955,35530000000.0,35.18173489257091,-97.43639914603824,6.71151125428372,6.5,75.94468103963366,-68.46929721179905
1956,0,1956,35540000000.0,35.181734882302216,-97.43639990078711,6.708071242434881,6.5879801917156176,76.01282516613239,-68.47043231307495
1957,0,1957,35550000000.0,35.18173487203352,-97.43640065553598,6.704631230586044,6.668920797029468,76.08096929263112,-68.47156741435086
1958,0,1958,35560000000.0,35.18173486176483,-97.43640141028484,6.701191218737205,6.785206269770516,76.14911341912985,-68.47270251562676
1959,0,1959,35570000000.0,35.18173485149614,-97.43640216503371,6.697751206888366,6.884138109137942,76.21725754562858,-68.47383761690267
1960,0,1960,35580000000.0,35.18173484122745,-97.43640291978258,6.6943111950395275,6.991715563471918,76.2854016721273,-68.47497271739314
1961,0,1961,35590000000.0,35.18173483095876,-97.43640367453145,6.69087118319069,7.155109455969791,76.35354579862604,-68.47610781866905
1962,0,1962,35600000000.0,35.18173482069007,-97.43640442928032,6.687431171341851,7.274234852551917,76.42168992512477,-68.47724291994496
1963,0,1963,35610000000.0,35.181734810421375,-97.43640518402918,6.683991159493012,7.521279043950941,76.48983405162352,-68.47837802122086
1964,0,1964,35620000000.0,35.18173480015268,-97.43640593877805,6.680551147644175,7.6,76.55797817812224,-68.47951312249677
1965,0,1965,35630000000.0,35.18173478988399,-97.43640669352692,6.677111135795336,8.129844997580612,76.62612230462098,-68.48064822377268
1966,0,1966,35640000000.0,35.1817347796153,-97.43640744827579,6.673671123946497,8.2,76.6942664311197,-68.48178332504858
1967,0,1967,35650000000.0,35.181734769346605,-97.43640820302465,6.6702311120976585,8.2,76.76241055761842,-68.48291842632449
1968,0,1968,35660000000.0,35.18173475907791,-97.43640895777352,6.666791100248821,8.342635071153698,76.83055468411716,-68.4840535276004
1969,0,1969,35670000000.0,35.18173474880922,-97.43640971252239,6.663351088399982,8.465282705978018,76.89869881061588,-68.4851886288763
1970,0,1970,35680000000.0,35.18173473854053,-97.43641046727126,6.659911076551143,8.637228320398675,76.96684293711462,-68.48632373015221
1971,0,1971,35690000000.0,35.181734728271834,-97.43641122202013,6.6564710647023055,8.828294512248172,77.03498706361334,-68.48745883142811
1972,0,1972,35700000000.0,35.18173471800314,-97.436411976769,6.653031052853467,9.00128415357942,77.10313119011208,-68.48859393270402
1973,0,1973,35710000000.0,35.18173470773445,-97.43641273151786,6.649591041004628,9.22120593661945,77.1712753166108,-68.48972903397993
1974,0,1974,35720000000.0,35.181734698800604,-97.43641347511202,6.646208397734327,9.444214544223668,77.23841231601702,-68.49071658127954
1975,0,1975,35730000000.0,35.18173469394067,-97.43641418466218,6.643000842148579,9.644067195278195,77.30247558026282,-68.49125379845873
1976,0,1976,35740000000.0,35.181734689080734,-97.43641489421236,6.639793286562831,9.83225970206989,77.36653884579168,-68.49179101563792
1977,0,1977,35750000000.0,35.18173468422081,-97.43641560376254,6.636585730977084,9.939360467794844,77.43060211132052,-68.49232823203167
1978,0,1978,35760000000.0,35.18173467936087,-97.43641631331272,6.633378175391337,10.005421657663955,77.49466537684938,-68.49286544921085
1979,0,1979,35770000000.0,35.18173467450094,-97.43641702286288,6.630170619805589,10.178916893279117,77.55872864109517,-68.49340266639004
1980,0,1980,35780000000.0,35.181734669641,-97.43641773241306,6.626963064219841,10.328955124961634,77.62279190662403,-68.49393988356923
1981,0,1981,35790000000.0,35.181734664781075,-97.43641844196324,6.623755508634093,10.491628052795267,77.68685517215287,-68.49447709996298
1982,0,1982,35800000000.0,35.18173465992114,-97.43641915151342,6.620547953048346,10.731921263353353,77.75091843768173,-68.49501431714216
1983,0,1983,35810000000.0,35.181734655061206,-97.43641986106358,6.617340397462598,11.0,77.81498170192754,-68.49555153432135
1984,0,1984,35820000000.0,35.18173465020128,-97.43642057061376,6.614132841876851,11.0,77.87904496745638,-68.4960887507151
1985,0,1985,35830000000.0,35.18173464534134,-97.43642128016394,6.610925286291103,11.047938831201733,77.94310823298524,-68.49662596789429
1986,0,1986,35840000000.0,35.18173464048141,-97.43642198971412,6.607717730705356,11.1,78.00717149851408,-68.49716318507348
1987,0,1987,35850000000.0,35.181734635621474,-97.43642269926428,6.604510175119608,11.133449444560512,78.07123476275989,-68.49770040225266
1988,0,1988,35860000000.0,35.18173463076155,-97.43642340881446,6.60130261953386,11.210030744420694,78.13529802828874,-68.49823761864641
1989,0,1989,35870000000.0,35.18173462590161,-97.43642411836464,6.598095063948112,11.38181244204171,78.19936129381759,-68.4987748358256
1990,0,1990,35880000000.0,35.18173462104168,-97.43642482791482,6.5948875083623655,11.549681129424124,78.26342455934645,-68.49931205300479
1991,0,1991,35890000000.0,35.18173461618174,-97.43642553746498,6.591679952776618,11.703175680766448,78.32748782359225,-68.49984927018397
1992,0,1992,35900000000.0,35.181734611321815,-97.43642624701516,6.58847239719087,11.835400096803228,78.3915510891211,-68.50038648657772
1993,0,1993,35910000000.0,35.18173460646188,-97.43642695656534,6.585264841605122,11.910284177921655,78.45561435464994,-68.50092370375691
1994,0,1994,35920000000.0,35.181734601601946,-97.43642766611552,6.582057286019374,12.05010291847118,78.5196776201788,-68.5014609209361
1995,0,1995,35930000000.0,35.18173458700228,-97.43642836466827,6.576613271490034,12.210638652004876,78.5827479594968,-68.50307476776152
1996,0,1996,35940000000.0,35.1817345676136,-97.43642905781363,6.570069591685723,12.34053954128663,78.64533007999609,-68.50521799234997
1997,0,1997,35950000000.0,35.181734548224924,-97.43642975095896,6.563525911881412,12.425227992081464,78.70791219921232,-68.50736121693842
1998,0,1998,35960000000.0,35.181734528836245,-97.4364304441043,6.556982232077101,12.693077219008291,78.77049431842853,-68.50950444152687
1999,0,1999,35970000000.0,35.18173450944756,-97.43643113724964,6.550438552272791,13.0,78.83307643764475,-68.51164766690076
2000,0,2000,35980000000.0,35.18173449005888,-97.436431830395,6.54389487246848,13.0,78.89565855814404,-68.51379089148921
2001,0,2001,35990000000.0,35.1817344706702,-97.43643252354033,6.537351192664168,13.0,78.95824067736025,-68.51593411607766
2002,0,2002,36000000000.0,35.18173445128152,-97.43643321668567,6.530807512859858,13.040407184309316,79.02082279657647,-68.51807734066611
2003,0,2003,36010000000.0,35.181734431892835,-97.43643390983102,6.524263833055547,13.235311357897745,79.08340491707575,-68.52022056604
2004,0,2004,36020000000.0,35.181734412504156,-97.43643460297636,6.517720153251236,13.34524891946491,79.14598703629198,-68.52236379062845
2005,0,2005,36030000000.0,35.18173439311548,-97.4364352961217,6.511176473446925,13.443742522213562,79.2085691555082,-68.5245070152169
2006,0,2006,36040000000.0,35.1817343737268,-97.43643598926704,6.504632793642615,13.540144612915384,79.27115127472443,-68.52665023980535
2007,0,2007,36050000000.0,35.18173435433812,-97.43643668241239,6.4980891138383035,13.6,79.3337333952237,-68.5287934643938
2008,0,2008,36060000000.0,35.18173433494943,-97.43643737555773,6.491545434033993,13.637601815113895,79.39631551443993,-68.53093668976769
2009,0,2009,36070000000.0,35.18173431556075,-97.43643806870307,6.485001754229682,13.7,79.45889763365615,-68.53307991435614
2010,0,2010,36080000000.0,35.181734296172074,-97.43643876184841,6.478458074425371,13.730268111454981,79.52147975287237,-68.53522313894459
2011,0,2011,36090000000.0,35.181734276783395,-97.43643945499376,6.47191439462106,13.8,79.58406187337165,-68.53736636353304
2012,0,2012,36100000000.0,35.18173425739471,-97.4364401481391,6.465370714816749,13.811862193385435,79.64664399258787,-68.53950958890692
2013,0,2013,36110000000.0,35.18173423800603,-97.43644084128444,6.458827035012439,13.9,79.7092261118041,-68.54165281349538
2014,0,2014,36120000000.0,35.18173421861735,-97.43644153442979,6.452283355208127,13.943223970252491,79.77180823230339,-68.54379603808383
2015,0,2015,36130000000.0,35.18173419918813,-97.4364422288214,6.4459797032404635,14.033532772469956,79.83450287438927,-68.54594374435834
2016,0,2016,36140000000.0,35.18173417878045,-97.43644295329388,6.4454695113591844,14.1,79.8999134312452,-68.54819960881358
2017,0,2017,36150000000.0,35.181734158372784,-97.43644367776635,6.444959319477906,14.1,79.96532398810112,-68.55045547248338
2018,0,2018,36160000000.0,35.18173413796511,-97.43644440223882,6.444449127596627,14.11498340162983,80.03073454495706,-68.55271133693861
2019,0,2019,36170000000.0,35.18173411755743,-97.43644512671129,6.443938935715348,14.239595622576495,80.09614510181298,-68.55496720139385
2020,0,2020,36180000000.0,35.18173409714976,-97.43644585118376,6.44342874383407,14.365080614365656,80.16155565866892,-68.55722306584909
2021,0,2021,36190000000.0,35.18173407674208,-97.43644657565623,6.442918551952791,14.522894654336481,80.22696621552484,-68.55947893030432
2022,0,2022,36200000000.0,35.181734056334406,-97.4364473001287,6.442408360071512,14.60700749051381,80.29237677238078,-68.56173479475956
2023,0,2023,36210000000.0,35.18173403592673,-97.43644802460118,6.4418981681902325,14.729291643842888,80.35778732923669,-68.5639906592148
2024,0,2024,36220000000.0,35.181734015519055,-97.43644874907365,6.441387976308954,14.932157646857002,80.42319788609262,-68.56624652367003
2025,0,2025,36230000000.0,35.18173399511138,-97.43644947354612,6.440877784427675,15.026758988059557,80.48860844294855,-68.56850238812527
2026,0,2026,36240000000.0,35.181733974703704,-97.43645019801858,6.440367592546396,15.457960931164031,80.55401899852143,-68.5707582525805
2027,0,2027,36250000000.0,35.18173395429603,-97.43645092249105,6.439857400665118,16.2,80.61942955537735,-68.57301411703574
2028,0,2028,36260000000.0,35.18173393388835,-97.43645164696352,6.439347208783839,16.2,80.68484011223329,-68.57526998149098
2029,0,2029,36270000000.0,35.18173391348068,-97.43645237143599,6.43883701690256,16.2,80.75025066908921,-68.57752584594621
2030,0,2030,36280000000.0,35.181733893073,-97.43645309590846,6.4383268250212815,16.2,80.81566122594514,-68.57978171040145
2031,0,2031,36290000000.0,35.181733872665326,-97.43645382038093,6.437816633140002,16.216021607773563,80.88107178280106,-68.58203757485668
2032,0,2032,36300000000.0,35.18173385225765,-97.4364545448534,6.437306441258723,16.728604798957612,80.946482339657,-68.58429343931192
2033,0,2033,36310000000.0,35.181733831849975,-97.43645526932588,6.436796249377445,16.828842010906676,81.01189289651292,-68.58654930376716
2034,0,2034,36320000000.0,35.18173381144231,-97.43645599379835,6.436286057496166,17.08899180485913,81.07730345336886,-68.58880516743696
2035,0,2035,36330000000.0,35.181733789055905,-97.43645670643484,6.43468670783362,17.429104467057748,81.14164537335026,-68.59127976032127
2036,0,2036,36340000000.0,35.1817337641441,-97.43645740396532,6.4316972914587245,17.62253895517881,81.20462341463576,-68.59403351135114
2037,0,2037,36350000000.0,35.18173373923229,-97.43645810149582,6.428707875083829,17.898627130839913,81.26760145720432,-68.59678726238101
2038,0,2038,36360000000.0,35.181733714320494,-97.4364587990263,6.425718458708933,18.0,81.33057949848983,-68.59954101262545
2039,0,2039,36370000000.0,35.18173368940869,-97.4364594965568,6.422729042334037,18.265977055493636,81.39355754105839,-68.60229476365532
2040,0,2040,36380000000.0,35.18173366449688,-97.43646019408727,6.419739625959141,18.53426861145805,81.45653558234389,-68.6050485146852
2041,0,2041,36390000000.0,35.18173363958508,-97.43646089161777,6.4167502095842455,18.794925684496334,81.51951362491245,-68.60780226492963
2042,0,2042,36400000000.0,35.18173361467328,-97.43646158914825,6.41376079320935,19.268799233040312,81.58249166619795,-68.6105560159595
2043,0,2043,36410000000.0,35.18173358976147,-97.43646228667873,6.410771376834454,19.481021624424976,81.64546970748346,-68.61330976698937
2044,0,2044,36420000000.0,35.18173356484967,-97.43646298420923,6.407781960459558,19.7,81.708447750052,-68.61606351723381
2045,0,2045,36430000000.0,35.181733539937866,-97.43646368173971,6.404792544084662,19.73458854041927,81.77142579133752,-68.61881726826368
2046,0,2046,36440000000.0,35.18173351502607,-97.4364643792702,6.401803127709766,20.05952881350747,81.83440383390608,-68.62157101850812
2047,0,2047,36450000000.0,35.18173349011426,-97.43646507680069,6.39881371133487,20.466356753278706,81.89738187519157,-68.62432476953799
2048,0,2048,36460000000.0,35.181733465202456,-97.43646577433118,6.395824294959974,20.683237370293085,81.96035991776014,-68.62707852056786
2049,0,2049,36470000000.0,35.18173344029066,-97.43646647186166,6.392834878585078,20.719512082903805,82.02333795904565,-68.6298322708123
2050,0,2050,36480000000.0,35.18173341537885,-97.43646716939216,6.389845462210182,20.81472689887659,82.08631600161421,-68.63258602184217
2051,0,2051,36490000000.0,35.181733390467045,-97.43646786692264,6.3868560458352865,21.027354163656092,82.14929404289971,-68.63533977287204
2052,0,2052,36500000000.0,35.181733365555246,-97.43646856445314,6.383866629460391,21.35392503075889,82.21227208546827,-68.63809352311648
2053,0,2053,36510000000.0,35.18173334064344,-97.43646926198362,6.380877213085495,21.57847829829536,82.27525012675378,-68.64084727414635
2054,0,2054,36520000000.0,35.181733315731634,-97.4364699595141,6.377887796710599,21.64651094749714,82.33822816803928,-68.64360102517622
2055,0,2055,36530000000.0,35.18173328907096,-97.43647065865392,6.376491806743772,21.813824928658185,82.40135151175036,-68.64654809584721
2056,0,2056,36540000000.0,35.18173325941331,-97.43647136055158,6.377826400869823,21.91323726621995,82.46472385332032,-68.64982645234349
2057,0,2057,36550000000.0,35.181733229755665,-97.43647206244923,6.379160994995876,22.071154078170085,82.52809619360723,-68.65310480883977
2058,0,2058,36560000000.0,35.181733200098016,-97.43647276434687,6.380495589121927,22.189659465363547,82.59146853389413,-68.65638316533605
2059,0,2059,36570000000.0,35.18173317044037,-97.43647346624452,6.381830183247979,22.3,82.65484087418103,-68.65966152183233
2060,0,2060,36580000000.0,35.181733140782725,-97.43647416814218,6.383164777374031,22.3,82.71821321575099,-68.66293987754318
2061,0,2061,36590000000.0,35.18173311112508,-97.43647487003983,6.384499371500082,22.314569466552406,82.7815855560379,-68.66621823403946
2062,0,2062,36600000000.0,35.18173308146743,-97.43647557193748,6.3858339656261345,22.562818565656425,82.84495789632479,-68.66949659053574
2063,0,2063,36610000000.0,35.18173305180978,-97.43647627383513,6.387168559752186,22.688039730810637,82.90833023661169,-68.67277494703202
2064,0,2064,36620000000.0,35.18173302215213,-97.43647697573279,6.388503153878238,22.7,82.97170257818165,-68.6760533035283
2065,0,2065,36630000000.0,35.18173299249449,-97.43647767763044,6.38983774800429,22.712157073629733,83.03507491846855,-68.67933165923915
2066,0,2066,36640000000.0,35.18173296283684,-97.43647837952808,6.391172342130342,22.80582814057641,83.09844725875546,-68.68261001573543
2067,0,2067,36650000000.0,35.18173293317919,-97.43647908142573,6.392506936256393,22.893536221420103,83.16181959904236,-68.68588837223172
2068,0,2068,36660000000.0,35.18173290352154,-97.43647978332339,6.393841530382446,22.99472162347525,83.22519194061232,-68.689166728728
2069,0,2069,36670000000.0,35.1817328738639,-97.43648048522104,6.395176124508497,23.021534507504338,83.28856428089922,-68.69244508443884
2070,0,2070,36680000000.0,35.18173284420625,-97.43648118711869,6.396510718634549,23.111506579915364,83.35193662118613,-68.69572344093513
2071,0,2071,36690000000.0,35.1817328145486,-97.43648188901633,6.397845312760601,23.2,83.41530896147303,-68.69900179743141
2072,0,2072,36700000000.0,35.181732784890954,-97.436482590914,6.399179906886653,23.2,83.47868130304299,-68.70228015392769
2073,0,2073,36710000000.0,35.181732755233305,-97.43648329281164,6.4005145010127045,23.2,83.5420536433299,-68.70555851042397
2074,0,2074,36720000000.0,35.181732725575664,-97.43648399470929,6.401849095138756,23.2,83.6054259836168,-68.70883686613482
2075,0,2075,36730000000.0,35.181732693638686,-97.43648469824691,6.402279051380281,23.21102610268965,83.6689463926015,-68.71236717962844
2076,0,2076,36740000000.0,35.18173264742059,-97.4364854120598,6.39704100007628,23.3,83.73339452537523,-68.71747612815852
2077,0,2077,36750000000.0,35.18173260120249,-97.43648612587266,6.391802948772279,23.3,83.7978426568659,-68.7225850766886
2078,0,2078,36760000000.0,35.181732554984386,-97.43648683968554,6.386564897468278,23.3,83.86229078963963,-68.72769402600412
2079,0,2079,36770000000.0,35.18173250876629,-97.43648755349841,6.381326846164277,23.3,83.92673892113031,-68.7328029745342
2080,0,2080,36780000000.0,35.18173246254819,-97.43648826731129,6.376088794860276,23.3,83.99118705390404,-68.73791192306427
2081,0,2081,36790000000.0,35.18173241633009,-97.43648898112416,6.370850743556275,23.364126197703982,84.05563518539472,-68.74302087159435
2082,0,2082,36800000000.0,35.18173237011199,-97.43648969493704,6.365612692252274,23.4,84.12008331816845,-68.74812982090987
2083,0,2083,36810000000.0,35.18173232389389,-97.4364904087499,6.360374640948272,23.4,84.18453144965913,-68.75323876943995
2084,0,2084,36820000000.0,35.18173227767579,-97.43649112256278,6.355136589644272,23.489162372397494,84.24897958243287,-68.75834771797003
2085,0,2085,36830000000.0,35.181732231457694,-97.43649183637565,6.349898538340271,23.5,84.31342771392355,-68.7634566665001
2086,0,2086,36840000000.0,35.18173218523959,-97.43649255018853,6.344660487036269,23.5,84.37787584669726,-68.76856561581562
2087,0,2087,36850000000.0,35.18173213902149,-97.4364932640014,6.339422435732269,23.5,84.44232397818794,-68.7736745643457
2088,0,2088,36860000000.0,35.181732092803394,-97.43649397781428,6.3341843844282675,23.5,84.50677211096168,-68.77878351287578
2089,0,2089,36870000000.0,35.181732046585296,-97.43649469162715,6.328946333124267,23.588897787576723,84.57122024245236,-68.78389246140586
2090,0,2090,36880000000.0,35.18173200036719,-97.43649540544003,6.323708281820266,23.6,84.63566837522609,-68.78900141072137
2091,0,2091,36890000000.0,35.18173195414909,-97.4364961192529,6.318470230516264,23.6,84.70011650671677,-68.79411035925145
2092,0,2092,36900000000.0,35.181731907930995,-97.43649683306577,6.313232179212264,23.6,84.7645646394905,-68.79921930778153
2093,0,2093,36910000000.0,35.1817318617129,-97.43649754687864,6.3079941279082625,23.6,84.82901277098118,-68.8043282563116
2094,0,2094,36920000000.0,35.18173181549479,-97.43649826069152,6.302756076604261,23.6,84.89346090375491,-68.80943720562712
2095,0,2095,36930000000.0,35.18173176129224,-97.4364989961631,6.3032520878078095,23.6,84.95986453822249,-68.8154287557009
2096,0,2096,36940000000.0,35.18173170306286,-97.43649974255787,6.306639979017731,23.68093674397415,85.02725439749099,-68.82186543160984
2097,0,2097,36950000000.0,35.181731644833484,-97.43650048895266,6.310027870227653,23.769530385214875,85.09464425804255,-68.82830210673333
2098,0,2098,36960000000.0,35.1817315866041,-97.43650123534744,6.313415761437575,23.8,85.16203411731105,-68.83473878264226
2099,0,2099,36970000000.0,35.18173152837472,-97.43650198174223,6.316803652647497,23.8,85.22942397786261,-68.84117545855119
2100,0,2100,36980000000.0,35.181731470145344,-97.436502728137,6.320191543857419,23.8,85.29681383713111,-68.84761213367469
2101,0,2101,36990000000.0,35.18173141191596,-97.43650347453179,6.323579435067341,23.880385033997232,85.36420369768267,-68.85404880958362
2102,0,2102,37000000000.0,35.18173135368658,-97.43650422092657,6.326967326277263,23.9,85.43159355695119,-68.86048548549255
2103,0,2103,37010000000.0,35.181731295457205,-97.43650496732135,6.330355217487185,24.029204036410395,85.49898341750274,-68.86692216061604
2104,0,2104,37020000000.0,35.18173123722782,-97.43650571371613,6.333743108697107,24.260084263446196,85.56637327677124,-68.87335883652497
2105,0,2105,37030000000.0,35.18173117899844,-97.43650646011092,6.337130999907029,24.482549955061202,85.6337631373228,-68.8797955124339
2106,0,2106,37040000000.0,35.18173112076906,-97.4365072065057,6.340518891116951,24.57919910791045,85.7011529965913,-68.88623218834283
2107,0,2107,37050000000.0,35.18173106253968,-97.43650795290048,6.343906782326873,24.73536177053209,85.76854285714288,-68.89266886346633
2108,0,2108,37060000000.0,35.1817310043103,-97.43650869929526,6.347294673536795,25.31518437258078,85.83593271641138,-68.89910553937526
2109,0,2109,37070000000.0,35.18173094608092,-97.43650944569005,6.350682564746717,25.6,85.90332257696294,-68.90554221528419
2110,0,2110,37080000000.0,35.18173088785154,-97.43651019208482,6.354070455956639,25.6,85.97071243623144,-68.91197889040768
2111,0,2111,37090000000.0,35.18173082962216,-97.43651093847961,6.357458347166561,25.6,86.038102296783,-68.91841556631661
2112,0,2112,37100000000.0,35.18173077139278,-97.43651168487439,6.3608462383764826,25.882925642130203,86.1054921560515,-68.92485224222554
2113,0,2113,37110000000.0,35.181730713163404,-97.43651243126918,6.364234129586405,26.14695569590655,86.17288201660307,-68.93128891734904
2114,0,2114,37120000000.0,35.18173065971433,-97.43651311272674,6.364011169840952,26.387363965049257,86.23440887995262,-68.93719717765151
2115,0,2115,37130000000.0,35.18173060766155,-97.43651377521671,6.362733510636783,26.572650402850414,86.2942232129456,-68.94295109233042
2116,0,2116,37140000000.0,35.181730555608766,-97.43651443770666,6.3614558514326145,26.75058786806507,86.35403754465551,-68.94870500700932
2117,0,2117,37150000000.0,35.18173050355598,-97.43651510019662,6.360178192228446,26.937920762221072,86.41385187636544,-68.95445892168823
2118,0,2118,37160000000.0,35.1817304515032,-97.43651576268658,6.358900533024277,27.138654379170656,86.47366620935841,-68.96021283636713
2119,0,2119,37170000000.0,35.181730399450416,-97.43651642517653,6.357622873820109,27.379147394810378,86.53348054106834,-68.96596675104604
2120,0,2120,37180000000.0,35.18173034739763,-97.43651708766649,6.35634521461594,27.4,86.59329487277824,-68.97172066572494
2121,0,2121,37190000000.0,35.18173029534485,-97.43651775015645,6.355067555411773,27.483198345014937,86.65310920577122,-68.97747458040385
2122,0,2122,37200000000.0,35.181730243292066,-97.43651841264641,6.353789896207604,27.5,86.71292353748115,-68.98322849508276
2123,0,2123,37210000000.0,35.18173019123928,-97.43651907513636,6.3525122370034355,27.5,86.77273786919106,-68.98898240976166
2124,0,2124,37220000000.0,35.181730139186506,-97.43651973762633,6.351234577799267,27.411985942961763,86.83255220218405,-68.99473632365513
2125,0,2125,37230000000.0,35.18173008713372,-97.43652040011628,6.349956918595098,27.4,86.89236653389396,-69.00049023833404
2126,0,2126,37240000000.0,35.18173003508094,-97.43652106260623,6.34867925939093,27.4,86.95218086560388,-69.00624415301294
2127,0,2127,37250000000.0,35.181729983028156,-97.4365217250962,6.347401600186762,27.4,87.01199519859686,-69.01199806769185
2128,0,2128,37260000000.0,35.18172993097537,-97.43652238758615,6.346123940982594,27.4,87.07180953030678,-69.01775198237075
2129,0,2129,37270000000.0,35.18172987892259,-97.4365230500761,6.344846281778425,27.4,87.1316238620167,-69.02350589704966
2130,0,2130,37280000000.0,35.181729826869805,-97.43652371256607,6.3435686225742565,27.4,87.19143819500967,-69.02925981172856
2131,0,2131,37290000000.0,35.18172977481702,-97.43652437505602,6.342290963370088,27.428781747043466,87.25125252671958,-69.03501372640747
2132,0,2132,37300000000.0,35.18172972276424,-97.43652503754598,6.341013304165919,27.5,87.31106685842951,-69.04076764108638
2133,0,2133,37310000000.0,35.18172967071146,-97.43652570003594,6.339735644961751,27.5,87.37088119142248,-69.04652155497985
2134,0,2134,37320000000.0,35.18172961865868,-97.4365263625259,6.338457985757583,27.54859994650659,87.43069552313241,-69.05227546965875
2135,0,2135,37330000000.0,35.18172956486356,-97.43652704399679,6.337744462274013,27.6,87.49222358999,-69.05822198216498
2136,0,2136,37340000000.0,35.18172951009493,-97.43652773607313,6.33734614495755,27.6,87.55470919248029,-69.06427610618991
2137,0,2137,37350000000.0,35.1817294553263,-97.43652842814947,6.336947827641087,27.6,87.61719479497057,-69.07033023100027
2138,0,2138,37360000000.0,35.181729400557664,-97.43652912022581,6.336549510324624,27.6,87.67968039746086,-69.07638435581063
2139,0,2139,37370000000.0,35.18172934578904,-97.43652981230214,6.336151193008161,27.64903577694377,87.74216599866809,-69.08243847983556
2140,0,2140,37380000000.0,35.1817292910204,-97.43653050437848,6.335752875691698,27.750843614727373,87.80465160115837,-69.08849260464592
2141,0,2141,37390000000.0,35.181729236251776,-97.43653119645482,6.335354558375235,27.8,87.86713720364865,-69.09454672867085
2142,0,2142,37400000000.0,35.18172918148314,-97.43653188853116,6.334956241058772,27.87074094253329,87.92962280613894,-69.10060085348121
2143,0,2143,37410000000.0,35.181729126714515,-97.43653258060749,6.3345579237423095,27.987509026172866,87.99210840734618,-69.10665497750614
2144,0,2144,37420000000.0,35.18172907194588,-97.43653327268383,6.334159606425846,28.0,88.05459400983645,-69.1127091023165
2145,0,2145,37430000000.0,35.18172901717725,-97.43653396476017,6.3337612891093835,28.0,88.11707961232673,-69.11876322712686
2146,0,2146,37440000000.0,35.18172896240862,-97.43653465683651,6.33336297179292,28.056601795243804,88.17956521481703,-69.12481735115179
2147,0,2147,37450000000.0,35.181728907639986,-97.43653534891286,6.3329646544764575,28.182650275805056,88.24205081730732,-69.13087147596215
2148,0,2148,37460000000.0,35.18172885287136,-97.43653604098918,6.332566337159994,28.332494623390883,88.30453641851453,-69.13692559998708
2149,0,2149,37470000000.0,35.181728798102725,-97.43653673306552,6.3321680198435315,28.55372723378289,88.36702202100483,-69.14297972479744
2150,0,2150,37480000000.0,35.1817287433341,-97.43653742514186,6.331769702527069,28.807058847736368,88.42950762349511,-69.14903384882237
2151,0,2151,37490000000.0,35.181728688565464,-97.4365381172182,6.3313713852106055,28.99746266655473,88.4919932259854,-69.15508797363273
2152,0,2152,37500000000.0,35.18172863379684,-97.43653880929453,6.330973067894143,29.222726157728182,88.55447882719263,-69.16114209765766
2153,0,2153,37510000000.0,35.1817285790282,-97.43653950137087,6.3305747505776795,29.50478869434398,88.61696442968291,-69.16719622246802
2154,0,2154,37520000000.0,35.18172852425957,-97.43654019344721,6.330176433261217,29.914215318440114,88.6794500321732,-69.17325034727838
2155,0,2155,37530000000.0,35.18172846705453,-97.43654088710923,6.331894364322189,30.32914371972324,88.74207880079813,-69.17957379188877
2156,0,2156,37540000000.0,35.18172840791216,-97.43654158203213,6.335295050831096,30.688178004234345,88.80482141127597,-69.18611138977553
2157,0,2157,37550000000.0,35.18172834876978,-97.43654227695502,6.338695737340003,31.083262425294528,88.86756402047077,-69.19264898844773
2158,0,2158,37560000000.0,35.18172828962741,-97.43654297187793,6.34209642384891,32.518752864723645,88.93030663094859,-69.19918658633449
2159,0,2159,37570000000.0,35.181728230485035,-97.43654366680082,6.345497110357817,33.7,88.99304924014338,-69.20572418422125
2160,0,2160,37580000000.0,35.18172817134266,-97.4365443617237,6.348897796866724,33.7,89.05579184933815,-69.21226178210802
2161,0,2161,37590000000.0,35.18172811220029,-97.43654505664661,6.35229848337563,33.7,89.11853445981599,-69.21879937999478
2162,0,2162,37600000000.0,35.18172805305792,-97.4365457515695,6.355699169884538,34.05752004608144,89.18127706901079,-69.22533697788154
2163,0,2163,37610000000.0,35.18172799391554,-97.4365464464924,6.359099856393445,34.712085970688534,89.24401967948862,-69.23187457655374
2164,0,2164,37620000000.0,35.181727934773164,-97.43654714141529,6.362500542902351,35.144049272624834,89.3067622886834,-69.2384121744405
2165,0,2165,37630000000.0,35.18172787563079,-97.43654783633818,6.365901229411258,35.792088254942676,89.36950489787819,-69.24494977232726
2166,0,2166,37640000000.0,35.18172781648842,-97.43654853126108,6.369301915920165,36.41147805524976,89.43224750835601,-69.25148737021402
2167,0,2167,37650000000.0,35.181727757346046,-97.43654922618397,6.372702602429072,36.87994334306628,89.49499011755081,-69.25802496810078
2168,0,2168,37660000000.0,35.181727698203666,-97.43654992110687,6.376103288937979,37.26392798368065,89.55773272802865,-69.26456256677298
2169,0,2169,37670000000.0,35.18172763906129,-97.43655061602976,6.379503975446886,38.05168539019189,89.62047533722343,-69.27110016465974
2170,0,2170,37680000000.0,35.18172757991892,-97.43655131095265,6.382904661955792,38.61489978718177,89.68321794641821,-69.2776377625465
2171,0,2171,37690000000.0,35.18172752077655,-97.43655200587555,6.3863053484647,39.10429715165314,89.74596055689604,-69.28417536043327
2172,0,2172,37700000000.0,35.181727461634175,-97.43655270079844,6.389706034973607,39.547940340055796,89.80870316609082,-69.29071295832003
2173,0,2173,37710000000.0,35.1817274024918,-97.43655339572135,6.393106721482513,39.91489242492636,89.87144577656868,-69.29725055620679
2174,0,2174,37720000000.0,35.18172734334942,-97.43655409064424,6.39650740799142,40.48715682966864,89.93418838576345,-69.30378815487899
2175,0,2175,37730000000.0,35.18172727865576,-97.43655478409406,6.397639304707005,41.20664127720027,89.9967979957721,-69.31093939266731
2176,0,2176,37740000000.0,35.18172719872457,-97.43655547350052,6.392543691724047,41.8,90.05904254253014,-69.31977498568585
2177,0,2177,37750000000.0,35.18172711879339,-97.43655616290698,6.387448078741088,41.8,90.12128708928819,-69.3286105787044
2178,0,2178,37760000000.0,35.181727038862206,-97.43655685231344,6.38235246575813,41.96990875830904,90.18353163604623,-69.33744617172295
2179,0,2179,37770000000.0,35.18172695893102,-97.4365575417199,6.377256852775171,42.32515830269284,90.24577618280426,-69.34628176474149
2180,0,2180,37780000000.0,35.18172687899984,-97.43655823112637,6.372161239792213,42.68787004383642,90.30802072956233,-69.35511735776004
2181,0,2181,37790000000.0,35.181726799068656,-97.43655892053283,6.3670656268092545,43.04261973422863,90.37026527632037,-69.36395295077858
2182,0,2182,37800000000.0,35.18172671913747,-97.4365596099393,6.361970013826296,43.17408519102037,90.4325098230784,-69.37278854379713
2183,0,2183,37810000000.0,35.18172663920629,-97.43656029934576,6.3568744008433375,43.6300339017407,90.49475436983644,-69.38162413681567
2184,0,2184,37820000000.0,35.181726559275106,-97.43656098875222,6.351778787860379,43.83307915727903,90.5569989165945,-69.39045972983422
2185,0,2185,37830000000.0,35.18172647934392,-97.43656167815868,6.346683174877421,44.17127997893659,90.61924346335253,-69.39929532285277
2186,0,2186,37840000000.0,35.18172639941274,-97.43656236756516,6.341587561894462,44.471446236314875,90.68148801139363,-69.40813091587131
2187,0,2187,37850000000.0,35.181726319481555,-97.43656305697162,6.336491948911504,44.71982133425924,90.74373255815168,-69.41696650888986
2188,0,2188,37860000000.0,35.181726239550365,-97.43656374637808,6.331396335928545,45.2,90.80597710490972,-69.42580210269384
2189,0,2189,37870000000.0,35.18172615961918,-97.43656443578455,6.326300722945587,45.290989168645105,90.86822165166775,-69.43463769571238
2190,0,2190,37880000000.0,35.181726079688,-97.43656512519101,6.321205109962628,45.5,90.9304661984258,-69.44347328873093
2191,0,2191,37890000000.0,35.181725999756814,-97.43656581459747,6.31610949697967,45.5,90.99271074518384,-69.45230888174947
2192,0,2192,37900000000.0,35.18172591982563,-97.43656650400393,6.311013883996711,45.534820715514314,91.05495529194188,-69.46114447476802
2193,0,2193,37910000000.0,35.18172583989445,-97.4365671934104,6.305918271013753,46.54959069252977,91.11719983869993,-69.46998006778657
2194,0,2194,37920000000.0,35.181725759963264,-97.43656788281686,6.300822658030794,46.6,91.17944438545797,-69.47881566080511
2195,0,2195,37930000000.0,35.18172567716554,-97.43656856705212,6.297528798075734,46.640408980661526,91.24122203909789,-69.48796812143812
2196,0,2196,37940000000.0,35.181725585759644,-97.43656923575838,6.299645566100791,46.90246349590009,91.30159762383202,-69.49807212900609
2197,0,2197,37950000000.0,35.181725494353756,-97.43656990446465,6.301762334125848,47.3,91.36197320856617,-69.50817613578863
2198,0,2198,37960000000.0,35.18172540294786,-97.43657057317091,6.303879102150905,47.345730486630146,91.4223487933003,-69.5182801433566
2199,0,2199,37970000000.0,35.18172531154197,-97.43657124187716,6.305995870175961,47.55507644243164,91.48272437675138,-69.52838415092458
2200,0,2200,37980000000.0,35.18172522013608,-97.43657191058342,6.308112638201018,47.72149184840796,91.54309996148551,-69.53848815770712
2201,0,2201,37990000000.0,35.181725128730186,-97.43657257928969,6.310229406226075,47.831029302512356,91.60347554621964,-69.5485921652751
2202,0,2202,38000000000.0,35.18172503732429,-97.43657324799595,6.3123461742511315,48.105319717465655,91.66385113095379,-69.55869617284307
2203,0,2203,38010000000.0,35.181724945918404,-97.43657391670222,6.314462942276188,48.287311105451174,91.72422671568792,-69.56880017962561
2204,0,2204,38020000000.0,35.18172485451251,-97.43657458540848,6.316579710301244,48.37557593215128,91.78460230042205,-69.57890418719359
2205,0,2205,38030000000.0,35.181724763106615,-97.43657525411474,6.318696478326301,48.64681268183341,91.84497788515618,-69.58900819476156
2206,0,2206,38040000000.0,35.18172467170073,-97.436575922821,6.320813246351358,48.870394259421516,91.90535346989033,-69.5991122015441
2207,0,2207,38050000000.0,35.18172458029483,-97.43657659152727,6.322930014376415,49.192739306747015,91.96572905462446,-69.60921620911208
2208,0,2208,38060000000.0,35.18172448888894,-97.43657726023353,6.325046782401472,49.391178629778985,92.02610463935859,-69.61932021668005
2209,0,2209,38070000000.0,35.18172439748305,-97.4365779289398,6.327163550426528,49.9,92.08648022409274,-69.62942422346259
2210,0,2210,38080000000.0,35.18172430607716,-97.43657859764605,6.329280318451585,49.9,92.14685580754382,-69.63952823103057
2211,0,2211,38090000000.0,35.18172421467126,-97.43657926635231,6.331397086476642,49.93478012826454,92.20723139227795,-69.64963223859854
2212,0,2212,38100000000.0,35.181724123265376,-97.43657993505857,6.333513854501699,50.30887663399228,92.26760697701208,-69.65973624538108
2213,0,2213,38110000000.0,35.18172403185948,-97.43658060376484,6.335630622526756,50.49607591005524,92.32798256174621,-69.66984025294906
2214,0,2214,38120000000.0,35.18172394045359,-97.4365812724711,6.337747390551812,50.55555779938365,92.38835814648036,-69.67994426051703
2215,0,2215,38130000000.0,35.1817238490477,-97.43658194117737,6.3398641585768685,50.73797112337541,92.44873373121449,-69.69004826729957
2216,0,2216,38140000000.0,35.18172374957375,-97.43658261172591,6.341229210234045,50.95656719054662,92.50927565025461,-69.701044117827
2217,0,2217,38150000000.0,35.181723640757575,-97.4365832844077,6.34172382919278,51.20680669426043,92.57001017420536,-69.71307265768431
2218,0,2218,38160000000.0,35.18172353194141,-97.43658395708948,6.342218448151516,51.4,92.63074469687307,-69.72510119675619
2219,0,2219,38170000000.0,35.181723423125234,-97.43658462977127,6.342713067110251,51.428761643030676,92.69147922082382,-69.7371297366135
2220,0,2220,38180000000.0,35.18172331430907,-97.43658530245305,6.343207686068987,51.51897744974006,92.75221374349152,-69.74915827568537
2221,0,2221,38190000000.0,35.181723205492894,-97.43658597513483,6.3437023050277235,51.61848770808958,92.81294826615922,-69.76118681554269
2222,0,2222,38200000000.0,35.18172309667673,-97.43658664781663,6.344196923986459,51.80601613664064,92.87368279010998,-69.77321535461456
2223,0,2223,38210000000.0,35.18172298786055,-97.4365873204984,6.344691542945195,51.895577564181735,92.93441731277768,-69.78524389447188
2224,0,2224,38220000000.0,35.18172287904438,-97.43658799318018,6.34518616190393,51.92254467477287,92.99515183544538,-69.79727243432919
2225,0,2225,38230000000.0,35.18172277022821,-97.43658866586198,6.345680780862667,52.015583573105644,93.05588635939613,-69.80930097340106
2226,0,2226,38240000000.0,35.18172266141204,-97.43658933854375,6.346175399821402,52.1,93.11662088206384,-69.82132951325838
2227,0,2227,38250000000.0,35.18172255259587,-97.43659001122553,6.346670018780138,52.1,93.17735540473153,-69.83335805233025
2228,0,2228,38260000000.0,35.1817224437797,-97.43659068390733,6.3471646377388735,52.1,93.23808992868229,-69.84538659218757
2229,0,2229,38270000000.0,35.18172233496353,-97.4365913565891,6.347659256697609,52.12441624357042,93.29882445134999,-69.85741513125944
2230,0,2230,38280000000.0,35.18172222614736,-97.4365920292709,6.348153875656346,52.213270306221304,93.35955897530074,-69.86944367111676
2231,0,2231,38290000000.0,35.181722117331184,-97.43659270195268,6.348648494615081,52.27167849841416,93.42029349796844,-69.88147221097407
2232,0,2232,38300000000.0,35.18172200851502,-97.43659337463446,6.349143113573817,52.3,93.48102802063615,-69.89350075004594
2233,0,2233,38310000000.0,35.18172189969884,-97.43659404731625,6.349637732532552,52.3696820461714,93.5417625445869,-69.90552928990326
2234,0,2234,38320000000.0,35.181721790882676,-97.43659471999803,6.350132351491288,52.49053714084631,93.6024970672546,-69.91755782897513
2235,0,2235,38330000000.0,35.1817216820665,-97.4365953926798,6.3506269704500244,52.5,93.66323158992229,-69.92958636883245
2236,0,2236,38340000000.0,35.181721567117606,-97.43659608222329,6.347629554165189,52.68502890222379,93.72548850792185,-69.9422928198652
2237,0,2237,38350000000.0,35.181721433353836,-97.43659682349751,6.333918767787551,52.77756678990888,93.79241604688956,-69.95707906698314
2238,0,2238,38360000000.0,35.181721299590066,-97.43659756477174,6.320207981409912,52.886350744196115,93.85934358714034,-69.97186531410108
2239,0,2239,38370000000.0,35.181721165826296,-97.43659830604597,6.306497195032274,53.00024201665942,93.92627112610805,-69.98665156121902
2240,0,2240,38380000000.0,35.181721032062526,-97.43659904732019,6.292786408654637,53.09719605055804,93.99319866507577,-70.00143780833696
2241,0,2241,38390000000.0,35.18172089829876,-97.4365997885944,6.279075622276999,53.18286987892688,94.06012620404347,-70.0162240554549
2242,0,2242,38400000000.0,35.18172076453499,-97.43660052986863,6.26536483589936,53.36361048947506,94.12705374301119,-70.03101030257284
2243,0,2243,38410000000.0,35.18172063077122,-97.43660127114285,6.251654049521722,53.70341925310237,94.19398128197889,-70.04579654969078
2244,0,2244,38420000000.0,35.18172049700745,-97.43660201241708,6.237943263144084,53.8,94.26090882222965,-70.06058279680872
2245,0,2245,38430000000.0,35.18172036324368,-97.4366027536913,6.224232476766446,53.8,94.32783636119737,-70.07536904392666
2246,0,2246,38440000000.0,35.18172022947991,-97.43660349496552,6.210521690388807,53.96960255914808,94.39476390016507,-70.0901552910446
2247,0,2247,38450000000.0,35.18172009571614,-97.43660423623975,6.196810904011169,54.0,94.46169143913279,-70.10494153816254
2248,0,2248,38460000000.0,35.18171996195237,-97.43660497751397,6.183100117633531,54.07551814985522,94.5286189781005,-70.11972778528047
2249,0,2249,38470000000.0,35.1817198281886,-97.43660571878819,6.169389331255893,54.1,94.59554651706821,-70.13451403239841
2250,0,2250,38480000000.0,35.18171969442483,-97.43660646006242,6.155678544878255,54.19675035616439,94.66247405731899,-70.14930027951635
2251,0,2251,38490000000.0,35.181719560661065,-97.43660720133664,6.141967758500617,54.279034452614376,94.72940159628669,-70.16408652584886
2252,0,2252,38500000000.0,35.181719426897295,-97.43660794261086,6.128256972122979,54.4566568636056,94.79632913525441,-70.1788727729668
2253,0,2253,38510000000.0,35.181719293133526,-97.43660868388508,6.114546185745341,54.573079123684664,94.86325667422211,-70.19365902008474
2254,0,2254,38520000000.0,35.18171916258698,-97.43660939425993,6.108324003120192,54.6,94.92739439686736,-70.20808963528154
2255,0,2255,38530000000.0,35.181719039415036,-97.43661003380656,6.119267356570726,54.6,94.98513724104127,-70.22170506194428
2256,0,2256,38540000000.0,35.18171891624309,-97.43661067335319,6.130210710021259,54.6,95.04288008521517,-70.23532048860702
2257,0,2257,38550000000.0,35.18171879307115,-97.43661131289981,6.141154063471792,54.6,95.10062292938909,-70.24893591526975
2258,0,2258,38560000000.0,35.181718669899205,-97.43661195244646,6.152097416922325,54.53599866953047,95.15836577484606,-70.2625513419325
2259,0,2259,38570000000.0,35.18171854672726,-97.43661259199308,6.163040770372858,54.5,95.21610861901996,-70.27616676859523
2260,0,2260,38580000000.0,35.18171842355532,-97.43661323153971,6.173984123823391,54.5,95.27385146319388,-70.28978219525797
2261,0,2261,38590000000.0,35.18171830038337,-97.43661387108634,6.1849274772739244,54.5,95.33159430736778,-70.30339762192071
2262,0,2262,38600000000.0,35.18171817721143,-97.43661451063296,6.195870830724457,54.5,95.38933715154168,-70.31701304858345
2263,0,2263,38610000000.0,35.181718054039486,-97.4366151501796,6.20681418417499,54.5,95.44707999699865,-70.33062847524619
2264,0,2264,38620000000.0,35.18171793086754,-97.43661578972623,6.217757537625523,54.40909526769604,95.50482284117257,-70.34424390190892
2265,0,2265,38630000000.0,35.1817178076956,-97.43661642927286,6.228700891076056,54.4,95.56256568534648,-70.35785932857166
2266,0,2266,38640000000.0,35.181717684523655,-97.43661706881949,6.239644244526589,54.4,95.62030852952039,-70.3714747552344
2267,0,2267,38650000000.0,35.18171756135171,-97.43661770836611,6.250587597977123,54.32090677761775,95.6780513736943,-70.38509018189714
2268,0,2268,38660000000.0,35.18171743817977,-97.43661834791274,6.261530951427656,54.227891682508215,95.73579421786822,-70.39870560855988
2269,0,2269,38670000000.0,35.18171731500782,-97.43661898745938,6.272474304878189,54.2,95.79353706332518,-70.41232103522262
2270,0,2270,38680000000.0,35.18171719183588,-97.43661962700601,6.283417658328722,54.02083156756838,95.85127990749909,-70.42593646188536
2271,0,2271,38690000000.0,35.181717068663936,-97.43662026655264,6.294361011779255,53.925236891897555,95.909022751673,-70.4395518885481
2272,0,2272,38700000000.0,35.18171694549199,-97.43662090609926,6.305304365229788,53.75790381475691,95.96676559584691,-70.45316731521083
2273,0,2273,38710000000.0,35.18171682232005,-97.43662154564589,6.316247718680322,53.630128315416115,96.02450844002082,-70.46678274187357
2274,0,2274,38720000000.0,35.181716699148105,-97.43662218519253,6.327191072130855,53.43477798266717,96.0822512854778,-70.48039816853631
2275,0,2275,38730000000.0,35.18171656996023,-97.43662283880447,6.33536812890929,53.21126565392086,96.14126404618939,-70.49467859619682
2276,0,2276,38740000000.0,35.18171641594415,-97.43662355046496,6.332128480386937,53.2,96.20551784577387,-70.51170353347146
2277,0,2277,38750000000.0,35.181716261928074,-97.43662426212546,6.328888831864584,53.2,96.26977164664143,-70.5287284707461
2278,0,2278,38760000000.0,35.181716107911996,-97.43662497378595,6.3256491833422315,52.79723168322604,96.33402544622592,-70.54575340802074
2279,0,2279,38770000000.0,35.18171595389592,-97.43662568544644,6.322409534819878,52.51172874157027,96.39827924581041,-70.56277834529538
2280,0,2280,38780000000.0,35.18171579987984,-97.43662639710695,6.319169886297525,52.066245022921414,96.46253304667798,-70.57980328257003
2281,0,2281,38790000000.0,35.18171564586377,-97.43662710876744,6.315930237775172,51.74878864872874,96.52678684626247,-70.59682821905923
2282,0,2282,38800000000.0,35.18171549184769,-97.43662782042793,6.312690589252819,51.459010267069246,96.59104064584697,-70.61385315633387
2283,0,2283,38810000000.0,35.18171533783161,-97.43662853208843,6.309450940730466,51.17472762649719,96.65529444671452,-70.63087809360852
2284,0,2284,38820000000.0,35.181715183815534,-97.43662924374892,6.306211292208113,50.79817681249921,96.71954824629901,-70.64790303088316
2285,0,2285,38830000000.0,35.181715029799456,-97.43662995540942,6.30297164368576,50.487421569470364,96.78380204588352,-70.6649279681578
2286,0,2286,38840000000.0,35.18171487578338,-97.43663066706992,6.299731995163407,50.22141517456801,96.84805584675107,-70.68195290543244
2287,0,2287,38850000000.0,35.1817147217673,-97.43663137873041,6.296492346641054,49.83016075040518,96.91230964633556,-70.69897784270708
2288,0,2288,38860000000.0,35.18171456775122,-97.4366320903909,6.2932526981187005,49.26176810550489,96.97656344592006,-70.71600277998172
2289,0,2289,38870000000.0,35.18171441373515,-97.4366328020514,6.2900130495963475,48.69890121169175,97.04081724678761,-70.73302771647093
2290,0,2290,38880000000.0,35.18171425971907,-97.4366335137119,6.286773401073995,48.2126786792709,97.10507104637212,-70.75005265374557
2291,0,2291,38890000000.0,35.181714105702994,-97.43663422537239,6.283533752551642,47.87186683940917,97.1693248459566,-70.76707759102021
2292,0,2292,38900000000.0,35.181713951686916,-97.43663493703289,6.280294104029289,47.56482201290095,97.23357864682416,-70.78410252829485
2293,0,2293,38910000000.0,35.18171379767084,-97.43663564869338,6.277054455506936,46.89575855302721,97.29783244640866,-70.8011274655695
2294,0,2294,38920000000.0,35.18171364963229,-97.43663633924663,6.274784138383087,46.4,97.36018053335,-70.81749164633138
2295,0,2295,38930000000.0,35.18171351195541,-97.43663699321182,6.274194094601887,46.4,97.41922518830776,-70.83271044919968
2296,0,2296,38940000000.0,35.18171337427853,-97.43663764717701,6.273604050820688,46.10451107724354,97.47826984326551,-70.84792925128255
2297,0,2297,38950000000.0,35.181713236601645,-97.4366383011422,6.273014007039488,45.760723593878524,97.53731449822327,-70.86314805415086
2298,0,2298,38960000000.0,35.18171309892476,-97.43663895510738,6.272423963258289,45.48015426765757,97.59635915318103,-70.87836685701916
2299,0,2299,38970000000.0,35.18171296124788,-97.43663960907259,6.271833919477089,45.13606428224249,97.65540380942183,-70.89358565910203
2300,0,2300,38980000000.0,35.181712823571,-97.43664026303777,6.27124387569589,44.89035027905696,97.71444846437957,-70.90880446197033
2301,0,2301,38990000000.0,35.18171268589411,-97.43664091700296,6.27065383191469,44.6767727657407,97.77349311933732,-70.92402326483864
2302,0,2302,39000000000.0,35.181712548217234,-97.43664157096815,6.270063788133491,44.413866240669506,97.83253777429508,-70.93924206692151
2303,0,2303,39010000000.0,35.18171241054035,-97.43664222493334,6.269473744352291,44.11978278814485,97.89158242925284,-70.95446086978981
2304,0,2304,39020000000.0,35.181712272863464,-97.43664287889852,6.2688837005710925,43.889575813363756,97.95062708421058,-70.96967967265812
2305,0,2305,39030000000.0,35.18171213518659,-97.43664353286373,6.268293656789893,43.60174080951922,98.0096717404514,-70.98489847474099
2306,0,2306,39040000000.0,35.1817119975097,-97.43664418682891,6.267703613008694,43.3941974303777,98.06871639540913,-71.00011727760929
2307,0,2307,39050000000.0,35.18171185983282,-97.4366448407941,6.267113569227494,43.207634197478235,98.12776105036689,-71.0153360804776
2308,0,2308,39060000000.0,35.18171172215594,-97.43664549475929,6.266523525446295,42.81974411341769,98.18680570532464,-71.03055488256047
2309,0,2309,39070000000.0,35.181711584479054,-97.43664614872448,6.265933481665095,42.4,98.24585036028239,-71.04577368542877
2310,0,2310,39080000000.0,35.181711446802176,-97.43664680268968,6.265343437883896,42.4,98.3048950165232,-71.06099248751164
2311,0,2311,39090000000.0,35.18171130912529,-97.43664745665487,6.264753394102696,42.4,98.36393967148095,-71.07621129037994
2312,0,2312,39100000000.0,35.181711171448406,-97.43664811062006,6.264163350321497,42.36363354275439,98.42298432643871,-71.09143009324825
2313,0,2313,39110000000.0,35.18171103377153,-97.43664876458524,6.263573306540297,42.209578441916875,98.48202898139645,-71.10664889533112
2314,0,2314,39120000000.0,35.18171089506367,-97.4366494188991,6.263095905868899,42.055989681569606,98.54110511617276,-71.12198166230783
2315,0,2315,39130000000.0,35.181710721041455,-97.43665008515556,6.266476908858352,41.88719767462508,98.6012595158879,-71.14121807759489
2316,0,2316,39140000000.0,35.18171054701924,-97.43665075141203,6.269857911847805,41.713821415902,98.66141391560308,-71.16045449288194
2317,0,2317,39150000000.0,35.18171037299703,-97.4366514176685,6.2732389148372585,41.5423724850906,98.72156831531824,-71.179690908169
2318,0,2318,39160000000.0,35.18171019897482,-97.43665208392498,6.276619917826711,41.312810782064396,98.78172271631644,-71.19892732345605
2319,0,2319,39170000000.0,35.18171002495261,-97.43665275018145,6.280000920816164,41.09735636435495,98.8418771160316,-71.2181637387431
2320,0,2320,39180000000.0,35.18170985093039,-97.43665341643792,6.283381923805617,40.89898112793702,98.90203151574676,-71.23740015481559
2321,0,2321,39190000000.0,35.18170967690818,-97.43665408269439,6.28676292679507,40.693453265533165,98.96218591546192,-71.25663657010264
2322,0,2322,39200000000.0,35.181709502885965,-97.43665474895086,6.290143929784524,40.46799124681123,99.02234031517706,-71.2758729853897
2323,0,2323,39210000000.0,35.181709328863754,-97.43665541520734,6.293524932773976,40.218216118090204,99.08249471617529,-71.29510940067675
2324,0,2324,39220000000.0,35.18170915484154,-97.43665608146381,6.296905935763429,39.966338163429775,99.14264911589045,-71.3143458159638
2325,0,2325,39230000000.0,35.18170898081933,-97.43665674772028,6.300286938752882,39.48900277668531,99.2028035156056,-71.33358223125086
2326,0,2326,39240000000.0,35.18170880679712,-97.43665741397675,6.303667941742336,39.1,99.26295791532077,-71.35281864653791
2327,0,2327,39250000000.0,35.18170863277491,-97.43665808023322,6.307048944731789,39.1,99.32311231503591,-71.37205506182497
2328,0,2328,39260000000.0,35.18170845875269,-97.4366587464897,6.310429947721241,38.87926048274517,99.38326671603413,-71.39129147789745
2329,0,2329,39270000000.0,35.181708284730476,-97.43665941274617,6.313810950710694,38.426440359677954,99.44342111574929,-71.41052789318451
2330,0,2330,39280000000.0,35.181708110708264,-97.43666007900264,6.3171919537001475,38.190034287326334,99.50357551546445,-71.42976430847156
2331,0,2331,39290000000.0,35.18170793668605,-97.4366607452591,6.320572956689601,37.90758386880198,99.56372991517961,-71.44900072375862
2332,0,2332,39300000000.0,35.18170776266384,-97.43666141151557,6.323953959679054,37.54555310065173,99.62388431489477,-71.46823713904567
2333,0,2333,39310000000.0,35.18170758864163,-97.43666207777206,6.327334962668507,37.1,99.68403871589298,-71.48747355433272
2334,0,2334,39320000000.0,35.18170741461942,-97.43666274402852,6.3307159656579595,37.01161483582854,99.74419311560813,-71.50670996961978
2335,0,2335,39330000000.0,35.18170724153505,-97.43666339763925,6.330366140187695,36.776400418429965,99.80320576725983,-71.52584271548108
2336,0,2336,39340000000.0,35.181707068536696,-97.43666405009019,6.329674146769521,36.57722271688861,99.86211370473048,-71.54496595366453
2337,0,2337,39350000000.0,35.18170689553834,-97.43666470254112,6.328982153351347,36.0,99.92102164220115,-71.56408919184798
2338,0,2338,39360000000.0,35.181706722539985,-97.43666535499206,6.328290159933173,35.79979316710524,99.9799295796718,-71.58321243003144
2339,0,2339,39370000000.0,35.18170654954163,-97.436666007443,6.327598166514999,34.9,100.03883751714245,-71.60233566821489
2340,0,2340,39380000000.0,35.181706376543275,-97.43666665989393,6.326906173096826,34.9,100.09774545461312,-71.62145890639835
2341,0,2341,39390000000.0,35.18170620354492,-97.43666731234487,6.326214179678652,34.7857108373267,100.15665339208378,-71.6405821445818
2342,0,2342,39400000000.0,35.181706030546565,-97.43666796479582,6.325522186260478,34.19964021966945,100.21556133083749,-71.65970538276525
2343,0,2343,39410000000.0,35.18170585754821,-97.43666861724675,6.324830192842304,34.0,100.27446926830817,-71.6788286209487
2344,0,2344,39420000000.0,35.181705684549854,-97.43666926969769,6.32413819942413,33.88548837677695,100.33337720577882,-71.69795185913216
2345,0,2345,39430000000.0,35.181705511551506,-97.43666992214862,6.323446206005957,33.47712286634063,100.39228514324948,-71.71707509653018
2346,0,2346,39440000000.0,35.18170533855315,-97.43667057459956,6.322754212587783,32.93623058128081,100.45119308072013,-71.73619833471363
2347,0,2347,39450000000.0,35.181705165554796,-97.4366712270505,6.3220622191696085,32.2855956618713,100.5101010181908,-71.75532157289709
2348,0,2348,39460000000.0,35.18170499255644,-97.43667187950143,6.321370225751435,32.0,100.56900895566146,-71.77444481108054
2349,0,2349,39470000000.0,35.181704819558085,-97.43667253195237,6.320678232333261,31.900060713977016,100.62791689313211,-71.793568049264
2350,0,2350,39480000000.0,35.18170464655973,-97.43667318440332,6.319986238915088,31.4877647806278,100.68682483188583,-71.81269128744745
2351,0,2351,39490000000.0,35.181704473561375,-97.43667383685425,6.319294245496914,30.921266324898646,100.7457327693565,-71.8318145256309
2352,0,2352,39500000000.0,35.18170430056302,-97.43667448930519,6.3186022520787395,30.3,100.80464070682714,-71.85093776381436
2353,0,2353,39510000000.0,35.181704127564664,-97.43667514175613,6.317910258660566,30.1609120188361,100.86354864429781,-71.87006100199781
2354,0,2354,39520000000.0,35.18170395456631,-97.43667579420706,6.317218265242392,29.4,100.92245658176847,-71.88918424018127
2355,0,2355,39530000000.0,35.181703772803075,-97.43667646065913,6.321159683183634,29.283611121004412,100.98262864148862,-71.90927634804524
2356,0,2356,39540000000.0,35.18170358700152,-97.43667713356209,6.32723589636224,28.741690082708935,101.04338313366502,-71.92981485179104
2357,0,2357,39550000000.0,35.18170340119996,-97.43667780646503,6.333312109540846,28.008389834796418,101.10413762455836,-71.95035335632227
2358,0,2358,39560000000.0,35.1817032153984,-97.43667847936797,6.3393883227194525,27.5,101.1648921154517,-71.9708918608535
2359,0,2359,39570000000.0,35.18170302959684,-97.43667915227093,6.345464535898059,27.29313960305877,101.22564660762811,-71.99143036538473
2360,0,2360,39580000000.0,35.18170284379528,-97.43667982517387,6.3515407490766655,26.60010721211088,101.28640109852145,-72.01196886991596
2361,0,2361,39590000000.0,35.18170265799372,-97.43668049807681,6.357616962255272,26.44488085818259,101.34715558941478,-72.03250737444719
2362,0,2362,39600000000.0,35.18170247219216,-97.43668117097977,6.363693175433879,25.7,101.40791008159118,-72.05304587897842
2363,0,2363,39610000000.0,35.181702286390596,-97.43668184388271,6.369769388612484,25.6386804564644,101.46866457248453,-72.07358438350965
2364,0,2364,39620000000.0,35.181702100589035,-97.43668251678565,6.375845601791091,25.16715742795129,101.52941906337787,-72.09412288804089
2365,0,2365,39630000000.0,35.181701914787475,-97.43668318968861,6.381921814969697,24.753328598387906,101.59017355555427,-72.11466139257212
2366,0,2366,39640000000.0,35.18170172898592,-97.43668386259155,6.387998028148304,24.188099671507835,101.6509280464476,-72.13519989631791
2367,0,2367,39650000000.0,35.18170154318436,-97.43668453549449,6.39407424132691,23.7644366745696,101.71168253734095,-72.15573840084915
2368,0,2368,39660000000.0,35.1817013573828,-97.43668520839745,6.400150454505516,23.1,101.77243702951735,-72.17627690538038
2369,0,2369,39670000000.0,35.18170117158124,-97.43668588130039,6.406226667684122,22.98147153961825,101.83319152041071,-72.19681540991161
2370,0,2370,39680000000.0,35.18170098577968,-97.43668655420335,6.412302880862729,22.239172772965134,101.89394601258711,-72.21735391444284
2371,0,2371,39690000000.0,35.18170079997812,-97.43668722710629,6.418379094041335,21.1,101.95470050348045,-72.23789241897407
2372,0,2372,39700000000.0,35.181700614176556,-97.43668790000923,6.424455307219942,21.1,102.01545499437378,-72.2584309235053
2373,0,2373,39710000000.0,35.181700428374995,-97.43668857291219,6.430531520398548,21.1,102.07620948655018,-72.27896942803653
2374,0,2374,39720000000.0,35.181700242573434,-97.43668924581513,6.436607733577154,20.96606861516782,102.13696397744353,-72.29950793256776
2375,0,2375,39730000000.0,35.18170003078425,-97.43668995717383,6.440476328086107,20.557680554895956,102.20119052873348,-72.32291910911087
2376,0,2376,39740000000.0,35.18169981127044,-97.43669067996319,6.443688725266509,20.342126462363574,102.26644912281175,-72.34718416544936
2377,0,2377,39750000000.0,35.18169959175663,-97.43669140275256,6.446901122446911,20.07599686382842,102.33170771689002,-72.37144922178786
2378,0,2378,39760000000.0,35.181699372242825,-97.43669212554192,6.450113519627313,19.843420588458347,102.3969663109683,-72.39571427812635
2379,0,2379,39770000000.0,35.18169915272902,-97.43669284833129,6.453325916807715,19.47604123958834,102.46222490504657,-72.41997933446484
2380,0,2380,39780000000.0,35.181698933215216,-97.43669357112066,6.4565383139881165,19.128929229996334,102.52748349912483,-72.4442443900179
2381,0,2381,39790000000.0,35.18169871370141,-97.43669429391002,6.459750711168518,18.849786147938183,102.5927420932031,-72.46850944635639
2382,0,2382,39800000000.0,35.1816984941876,-97.43669501669939,6.46296310834892,18.590599017097603,102.65800068728137,-72.49277450269489
2383,0,2383,39810000000.0,35.18169827467379,-97.43669573948874,6.466175505529322,18.424686082688492,102.72325928007658,-72.51703955903338
2384,0,2384,39820000000.0,35.181698055159984,-97.4366964622781,6.469387902709724,18.294067265707994,102.78851787415485,-72.54130461537187
2385,0,2385,39830000000.0,35.181697835646176,-97.43669718506747,6.472600299890126,18.223606736393,102.85377646823312,-72.56556967171036
2386,0,2386,39840000000.0,35.18169761613237,-97.43669790785684,6.475812697070529,18.112193491334363,102.9190350623114,-72.58983472804886
2387,0,2387,39850000000.0,35.18169739661856,-97.4366986306462,6.479025094250931,18.022749450786637,102.98429365638967,-72.61409978438735
2388,0,2388,39860000000.0,35.18169717710475,-97.43669935343557,6.4822374914313325,17.919037226398757,103.04955225046794,-72.63836484072584
2389,0,2389,39870000000.0,35.18169695759095,-97.43670007622494,6.485449888611734,17.9,103.11481084454621,-72.6626298962789
2390,0,2390,39880000000.0,35.18169673807714,-97.4367007990143,6.488662285792136,17.9,103.18006943862447,-72.6868949526174
2391,0,2391,39890000000.0,35.181696518563335,-97.43670152180367,6.491874682972538,17.985607717987882,103.24532803270273,-72.71116000895589
2392,0,2392,39900000000.0,35.18169629904953,-97.43670224459304,6.49508708015294,18.0,103.310586626781,-72.73542506529438
2393,0,2393,39910000000.0,35.181696083474584,-97.4367029557733,6.498037182199427,18.0,103.37479706799957,-72.75925471946991
2394,0,2394,39920000000.0,35.18169590621169,-97.43670355403557,6.498436023711961,17.9,103.42881246557414,-72.77884936018097
2395,0,2395,39930000000.0,35.18169572894879,-97.43670415229784,6.498834865224495,17.9,103.48282786186566,-72.79844400089203
2396,0,2396,39940000000.0,35.1816955516859,-97.43670475056011,6.49923370673703,17.812910352538598,103.53684325944022,-72.81803864081766
2397,0,2397,39950000000.0,35.181695374423,-97.43670534882237,6.499632548249564,17.8,103.59085865573174,-72.83763328152872
2398,0,2398,39960000000.0,35.18169519716011,-97.43670594708465,6.500031389762098,17.8,103.6448740533063,-72.85722792145435
2399,0,2399,39970000000.0,35.18169501989721,-97.43670654534691,6.500430231274633,17.8,103.6988894495978,-72.87682256216542
2400,0,2400,39980000000.0,35.18169484263432,-97.43670714360918,6.500829072787167,17.60204502078612,103.75290484717237,-72.89641720209104
2401,0,2401,39990000000.0,35.181694665371424,-97.43670774187144,6.501227914299701,17.337088040222433,103.80692024346389,-72.9160118428021
2402,0,2402,40000000000.0,35.181694488108526,-97.43670834013372,6.501626755812236,17.07208005804717,103.86093564103847,-72.93560648351317
2403,0,2403,40010000000.0,35.181694310845636,-97.43670893839598,6.50202559732477,16.923704390435635,103.91495103732997,-72.9552011234388
2404,0,2404,40020000000.0,35.18169413358274,-97.43670953665826,6.502424438837304,15.256103140598148,103.96896643490454,-72.97479576414986
2405,0,2405,40030000000.0,35.18169395631985,-97.43671013492052,6.502823280349838,15.2,104.02298183119606,-72.99439040407549
2406,0,2406,40040000000.0,35.18169377905695,-97.43671073318279,6.503222121862373,15.2,104.07699722877064,-73.01398504478655
2407,0,2407,40050000000.0,35.18169360179406,-97.43671133144505,6.503620963374907,15.2,104.13101262506214,-73.03357968471218
2408,0,2408,40060000000.0,35.18169342453116,-97.43671192970733,6.504019804887441,15.2,104.1850280226367,-73.05317432542324
2409,0,2409,40070000000.0,35.181693247268264,-97.43671252796959,6.504418646399976,15.2,104.23904341892822,-73.0727689661343
2410,0,2410,40080000000.0,35.18169307000537,-97.43671312623187,6.50481748791251,14.731002223090949,104.29305881650279,-73.09236360605993
2411,0,2411,40090000000.0,35.181692892742475,-97.43671372449413,6.505216329425044,14.51590737462147,104.3470742127943,-73.111958246771
2412,0,2412,40100000000.0,35.181692715479585,-97.4367143227564,6.5056151709375785,14.579225293440246,104.40108961036887,-73.13155288669662
2413,0,2413,40110000000.0,35.18169253821669,-97.43671492101868,6.5060140124501125,14.6,104.45510500794344,-73.15114752740769
2414,0,2414,40120000000.0,35.1816923609538,-97.43671551928094,6.5064128539626465,14.409887420544607,104.50912040423496,-73.17074216733332
2415,0,2415,40130000000.0,35.1816921836909,-97.43671611754321,6.5068116954751805,14.122546344269237,104.56313580180952,-73.19033680804438
2416,0,2416,40140000000.0,35.18169198347255,-97.4367167950565,6.5122011035258325,14.00275796190839,104.62430654738615,-73.21246894468771
2417,0,2417,40150000000.0,35.1816917627228,-97.43671754345198,6.522054080048392,13.921084473887714,104.69187704448692,-73.23687062176205
2418,0,2418,40160000000.0,35.18169154197305,-97.43671829184746,6.531907056570951,13.9,104.75944754158769,-73.26127229883639
2419,0,2419,40170000000.0,35.181691321223305,-97.43671904024295,6.541760033093509,13.904125699949635,104.82701803997153,-73.28567397591073
2420,0,2420,40180000000.0,35.18169110047356,-97.43671978863843,6.5516130096160685,13.99986003640011,104.89458853707231,-73.31007565298506
2421,0,2421,40190000000.0,35.18169087972381,-97.43672053703392,6.561465986138628,14.17604430541264,104.96215903545612,-73.3344773300594
2422,0,2422,40200000000.0,35.18169065897406,-97.4367212854294,6.571318962661187,14.2,105.0297295325569,-73.35887900713374
2423,0,2423,40210000000.0,35.181690438224315,-97.43672203382488,6.581171939183746,14.2,105.09730002965767,-73.38328068420807
2424,0,2424,40220000000.0,35.18169021747457,-97.43672278222037,6.591024915706305,14.2,105.1648705280415,-73.40768236128241
2425,0,2425,40230000000.0,35.18168999672482,-97.43672353061585,6.600877892228865,14.110825395262856,105.23244102514226,-73.43208403835675
2426,0,2426,40240000000.0,35.18168977597507,-97.43672427901133,6.610730868751423,14.003924722508895,105.30001152224304,-73.45648571543109
2427,0,2427,40250000000.0,35.181689555225326,-97.43672502740682,6.620583845273982,14.080723198261474,105.36758202062687,-73.48088739250542
2428,0,2428,40260000000.0,35.18168933447558,-97.4367257758023,6.6304368217965415,14.249008596291345,105.43515251772764,-73.50528906957976
2429,0,2429,40270000000.0,35.18168911372583,-97.4367265241978,6.640289798319101,14.299168281014287,105.50272301611147,-73.5296907466541
2430,0,2430,40280000000.0,35.181688892976084,-97.43672727259327,6.65014277484166,14.2006723920357,105.57029351321225,-73.55409242372843
2431,0,2431,40290000000.0,35.181688672226336,-97.43672802098875,6.659995751364219,14.112138514881739,105.63786401031302,-73.57849410080277
2432,0,2432,40300000000.0,35.18168845147659,-97.43672876938425,6.669848727886778,14.007799478602433,105.70543450869684,-73.60289577787711
2433,0,2433,40310000000.0,35.18168823072684,-97.43672951777972,6.679701704409337,13.900936006466095,105.77300500579761,-73.62729745495145
2434,0,2434,40320000000.0,35.181688009977094,-97.43673026617522,6.689554680931896,13.8,105.84057550418144,-73.65169913202578
2435,0,2435,40330000000.0,35.18168781903687,-97.43673094961125,6.691438424919669,13.8,105.9022809973781,-73.6728056647388
2436,0,2436,40340000000.0,35.18168762950769,-97.43673162997237,6.6929449388453275,13.8,105.96370886641748,-73.69375621969652
2437,0,2437,40350000000.0,35.181687439978525,-97.43673231033351,6.694451452770986,13.742518547898726,106.0251367367399,-73.71470677386881
2438,0,2438,40360000000.0,35.18168725044935,-97.43673299069464,6.695957966696644,13.566826760304517,106.08656460577927,-73.73565732882653
2439,0,2439,40370000000.0,35.18168706092018,-97.43673367105576,6.697464480622302,13.360514833637222,106.14799247481862,-73.75660788299882
2440,0,2440,40380000000.0,35.18168687139101,-97.43673435141689,6.6989709945479605,13.237784156099597,106.209420343858,-73.77755843795654
2441,0,2441,40390000000.0,35.18168668186184,-97.43673503177801,6.700477508473619,13.124456578181823,106.27084821289738,-73.79850899212883
2442,0,2442,40400000000.0,35.181686492332666,-97.43673571213914,6.701984022399277,13.1,106.33227608193674,-73.81945954708655
2443,0,2443,40410000000.0,35.18168630280349,-97.43673639250028,6.703490536324935,13.002003685713024,106.39370395225917,-73.84041010204427
2444,0,2444,40420000000.0,35.181686113274324,-97.4367370728614,6.704997050250594,12.9,106.45513182129852,-73.86136065621656
2445,0,2445,40430000000.0,35.18168592374515,-97.43673775322253,6.706503564176252,12.9,106.5165596903379,-73.88231121117428
2446,0,2446,40440000000.0,35.18168573421598,-97.43673843358366,6.7080100781019105,12.83543061479528,106.57798755937726,-73.90326176534657
2447,0,2447,40450000000.0,35.18168554468681,-97.43673911394478,6.709516592027568,12.742205051283166,106.63941542841664,-73.92421232030429
2448,0,2448,40460000000.0,35.18168535515764,-97.43673979430591,6.711023105953227,12.646292392902387,106.70084329745599,-73.94516287447658
2449,0,2449,40470000000.0,35.181685165628465,-97.43674047466705,6.712529619878885,12.539811894829175,106.76227116777842,-73.9661134294343
2450,0,2450,40480000000.0,35.18168497609929,-97.43674115502817,6.714036133804544,12.5,106.82369903681779,-73.98706398439202
2451,0,2451,40490000000.0,35.18168478657012,-97.4367418353893,6.715542647730201,12.431704925858805,106.88512690585716,-74.00801453856431
2452,0,2452,40500000000.0,35.18168459704095,-97.43674251575042,6.71704916165586,12.286067949615928,106.94655477489653,-74.02896509352203
2453,0,2453,40510000000.0,35.18168440751178,-97.43674319611155,6.718555675581518,12.067201110928016,107.00798264393589,-74.04991564769432
2454,0,2454,40520000000.0,35.18168421798261,-97.43674387647268,6.720062189507177,11.879889789581963,107.06941051297527,-74.07086620265204
2455,0,2455,40530000000.0,35.18168401836209,-97.43674457339205,6.724759140719754,11.607137469750406,107.1323333789342,-74.09293225445452
2456,0,2456,40540000000.0,35.18168380210062,-97.43674529761651,6.734717226983789,11.433353112671185,107.19772154386865,-74.11683779725735
2457,0,2457,40550000000.0,35.18168358583915,-97.43674602184096,6.744675313247823,11.23342589908179,107.26310970752004,-74.14074334006017
2458,0,2458,40560000000.0,35.181683369577684,-97.43674674606542,6.7546333995118575,10.895304768534633,107.3284978724545,-74.16464888286299
2459,0,2459,40570000000.0,35.181683153316214,-97.43674747028987,6.764591485775892,10.522065883742929,107.3938860361059,-74.18855442566581
2460,0,2460,40580000000.0,35.181682937054745,-97.43674819451434,6.774549572039927,9.999803561264356,107.45927420104034,-74.21245996846864
2461,0,2461,40590000000.0,35.181682720793276,-97.43674891873879,6.784507658303961,9.8,107.52466236469175,-74.23636551127146
2462,0,2462,40600000000.0,35.18168250453181,-97.43674964296324,6.7944657445679955,9.8,107.59005052834313,-74.26027105407428
2463,0,2463,40610000000.0,35.18168228827034,-97.4367503671877,6.804423830832031,9.75348293313501,107.65543869327759,-74.2841765968771
2464,0,2464,40620000000.0,35.18168207200887,-97.43675109141215,6.814381917096065,9.505557980792608,107.720826856929,-74.30808213967993
2465,0,2465,40630000000.0,35.1816818557474,-97.43675181563661,6.824340003360099,9.182371346807033,107.78621502186344,-74.33198768248275
2466,0,2466,40640000000.0,35.18168163948593,-97.43675253986106,6.834298089624134,8.848132795765252,107.85160318551483,-74.35589322528557
2467,0,2467,40650000000.0,35.18168142322446,-97.43675326408552,6.844256175888169,8.600783240129013,107.9169913504493,-74.37979876808839
2468,0,2468,40660000000.0,35.18168120696299,-97.43675398830997,6.854214262152203,8.5,107.98237951410069,-74.40370431089121
2469,0,2469,40670000000.0,35.18168099070152,-97.43675471253442,6.864172348416238,8.5,108.04776767775208,-74.42760985369404
2470,0,2470,40680000000.0,35.18168077444005,-97.43675543675889,6.874130434680272,8.4304978635739,108.11315584268652,-74.45151539649686
2471,0,2471,40690000000.0,35.181680558178584,-97.43675616098334,6.884088520944307,8.334941567328777,108.17854400633793,-74.47542093929968
2472,0,2472,40700000000.0,35.181680341917115,-97.4367568852078,6.894046607208342,8.349795152605491,108.24393217127239,-74.4993264821025
2473,0,2473,40710000000.0,35.181680125655646,-97.43675760943225,6.904004693472376,8.34658686120602,108.30932033492377,-74.52323202490533
2474,0,2474,40720000000.0,35.18167990939418,-97.43675833365671,6.91396277973641,8.234070903784989,108.37470849985823,-74.54713756770815
2475,0,2475,40730000000.0,35.181679685754744,-97.4367590626045,6.923619481939489,8.2,108.440523119784,-74.57185867055529
2476,0,2476,40740000000.0,35.181679454562904,-97.43675979638729,6.932967673831814,8.2,108.50677427953393,-74.5974146166354
2477,0,2477,40750000000.0,35.18167922337106,-97.4367605301701,6.942315865724139,8.256566548226848,108.57302544056691,-74.62297056271552
2478,0,2478,40760000000.0,35.181678992179215,-97.4367612639529,6.9516640576164646,8.3,108.63927660031683,-74.64852650958107
2479,0,2479,40770000000.0,35.181678760987374,-97.43676199773572,6.96101224950879,8.3,108.70552776134981,-74.67408245566119
2480,0,2480,40780000000.0,35.18167852979553,-97.43676273151851,6.970360441401115,8.233414886584669,108.77177892109975,-74.69963840174131
2481,0,2481,40790000000.0,35.18167829860369,-97.43676346530133,6.97970863329344,8.2,108.83803008213273,-74.72519434782143
2482,0,2482,40800000000.0,35.18167806741185,-97.43676419908412,6.989056825185766,8.236717393463442,108.90428124188267,-74.75075029390155
2483,0,2483,40810000000.0,35.181677836220004,-97.43676493286694,6.998405017078091,8.295485646148123,108.97053240291565,-74.7763062407671
2484,0,2484,40820000000.0,35.18167760502816,-97.43676566664973,7.007753208970416,8.3,109.03678356266558,-74.80186218684722
2485,0,2485,40830000000.0,35.18167737383632,-97.43676640043255,7.0171014008627415,8.3,109.10303472369856,-74.82741813292733
2486,0,2486,40840000000.0,35.18167714264448,-97.43676713421534,7.026449592755067,8.3,109.16928588344848,-74.85297407900745
2487,0,2487,40850000000.0,35.18167691145264,-97.43676786799814,7.035797784647392,8.3,109.23553704319842,-74.87853002508757
2488,0,2488,40860000000.0,35.18167668026079,-97.43676860178095,7.045145976539717,8.3,109.3017882042314,-74.90408597195312
2489,0,2489,40870000000.0,35.18167644906895,-97.43676933556375,7.054494168432043,8.271820101838852,109.36803936398132,-74.92964191803324
2490,0,2490,40880000000.0,35.18167621787711,-97.43677006934657,7.063842360324368,8.2,109.4342905250143,-74.95519786411336
2491,0,2491,40890000000.0,35.18167598668527,-97.43677080312936,7.073190552216693,8.2,109.50054168476424,-74.98075381019348
2492,0,2492,40900000000.0,35.18167575549342,-97.43677153691218,7.082538744109018,8.2,109.56679284579724,-75.00630975705903
2493,0,2493,40910000000.0,35.18167552430158,-97.43677227069497,7.091886936001344,8.2,109.63304400554715,-75.03186570313915
2494,0,2494,40920000000.0,35.18167529310974,-97.43677300447779,7.101235127893669,8.2,109.69929516658014,-75.05742164921926
2495,0,2495,40930000000.0,35.18167505860499,-97.43677374570166,7.103647525995502,8.2,109.76621815967471,-75.08334380465939
2496,0,2496,40940000000.0,35.181674821866324,-97.43677449194311,7.101383069183417,8.187880973945932,109.83359417603462,-75.10951289660312
2497,0,2497,40950000000.0,35.18167458512766,-97.43677523818455,7.099118612371333,8.10503736371087,109.90097019111147,-75.13568198854685
2498,0,2498,40960000000.0,35.18167434838899,-97.436775984426,7.096854155559249,8.003167529747659,109.96834620747138,-75.16185108127601
2499,0,2499,40970000000.0,35.181674111650324,-97.43677673066746,7.094589698747165,7.98016263017398,110.0357222238313,-75.18802017321974
2500,0,2500,40980000000.0,35.18167387491166,-97.43677747690892,7.092325241935081,7.870520846750108,110.10309824019122,-75.21418926516347
2501,0,2501,40990000000.0,35.18167363817299,-97.43677822315036,7.090060785122996,7.560154803599665,110.17047425526806,-75.24035835789263
2502,0,2502,41000000000.0,35.181673401434324,-97.43677896939181,7.087796328310913,7.319370250474526,110.23785027162798,-75.26652744983636
2503,0,2503,41010000000.0,35.18167316469565,-97.43677971563326,7.085531871498828,7.100474306081986,110.30522628798789,-75.29269654256552
2504,0,2504,41020000000.0,35.18167292795699,-97.4367804618747,7.083267414686744,7.0,110.37260230306474,-75.31886563450925
2505,0,2505,41030000000.0,35.181672691218324,-97.43678120811616,7.08100295787466,6.63433395238403,110.43997831942464,-75.34503472645298
2506,0,2506,41040000000.0,35.18167245447965,-97.43678195435761,7.078738501062576,6.594963741636054,110.50735433578454,-75.37120381918214
2507,0,2507,41050000000.0,35.18167221774099,-97.43678270059905,7.076474044250491,6.3533621161403175,110.5747303508614,-75.39737291112587
2508,0,2508,41060000000.0,35.181671981002324,-97.43678344684051,7.074209587438408,6.222103053723604,110.64210636722129,-75.4235420030696
2509,0,2509,41070000000.0,35.18167174426365,-97.43678419308196,7.0719451306263235,6.156862911925936,110.7094823835812,-75.44971109579876
2510,0,2510,41080000000.0,35.18167150752499,-97.4367849393234,7.069680673814239,5.824510461458083,110.77685839865805,-75.47588018774249
2511,0,2511,41090000000.0,35.18167127078632,-97.43678568556486,7.0674162170021555,5.8,110.84423441501797,-75.50204928047165
2512,0,2512,41100000000.0,35.18167103404765,-97.43678643180631,7.065151760190071,5.8,110.91161043137788,-75.52821837241538
2513,0,2513,41110000000.0,35.18167079730899,-97.43678717804775,7.062887303377987,5.737204257848382,110.97898644645473,-75.55438746435911
2514,0,2514,41120000000.0,35.18167056017219,-97.4367879237204,7.061516913997816,5.61834434521156,111.04631110715059,-75.58060056573737
2515,0,2515,41130000000.0,35.18167032104317,-97.43678866654673,7.064620503459805,5.6,111.11337878167087,-75.60703388786919
2516,0,2516,41140000000.0,35.18167008191415,-97.43678940937306,7.067724092921794,5.6,111.18044645619118,-75.63346721000102
2517,0,2517,41150000000.0,35.181669842785126,-97.43679015219939,7.070827682383783,5.6,111.24751413071144,-75.65990053213284
2518,0,2518,41160000000.0,35.181669603656104,-97.43679089502572,7.073931271845772,5.6,111.31458180523174,-75.68633385426466
2519,0,2519,41170000000.0,35.181669364527075,-97.43679163785205,7.0770348613077605,5.6,111.38164947975203,-75.71276717718192
2520,0,2520,41180000000.0,35.18166912539805,-97.43679238067838,7.080138450769749,5.6,111.44871715427232,-75.73920049931374
2521,0,2521,41190000000.0,35.18166888626903,-97.43679312350471,7.083242040231738,5.6,111.51578482879259,-75.76563382144556
2522,0,2522,41200000000.0,35.18166864714001,-97.43679386633104,7.086345629693727,5.6,111.58285250331288,-75.79206714357738
2523,0,2523,41210000000.0,35.18166840801098,-97.43679460915737,7.089449219155716,5.6,111.64992017783317,-75.81850046649464
2524,0,2524,41220000000.0,35.181668168881956,-97.4367953519837,7.092552808617706,5.6,111.71698785235345,-75.84493378862646
2525,0,2525,41230000000.0,35.18166792975293,-97.43679609481003,7.0956563980796945,5.6,111.78405552687373,-75.87136711075829
2526,0,2526,41240000000.0,35.18166769062391,-97.43679683763636,7.098759987541683,5.655459898704838,111.85112320139402,-75.89780043289011
2527,0,2527,41250000000.0,35.18166745149488,-97.4367975804627,7.101863577003672,5.7,111.91819087591432,-75.92423375580736
2528,0,2528,41260000000.0,35.18166721236586,-97.43679832328903,7.104967166465661,5.7,111.98525855043458,-75.95066707793919
2529,0,2529,41270000000.0,35.18166697323684,-97.43679906611536,7.10807075592765,5.7,112.05232622495487,-75.97710040007101
2530,0,2530,41280000000.0,35.181666734107814,-97.43679980894169,7.111174345389639,5.7,112.11939389947517,-76.00353372220283
2531,0,2531,41290000000.0,35.18166649497879,-97.43680055176802,7.114277934851628,5.7,112.18646157399546,-76.02996704433465
2532,0,2532,41300000000.0,35.18166625584976,-97.43680129459435,7.1173815243136165,5.7,112.25352924851573,-76.05640036725191
2533,0,2533,41310000000.0,35.18166601672074,-97.43680203742068,7.120485113775605,5.7,112.32059692303602,-76.08283368938373
2534,0,2534,41320000000.0,35.181665778819614,-97.43680278158931,7.12442360776789,5.7,112.38778579004628,-76.10913127989093
2535,0,2535,41330000000.0,35.18166554208932,-97.43680352703788,7.1291582135460025,5.7,112.45509021948969,-76.13529944659348
2536,0,2536,41340000000.0,35.18166530535903,-97.43680427248646,7.133892819324114,5.696453899084457,112.52239464893309,-76.16146761251059
2537,0,2537,41350000000.0,35.181665068628746,-97.43680501793501,7.138627425102226,5.61160514580537,112.58969907709343,-76.1876357784277
2538,0,2538,41360000000.0,35.18166483189845,-97.43680576338359,7.143362030880338,5.6,112.65700350653685,-76.21380394513025
2539,0,2539,41370000000.0,35.181664595168165,-97.43680650883216,7.14809663665845,5.6,112.72430793598025,-76.23997211104736
2540,0,2540,41380000000.0,35.18166435843788,-97.43680725428072,7.152831242436561,5.6,112.79161236414059,-76.26614027696448
2541,0,2541,41390000000.0,35.18166412170759,-97.4368079997293,7.157565848214674,5.6,112.85891679358402,-76.29230844288159
2542,0,2542,41400000000.0,35.1816638849773,-97.43680874517786,7.162300453992786,5.6,112.92622122174434,-76.31847660958414
2543,0,2543,41410000000.0,35.18166364824701,-97.43680949062643,7.167035059770898,5.6,112.99352565118775,-76.34464477550125
2544,0,2544,41420000000.0,35.18166341151672,-97.436810236075,7.171769665549009,5.6,113.06083008063118,-76.37081294141836
2545,0,2545,41430000000.0,35.181663174786436,-97.43681098152356,7.176504271327121,5.6,113.12813450879152,-76.39698110733548
2546,0,2546,41440000000.0,35.18166293805614,-97.43681172697214,7.181238877105233,5.6,113.19543893823491,-76.42314927403802
2547,0,2547,41450000000.0,35.181662701325855,-97.43681247242071,7.185973482883345,5.6,113.26274336767833,-76.44931743995514
2548,0,2548,41460000000.0,35.18166246459557,-97.43681321786927,7.190708088661457,5.6,113.33004779583868,-76.47548560587225
2549,0,2549,41470000000.0,35.18166222786528,-97.43681396331785,7.195442694439569,5.6,113.39735222528208,-76.50165377178936
2550,0,2550,41480000000.0,35.18166199113499,-97.4368147087664,7.200177300217681,5.6,113.46465665344245,-76.52782193849191
2551,0,2551,41490000000.0,35.1816617544047,-97.43681545421498,7.204911905995792,5.6,113.53196108288584,-76.55399010440902
2552,0,2552,41500000000.0,35.181661517674414,-97.43681619966355,7.209646511773904,5.6,113.59926551232924,-76.58015827032614
2553,0,2553,41510000000.0,35.18166128094412,-97.43681694511211,7.2143811175520165,5.521709425829437,113.66656994048961,-76.60632643702868
2554,0,2554,41520000000.0,35.181661053731595,-97.43681769199371,7.214803258514543,5.5,113.73400375346277,-76.63144250947042
2555,0,2555,41530000000.0,35.181660831464356,-97.43681843961988,7.212984708357292,5.418568088934415,113.80150479223961,-76.65601193010048
2556,0,2556,41540000000.0,35.18166060919712,-97.43681918724607,7.211166158200043,5.4,113.86900583229952,-76.68058135073053
2557,0,2557,41550000000.0,35.18166038692987,-97.43681993487225,7.209347608042793,5.335759218619931,113.93650687107639,-76.70515077214603
2558,0,2558,41560000000.0,35.18166016466263,-97.43682068249842,7.207529057885543,5.234723215782666,114.00400790985323,-76.72972019277609
2559,0,2559,41570000000.0,35.18165994239539,-97.4368214301246,7.205710507728293,5.2,114.07150894863007,-76.75428961340614
2560,0,2560,41580000000.0,35.181659720128145,-97.43682217775077,7.2038919575710425,5.038091081214524,114.13900998740694,-76.77885903482164
2561,0,2561,41590000000.0,35.181659497860906,-97.43682292537694,7.202073407413793,5.0,114.20651102618378,-76.8034284554517
2562,0,2562,41600000000.0,35.18165927559367,-97.43682367300312,7.200254857256542,5.0,114.27401206496064,-76.82799787608175
2563,0,2563,41610000000.0,35.18165905332642,-97.43682442062929,7.198436307099293,4.9341577419436335,114.3415131037375,-76.85256729749725
2564,0,2564,41620000000.0,35.18165883105918,-97.43682516825547,7.196617756942042,4.848922020756504,114.40901414251434,-76.8771367181273
2565,0,2565,41630000000.0,35.18165860879194,-97.43682591588166,7.194799206784793,4.8,114.47651518257425,-76.90170613875736
2566,0,2566,41640000000.0,35.181658386524695,-97.43682666350783,7.192980656627542,4.742171401179544,114.54401622135111,-76.92627556017285
2567,0,2567,41650000000.0,35.181658164257456,-97.436827411134,7.191162106470292,4.663057124205175,114.61151726012795,-76.95084498080291
2568,0,2568,41660000000.0,35.18165794199022,-97.43682815876018,7.189343556313042,4.595188774670772,114.6790182989048,-76.97541440143297
2569,0,2569,41670000000.0,35.18165771972297,-97.43682890638635,7.187525006155792,4.5,114.74651933768166,-76.99998382284846
2570,0,2570,41680000000.0,35.18165749745573,-97.43682965401253,7.185706455998542,4.364916141856228,114.8140203764585,-77.02455324347852
2571,0,2571,41690000000.0,35.18165727518849,-97.4368304016387,7.183887905841292,4.233961682931558,114.88152141523534,-77.04912266410858
2572,0,2572,41700000000.0,35.18165705292125,-97.43683114926488,7.182069355684042,4.158961897533146,114.94902245401221,-77.07369208473864
2573,0,2573,41710000000.0,35.181656830654006,-97.43683189689105,7.180250805526792,4.093133614340723,115.01652349278905,-77.09826150615413
2574,0,2574,41720000000.0,35.18165659774188,-97.43683263259454,7.180258201857577,3.9398261477250256,115.0829480667569,-77.12400761286005
2575,0,2575,41730000000.0,35.18165636312679,-97.43683336639066,7.18055771047625,3.8339427509138835,115.14920042873179,-77.1499419645184
2576,0,2576,41740000000.0,35.18165612851171,-97.43683410018679,7.180857219094922,3.740662744746682,115.21545279198976,-77.17587631539132
2577,0,2577,41750000000.0,35.181655893896625,-97.4368348339829,7.181156727713595,3.5438925653588527,115.28170515396468,-77.20181066704967
2578,0,2578,41760000000.0,35.18165565928154,-97.43683556777901,7.181456236332267,3.4,115.34795751593958,-77.22774501870802
2579,0,2579,41770000000.0,35.18165542466645,-97.43683630157513,7.18175574495094,3.4,115.4142098779145,-77.25367937036637
2580,0,2580,41780000000.0,35.18165519005137,-97.43683703537124,7.1820552535696125,3.2633004022039045,115.4804622398894,-77.27961372123929
2581,0,2581,41790000000.0,35.18165495543629,-97.43683776916735,7.182354762188285,3.139406175860594,115.54671460186432,-77.30554807289764
2582,0,2582,41800000000.0,35.1816547208212,-97.43683850296348,7.182654270806957,3.059982169441548,115.6129669651223,-77.33148242455599
2583,0,2583,41810000000.0,35.181654486206114,-97.4368392367596,7.182953779425629,3.0,115.6792193270972,-77.35741677621434
2584,0,2584,41820000000.0,35.181654251591034,-97.43683997055571,7.183253288044302,2.9630809638956674,115.74547168907212,-77.38335112708725
2585,0,2585,41830000000.0,35.18165401697595,-97.43684070435182,7.183552796662974,2.9,115.81172405104702,-77.4092854787456
2586,0,2586,41840000000.0,35.18165378236086,-97.43684143814794,7.183852305281647,2.8617032190238243,115.87797641302194,-77.43521983040395
2587,0,2587,41850000000.0,35.18165354774578,-97.43684217194405,7.1841518139003195,2.8,115.94422877499684,-77.46115418127687
2588,0,2588,41860000000.0,35.181653313130695,-97.43684290574018,7.184451322518992,2.7656362672336217,116.0104811382548,-77.48708853293522
2589,0,2589,41870000000.0,35.18165307851561,-97.43684363953629,7.184750831137665,2.7,116.07673350022974,-77.51302288459357
2590,0,2590,41880000000.0,35.18165284390052,-97.4368443733324,7.185050339756337,2.7,116.14298586220463,-77.53895723625192
2591,0,2591,41890000000.0,35.18165260928544,-97.43684510712852,7.18534984837501,2.7,116.20923822417956,-77.56489158712483
2592,0,2592,41900000000.0,35.18165237467036,-97.43684584092463,7.185649356993682,2.670054140349837,116.27549058615445,-77.59082593878318
2593,0,2593,41910000000.0,35.18165214005527,-97.43684657472076,7.185948865612355,2.6072404803385707,116.34174294941245,-77.61676029044153
2594,0,2594,41920000000.0,35.181651897075945,-97.43684728091985,7.185721476787083,2.6,116.40550365455928,-77.64361922508769
2595,0,2595,41930000000.0,35.18165165237462,-97.43684798143737,7.185385612223259,2.6,116.46875138685684,-77.67066850964923
2596,0,2596,41940000000.0,35.18165140767329,-97.43684868195488,7.185049747659435,2.6,116.53199911915442,-77.69771779421077
2597,0,2597,41950000000.0,35.18165116297197,-97.4368493824724,7.184713883095612,2.575570295340569,116.59524685145198,-77.72476707877232
2598,0,2598,41960000000.0,35.18165091827065,-97.43685008298992,7.184378018531788,2.509685327463773,116.65849458374956,-77.75181636254842
2599,0,2599,41970000000.0,35.18165067356932,-97.43685078350744,7.184042153967964,2.470507465296199,116.72174231604711,-77.77886564710997
2600,0,2600,41980000000.0,35.181650428868,-97.43685148402496,7.183706289404141,2.4,116.78499004834468,-77.80591493167151
2601,0,2601,41990000000.0,35.18165018416667,-97.43685218454247,7.183370424840317,2.358051759027443,116.84823778064225,-77.83296421623305
2602,0,2602,42000000000.0,35.181649939465345,-97.43685288505999,7.183034560276493,2.2703619116815505,116.91148551293982,-77.8600135007946
2603,0,2603,42010000000.0,35.18164969476402,-97.43685358557752,7.182698695712669,2.2,116.97473324652044,-77.88706278535614
2604,0,2604,42020000000.0,35.18164945006269,-97.43685428609504,7.182362831148845,2.2,117.03798097881803,-77.91411206991768
2605,0,2605,42030000000.0,35.18164920536137,-97.43685498661256,7.182026966585021,2.174143172401228,117.10122871111558,-77.94116135447922
2606,0,2606,42040000000.0,35.18164896066004,-97.43685568713008,7.181691102021198,2.066752739870579,117.16447644341316,-77.96821063904076
2607,0,2607,42050000000.0,35.181648715958715,-97.4368563876476,7.181355237457375,1.9630056346171554,117.22772417571072,-77.9952599236023
2608,0,2608,42060000000.0,35.18164847125739,-97.43685708816511,7.181019372893551,1.740040141656245,117.2909719080083,-78.02230920816385
2609,0,2609,42070000000.0,35.18164822655607,-97.43685778868263,7.180683508329727,1.5509413516283324,117.35421964030587,-78.04935849193996
2610,0,2610,42080000000.0,35.181647981854745,-97.43685848920015,7.180347643765903,1.457314483244868,117.41746737260344,-78.0764077765015
2611,0,2611,42090000000.0,35.18164773715342,-97.43685918971767,7.180011779202079,1.4,117.48071510490101,-78.10345706106304
2612,0,2612,42100000000.0,35.18164749245209,-97.43685989023518,7.179675914638255,1.4,117.54396283719856,-78.13050634562458
2613,0,2613,42110000000.0,35.18164724775077,-97.4368605907527,7.1793400500744315,1.4,117.60721056949615,-78.15755563018612
2614,0,2614,42120000000.0,35.18164700304944,-97.43686129127022,7.179004185510609,1.3603672719588782,117.6704583017937,-78.18460491474767
2615,0,2615,42130000000.0,35.18164674908526,-97.43686203306464,7.184510284479432,1.2767391825194025,117.73743280836842,-78.21267811534199
2616,0,2616,42140000000.0,35.18164649500419,-97.43686277537992,7.190090104113158,1.1561344559561748,117.80445434157082,-78.24076423711006
2617,0,2617,42150000000.0,35.181646240923115,-97.43686351769522,7.195669923746883,1.1,117.87147587605624,-78.26885035887813
2618,0,2618,42160000000.0,35.18164598684204,-97.43686426001051,7.2012497433806075,1.1,117.93849741054169,-78.2969364806462
2619,0,2619,42170000000.0,35.18164573276097,-97.4368650023258,7.206829563014333,1.1,118.00551894502712,-78.32502260241426
2620,0,2620,42180000000.0,35.1816454786799,-97.43686574464108,7.212409382648058,1.1,118.0725404782295,-78.35310872418233
2621,0,2621,42190000000.0,35.181645224598824,-97.43686648695638,7.2179892022817835,1.0670377409401604,118.13956201271493,-78.3811948459504
2622,0,2622,42200000000.0,35.18164497051775,-97.43686722927167,7.223569021915509,0.9724821959169669,118.20658354720038,-78.40928096771847
2623,0,2623,42210000000.0,35.18164471643668,-97.43686797158696,7.229148841549234,0.9,118.27360508168582,-78.43736708948654
2624,0,2624,42220000000.0,35.18164446235561,-97.43686871390224,7.2347286611829595,0.9,118.3406266148882,-78.46545321125461
2625,0,2625,42230000000.0,35.181644208274534,-97.43686945621754,7.240308480816685,0.9,118.40764814937364,-78.49353933302268
2626,0,2626,42240000000.0,35.18164395419346,-97.43687019853283,7.24588830045041,0.8832231866329384,118.47466968385908,-78.52162545479075
2627,0,2627,42250000000.0,35.18164370011239,-97.43687094084812,7.2514681200841355,0.8029559609853123,118.5416912183445,-78.54971157655882
2628,0,2628,42260000000.0,35.181643446031316,-97.43687168316342,7.257047939717861,0.8,118.60871275282994,-78.57779769832689
2629,0,2629,42270000000.0,35.18164319195024,-97.4368724254787,7.262627759351586,0.7707152898744978,118.67573428603234,-78.60588382009496
2630,0,2630,42280000000.0,35.18164293786917,-97.43687316779399,7.268207578985312,0.6770650136397234,118.74275582051776,-78.63396994186303
2631,0,2631,42290000000.0,35.1816426837881,-97.43687391010928,7.273787398619037,0.5873078384035805,118.80977735500319,-78.6620560636311
2632,0,2632,42300000000.0,35.181642429707026,-97.43687465242458,7.279367218252762,0.5032517841107664,118.87679888948864,-78.69014218539917
2633,0,2633,42310000000.0,35.18164217562595,-97.43687539473986,7.284947037886488,0.48204309798099704,118.943820422691,-78.71822830716724
2634,0,2634,42320000000.0,35.18164192154488,-97.43687613705515,7.290526857520213,0.4,119.01084195717645,-78.7463144289353
2635,0,2635,42330000000.0,35.18164168396803,-97.43687688486732,7.288104252288474,0.4,119.07835978861137,-78.77257617380835
2636,0,2636,42340000000.0,35.18164144792032,-97.43687763318877,7.284940208537905,0.3338486311245778,119.145923602265,-78.79866888779944
2637,0,2637,42350000000.0,35.181641211872616,-97.43687838151023,7.2817761647873365,0.18611253632866695,119.21348741591868,-78.8247616010051
2638,0,2638,42360000000.0,35.181640975824905,-97.4368791298317,7.278612121036767,0.04656125704937182,119.2810512308554,-78.85085431499618
2639,0,2639,42370000000.0,35.181640739777194,-97.43687987815315,7.275448077286199,0.0,119.34861504450906,-78.87694702898727
2640,0,2640,42380000000.0,35.18164050372949,-97.4368806264746,7.272284033535629,0.0,119.41617885816274,-78.90303974219293
2641,0,2641,42390000000.0,35.18164026768178,-97.43688137479607,7.269119989785061,-0.06817825155887905,119.48374267309944,-78.92913245618402
2642,0,2642,42400000000.0,35.18164003163407,-97.43688212311753,7.265955946034492,-0.15300641241713933,119.55130648675309,-78.95522517017511
2643,0,2643,42410000000.0,35.181639795586364,-97.43688287143898,7.262791902283923,-0.48693003182058675,119.61887030040675,-78.98131788338077
2644,0,2644,42420000000.0,35.18163955953865,-97.43688361976044,7.259627858533354,-0.8,119.68643411406043,-79.00741059737186
2645,0,2645,42430000000.0,35.18163932349094,-97.4368843680819,7.256463814782785,-0.8,119.75399792899715,-79.03350331136295
2646,0,2646,42440000000.0,35.18163908744324,-97.43688511640336,7.253299771032216,-0.8,119.82156174265081,-79.0595960245686
2647,0,2647,42450000000.0,35.181638851395526,-97.43688586472481,7.250135727281648,-0.8497192868994509,119.88912555630446,-79.0856887385597
2648,0,2648,42460000000.0,35.181638615347815,-97.43688661304627,7.246971683531078,-0.9974418522746816,119.95668936995813,-79.11178145255079
2649,0,2649,42470000000.0,35.18163837930011,-97.43688736136774,7.24380763978051,-1.1731572461285447,120.02425318489485,-79.13787416575644
2650,0,2650,42480000000.0,35.1816381432524,-97.43688810968919,7.2406435960299405,-1.358617409808,120.09181699854851,-79.16396687974753
2651,0,2651,42490000000.0,35.18163790720469,-97.43688885801065,7.237479552279372,-1.533182066782195,120.15938081220216,-79.19005959373862
2652,0,2652,42500000000.0,35.181637671156984,-97.4368896063321,7.234315508528803,-1.704628708825631,120.22694462585584,-79.21615230694428
2653,0,2653,42510000000.0,35.18163743510927,-97.43689035465357,7.231151464778234,-1.8538453413146234,120.29450844079254,-79.24224502093537
2654,0,2654,42520000000.0,35.18163719912735,-97.43689110287002,7.227988170827075,-1.9,120.36206277393349,-79.26833046259361
2655,0,2655,42530000000.0,35.18163697962743,-97.43689182478089,7.225012727391008,-1.9730737584173963,120.42724205067314,-79.29259398419418
2656,0,2656,42540000000.0,35.1816367601275,-97.43689254669177,7.222037283954942,-2.0656846540442944,120.49242132869584,-79.31685750579476
2657,0,2657,42550000000.0,35.18163654062758,-97.43689326860263,7.219061840518876,-2.154832581112969,120.5576006054355,-79.34112102739533
2658,0,2658,42560000000.0,35.181636321127655,-97.4368939905135,7.216086397082809,-2.2508770091520858,120.62277988217514,-79.3653845489959
2659,0,2659,42570000000.0,35.181636101627724,-97.43689471242436,7.213110953646742,-2.3,120.6879591589148,-79.38964807138191
2660,0,2660,42580000000.0,35.1816358821278,-97.43689543433523,7.210135510210676,-2.7351320210979297,120.75313843565445,-79.41391159298249
2661,0,2661,42590000000.0,35.181635662627876,-97.43689615624609,7.207160066774609,-2.9,120.81831771239408,-79.43817511458306
2662,0,2662,42600000000.0,35.18163544312795,-97.43689687815696,7.204184623338542,-2.9,120.88349698913373,-79.46243863618363
2663,0,2663,42610000000.0,35.18163522362803,-97.43689760006782,7.2012091799024756,-2.846415627110169,120.94867626587336,-79.48670215778421
2664,0,2664,42620000000.0,35.1816350041281,-97.43689832197869,7.198233736466409,-2.65832152080486,121.01385554261302,-79.51096568017022
2665,0,2665,42630000000.0,35.18163478462817,-97.43689904388955,7.195258293030342,-2.6,121.07903481935267,-79.53522920177079
2666,0,2666,42640000000.0,35.18163456512825,-97.43689976580042,7.192282849594275,-2.8538976138314878,121.1442140960923,-79.55949272337136
2667,0,2667,42650000000.0,35.181634345628325,-97.43690048771128,7.189307406158209,-3.1566397914085,121.20939337283195,-79.58375624497194
2668,0,2668,42660000000.0,35.1816341261284,-97.43690120962216,7.186331962722142,-3.348108520421999,121.27457265085465,-79.60801976657251
2669,0,2669,42670000000.0,35.18163390662847,-97.43690193153303,7.183356519286075,-3.3271109776512207,121.33975192759428,-79.63228328895852
2670,0,2670,42680000000.0,35.181633687128546,-97.4369026534439,7.180381075850009,-3.3,121.40493120433393,-79.65654681055909
2671,0,2671,42690000000.0,35.18163346762862,-97.43690337535476,7.177405632413942,-3.372055248041191,121.47011048107359,-79.68081033215967
2672,0,2672,42700000000.0,35.1816332481287,-97.43690409726563,7.174430188977875,-3.4,121.53528975781323,-79.70507385376024
2673,0,2673,42710000000.0,35.181633028628774,-97.43690481917649,7.1714547455418085,-3.3451614129928746,121.60046903455289,-79.72933737536081
2674,0,2674,42720000000.0,35.18163280912884,-97.43690554108736,7.168479302105742,-3.372615628515648,121.66564831129251,-79.75360089774682
2675,0,2675,42730000000.0,35.18163258511637,-97.43690627018059,7.164013025559987,-3.6255679305948463,121.73147606331298,-79.77836323666125
2676,0,2676,42740000000.0,35.18163235664213,-97.43690700637536,7.158072695384555,-3.8260733498225754,121.79794499386557,-79.80361877860773
2677,0,2677,42750000000.0,35.18163212816789,-97.43690774257013,7.152132365209122,-3.9,121.86441392313509,-79.82887432133964
2678,0,2678,42760000000.0,35.181631899693656,-97.43690847876489,7.146192035033691,-3.9,121.93088285240465,-79.85412986328612
2679,0,2679,42770000000.0,35.18163167121942,-97.43690921495966,7.140251704858259,-3.9,121.99735178167417,-79.8793854052326
2680,0,2680,42780000000.0,35.18163144274518,-97.43690995115442,7.134311374682827,-3.9714864297008887,122.06382071094372,-79.90464094796451
2681,0,2681,42790000000.0,35.18163121427094,-97.43691068734918,7.128371044507396,-4.064831706994323,122.13028964021325,-79.92989648991099
2682,0,2682,42800000000.0,35.18163098579671,-97.43691142354395,7.122430714331964,-4.1578369493096465,122.1967585694828,-79.95515203185747
2683,0,2683,42810000000.0,35.181630757322466,-97.43691215973871,7.116490384156532,-4.256246502417075,122.26322749875231,-79.98040757458938
2684,0,2684,42820000000.0,35.18163052884823,-97.43691289593349,7.1105500539811,-4.3,122.32969642930493,-80.00566311653586
2685,0,2685,42830000000.0,35.181630300373996,-97.43691363212825,7.104609723805669,-4.3,122.39616535857446,-80.03091865848234
2686,0,2686,42840000000.0,35.181630071899754,-97.43691436832302,7.098669393630237,-4.3,122.46263428784401,-80.05617420121425
2687,0,2687,42850000000.0,35.18162984342552,-97.43691510451778,7.092729063454804,-4.3,122.52910321711353,-80.08142974316073
2688,0,2688,42860000000.0,35.18162961495128,-97.43691584071254,7.086788733279373,-4.32941561604397,122.59557214638308,-80.10668528589264
2689,0,2689,42870000000.0,35.18162938647704,-97.43691657690731,7.080848403103941,-4.501823894026705,122.66204107565261,-80.13194082783912
2690,0,2690,42880000000.0,35.181629158002806,-97.43691731310207,7.074908072928509,-4.697025988544236,122.72851000492216,-80.1571963697856
2691,0,2691,42890000000.0,35.181628929528564,-97.43691804929685,7.0689677427530775,-4.892098515490127,122.79497893547475,-80.18245191251751
2692,0,2692,42900000000.0,35.18162870105433,-97.43691878549161,7.063027412577646,-5.0,122.86144786474426,-80.20770745446399
2693,0,2693,42910000000.0,35.181628472580094,-97.43691952168638,7.057087082402214,-5.024672710014591,122.92791679401383,-80.23296299641046
2694,0,2694,42920000000.0,35.18162824410585,-97.43692025788114,7.051146752226782,-5.1,122.99438572328334,-80.25821853914238
2695,0,2695,42930000000.0,35.181628010372584,-97.43692100922851,7.060490027206201,-5.1,123.06222273839471,-80.28405541452159
2696,0,2696,42940000000.0,35.181627775381216,-97.43692176420079,7.073489549863729,-5.168591554567672,123.13038703584218,-80.3100313604051
2697,0,2697,42950000000.0,35.18162754038984,-97.43692251917307,7.086489072521257,-5.341470587457998,123.19855133328966,-80.33600730707406
2698,0,2698,42960000000.0,35.18162730539847,-97.43692327414534,7.0994885951787845,-5.526372149162488,123.26671563073715,-80.36198325295757
2699,0,2699,42970000000.0,35.1816270704071,-97.43692402911762,7.112488117836313,-5.6,123.33487992818462,-80.38795919884109
2700,0,2700,42980000000.0,35.18162683541573,-97.4369247840899,7.125487640493841,-5.6,123.4030442256321,-80.41393514551004
2701,0,2701,42990000000.0,35.18162660042436,-97.43692553906217,7.138487163151368,-5.632753942300679,123.47120852307957,-80.43991109139355
2702,0,2702,43000000000.0,35.18162636543299,-97.43692629403445,7.151486685808897,-5.7246814077978065,123.53937282052705,-80.46588703727707
2703,0,2703,43010000000.0,35.181626130441614,-97.43692704900673,7.164486208466425,-5.8,123.60753711797452,-80.49186298394602
2704,0,2704,43020000000.0,35.181625895450246,-97.436927803979,7.177485731123953,-5.844524418842682,123.67570141542198,-80.51783892982954
2705,0,2705,43030000000.0,35.18162566045887,-97.43692855895128,7.190485253781481,-5.9,123.74386571286949,-80.54381487649849
2706,0,2706,43040000000.0,35.1816254254675,-97.43692931392356,7.203484776439009,-5.9,123.81203001031696,-80.569790822382
2707,0,2707,43050000000.0,35.18162519047613,-97.43693006889583,7.216484299096537,-5.9,123.88019430776443,-80.59576676826552
2708,0,2708,43060000000.0,35.18162495548476,-97.43693082386811,7.229483821754065,-5.9,123.94835860521191,-80.62174271493447
2709,0,2709,43070000000.0,35.18162472049339,-97.43693157884039,7.242483344411593,-5.9,124.01652290265937,-80.64771866081799
2710,0,2710,43080000000.0,35.18162448550202,-97.43693233381266,7.255482867069121,-5.9,124.08468720010686,-80.6736946067015
2711,0,2711,43090000000.0,35.181624250510644,-97.43693308878494,7.268482389726649,-5.9,124.15285149755432,-80.69967055337045
2712,0,2712,43100000000.0,35.181624015519276,-97.43693384375722,7.2814819123841765,-5.914180654820211,124.22101579500182,-80.72564649925397
2713,0,2713,43110000000.0,35.18162378052791,-97.43693459872951,7.294481435041705,-6.0,124.28918009373234,-80.75162244513749
2714,0,2714,43120000000.0,35.18162354553653,-97.43693535370178,7.307480957699233,-6.035987867489652,124.35734439117981,-80.77759839180644
2715,0,2715,43130000000.0,35.18162331423825,-97.43693612333388,7.30925695300171,-6.1,124.42683228188025,-80.80316610368698
2716,0,2716,43140000000.0,35.181623083827624,-97.43693689648954,7.308335310485234,-6.1,124.49663830543295,-80.82863569444712
2717,0,2717,43150000000.0,35.18162285341699,-97.4369376696452,7.30741366796876,-6.1,124.56644432898565,-80.85410528599269
2718,0,2718,43160000000.0,35.18162262300636,-97.43693844280088,7.306492025452284,-6.11428851172241,124.6362503538214,-80.87957487675283
2719,0,2719,43170000000.0,35.181622392595735,-97.43693921595654,7.305570382935809,-6.2,124.7060563773741,-80.90504446751297
2720,0,2720,43180000000.0,35.18162216218511,-97.4369399891122,7.304648740419334,-6.226574918365847,124.77586240092681,-80.9305140582731
2721,0,2721,43190000000.0,35.18162193177447,-97.43694076226788,7.303727097902859,-6.3,124.84566842576255,-80.95598364981868
2722,0,2722,43200000000.0,35.181621701363845,-97.43694153542354,7.302805455386383,-6.3,124.91547444931525,-80.98145324057882
2723,0,2723,43210000000.0,35.18162147095322,-97.4369423085792,7.301883812869908,-6.3,124.98528047286794,-81.00692283133895
2724,0,2724,43220000000.0,35.18162124054259,-97.43694308173487,7.300962170353433,-6.330565335245408,125.05508649642064,-81.0323924220991
2725,0,2725,43230000000.0,35.181621010131956,-97.43694385489054,7.300040527836957,-6.422320762570725,125.12489252125641,-81.05786201364467
2726,0,2726,43240000000.0,35.18162077972133,-97.4369446280462,7.299118885320482,-6.5,125.1946985448091,-81.0833316044048
2727,0,2727,43250000000.0,35.1816205493107,-97.43694540120187,7.298197242804007,-6.5,125.2645045683618,-81.10880119516494
2728,0,2728,43260000000.0,35.18162031890007,-97.43694617435754,7.297275600287532,-6.5,125.33431059319757,-81.13427078592508
2729,0,2729,43270000000.0,35.18162008848944,-97.4369469475132,7.296353957771056,-6.528739219259437,125.40411661675027,-81.15974037747065
2730,0,2730,43280000000.0,35.18161985807881,-97.43694772066887,7.2954323152545815,-6.6,125.47392264030296,-81.1852099682308
2731,0,2731,43290000000.0,35.181619627668184,-97.43694849382454,7.294510672738106,-6.6,125.54372866513873,-81.21067955899093
2732,0,2732,43300000000.0,35.181619397257556,-97.4369492669802,7.29358903022163,-6.617468221112138,125.61353468869143,-81.23614914975107
2733,0,2733,43310000000.0,35.18161916684692,-97.43695004013587,7.292667387705156,-6.8,125.68334071224412,-81.26161874129664
2734,0,2734,43320000000.0,35.18161894225713,-97.43695080843767,7.289774786976846,-6.8297712201977605,125.75270849463826,-81.2864448967187
2735,0,2735,43330000000.0,35.181618732946305,-97.43695156399869,7.2817086626045695,-6.9,125.82092594787962,-81.30958211547437
2736,0,2736,43340000000.0,35.181618523635485,-97.43695231955971,7.273642538232293,-6.9,125.88914340112098,-81.3327193334446
2737,0,2737,43350000000.0,35.18161831432466,-97.43695307512073,7.265576413860018,-6.8267885620345625,125.95736085436232,-81.35585655220027
2738,0,2738,43360000000.0,35.18161810501384,-97.43695383068174,7.257510289487741,-6.8,126.02557830760368,-81.3789937701705
2739,0,2739,43370000000.0,35.18161789570302,-97.43695458624276,7.249444165115465,-6.997298159376456,126.09379576084504,-81.40213098814073
2740,0,2740,43380000000.0,35.181617686392194,-97.43695534180378,7.2413780407431885,-7.293114631275384,126.16201321408641,-81.42526820689639
2741,0,2741,43390000000.0,35.181617477081375,-97.4369560973648,7.233311916370913,-7.469280486164742,126.23023066732777,-81.44840542486662
2742,0,2742,43400000000.0,35.18161726777055,-97.43695685292582,7.225245791998637,-7.5,126.29844812056912,-81.47154264362229
2743,0,2743,43410000000.0,35.18161705845973,-97.43695760848684,7.21717966762636,-7.5,126.36666557381048,-81.49467986159252
2744,0,2744,43420000000.0,35.18161684914891,-97.43695836404785,7.209113543254084,-7.9,126.43488302705184,-81.51781707956275
2745,0,2745,43430000000.0,35.18161663983808,-97.43695911960887,7.201047418881808,-7.9,126.50310048029318,-81.54095429831841
2746,0,2746,43440000000.0,35.181616430527264,-97.43695987516989,7.192981294509532,-7.9,126.57131793353454,-81.56409151628864
2747,0,2747,43450000000.0,35.18161622121644,-97.43696063073091,7.184915170137256,-8.136472062156532,126.6395353867759,-81.5872287350443
2748,0,2748,43460000000.0,35.18161601190562,-97.43696138629193,7.176849045764979,-8.2746720910216,126.70775284001726,-81.61036595301454
2749,0,2749,43470000000.0,35.18161580259479,-97.43696214185293,7.168782921392703,-8.3,126.77597029197554,-81.6335031717702
2750,0,2750,43480000000.0,35.18161559328397,-97.43696289741395,7.160716797020427,-8.492913162266143,126.84418774521693,-81.65664038974043
2751,0,2751,43490000000.0,35.18161538397315,-97.43696365297497,7.152650672648151,-8.5811131254453,126.91240519845827,-81.67977760771066
2752,0,2752,43500000000.0,35.181615174662326,-97.43696440853599,7.1445845482758745,-8.6,126.98062265169963,-81.70291482646633
2753,0,2753,43510000000.0,35.18161496535151,-97.436965164097,7.136518423903598,-8.755112075268173,127.048840104941,-81.72605204443656
2754,0,2754,43520000000.0,35.18161476038147,-97.43696590398885,7.132501654780163,-8.901553491280914,127.11564283319626,-81.748709432173
2755,0,2755,43530000000.0,35.18161455738196,-97.43696663676755,7.130323123519499,-8.993631877242569,127.18180333594438,-81.77114899787114
2756,0,2756,43540000000.0,35.18161435438246,-97.43696736954624,7.1281445922588365,-9.080898293821942,127.24796383740943,-81.79358856278384
2757,0,2757,43550000000.0,35.18161415138296,-97.43696810232494,7.125966060998173,-9.1,127.31412434015755,-81.81602812769654
2758,0,2758,43560000000.0,35.18161394838345,-97.43696883510364,7.123787529737509,-9.1,127.38028484290564,-81.83846769339468
2759,0,2759,43570000000.0,35.18161374538395,-97.43696956788233,7.121608998476845,-9.193372820749731,127.44644534437072,-81.86090725830738
2760,0,2760,43580000000.0,35.18161354238445,-97.43697030066103,7.119430467216182,-9.399504665574845,127.5126058471188,-81.88334682322008
2761,0,2761,43590000000.0,35.18161333938494,-97.43697103343972,7.117251935955518,-9.4,127.57876634858388,-81.90578638891822
2762,0,2762,43600000000.0,35.18161313638544,-97.43697176621842,7.115073404694855,-9.4,127.64492685133197,-81.92822595383092
2763,0,2763,43610000000.0,35.181612933385935,-97.43697249899712,7.1128948734341915,-9.4,127.71108735408009,-81.95066551874362
2764,0,2764,43620000000.0,35.18161273038643,-97.43697323177581,7.110716342173528,-9.4,127.77724785554514,-81.97310508365632
2765,0,2765,43630000000.0,35.181612527386925,-97.43697396455451,7.108537810912864,-9.4,127.84340835829326,-81.99554464935446
2766,0,2766,43640000000.0,35.18161232438742,-97.43697469733321,7.1063592796522,-9.4,127.90956886104138,-82.01798421426716
2767,0,2767,43650000000.0,35.18161212138792,-97.4369754301119,7.104180748391538,-9.4,127.97572936250643,-82.04042377917986
2768,0,2768,43660000000.0,35.18161191838841,-97.4369761628906,7.102002217130874,-9.4,128.04188986525455,-82.062863344878
2769,0,2769,43670000000.0,35.18161171538891,-97.43697689566929,7.09982368587021,-9.4,128.1080503667196,-82.0853029097907
2770,0,2770,43680000000.0,35.18161151238941,-97.43697762844799,7.0976451546095465,-9.4,128.17421086946771,-82.1077424747034
2771,0,2771,43690000000.0,35.18161130938991,-97.43697836122669,7.095466623348883,-9.4,128.24037137221583,-82.1301820396161
2772,0,2772,43700000000.0,35.1816111063904,-97.43697909400538,7.093288092088219,-9.478626983185222,128.30653187368088,-82.15262160531424
2773,0,2773,43710000000.0,35.1816109033909,-97.43697982678408,7.091109560827556,-9.5,128.372692376429,-82.17506117022694
2774,0,2774,43720000000.0,35.181610708547154,-97.4369805441515,7.0839111658385345,-9.5,128.43746143783753,-82.19659919756907
2775,0,2775,43730000000.0,35.18161052216887,-97.43698124552243,7.071502295442383,-9.5,128.50078622287703,-82.21720145341692
2776,0,2776,43740000000.0,35.18161033579057,-97.43698194689335,7.059093425046232,-9.5,128.56411100663348,-82.2378037100502
2777,0,2777,43750000000.0,35.181610149412286,-97.43698264826429,7.0466845546500805,-9.5,128.62743579167298,-82.25840596589805
2778,0,2778,43760000000.0,35.18160996303399,-97.43698334963523,7.034275684253928,-9.5,128.6907605767125,-82.27900822253133
2779,0,2779,43770000000.0,35.181609776655705,-97.43698405100616,7.021866813857777,-9.5,128.754085361752,-82.29961047837918
2780,0,2780,43780000000.0,35.18160959027741,-97.4369847523771,7.0094579434616255,-9.590271742428628,128.8174101467915,-82.32021273501246
2781,0,2781,43790000000.0,35.181609403899124,-97.43698545374804,6.997049073065474,-9.6,128.880734931831,-82.34081499086031
2782,0,2782,43800000000.0,35.18160921752083,-97.43698615511897,6.984640202669323,-9.673296468280487,128.94405971687053,-82.36141724749359
2783,0,2783,43810000000.0,35.18160903114254,-97.43698685648991,6.972231332273171,-9.7,129.00738450191002,-82.38201950334144
2784,0,2784,43820000000.0,35.18160884476425,-97.43698755786085,6.959822461877019,-9.7,129.07070928694952,-82.40262175997472
2785,0,2785,43830000000.0,35.18160865838596,-97.43698825923178,6.947413591480868,-9.792921539696763,129.13403407198902,-82.42322401582257
2786,0,2786,43840000000.0,35.18160847200767,-97.43698896060272,6.9350047210847166,-9.8,129.19735885702855,-82.44382627245585
2787,0,2787,43850000000.0,35.18160828562938,-97.43698966197366,6.922595850688565,-9.828569230083414,129.26068364206805,-82.4644285283037
2788,0,2788,43860000000.0,35.181608099251086,-97.43699036334459,6.910186980292413,-9.9479906602582,129.32400842710754,-82.48503078493698
2789,0,2789,43870000000.0,35.1816079128728,-97.43699106471553,6.897778109896262,-10.059703772139022,129.38733321214704,-82.50563304078483
2790,0,2790,43880000000.0,35.181607726494505,-97.43699176608646,6.88536923950011,-10.1,129.45065799718657,-82.52623529741811
2791,0,2791,43890000000.0,35.18160754011622,-97.4369924674574,6.872960369103959,-10.1,129.51398278222607,-82.54683755326596
2792,0,2792,43900000000.0,35.181607353737924,-97.43699316882834,6.860551498707808,-10.1,129.57730756726556,-82.56743980989924
2793,0,2793,43910000000.0,35.18160716735964,-97.43699387019926,6.848142628311655,-10.244221978882972,129.64063235102202,-82.58804206574709
2794,0,2794,43920000000.0,35.18160698219539,-97.43699457274454,6.836832127974276,-10.4,129.70406316409355,-82.6085101215665
2795,0,2795,43930000000.0,35.18160680771447,-97.43699528562372,6.835187022164062,-10.4,129.7684269961329,-82.62779724211242
2796,0,2796,43940000000.0,35.18160663323355,-97.43699599850291,6.833541916353847,-10.4,129.83279082817225,-82.64708436344378
2797,0,2797,43950000000.0,35.18160645875263,-97.4369967113821,6.831896810543633,-10.4,129.89715466021156,-82.6663714839897
2798,0,2798,43960000000.0,35.181606284271716,-97.43699742426128,6.830251704733418,-10.446957998194216,129.96151849225092,-82.68565860453563
2799,0,2799,43970000000.0,35.18160610979079,-97.43699813714046,6.828606598923203,-10.5,130.02588232429025,-82.70494572586699
2800,0,2800,43980000000.0,35.181605935309875,-97.43699885001965,6.8269614931129885,-10.5,130.09024615632958,-82.72423284641292
2801,0,2801,43990000000.0,35.18160576082896,-97.43699956289883,6.825316387302774,-10.559502809399643,130.15460998836892,-82.74351996695884
2802,0,2802,44000000000.0,35.181605586348034,-97.43700027577802,6.82367128149256,-10.6,130.21897382040825,-82.7628070882902
2803,0,2803,44010000000.0,35.18160541186712,-97.4370009886572,6.822026175682345,-10.620346494822076,130.28333765244759,-82.78209420883613
2804,0,2804,44020000000.0,35.1816052373862,-97.43700170153639,6.8203810698721306,-10.790208193366087,130.34770148448695,-82.80138132938205
2805,0,2805,44030000000.0,35.18160506290528,-97.43700241441557,6.818735964061916,-10.9,130.41206531652625,-82.82066845071341
2806,0,2806,44040000000.0,35.18160488842436,-97.43700312729476,6.817090858251701,-10.9,130.4764291485656,-82.83995557125934
2807,0,2807,44050000000.0,35.18160471394344,-97.43700384017394,6.815445752441486,-10.9,130.54079298060495,-82.85924269180526
2808,0,2808,44060000000.0,35.18160453946252,-97.43700455305313,6.813800646631272,-10.9,130.60515681264425,-82.87852981313662
2809,0,2809,44070000000.0,35.1816043649816,-97.43700526593231,6.812155540821058,-10.9,130.66952064468362,-82.89781693368255
2810,0,2810,44080000000.0,35.181604190500686,-97.4370059788115,6.810510435010843,-10.9,130.73388447672295,-82.91710405422847
2811,0,2811,44090000000.0,35.18160401601976,-97.43700669169068,6.8088653292006285,-10.9,130.79824830876228,-82.93639117555983
2812,0,2812,44100000000.0,35.181603841538845,-97.43700740456987,6.807220223390414,-10.9,130.86261214080162,-82.95567829610576
2813,0,2813,44110000000.0,35.18160366705793,-97.43700811744905,6.805575117580199,-10.904401719295366,130.92697597284098,-82.97496541665168
2814,0,2814,44120000000.0,35.181603491008374,-97.43700883018619,6.803925069749323,-11.0,130.9913269794364,-82.99442593430683
2815,0,2815,44130000000.0,35.18160327965594,-97.4370095397265,6.802163799451136,-11.0,131.05538935452324,-83.01778883258194
2816,0,2816,44140000000.0,35.1816030683035,-97.43701024926683,6.800402529152949,-11.0,131.1194517308932,-83.04115173085705
2817,0,2817,44150000000.0,35.181602856951066,-97.43701095880715,6.798641258854762,-11.0,131.18351410598007,-83.06451462913216
2818,0,2818,44160000000.0,35.18160264559863,-97.43701166834747,6.796879988556574,-11.04249865154953,131.24757648106691,-83.08787752740727
2819,0,2819,44170000000.0,35.181602434246194,-97.43701237788778,6.7951187182583865,-11.1,131.3116388561538,-83.11124042568238
2820,0,2820,44180000000.0,35.18160222289376,-97.43701308742811,6.7933574479602,-11.170196005112011,131.3757012325237,-83.13460332395749
2821,0,2821,44190000000.0,35.18160201154132,-97.43701379696843,6.791596177662012,-11.2,131.4397636076106,-83.1579662222326
2822,0,2822,44200000000.0,35.181601800188886,-97.43701450650875,6.789834907363825,-11.2,131.50382598269746,-83.18132912050771
2823,0,2823,44210000000.0,35.18160158883645,-97.43701521604908,6.788073637065637,-11.20487527570213,131.56788835906738,-83.20469201878282
2824,0,2824,44220000000.0,35.181601377484014,-97.43701592558939,6.786312366767451,-11.3,131.63195073415426,-83.22805491705793
2825,0,2825,44230000000.0,35.18160116613158,-97.43701663512971,6.784551096469263,-11.3,131.69601310924114,-83.25141781533304
2826,0,2826,44240000000.0,35.18160095477914,-97.43701734467002,6.782789826171076,-11.484243842122869,131.76007548432798,-83.27478071360815
2827,0,2827,44250000000.0,35.181600743426706,-97.43701805421036,6.781028555872888,-11.6,131.82413786069793,-83.29814361188326
2828,0,2828,44260000000.0,35.18160053207427,-97.43701876375067,6.779267285574702,-11.6,131.88820023578478,-83.32150651015837
2829,0,2829,44270000000.0,35.181600320721834,-97.43701947329099,6.777506015276514,-11.6,131.95226261087166,-83.34486940843348
2830,0,2830,44280000000.0,35.1816001093694,-97.4370201828313,6.775744744978327,-11.667806591683247,132.01632498595853,-83.36823230670859
2831,0,2831,44290000000.0,35.18159989801696,-97.43702089237163,6.773983474680139,-11.760713564718762,132.08038736232845,-83.3915952049837
2832,0,2832,44300000000.0,35.181599686664526,-97.43702160191195,6.772222204381952,-11.847532441813035,132.14444973741533,-83.41495810325881
2833,0,2833,44310000000.0,35.18159947531209,-97.43702231145227,6.770460934083765,-11.9,132.2085121125022,-83.43832100153392
2834,0,2834,44320000000.0,35.18159926680613,-97.43702302491378,6.769366879621723,-11.952917803744896,132.27292852167642,-83.46136925026002
2835,0,2835,44330000000.0,35.18159907214636,-97.43702375744923,6.771518382336745,-12.057751900885123,132.33906706104432,-83.48288694114657
2836,0,2836,44340000000.0,35.18159887748659,-97.43702448998468,6.773669885051767,-12.141914074505989,132.40520560169523,-83.50440463203313
2837,0,2837,44350000000.0,35.181598682826824,-97.43702522252012,6.775821387766789,-12.204130972866242,132.47134414106313,-83.52592232291968
2838,0,2838,44360000000.0,35.181598488167054,-97.43702595505557,6.777972890481811,-12.328348734103141,132.53748268171407,-83.54744001380624
2839,0,2839,44370000000.0,35.181598293507285,-97.43702668759101,6.780124393196834,-12.430237074298276,132.60362122108194,-83.56895770469279
2840,0,2840,44380000000.0,35.181598098847516,-97.43702742012647,6.782275895911856,-12.541515927340043,132.66975976173288,-83.59047539557935
2841,0,2841,44390000000.0,35.18159790418775,-97.43702815266192,6.784427398626878,-12.676553943726038,132.73589830238382,-83.6119930864659
2842,0,2842,44400000000.0,35.18159770952798,-97.43702888519736,6.7865789013419,-12.879820192176798,132.8020368417517,-83.63351077735246
2843,0,2843,44410000000.0,35.18159751486821,-97.43702961773282,6.788730404056922,-13.076257050200683,132.86817538240263,-83.65502846823901
2844,0,2844,44420000000.0,35.18159732020844,-97.43703035026826,6.790881906771945,-13.159539049943056,132.93431392177052,-83.67654615912556
2845,0,2845,44430000000.0,35.18159712554866,-97.43703108280371,6.793033409486967,-13.36140318703391,133.00045246242144,-83.69806385079755
2846,0,2846,44440000000.0,35.181596930888894,-97.43703181533915,6.795184912201989,-13.566614123866197,133.06659100178933,-83.71958154168411
2847,0,2847,44450000000.0,35.181596736229125,-97.43703254787461,6.7973364149170115,-13.710564079445296,133.13272954244027,-83.74109923257066
2848,0,2848,44460000000.0,35.181596541569355,-97.43703328041006,6.799487917632034,-13.938012798392709,133.19886808309118,-83.76261692345722
2849,0,2849,44470000000.0,35.181596346909586,-97.4370340129455,6.8016394203470565,-14.179209985523824,133.26500662245908,-83.78413461434377
2850,0,2850,44480000000.0,35.18159615224982,-97.43703474548096,6.8037909230620786,-14.372817196286752,133.33114516311002,-83.80565230523032
2851,0,2851,44490000000.0,35.18159595759005,-97.4370354780164,6.805942425777101,-14.576056986002678,133.3972837024779,-83.82716999611688
2852,0,2852,44500000000.0,35.18159576293028,-97.43703621055185,6.808093928492123,-14.851659334357818,133.46342224312883,-83.84868768700343
2853,0,2853,44510000000.0,35.18159556827051,-97.43703694308729,6.810245431207146,-15.154010117745674,133.52956078249673,-83.87020537788999
2854,0,2854,44520000000.0,35.181595385343236,-97.4370376427025,6.803642857714322,-15.23902248240539,133.59272704833415,-83.89042615868377
2855,0,2855,44530000000.0,35.1815952087534,-97.4370383245355,6.792311676366902,-15.452097627710483,133.65428780749974,-83.90994639916485
2856,0,2856,44540000000.0,35.18159503216356,-97.4370390063685,6.780980495019482,-15.701519930326276,133.7158485679484,-83.92946664043137
2857,0,2857,44550000000.0,35.18159485557372,-97.43703968820148,6.769649313672063,-15.923425675753267,133.77740932711401,-83.94898688091246
2858,0,2858,44560000000.0,35.18159467898388,-97.43704037003447,6.758318132324643,-16.340163965759494,133.8389700862796,-83.96850712217898
2859,0,2859,44570000000.0,35.18159450239404,-97.43704105186745,6.746986950977224,-16.9,133.9005308454452,-83.98802736266006
2860,0,2860,44580000000.0,35.181594325804205,-97.43704173370045,6.735655769629804,-16.9,133.96209160589385,-84.00754760314115
2861,0,2861,44590000000.0,35.18159414921436,-97.43704241553344,6.724324588282384,-16.9,134.02365236505943,-84.02706784440767
2862,0,2862,44600000000.0,35.181593972624526,-97.43704309736643,6.712993406934965,-16.98471852974584,134.08521312422505,-84.04658808488875
2863,0,2863,44610000000.0,35.18159379603468,-97.43704377919941,6.701662225587545,-17.197865566884794,134.14677388339064,-84.06610832615527
2864,0,2864,44620000000.0,35.18159361944485,-97.43704446103241,6.690331044240125,-17.259757522904128,134.2083346438393,-84.08562856663636
2865,0,2865,44630000000.0,35.181593442855004,-97.4370451428654,6.678999862892706,-17.4,134.2698954030049,-84.10514880790288
2866,0,2866,44640000000.0,35.18159326626517,-97.43704582469839,6.667668681545286,-17.4,134.3314561621705,-84.12466904838396
2867,0,2867,44650000000.0,35.18159308967533,-97.43704650653137,6.656337500197867,-17.46286001360169,134.39301692133608,-84.14418928886505
2868,0,2868,44660000000.0,35.18159291308549,-97.43704718836437,6.645006318850447,-17.779611367109393,134.45457768178474,-84.16370953013157
2869,0,2869,44670000000.0,35.18159273649565,-97.43704787019736,6.633675137503027,-18.04516796474482,134.51613844095033,-84.18322977061266
2870,0,2870,44680000000.0,35.18159255990581,-97.43704855203035,6.622343956155608,-18.183314200546803,134.57769920011592,-84.20275001187917
2871,0,2871,44690000000.0,35.18159238331597,-97.43704923386333,6.611012774808188,-18.332888347252343,134.63925995928153,-84.22227025236026
2872,0,2872,44700000000.0,35.18159220672613,-97.43704991569633,6.599681593460769,-18.4,134.7008207197302,-84.24179049362678
2873,0,2873,44710000000.0,35.181592030136294,-97.43705059752932,6.588350412113349,-18.4,134.76238147889578,-84.26131073410787
2874,0,2874,44720000000.0,35.18159185497632,-97.43705129201277,6.5838402552180595,-18.43548043542766,134.82508441209995,-84.28067291779001
2875,0,2875,44730000000.0,35.181591683822006,-97.43705202193556,6.598438711146423,-18.543964708336432,134.89098706260862,-84.29959231544473
2876,0,2876,44740000000.0,35.181591512667694,-97.43705275185836,6.613037167074787,-18.7,134.95688971440035,-84.31851171309944
2877,0,2877,44750000000.0,35.18159134151338,-97.43705348178115,6.627635623003152,-18.7,135.02279236490898,-84.33743111075415
2878,0,2878,44760000000.0,35.18159117035908,-97.43705421170395,6.642234078931516,-18.70920434405114,135.08869501670068,-84.35635050762343
2879,0,2879,44770000000.0,35.181590999204765,-97.43705494162674,6.65683253485988,-18.760020042727874,135.15459766720934,-84.37526990527815
2880,0,2880,44780000000.0,35.18159082805045,-97.43705567154954,6.671430990788243,-18.8,135.22050031900102,-84.39418930293286
2881,0,2881,44790000000.0,35.18159065689614,-97.43705640147233,6.686029446716607,-18.83886913331549,135.28640296950968,-84.41310870058757
2882,0,2882,44800000000.0,35.18159048574183,-97.43705713139514,6.700627902644971,-18.923712293519,135.3523056213014,-84.43202809824228
2883,0,2883,44810000000.0,35.18159031458752,-97.43705786131792,6.715226358573336,-18.985624012237224,135.41820827181004,-84.450947495897
2884,0,2884,44820000000.0,35.181590143433205,-97.43705859124073,6.7298248145017,-19.0,135.48411092360175,-84.46986689355171
2885,0,2885,44830000000.0,35.1815899722789,-97.43705932116352,6.7444232704300635,-19.032621648019425,135.5500135741104,-84.48878629042099
2886,0,2886,44840000000.0,35.18158980112459,-97.43706005108632,6.759021726358427,-19.251224033427366,135.61591622590208,-84.5077056880757
2887,0,2887,44850000000.0,35.181589629970276,-97.43706078100911,6.773620182286791,-19.563316635546876,135.68181887641074,-84.52662508573042
2888,0,2888,44860000000.0,35.181589458815964,-97.43706151093191,6.788218638215155,-19.6,135.74772152820245,-84.54554448338513
2889,0,2889,44870000000.0,35.18158928766165,-97.4370622408547,6.80281709414352,-19.571144823245653,135.8136241787111,-84.56446388103984
2890,0,2890,44880000000.0,35.18158911650734,-97.4370629707775,6.817415550071884,-19.544366702226778,135.8795268305028,-84.58338327869455
2891,0,2891,44890000000.0,35.18158894535303,-97.43706370070029,6.832014006000247,-19.863952340246783,135.94542948101144,-84.60230267634927
2892,0,2892,44900000000.0,35.18158877419872,-97.4370644306231,6.846612461928611,-20.788079407718563,136.01133213280315,-84.62122207321855
2893,0,2893,44910000000.0,35.18158860304441,-97.43706516054588,6.861210917856975,-20.9,136.0772347833118,-84.64014147087326
2894,0,2894,44920000000.0,35.18158842787743,-97.43706589450048,6.87212360891054,-20.9,136.14350145394525,-84.65950442899327
2895,0,2895,44930000000.0,35.181588246639635,-97.43706663455482,6.877460055184292,-20.91853944270471,136.21031885396434,-84.67953845480281
2896,0,2896,44940000000.0,35.18158806540183,-97.43706737460916,6.882796501458043,-21.026021347939583,136.27713625270036,-84.69957248139778
2897,0,2897,44950000000.0,35.18158788416404,-97.4370681146635,6.888132947731794,-21.18439472664161,136.34395365271945,-84.71960650720732
2898,0,2898,44960000000.0,35.18158770292624,-97.43706885471785,6.893469394005546,-21.2,136.4107710527385,-84.73964053380229
2899,0,2899,44970000000.0,35.18158752168844,-97.43706959477218,6.898805840279297,-21.26321578268835,136.47758845147456,-84.75967455961182
2900,0,2900,44980000000.0,35.18158734045064,-97.43707033482653,6.904142286553048,-21.59622256313529,136.54440585149365,-84.7797085862068
2901,0,2901,44990000000.0,35.181587159212846,-97.43707107488088,6.9094787328268,-22.117403807599025,136.61122325151274,-84.79974261201633
2902,0,2902,45000000000.0,35.181586977975044,-97.43707181493521,6.914815179100551,-22.2,136.67804065024876,-84.8197766386113
2903,0,2903,45010000000.0,35.18158679673725,-97.43707255498956,6.920151625374302,-22.2,136.74485805026785,-84.83981066442084
2904,0,2904,45020000000.0,35.18158661549945,-97.4370732950439,6.925488071648054,-22.2,136.81167545028694,-84.85984469101581
2905,0,2905,45030000000.0,35.18158643426165,-97.43707403509825,6.930824517921805,-22.176540670818866,136.87849285030603,-84.87987871682535
2906,0,2906,45040000000.0,35.18158625302385,-97.43707477515258,6.936160964195556,-22.08247402282265,136.94531024904208,-84.89991274342032
2907,0,2907,45050000000.0,35.18158607178606,-97.43707551520693,6.941497410469308,-22.005574672306874,137.01212764906117,-84.91994676922985
2908,0,2908,45060000000.0,35.181585890548256,-97.43707625526127,6.946833856743059,-22.107325839569253,137.07894504908023,-84.93998079582482
2909,0,2909,45070000000.0,35.18158570931046,-97.4370769953156,6.9521703030168105,-22.4,137.14576244781625,-84.96001482163436
2910,0,2910,45080000000.0,35.18158552807266,-97.43707773536995,6.9575067492905625,-22.4,137.21257984783534,-84.98004884822933
2911,0,2911,45090000000.0,35.181585346834865,-97.4370784754243,6.9628431955643135,-22.4,137.27939724785443,-85.00008287403887
2912,0,2912,45100000000.0,35.18158516559706,-97.43707921547863,6.968179641838065,-22.40131926829268,137.34621464659048,-85.02011690063384
2913,0,2913,45110000000.0,35.18158498435927,-97.43707995553298,6.973516088111817,-22.498880243902438,137.41303204660957,-85.04015092644337
2914,0,2914,45120000000.0,35.181584815503754,-97.43708067127136,6.97305543407912,-22.52613342277165,137.47765402727467,-85.05881621501175
2915,0,2915,45130000000.0,35.18158465743041,-97.43708136583604,6.967546817630604,-22.6,137.5403642944362,-85.0762896421351
2916,0,2916,45140000000.0,35.18158449935707,-97.43708206040073,6.962038201182088,-22.684681388779364,137.60307456288078,-85.09376306925844
2917,0,2917,45150000000.0,35.18158434128373,-97.4370827549654,6.9565295847335715,-23.08287622822203,137.66578483004227,-85.11123649638179
2918,0,2918,45160000000.0,35.18158418321039,-97.43708344953009,6.9510209682850554,-23.2,137.72849509848683,-85.12870992350514
2919,0,2919,45170000000.0,35.18158402513705,-97.43708414409477,6.945512351836539,-23.2,137.79120536564835,-85.14618335062849
2920,0,2920,45180000000.0,35.18158386706371,-97.43708483865946,6.940003735388023,-23.2,137.8539156340929,-85.16365677775184
2921,0,2921,45190000000.0,35.18158370899037,-97.43708553322413,6.934495118939507,-23.2,137.91662590125443,-85.18113020487519
2922,0,2922,45200000000.0,35.181583550917026,-97.43708622778882,6.928986502490991,-23.200754475036405,137.979336169699,-85.19860363199854
2923,0,2923,45210000000.0,35.181583392843685,-97.4370869223535,6.923477886042475,-23.297693320777814,138.04204643686052,-85.21607705912189
2924,0,2924,45220000000.0,35.18158323477034,-97.43708761691818,6.917969269593959,-23.3,138.104756704022,-85.23355048624524
2925,0,2925,45230000000.0,35.181583076697,-97.43708831148287,6.912460653145443,-23.31981994568871,138.1674669724666,-85.25102391336858
2926,0,2926,45240000000.0,35.18158291862366,-97.43708900604754,6.906952036696928,-23.4,138.2301772396281,-85.26849734049193
2927,0,2927,45250000000.0,35.18158276055032,-97.43708970061223,6.901443420248412,-23.4,138.29288750807268,-85.28597076761528
2928,0,2928,45260000000.0,35.18158260247698,-97.43709039517691,6.8959348037998955,-23.4,138.3555977752342,-85.30344419473863
2929,0,2929,45270000000.0,35.18158244440364,-97.4370910897416,6.8904261873513795,-23.4,138.41830804367876,-85.32091762186198
2930,0,2930,45280000000.0,35.1815822863303,-97.43709178430628,6.884917570902863,-23.4,138.48101831084026,-85.33839104898533
2931,0,2931,45290000000.0,35.181582128256956,-97.43709247887095,6.879408954454347,-23.4,138.54372857800178,-85.35586447610868
2932,0,2932,45300000000.0,35.181581970183615,-97.43709317343564,6.873900338005831,-23.4,138.60643884644634,-85.37333790323203
2933,0,2933,45310000000.0,35.181581812110274,-97.43709386800032,6.868391721557315,-23.4,138.66914911360786,-85.39081133035538
2934,0,2934,45320000000.0,35.18158165403693,-97.43709456256501,6.862883105108799,-23.4,138.73185938205245,-85.40828475747873
2935,0,2935,45330000000.0,35.18158148602665,-97.43709529947144,6.866966840090178,-23.421138052242444,138.7983925655642,-85.42685661396732
2936,0,2936,45340000000.0,35.18158131285509,-97.43709605837036,6.876032880818379,-23.48929853794741,138.86691138851012,-85.44599899867393
2937,0,2937,45350000000.0,35.18158113968352,-97.43709681726928,6.885098921546578,-23.424840674664985,138.935430211456,-85.46514138338054
2938,0,2938,45360000000.0,35.18158096651196,-97.43709757616818,6.894164962274778,-23.4,139.00394903311886,-85.48428376808715
2939,0,2939,45370000000.0,35.181580793340395,-97.4370983350671,6.903231003002978,-23.4,139.07246785606478,-85.50342615279376
2940,0,2940,45380000000.0,35.18158062016883,-97.43709909396601,6.9122970437311775,-23.4,139.14098667772762,-85.52256853750038
2941,0,2941,45390000000.0,35.181580446997266,-97.43709985286493,6.921363084459378,-23.4,139.20950550067352,-85.54171092220699
2942,0,2942,45400000000.0,35.181580273825695,-97.43710061176384,6.930429125187578,-23.324365595885364,139.27802432233636,-85.56085330769903
2943,0,2943,45410000000.0,35.18158010065413,-97.43710137066276,6.939495165915777,-22.7886751753373,139.34654314528228,-85.57999569240565
2944,0,2944,45420000000.0,35.18157992748257,-97.43710212956168,6.948561206643977,-22.6,139.4150619682282,-85.59913807711226
2945,0,2945,45430000000.0,35.181579754311,-97.43710288846059,6.957627247372177,-22.6,139.48358078989105,-85.61828046181887
2946,0,2946,45440000000.0,35.18157958113944,-97.4371036473595,6.966693288100377,-22.6,139.55209961283694,-85.63742284652548
2947,0,2947,45450000000.0,35.181579407967874,-97.43710440625841,6.975759328828577,-22.45510931898686,139.6206184344998,-85.6565652312321
2948,0,2948,45460000000.0,35.18157923479631,-97.43710516515733,6.984825369556777,-22.4,139.6891372574457,-85.6757076159387
2949,0,2949,45470000000.0,35.181579061624745,-97.43710592405625,6.993891410284977,-22.491087401949496,139.7576560803916,-85.69485000064532
2950,0,2950,45480000000.0,35.18157888845318,-97.43710668295516,7.0029574510131765,-22.592212140193887,139.82617490205445,-85.71399238535193
2951,0,2951,45490000000.0,35.18157871528162,-97.43710744185408,7.012023491741377,-22.6,139.89469372500037,-85.73313477005854
2952,0,2952,45500000000.0,35.18157854211005,-97.43710820075299,7.021089532469577,-22.51910283879339,139.96321254666321,-85.75227715476515
2953,0,2953,45510000000.0,35.18157836893849,-97.43710895965191,7.030155573197776,-22.5,140.0317313696091,-85.77141953947176
2954,0,2954,45520000000.0,35.18157819602304,-97.43710971783605,7.0388927425979295,-22.5,140.10018565732318,-85.790533613212
2955,0,2955,45530000000.0,35.18157803332893,-97.43711044749448,7.0345049318081205,-22.589600586471132,140.166064439111,-85.80851781980812
2956,0,2956,45540000000.0,35.18157787063482,-97.4371111771529,7.030117121018311,-22.69312899302079,140.2319432208989,-85.82650202718966
2957,0,2957,45550000000.0,35.18157770794071,-97.43711190681132,7.025729310228502,-22.851626718683722,140.29782200268676,-85.84448623378577
2958,0,2958,45560000000.0,35.181577545246604,-97.43711263646975,7.021341499438693,-23.04252553992416,140.36370078447462,-85.86247044038188
2959,0,2959,45570000000.0,35.1815773825525,-97.43711336612817,7.016953688648884,-23.195254111908643,140.42957956626245,-85.880454646978
2960,0,2960,45580000000.0,35.18157721985839,-97.4371140957866,7.012565877859075,-23.2,140.49545834805033,-85.8984388535741
2961,0,2961,45590000000.0,35.18157705716428,-97.43711482544502,7.008178067069266,-23.2,140.5613371298382,-85.91642306017022
2962,0,2962,45600000000.0,35.181576894470176,-97.43711555510345,7.003790256279457,-23.2,140.62721591162602,-85.93440726676633
2963,0,2963,45610000000.0,35.18157673177607,-97.43711628476187,6.999402445489647,-23.2,140.6930946934139,-85.95239147336244
2964,0,2964,45620000000.0,35.18157656908196,-97.4371170144203,6.995014634699838,-23.2,140.75897347520177,-85.97037567995855
2965,0,2965,45630000000.0,35.181576406387855,-97.43711774407872,6.990626823910029,-23.2,140.8248522569896,-85.98835988655466
2966,0,2966,45640000000.0,35.18157624369375,-97.43711847373714,6.98623901312022,-23.2,140.8907310387775,-86.00634409315077
2967,0,2967,45650000000.0,35.18157608099963,-97.43711920339557,6.981851202330411,-23.2,140.95660982056535,-86.02432830053232
2968,0,2968,45660000000.0,35.181575918305526,-97.43711993305399,6.977463391540602,-23.2,141.0224886023532,-86.04231250712843
2969,0,2969,45670000000.0,35.18157575561142,-97.43712066271242,6.973075580750792,-23.2,141.08836738414107,-86.06029671372454
2970,0,2970,45680000000.0,35.18157559291731,-97.43712139237083,6.968687769960983,-23.29701015746996,141.15424616464585,-86.07828092032065
2971,0,2971,45690000000.0,35.181575430223205,-97.43712212202925,6.964299959171174,-23.38446646286495,141.22012494643374,-86.09626512691676
2972,0,2972,45700000000.0,35.1815752675291,-97.43712285168768,6.959912148381365,-23.4,141.28600372822157,-86.11424933351287
2973,0,2973,45710000000.0,35.18157510483499,-97.4371235813461,6.955524337591556,-23.476717042946415,141.35188251000943,-86.13223354010898
2974,0,2974,45720000000.0,35.181574942140884,-97.43712431100452,6.951136526801747,-23.58926984,141.41776129179732,-86.1502177467051
2975,0,2975,45730000000.0,35.18157479002584,-97.43712506503962,6.950644676087771,-23.961839480572433,141.48584097416125,-86.16703254348536
2976,0,2976,45740000000.0,35.181574641608854,-97.43712582759589,6.951514706729278,-24.0,141.5546900086638,-86.18343855724433
2977,0,2977,45750000000.0,35.18157449319186,-97.43712659015216,6.952384737370785,-24.0,141.62353904316637,-86.19984457178873
2978,0,2978,45760000000.0,35.18157434477487,-97.43712735270843,6.953254768012291,-24.0,141.69238807766894,-86.2162505855477
2979,0,2979,45770000000.0,35.18157419635788,-97.4371281152647,6.954124798653798,-24.09593459621595,141.7612371121715,-86.2326566000921
2980,0,2980,45780000000.0,35.181574047940884,-97.43712887782097,6.954994829295305,-24.1,141.83008614667403,-86.2490626146365
2981,0,2981,45790000000.0,35.1815738995239,-97.43712964037724,6.9558648599368125,-24.1,141.8989351811766,-86.26546862839547
2982,0,2982,45800000000.0,35.1815737511069,-97.4371304029335,6.956734890578319,-24.17962436962154,141.96778421567916,-86.28187464293987
2983,0,2983,45810000000.0,35.18157360268991,-97.43713116548977,6.957604921219826,-24.2,142.03663325018172,-86.29828065748427
2984,0,2984,45820000000.0,35.18157345427292,-97.43713192804604,6.958474951861333,-24.2,142.10548228468426,-86.31468667124324
2985,0,2985,45830000000.0,35.18157330585593,-97.43713269060231,6.959344982502839,-24.2,142.17433131918682,-86.33109268578764
2986,0,2986,45840000000.0,35.18157315743893,-97.43713345315858,6.960215013144346,-24.2,142.24318035368938,-86.34749870033204
2987,0,2987,45850000000.0,35.181573009021946,-97.43713421571485,6.961085043785853,-24.2,142.31202938819195,-86.363904714091
2988,0,2988,45860000000.0,35.18157286060495,-97.43713497827112,6.96195507442736,-24.2,142.3808784226945,-86.38031072863541
2989,0,2989,45870000000.0,35.181572712187965,-97.43713574082739,6.962825105068866,-24.2,142.44972745719704,-86.39671674239437
2990,0,2990,45880000000.0,35.18157256377097,-97.43713650338366,6.963695135710373,-24.2,142.5185764916996,-86.41312275693878
2991,0,2991,45890000000.0,35.181572415353976,-97.43713726593992,6.96456516635188,-24.2,142.58742552620217,-86.42952877148318
2992,0,2992,45900000000.0,35.18157226693699,-97.4371380284962,6.965435196993386,-24.2,142.6562745607047,-86.44593478524214
2993,0,2993,45910000000.0,35.181572118519995,-97.43713879105246,6.966305227634893,-24.2,142.72512359520726,-86.46234079978655
2994,0,2994,45920000000.0,35.181571971923454,-97.43713954425537,6.966806368631555,-24.2,142.79312814171738,-86.47854558144289
2995,0,2995,45930000000.0,35.18157183254369,-97.437140260379,6.965845128870651,-24.2,142.85778490479134,-86.49395262062384
2996,0,2996,45940000000.0,35.181571693163924,-97.43714097650262,6.964883889109747,-24.2,142.9224416678653,-86.5093596598048
2997,0,2997,45950000000.0,35.18157155378416,-97.43714169262624,6.963922649348842,-24.2,142.98709843093926,-86.52476669898576
2998,0,2998,45960000000.0,35.181571414404395,-97.43714240874986,6.962961409587939,-24.25100490414138,143.0517551940132,-86.54017373816671
2999,0,2999,45970000000.0,35.18157127502462,-97.43714312487349,6.962000169827035,-24.3,143.1164119570872,-86.5555807781331
3000,0,3000,45980000000.0,35.18157113564486,-97.43714384099711,6.96103893006613,-24.3,143.18106872016114,-86.57098781731406
3001,0,3001,45990000000.0,35.181570996265094,-97.43714455712073,6.960077690305226,-24.23394987715501,143.2457254832351,-86.58639485649502
3002,0,3002,46000000000.0,35.18157085688533,-97.43714527324435,6.959116450544323,-24.259722788662483,143.31038224630905,-86.60180189567598
3003,0,3003,46010000000.0,35.181570717505565,-97.43714598936798,6.958155210783418,-24.357646615297472,143.37503900938302,-86.61720893485693
3004,0,3004,46020000000.0,35.1815705781258,-97.4371467054916,6.957193971022514,-24.332766013711733,143.439695772457,-86.63261597403789
3005,0,3005,46030000000.0,35.181570438746036,-97.43714742161521,6.95623273126161,-24.22600149297057,143.5043525342479,-86.64802301321885
3006,0,3006,46040000000.0,35.181570299366264,-97.43714813773883,6.955271491500706,-24.2,143.56900929732186,-86.66343005318524
3007,0,3007,46050000000.0,35.1815701599865,-97.43714885386245,6.954310251739802,-24.2,143.6336660603958,-86.6788370923662
3008,0,3008,46060000000.0,35.181570020606735,-97.43714956998608,6.953349011978898,-24.331035447008738,143.69832282346977,-86.69424413154715
3009,0,3009,46070000000.0,35.18156988122697,-97.4371502861097,6.952387772217993,-24.5,143.76297958654374,-86.70965117072811
3010,0,3010,46080000000.0,35.181569741847206,-97.43715100223332,6.95142653245709,-24.5,143.82763634961768,-86.72505820990906
3011,0,3011,46090000000.0,35.18156960246744,-97.43715171835694,6.950465292696186,-24.5,143.89229311269165,-86.74046524909002
3012,0,3012,46100000000.0,35.181569463087676,-97.43715243448057,6.949504052935281,-24.5,143.95694987576562,-86.75587228827098
3013,0,3013,46110000000.0,35.181569323707905,-97.43715315060419,6.948542813174377,-24.5,144.0216066388396,-86.77127932823737
3014,0,3014,46120000000.0,35.18156918432814,-97.43715386672781,6.947581573413474,-24.5,144.08626340191353,-86.78668636741833
3015,0,3015,46130000000.0,35.18156902841357,-97.4371546263499,6.952642694861421,-24.5,144.15484751709528,-86.80392116400199
3016,0,3016,46140000000.0,35.18156884717096,-97.43715545260298,6.966928877179527,-24.562239666702116,144.22944755583296,-86.82395572233574
3017,0,3017,46150000000.0,35.181568665928346,-97.43715627885605,6.981215059497631,-24.6,144.3040475932876,-86.84399028066949
3018,0,3018,46160000000.0,35.181568484685734,-97.43715710510914,6.995501241815736,-24.6,144.3786476320253,-86.86402483900324
3019,0,3019,46170000000.0,35.18156830344312,-97.43715793136222,7.009787424133842,-24.6,144.45324767076298,-86.88405939733698
3020,0,3020,46180000000.0,35.18156812220052,-97.43715875761531,7.024073606451947,-24.6,144.52784770950066,-86.9040939548853
3021,0,3021,46190000000.0,35.181567940957905,-97.43715958386838,7.038359788770052,-24.6,144.6024477469553,-86.92412851321905
3022,0,3022,46200000000.0,35.18156775971529,-97.43716041012146,7.0526459710881575,-24.6,144.677047785693,-86.9441630715528
3023,0,3023,46210000000.0,35.18156757847268,-97.43716123637455,7.066932153406262,-24.6,144.75164782443065,-86.96419762988654
3024,0,3024,46220000000.0,35.18156739723007,-97.43716206262764,7.081218335724367,-24.6,144.82624786316833,-86.98423218822029
3025,0,3025,46230000000.0,35.18156721598746,-97.4371628888807,7.095504518042473,-24.667944669445337,144.90084790062298,-87.00426674655404
3026,0,3026,46240000000.0,35.181567034744845,-97.43716371513379,7.109790700360578,-24.7,144.97544793936066,-87.02430130488779
3027,0,3027,46250000000.0,35.18156685350223,-97.43716454138688,7.124076882678683,-24.7,145.05004797809835,-87.04433586322153
3028,0,3028,46260000000.0,35.18156667225962,-97.43716536763996,7.138363064996788,-24.74455361437167,145.12464801683603,-87.06437042155528
3029,0,3029,46270000000.0,35.18156649101701,-97.43716619389303,7.152649247314893,-24.922912536446255,145.19924805429068,-87.08440497988903
3030,0,3030,46280000000.0,35.1815663097744,-97.43716702014612,7.166935429632998,-25.0,145.27384809302836,-87.10443953822278
3031,0,3031,46290000000.0,35.18156612853179,-97.4371678463992,7.181221611951104,-25.0,145.34844813176605,-87.12447409577109
3032,0,3032,46300000000.0,35.18156594728918,-97.43716867265229,7.195507794269209,-25.0,145.42304817050373,-87.14450865410484
3033,0,3033,46310000000.0,35.18156576604657,-97.43716949890536,7.209793976587314,-25.05280188745395,145.49764820795835,-87.16454321243859
3034,0,3034,46320000000.0,35.181565619763454,-97.43717026907521,7.208920538567053,-25.16077387686998,145.56718465084194,-87.1807133478184
3035,0,3035,46330000000.0,35.18156549352404,-97.43717100709024,7.199355475297607,-25.32813182247723,145.63381792696123,-87.19466785259655
3036,0,3036,46340000000.0,35.18156536728463,-97.43717174510527,7.189790412028161,-25.517633290499028,145.70045120308052,-87.20862235737471
3037,0,3037,46350000000.0,35.18156524104521,-97.4371724831203,7.180225348758715,-25.699066789872667,145.76708447919978,-87.22257686215286
3038,0,3038,46360000000.0,35.1815651148058,-97.43717322113534,7.1706602854892685,-25.878423351793906,145.83371775531907,-87.23653136693102
3039,0,3039,46370000000.0,35.181564988566386,-97.43717395915037,7.1610952222198225,-25.9,145.90035103143836,-87.25048587170917
3040,0,3040,46380000000.0,35.18156486232697,-97.4371746971654,7.151530158950377,-26.021414338021255,145.96698430755765,-87.26444037648733
3041,0,3041,46390000000.0,35.18156473608756,-97.43717543518044,7.14196509568093,-26.16134831023111,146.03361758367691,-87.27839488126548
3042,0,3042,46400000000.0,35.181564609848145,-97.43717617319547,7.132400032411484,-26.374038931143986,146.1002508597962,-87.29234938604364
3043,0,3043,46410000000.0,35.18156448360873,-97.4371769112105,7.122834969142038,-26.559926933622492,146.1668841359155,-87.3063038908218
3044,0,3044,46420000000.0,35.18156435736932,-97.43717764922555,7.113269905872591,-26.69286215733252,146.23351741331783,-87.32025839559995
3045,0,3045,46430000000.0,35.181564231129904,-97.43717838724058,7.103704842603145,-27.0,146.30015068943712,-87.3342129003781
3046,0,3046,46440000000.0,35.18156410489049,-97.43717912525561,7.094139779333699,-27.027444742257853,146.3667839655564,-87.34816740515626
3047,0,3047,46450000000.0,35.18156397865108,-97.43717986327064,7.084574716064252,-27.122751689627204,146.43341724167567,-87.36212190993442
3048,0,3048,46460000000.0,35.18156385241166,-97.43718060128568,7.075009652794806,-27.45160889275917,146.50005051779496,-87.376076415498
3049,0,3049,46470000000.0,35.18156372617224,-97.43718133930071,7.06544458952536,-27.51536332663728,146.56668379391425,-87.39003092027616
3050,0,3050,46480000000.0,35.18156359993283,-97.43718207731574,7.055879526255914,-27.636991414961216,146.63331707003354,-87.40398542505432
3051,0,3051,46490000000.0,35.181563473693416,-97.43718281533077,7.046314462986468,-27.850875632611228,146.6999503461528,-87.41793992983247
3052,0,3052,46500000000.0,35.181563347454,-97.4371835533458,7.036749399717022,-28.295359191608863,146.7665836222721,-87.43189443461063
3053,0,3053,46510000000.0,35.18156322121459,-97.43718429136084,7.027184336447576,-28.3925524381832,146.83321689839138,-87.44584893938878
3054,0,3054,46520000000.0,35.181563094700785,-97.43718503098002,7.018030572387126,-28.42448972162583,146.8999950086202,-87.4598337752694
3055,0,3055,46530000000.0,35.18156296156776,-97.43718580929618,7.018798647553789,-28.513342094564354,146.9702669591487,-87.47455030020191
3056,0,3056,46540000000.0,35.18156282843473,-97.43718658761236,7.019566722720451,-28.635153161236875,147.04053891096018,-87.48926682513442
3057,0,3057,46550000000.0,35.1815626953017,-97.43718736592852,7.020334797887113,-29.0,147.1108108614886,-87.50398335006693
3058,0,3058,46560000000.0,35.18156256216867,-97.4371881442447,7.021102873053776,-29.0,147.18108281330012,-87.51869987499944
3059,0,3059,46570000000.0,35.181562429035644,-97.43718892256086,7.021870948220438,-29.1,147.25135476382854,-87.53341639993195
3060,0,3060,46580000000.0,35.181562295902616,-97.43718970087703,7.0226390233871,-29.107281098760527,147.321626714357,-87.54813292486446
3061,0,3061,46590000000.0,35.18156216276959,-97.4371904791932,7.023407098553762,-29.195030870808555,147.3918986661685,-87.56284944979697
3062,0,3062,46600000000.0,35.18156202963655,-97.43719125750937,7.024175173720425,-29.2,147.46217061669697,-87.57756597551491
3063,0,3063,46610000000.0,35.181561896503524,-97.43719203582555,7.024943248887087,-29.2,147.53244256850846,-87.59228250044742
3064,0,3064,46620000000.0,35.181561763370496,-97.43719281414171,7.025711324053749,-29.2,147.6027145190369,-87.60699902537993
3065,0,3065,46630000000.0,35.18156163023747,-97.43719359245787,7.026479399220412,-29.2,147.67298646956533,-87.62171555031244
3066,0,3066,46640000000.0,35.18156149710444,-97.43719437077405,7.0272474743870745,-29.2,147.74325842137682,-87.63643207524495
3067,0,3067,46650000000.0,35.18156136397141,-97.43719514909021,7.028015549553737,-29.2,147.8135303719053,-87.65114860017746
3068,0,3068,46660000000.0,35.18156123083838,-97.43719592740639,7.028783624720399,-29.2,147.88380232371676,-87.66586512510997
3069,0,3069,46670000000.0,35.181561097705355,-97.43719670572256,7.029551699887062,-29.13186254863236,147.95407427424524,-87.68058165004248
3070,0,3070,46680000000.0,35.18156096457233,-97.43719748403872,7.030319775053724,-29.1,148.02434622477367,-87.695298174975
3071,0,3071,46690000000.0,35.1815608314393,-97.4371982623549,7.031087850220386,-29.1,148.0946181765852,-87.7100146999075
3072,0,3072,46700000000.0,35.18156069830627,-97.43719904067106,7.031855925387048,-29.034334492882543,148.1648901271136,-87.72473122484001
3073,0,3073,46710000000.0,35.18156056517324,-97.43719981898724,7.032624000553711,-29.0,148.23516207892513,-87.73944774977252
3074,0,3074,46720000000.0,35.18156044741309,-97.43720057311668,7.027090232475716,-29.0,148.30325027950857,-87.75246495695825
3075,0,3075,46730000000.0,35.18156034439548,-97.43720130405114,7.015513015524273,-29.0,148.36924427088874,-87.76385252381289
3076,0,3076,46740000000.0,35.18156024137787,-97.4372020349856,7.003935798572829,-28.928629830349696,148.43523826226894,-87.77524008988209
3077,0,3077,46750000000.0,35.18156013836026,-97.43720276592006,6.992358581621386,-28.9,148.5012322536491,-87.78662765673673
3078,0,3078,46760000000.0,35.181560035342656,-97.43720349685452,6.980781364669943,-28.9,148.56722624502925,-87.79801522280593
3079,0,3079,46770000000.0,35.181559932325044,-97.43720422778898,6.969204147718499,-28.9,148.63322023640944,-87.80940278966057
3080,0,3080,46780000000.0,35.18155982930744,-97.43720495872344,6.957626930767056,-28.9,148.6992142277896,-87.82079035572977
3081,0,3081,46790000000.0,35.18155972628983,-97.4372056896579,6.946049713815612,-28.9,148.76520821916978,-87.8321779225844
3082,0,3082,46800000000.0,35.18155962327222,-97.43720642059236,6.934472496864169,-28.8122189918949,148.83120221054998,-87.84356548865361
3083,0,3083,46810000000.0,35.18155952025461,-97.43720715152682,6.9228952799127255,-28.7,148.89719620193011,-87.85495305550825
3084,0,3084,46820000000.0,35.181559417237004,-97.43720788246128,6.911318062961282,-28.7,148.96319019331028,-87.86634062157745
3085,0,3085,46830000000.0,35.18155931421939,-97.43720861339574,6.899740846009838,-28.646356938752593,149.02918418469048,-87.87772818843209
3086,0,3086,46840000000.0,35.18155921120179,-97.4372093443302,6.888163629058394,-28.55013295289688,149.09517817607065,-87.88911575450129
3087,0,3087,46850000000.0,35.181559108184175,-97.43721007526466,6.876586412106951,-28.5,149.16117216745081,-87.90050332135593
3088,0,3088,46860000000.0,35.18155900516657,-97.43721080619912,6.8650091951555074,-28.47518523727911,149.22716615883098,-87.91189088742513
3089,0,3089,46870000000.0,35.18155890214896,-97.43721153713358,6.853431978204064,-28.412477435381334,149.29316015021115,-87.92327845427977
3090,0,3090,46880000000.0,35.18155879913135,-97.43721226806804,6.841854761252621,-28.389810235337997,149.35915414159132,-87.93466602034897
3091,0,3091,46890000000.0,35.18155869611374,-97.4372129990025,6.830277544301177,-28.299523527153386,149.42514813297151,-87.94605358720361
3092,0,3092,46900000000.0,35.181558593096135,-97.43721372993696,6.818700327349734,-28.20044618490309,149.49114212435165,-87.95744115327281
3093,0,3093,46910000000.0,35.18155849007852,-97.43721446087142,6.80712311039829,-28.103746521133104,149.55713611573182,-87.96882872012745
3094,0,3094,46920000000.0,35.18155838799443,-97.43721518884124,6.797084039004452,-28.1,149.62286243819875,-87.9801130958856
3095,0,3095,46930000000.0,35.18155829240919,-97.43721589617195,6.797753135629331,-28.08792699953235,149.68672531450642,-87.9906790878428
3096,0,3096,46940000000.0,35.181558196823964,-97.43721660350268,6.798422232254211,-28.0,149.75058819209715,-88.00124507901458
3097,0,3097,46950000000.0,35.18155810123873,-97.43721731083339,6.79909132887909,-28.0,149.81445106840482,-88.01181107097179
3098,0,3098,46960000000.0,35.1815580056535,-97.4372180181641,6.799760425503969,-28.0,149.87831394471252,-88.02237706214356
3099,0,3099,46970000000.0,35.181557910068264,-97.43721872549483,6.800429522128849,-28.0,149.94217682230325,-88.03294305410077
3100,0,3100,46980000000.0,35.181557814483035,-97.43721943282554,6.801098618753728,-28.0,150.00603969861095,-88.04350904527254
3101,0,3101,46990000000.0,35.1815577188978,-97.43722014015626,6.801767715378607,-28.0,150.06990257491861,-88.05407503722975
3102,0,3102,47000000000.0,35.18155762331257,-97.43722084748698,6.802436812003486,-28.0,150.13376545250932,-88.06464102840152
3103,0,3103,47010000000.0,35.181557527727335,-97.4372215548177,6.803105908628366,-28.0,150.19762832881702,-88.07520702035873
3104,0,3104,47020000000.0,35.18155743214211,-97.43722226214841,6.803775005253245,-28.0,150.2614912051247,-88.0857730115305
3105,0,3105,47030000000.0,35.18155733655687,-97.43722296947914,6.804444101878124,-28.0,150.32535408271545,-88.09633900348771
3106,0,3106,47040000000.0,35.18155724097164,-97.43722367680985,6.805113198503003,-28.0,150.38921695902312,-88.10690499465949
3107,0,3107,47050000000.0,35.18155714538641,-97.43722438414056,6.805782295127883,-28.0,150.4530798353308,-88.1174709866167
3108,0,3108,47060000000.0,35.18155704980118,-97.43722509147129,6.806451391752762,-28.0,150.51694271292155,-88.12803697778847
3109,0,3109,47070000000.0,35.18155695421594,-97.437225798802,6.807120488377641,-28.0,150.58080558922921,-88.13860296974568
3110,0,3110,47080000000.0,35.181556858630714,-97.43722650613272,6.80778958500252,-28.0,150.64466846553688,-88.14916896091745
3111,0,3111,47090000000.0,35.18155676304548,-97.43722721346344,6.8084586816274,-28.0,150.70853134312762,-88.15973495287466
3112,0,3112,47100000000.0,35.18155666746025,-97.43722792079416,6.809127778252279,-28.0,150.7723942194353,-88.17030094404643
3113,0,3113,47110000000.0,35.181556571875014,-97.43722862812487,6.809796874877158,-28.0,150.83625709574298,-88.18086693600364
3114,0,3114,47120000000.0,35.181556476289785,-97.4372293354556,6.810465971502037,-28.0,150.90011997333374,-88.19143292717541
3115,0,3115,47130000000.0,35.18155637847927,-97.4372300603294,6.811591819884529,-28.0,150.96556676501973,-88.20224490133398
3116,0,3116,47140000000.0,35.181556271870534,-97.43723085456452,6.814523560305568,-28.0,151.03727599283792,-88.21402943121456
3117,0,3117,47150000000.0,35.18155616526179,-97.43723164879965,6.817455300726605,-28.0,151.10898522193918,-88.22581396188056
3118,0,3118,47160000000.0,35.18155605865305,-97.43723244303479,6.820387041147643,-28.055046152217233,151.18069445104044,-88.23759849176113
3119,0,3119,47170000000.0,35.181555952044306,-97.43723323726992,6.823318781568681,-28.1,151.25240368014173,-88.24938302242714
3120,0,3120,47180000000.0,35.18155584543556,-97.43723403150506,6.826250521989719,-28.1,151.32411290924296,-88.26116755309314
3121,0,3121,47190000000.0,35.18155573882682,-97.43723482574019,6.8291822624107565,-28.1,151.39582213834422,-88.27295208297372
3122,0,3122,47200000000.0,35.18155563221808,-97.43723561997531,6.832114002831794,-28.1,151.4675313661624,-88.28473661363972
3123,0,3123,47210000000.0,35.18155552560933,-97.43723641421045,6.835045743252833,-28.1,151.5392405952637,-88.29652114430573
3124,0,3124,47220000000.0,35.181555419000595,-97.43723720844558,6.83797748367387,-28.1,151.61094982436495,-88.3083056741863
3125,0,3125,47230000000.0,35.18155531239185,-97.43723800268071,6.840909224094908,-28.1,151.6826590534662,-88.3200902048523
3126,0,3126,47240000000.0,35.18155520578311,-97.43723879691585,6.843840964515946,-28.1,151.75436828256747,-88.33187473473288
3127,0,3127,47250000000.0,35.18155509917437,-97.43723959115098,6.846772704936984,-28.1,151.82607751166873,-88.34365926539888
3128,0,3128,47260000000.0,35.18155499256562,-97.4372403853861,6.849704445358022,-28.1,151.89778673948695,-88.35544379606489
3129,0,3129,47270000000.0,35.181554885956885,-97.43724117962124,6.85263618577906,-28.1,151.9694959685882,-88.36722832594546
3130,0,3130,47280000000.0,35.18155477934814,-97.43724197385637,6.855567926200098,-28.1,152.04120519768944,-88.37901285661147
3131,0,3131,47290000000.0,35.181554672739395,-97.43724276809151,6.858499666621135,-28.1,152.1129144267907,-88.39079738727747
3132,0,3132,47300000000.0,35.18155456613066,-97.43724356232664,6.861431407042174,-28.1,152.18462365589195,-88.40258191715805
3133,0,3133,47310000000.0,35.18155445952191,-97.43724435656176,6.864363147463211,-28.135176834556383,152.25633288371017,-88.41436644782405
3134,0,3134,47320000000.0,35.181554364834376,-97.4372451274799,6.864857117126284,-28.2,152.32593688727547,-88.42483320805727
3135,0,3135,47330000000.0,35.18155428521629,-97.43724586892328,6.862269529460867,-28.2,152.392879699761,-88.43363419092924
3136,0,3136,47340000000.0,35.18155420559821,-97.43724661036669,6.85968194179545,-28.2,152.45982251352962,-88.44243517380121
3137,0,3137,47350000000.0,35.18155412598013,-97.43724735181007,6.857094354130032,-28.2,152.52676532601515,-88.45123615667319
3138,0,3138,47360000000.0,35.181554046362045,-97.43724809325346,6.854506766464615,-28.2,152.59370813850072,-88.46003713954516
3139,0,3139,47370000000.0,35.18155396674396,-97.43724883469685,6.851919178799197,-28.2,152.66065095098625,-88.46883812241714
3140,0,3140,47380000000.0,35.18155388712588,-97.43724957614023,6.8493315911337795,-28.2,152.7275937634718,-88.47763910528911
3141,0,3141,47390000000.0,35.181553807507804,-97.43725031758362,6.846744003468363,-28.201431839898234,152.79453657595735,-88.48644008737566
3142,0,3142,47400000000.0,35.18155372788972,-97.437251059027,6.844156415802945,-28.287873156357993,152.8614793884429,-88.49524107024763
3143,0,3143,47410000000.0,35.18155364827164,-97.4372518004704,6.841568828137528,-28.3,152.9284222022115,-88.5040420531196
3144,0,3144,47420000000.0,35.181553568653555,-97.4372525419138,6.83898124047211,-28.3,152.99536501469703,-88.51284303599158
3145,0,3145,47430000000.0,35.18155348903547,-97.43725328335718,6.836393652806692,-28.30598250347243,153.06230782718256,-88.52164401886355
3146,0,3146,47440000000.0,35.18155340941739,-97.43725402480057,6.8338060651412755,-28.4,153.12925063966813,-88.53044500173553
3147,0,3147,47450000000.0,35.18155332979931,-97.43725476624395,6.831218477475858,-28.4,153.19619345215366,-88.5392459846075
3148,0,3148,47460000000.0,35.181553250181224,-97.43725550768734,6.828630889810441,-28.488440867296152,153.2631362646392,-88.54804696747948
3149,0,3149,47470000000.0,35.18155317056314,-97.43725624913073,6.826043302145023,-28.5,153.33007907712474,-88.55684795035145
3150,0,3150,47480000000.0,35.18155309094506,-97.43725699057411,6.823455714479605,-28.5,153.3970218896103,-88.56564893322343
3151,0,3151,47490000000.0,35.181553011326976,-97.43725773201751,6.820868126814188,-28.5,153.4639647033789,-88.5744499160954
3152,0,3152,47500000000.0,35.18155293170889,-97.4372584734609,6.818280539148771,-28.5,153.53090751586444,-88.58325089896738
3153,0,3153,47510000000.0,35.18155285209081,-97.43725921490429,6.815692951483354,-28.5,153.59785032835,-88.59205188183935
3154,0,3154,47520000000.0,35.181552782934006,-97.43725995428332,6.813778142074177,-28.5,153.66460675618822,-88.59969647503391
3155,0,3155,47530000000.0,35.18155273357343,-97.43726068975587,6.813136454599602,-28.5,153.73101047918678,-88.60515279272008
3156,0,3156,47540000000.0,35.18155268421285,-97.43726142522844,6.812494767125026,-28.5,153.79741420346838,-88.61060911119168
3157,0,3157,47550000000.0,35.18155263485228,-97.43726216070101,6.81185307965045,-28.5,153.86381792774998,-88.61606542887785
3158,0,3158,47560000000.0,35.18155258549171,-97.43726289617358,6.811211392175874,-28.5,153.9302216520316,-88.62152174656401
3159,0,3159,47570000000.0,35.18155253613113,-97.43726363164615,6.810569704701298,-28.5,153.9966253763132,-88.62697806503562
3160,0,3160,47580000000.0,35.181552486770556,-97.43726436711871,6.8099280172267225,-28.5,154.0630291005948,-88.63243438272178
3161,0,3161,47590000000.0,35.181552437409984,-97.43726510259128,6.809286329752147,-28.5,154.1294328248764,-88.63789070040795
3162,0,3162,47600000000.0,35.181552388049404,-97.43726583806385,6.808644642277571,-28.5,154.195836549158,-88.64334701887955
3163,0,3163,47610000000.0,35.18155233868883,-97.43726657353642,6.808002954802995,-28.5,154.26224027343963,-88.64880333656572
3164,0,3164,47620000000.0,35.18155228932826,-97.43726730900899,6.807361267328418,-28.5,154.32864399772123,-88.65425965425189
3165,0,3165,47630000000.0,35.18155223996768,-97.43726804448154,6.8067195798538425,-28.5,154.3950477207198,-88.65971597272349
3166,0,3166,47640000000.0,35.18155219060711,-97.43726877995411,6.806077892379267,-28.5,154.4614514450014,-88.66517229040966
3167,0,3167,47650000000.0,35.181552141246534,-97.43726951542668,6.805436204904691,-28.5,154.527855169283,-88.67062860809583
3168,0,3168,47660000000.0,35.181552091885955,-97.43727025089925,6.804794517430115,-28.5,154.59425889356461,-88.67608492656743
3169,0,3169,47670000000.0,35.18155204252538,-97.43727098637181,6.804152829955539,-28.5,154.6606626178462,-88.6815412442536
3170,0,3170,47680000000.0,35.18155199316481,-97.43727172184438,6.803511142480963,-28.5,154.7270663421278,-88.68699756193976
3171,0,3171,47690000000.0,35.18155194380423,-97.43727245731695,6.8028694550063875,-28.5010936327977,154.7934700664094,-88.69245388041136
3172,0,3172,47700000000.0,35.18155189444366,-97.43727319278952,6.802227767531812,-28.58643834906791,154.85987379069104,-88.69791019809753
3173,0,3173,47710000000.0,35.181551845083085,-97.43727392826209,6.801586080057236,-28.6,154.92627751497264,-88.7033665157837
3174,0,3174,47720000000.0,35.18155179485477,-97.43727466388661,6.80055408001483,-28.6,154.9926949589893,-88.70891875380437
3175,0,3175,47730000000.0,35.18155173548086,-97.43727540111271,6.795408340780183,-28.6,155.05925700488208,-88.7154819458415
3176,0,3176,47740000000.0,35.18155167610694,-97.43727613833882,6.790262601545535,-28.6,155.12581905077488,-88.72204513866407
3177,0,3177,47750000000.0,35.181551616733024,-97.43727687556492,6.785116862310889,-28.6,155.19238109666767,-88.72860833148664
3178,0,3178,47760000000.0,35.181551557359114,-97.43727761279102,6.779971123076241,-28.6,155.2589431425605,-88.73517152352377
3179,0,3179,47770000000.0,35.1815514979852,-97.43727835001712,6.774825383841594,-28.6,155.3255051884533,-88.74173471634634
3180,0,3180,47780000000.0,35.18155143861129,-97.43727908724323,6.769679644606947,-28.6,155.3920672343461,-88.74829790838348
3181,0,3181,47790000000.0,35.18155137923737,-97.43727982446933,6.7645339053723,-28.6,155.45862928023888,-88.75486110120605
3182,0,3182,47800000000.0,35.18155131986346,-97.43728056169543,6.7593881661376525,-28.6,155.52519132613168,-88.76142429324318
3183,0,3183,47810000000.0,35.18155126048954,-97.43728129892153,6.754242426903005,-28.6,155.59175337202447,-88.76798748606575
3184,0,3184,47820000000.0,35.18155120111563,-97.43728203614764,6.7490966876683585,-28.6,155.6583154179173,-88.77455067810288
3185,0,3185,47830000000.0,35.181551141741714,-97.43728277337374,6.743950948433711,-28.6,155.7248774638101,-88.78111387092545
3186,0,3186,47840000000.0,35.1815510823678,-97.43728351059984,6.738805209199064,-28.6,155.79143950970288,-88.78767706374802
3187,0,3187,47850000000.0,35.18155102299389,-97.43728424782594,6.733659469964417,-28.6,155.85800155559568,-88.79424025578516
3188,0,3188,47860000000.0,35.18155096361997,-97.43728498505205,6.7285137307297695,-28.6,155.92456360148847,-88.80080344860772
3189,0,3189,47870000000.0,35.18155090424606,-97.43728572227815,6.723367991495122,-28.6,155.99112564738127,-88.80736664064486
3190,0,3190,47880000000.0,35.18155084487214,-97.43728645950425,6.718222252260475,-28.6,156.0576876932741,-88.81392983346743
3191,0,3191,47890000000.0,35.18155078549823,-97.43728719673035,6.713076513025828,-28.52756259407823,156.12424973916688,-88.82049302550456
3192,0,3192,47900000000.0,35.181550726124314,-97.43728793395645,6.707930773791181,-28.5,156.19081178505968,-88.82705621832713
3193,0,3193,47910000000.0,35.1815506667504,-97.43728867118256,6.702785034556533,-28.5,156.25737383095247,-88.8336194111497
3194,0,3194,47920000000.0,35.18155060737649,-97.43728940840866,6.697639295321887,-28.5,156.32393587684527,-88.84018260318683
3195,0,3195,47930000000.0,35.18155055574909,-97.43729013721314,6.688680828474277,-28.5,156.38973755841806,-88.84588949550661
3196,0,3196,47940000000.0,35.181550505220635,-97.43729086482291,6.679181478621403,-28.5,156.45543137333726,-88.85147491104235
3197,0,3197,47950000000.0,35.18155045469217,-97.4372915924327,6.669682128768528,-28.42313717573066,156.52112518953953,-88.85706032736351
3198,0,3198,47960000000.0,35.181550404163715,-97.43729232004247,6.660182778915654,-28.4,156.58681900445873,-88.86264574289925
3199,0,3199,47970000000.0,35.18155035363526,-97.43729304765225,6.650683429062779,-28.4,156.65251281937793,-88.86823115843498
3200,0,3200,47980000000.0,35.1815503031068,-97.43729377526202,6.641184079209904,-28.4,156.71820663429713,-88.87381657397071
3201,0,3201,47990000000.0,35.18155025257835,-97.4372945028718,6.63168472935703,-28.4,156.78390044921633,-88.87940198950645
3202,0,3202,48000000000.0,35.18155020204989,-97.43729523048158,6.622185379504155,-28.32371036515098,156.8495942654186,-88.88498740504218
3203,0,3203,48010000000.0,35.181550151521435,-97.43729595809135,6.612686029651281,-28.3,156.91528808033777,-88.89057282057792
3204,0,3204,48020000000.0,35.18155010099298,-97.43729668570113,6.603186679798406,-28.397783470397602,156.98098189525697,-88.89615823611365
3205,0,3205,48030000000.0,35.18155005046452,-97.4372974133109,6.593687329945532,-28.135304920348762,157.0466757101762,-88.90174365164938
3206,0,3206,48040000000.0,35.18154999993606,-97.43729814092067,6.584187980092658,-28.1,157.1123695250954,-88.90732906797055
3207,0,3207,48050000000.0,35.181549949407604,-97.43729886853045,6.574688630239783,-28.02417971949647,157.1780633400146,-88.91291448350628
3208,0,3208,48060000000.0,35.18154989887915,-97.43729959614024,6.5651892803869085,-28.0,157.24375715621687,-88.91849989904202
3209,0,3209,48070000000.0,35.18154984835069,-97.43730032375001,6.555689930534034,-27.904204020920275,157.30945097113607,-88.92408531457775
3210,0,3210,48080000000.0,35.181549797822235,-97.43730105135978,6.546190580681159,-27.9,157.37514478605527,-88.92967073011349
3211,0,3211,48090000000.0,35.18154974729378,-97.43730177896956,6.536691230828285,-27.814121397532453,157.44083860097447,-88.93525614564922
3212,0,3212,48100000000.0,35.18154969676532,-97.43730250657933,6.52719188097541,-27.8,157.50653241589367,-88.94084156118495
3213,0,3213,48110000000.0,35.18154964623687,-97.43730323418912,6.5176925311225355,-27.8,157.57222623209591,-88.94642697672069
3214,0,3214,48120000000.0,35.18154959703334,-97.43730395265821,6.508818292084545,-27.707357322186986,157.63709476126294,-88.95186593474591
3215,0,3215,48130000000.0,35.18154956210438,-97.43730457264726,6.506678893239378,-27.40860395885118,157.69307180766037,-88.95572698190477
3216,0,3216,48140000000.0,35.18154952717541,-97.43730519263632,6.504539494394212,-27.4,157.7490488540578,-88.95958802984907
3217,0,3217,48150000000.0,35.181549492246454,-97.43730581262537,6.502400095549046,-27.4,157.80502590045523,-88.96344907700794
3218,0,3218,48160000000.0,35.181549457317495,-97.43730643261442,6.500260696703879,-27.470211079686347,157.8610029468527,-88.9673101241668
3219,0,3219,48170000000.0,35.181549422388535,-97.43730705260349,6.498121297858713,-27.405367370519524,157.91697999453316,-88.97117117132566
3220,0,3220,48180000000.0,35.181549387459576,-97.43730767259254,6.495981899013546,-27.311876723859974,157.9729570409306,-88.97503221848453
3221,0,3221,48190000000.0,35.18154935253062,-97.43730829258159,6.4938425001683795,-27.212977457800523,158.02893408732805,-88.97889326564339
3222,0,3222,48200000000.0,35.18154931760165,-97.43730891257064,6.491703101323213,-27.12499636466508,158.08491113372548,-88.98275431358769
3223,0,3223,48210000000.0,35.18154928267269,-97.4373095325597,6.489563702478047,-27.031093412536954,158.14088818012291,-88.98661536074655
3224,0,3224,48220000000.0,35.18154924774373,-97.43731015254875,6.4874243036328805,-26.906062745972896,158.19686522652037,-88.99047640790542
3225,0,3225,48230000000.0,35.18154921281477,-97.4373107725378,6.485284904787713,-26.809291168638225,158.2528422729178,-88.99433745506428
3226,0,3226,48240000000.0,35.18154917788581,-97.43731139252685,6.483145505942547,-26.8,158.30881931931523,-88.99819850222315
3227,0,3227,48250000000.0,35.18154914295685,-97.4373120125159,6.481006107097381,-26.729003800607508,158.36479636571266,-89.00205955016744
3228,0,3228,48260000000.0,35.18154910802789,-97.43731263250496,6.478866708252214,-26.37321827233423,158.42077341211012,-89.00592059732631
3229,0,3229,48270000000.0,35.18154907309893,-97.43731325249401,6.476727309407048,-26.2,158.47675045850755,-89.00978164448517
3230,0,3230,48280000000.0,35.18154903816997,-97.43731387248306,6.4745879105618815,-26.2,158.53272750490498,-89.01364269164404
3231,0,3231,48290000000.0,35.18154900324101,-97.43731449247211,6.472448511716714,-26.279458122099996,158.5887045513024,-89.0175037388029
3232,0,3232,48300000000.0,35.18154896831205,-97.43731511246116,6.470309112871548,-26.3,158.64468159769984,-89.02136478596177
3233,0,3233,48310000000.0,35.181548933383084,-97.43731573245022,6.468169714026382,-26.153607307059747,158.7006586440973,-89.02522583390606
3234,0,3234,48320000000.0,35.181548898454125,-97.43731635243927,6.466030315181215,-25.9008701059573,158.75663569049473,-89.02908688106493
3235,0,3235,48330000000.0,35.181548863525165,-97.43731697242832,6.463890916336049,-25.808029125891995,158.8126127368922,-89.03294792822379
3236,0,3236,48340000000.0,35.181548828596206,-97.43731759241737,6.461751517490883,-25.63363401619214,158.86858978328962,-89.03680897538266
3237,0,3237,48350000000.0,35.18154879259005,-97.43731824608197,6.458539180305654,-25.462995377698533,158.92760729901272,-89.04078909589771
3238,0,3238,48360000000.0,35.18154875171969,-97.43731905181185,6.450481881514257,-25.332957738653676,159.00035435620907,-89.04530690563774
3239,0,3239,48370000000.0,35.181548710849334,-97.43731985754172,6.442424582722859,-25.19905022550926,159.07310141212238,-89.04982471459235
3240,0,3240,48380000000.0,35.18154866997898,-97.4373206632716,6.434367283931461,-25.077426159901346,159.14584846931874,-89.05434252354695
3241,0,3241,48390000000.0,35.18154862910862,-97.43732146900149,6.426309985140064,-24.897665237613023,159.2185955265151,-89.05886033328699
3242,0,3242,48400000000.0,35.181548588238265,-97.43732227473137,6.418252686348667,-24.686795496250575,159.29134258371144,-89.06337814224159
3243,0,3243,48410000000.0,35.18154854736791,-97.43732308046124,6.410195387557269,-24.5475558520046,159.36408963962475,-89.06789595119619
3244,0,3244,48420000000.0,35.181548506497556,-97.43732388619112,6.402138088765871,-24.5,159.4368366968211,-89.0724137601508
3245,0,3245,48430000000.0,35.181548465627195,-97.437324691921,6.394080789974474,-24.212652744550173,159.50958375401746,-89.07693156989083
3246,0,3246,48440000000.0,35.18154842475684,-97.43732549765089,6.386023491183076,-24.03134102008349,159.5823308112138,-89.08144937884543
3247,0,3247,48450000000.0,35.181548383886486,-97.43732630338076,6.377966192391678,-23.945241471583813,159.65507786712712,-89.08596718780004
3248,0,3248,48460000000.0,35.181548343016125,-97.43732710911064,6.369908893600281,-23.9,159.72782492432347,-89.09048499754007
3249,0,3249,48470000000.0,35.18154830214577,-97.43732791484052,6.361851594808884,-23.831670799492386,159.80057198151985,-89.09500280649468
3250,0,3250,48480000000.0,35.18154826127542,-97.4373287205704,6.353794296017486,-23.669565328480033,159.8733190387162,-89.09952061544928
3251,0,3251,48490000000.0,35.18154822040506,-97.43732952630027,6.345736997226088,-23.526397137309544,159.9460660946295,-89.10403842440388
3252,0,3252,48500000000.0,35.1815481795347,-97.43733033203016,6.33767969843469,-23.43938404463522,160.01881315182587,-89.10855623414392
3253,0,3253,48510000000.0,35.18154813866435,-97.43733113776004,6.329622399643293,-23.4,160.09156020902222,-89.11307404309852
3254,0,3254,48520000000.0,35.18154809783785,-97.4373319372972,6.321508109411045,-23.4,160.16374814307,-89.11758700435485
3255,0,3255,48530000000.0,35.181548057779956,-97.43733262829574,6.312394940380572,-23.4,160.2261364333386,-89.122015003651
3256,0,3256,48540000000.0,35.18154801772207,-97.43733331929427,6.303281771350099,-23.333063185285827,160.28852472360725,-89.12644300216172
3257,0,3257,48550000000.0,35.18154797766419,-97.43733401029279,6.294168602319625,-23.35379772998034,160.3509130125928,-89.13087100067244
3258,0,3258,48560000000.0,35.1815479376063,-97.43733470129132,6.285055433289152,-23.4,160.41330130286144,-89.1352989999686
3259,0,3259,48570000000.0,35.18154789754841,-97.43733539228985,6.275942264258679,-23.332651856856216,160.47568959313008,-89.13972699847932
3260,0,3260,48580000000.0,35.18154785749053,-97.43733608328839,6.266829095228205,-23.235302159892075,160.5380778833987,-89.14415499699004
3261,0,3261,48590000000.0,35.181547817432644,-97.43733677428692,6.257715926197732,-23.346021106093456,160.60046617366731,-89.14858299550076
3262,0,3262,48600000000.0,35.18154777737475,-97.43733746528545,6.248602757167259,-23.4,160.66285446393596,-89.15301099479692
3263,0,3263,48610000000.0,35.18154773731687,-97.43733815628397,6.2394895881367844,-23.4,160.7252427529215,-89.15743899330764
3264,0,3264,48620000000.0,35.181547697258985,-97.4373388472825,6.230376419106311,-23.266355724235922,160.78763104319015,-89.16186699181836
3265,0,3265,48630000000.0,35.1815476572011,-97.43733953828104,6.221263250075838,-23.0474369803939,160.8500193334588,-89.16629499032908
3266,0,3266,48640000000.0,35.18154761714321,-97.43734022927957,6.2121500810453645,-23.0,160.9124076237274,-89.17072298962523
3267,0,3267,48650000000.0,35.181547577085325,-97.4373409202781,6.203036912014891,-23.052610395722347,160.97479591399602,-89.17515098813595
3268,0,3268,48660000000.0,35.18154753702744,-97.43734161127662,6.193923742984418,-23.19963239894368,161.0371842029816,-89.17957898664667
3269,0,3269,48670000000.0,35.18154749696956,-97.43734230227516,6.1848105739539445,-23.37147608616541,161.0995724932502,-89.1840069851574
3270,0,3270,48680000000.0,35.181547456911666,-97.43734299327369,6.175697404923471,-23.33086774199254,161.16196078351885,-89.18843498445355
3271,0,3271,48690000000.0,35.18154741685378,-97.43734368427222,6.166584235892998,-23.16015816516073,161.2243490737875,-89.19286298296427
3272,0,3272,48700000000.0,35.1815473767959,-97.43734437527075,6.1574710668625245,-23.1,161.2867373640561,-89.19729098147499
3273,0,3273,48710000000.0,35.181547336738014,-97.43734506626927,6.148357897832051,-23.049508302703934,161.34912565304168,-89.20171897998571
3274,0,3274,48720000000.0,35.18154729834576,-97.43734575583053,6.139834576186596,-23.0,161.41138417614633,-89.2059628594285
3275,0,3275,48730000000.0,35.18154727838558,-97.43734642948672,6.1378385578340255,-23.0,161.47220667550846,-89.20816925803962
3276,0,3276,48740000000.0,35.1815472584254,-97.43734710314293,6.135842539481454,-23.13422349897518,161.5330291761537,-89.21037565665074
3277,0,3277,48750000000.0,35.18154723846521,-97.43734777679911,6.133846521128884,-22.918226463229527,161.59385167551582,-89.2125820560473
3278,0,3278,48760000000.0,35.181547218505024,-97.4373484504553,6.131850502776314,-22.7,161.654674174878,-89.21478845465842
3279,0,3279,48770000000.0,35.18154719854484,-97.4373491241115,6.129854484423744,-22.7,161.7154966755232,-89.21699485326954
3280,0,3280,48780000000.0,35.18154717858466,-97.4373497977677,6.1278584660711735,-22.628467588155974,161.77631917488537,-89.21920125188066
3281,0,3281,48790000000.0,35.181547158624475,-97.4373504714239,6.125862447718603,-22.539236855657954,161.83714167553057,-89.22140765049178
3282,0,3282,48800000000.0,35.18154713866429,-97.43735114508009,6.123866429366032,-22.5,161.89796417489276,-89.2236140491029
3283,0,3283,48810000000.0,35.18154711870411,-97.43735181873627,6.121870411013462,-22.5,161.9587866742549,-89.22582044771403
3284,0,3284,48820000000.0,35.18154709874393,-97.43735249239248,6.119874392660892,-22.5,162.01960917490013,-89.22802684632515
3285,0,3285,48830000000.0,35.181547078783744,-97.43735316604867,6.117878374308321,-22.5,162.0804316742623,-89.23023324493627
3286,0,3286,48840000000.0,35.18154705882356,-97.43735383970487,6.115882355955751,-22.5,162.14125417490752,-89.2324396435474
3287,0,3287,48850000000.0,35.18154703886338,-97.43735451336106,6.113886337603181,-22.5,162.20207667426968,-89.23464604215852
3288,0,3288,48860000000.0,35.181547018903196,-97.43735518701726,6.11189031925061,-22.5,162.26289917491488,-89.23685244076964
3289,0,3289,48870000000.0,35.181546998943006,-97.43735586067345,6.1098943008980395,-22.5,162.32372167427704,-89.2390588401662
3290,0,3290,48880000000.0,35.18154697898282,-97.43735653432964,6.107898282545469,-22.45186258354708,162.3845441736392,-89.24126523877732
3291,0,3291,48890000000.0,35.18154695902264,-97.43735720798584,6.105902264192899,-22.382174116749404,162.44536667428443,-89.24347163738844
3292,0,3292,48900000000.0,35.18154693906246,-97.43735788164203,6.103906245840329,-22.26516926987054,162.5061891736466,-89.24567803599956
3293,0,3293,48910000000.0,35.181546919102274,-97.43735855529823,6.101910227487759,-22.019798274541905,162.56701167429182,-89.24788443461068
3294,0,3294,48920000000.0,35.18154689935489,-97.43735922903005,6.1000430074764775,-21.5,162.62784100208657,-89.25006731026073
3295,0,3295,48930000000.0,35.18154688434565,-97.43735990444586,6.101043623480705,-21.5,162.6888223722086,-89.25172643185476
3296,0,3296,48940000000.0,35.18154686933641,-97.43736057986166,6.102044239484933,-21.5,162.7498037423306,-89.2533855534488
3297,0,3297,48950000000.0,35.181546854327166,-97.43736125527745,6.10304485548916,-21.538418922130845,162.81078511116954,-89.25504467504283
3298,0,3298,48960000000.0,35.181546839317924,-97.43736193069326,6.104045471493388,-21.574234332574584,162.87176648129156,-89.25670379663686
3299,0,3299,48970000000.0,35.18154682430869,-97.43736260610906,6.105046087497615,-21.389002409834564,162.93274785141358,-89.25836291744545
3300,0,3300,48980000000.0,35.18154680929945,-97.43736328152487,6.1060467035018435,-21.06788714349882,162.99372922153557,-89.26002203903948
3301,0,3301,48990000000.0,35.181546794290206,-97.43736395694067,6.107047319506071,-20.810282355680513,163.0547105916576,-89.26168116063351
3302,0,3302,49000000000.0,35.181546779280964,-97.43736463235648,6.108047935510299,-20.667386759337756,163.1156919617796,-89.26334028222755
3303,0,3303,49010000000.0,35.18154676427173,-97.43736530777227,6.109048551514526,-20.609000235881556,163.17667333061854,-89.26499940303614
3304,0,3304,49020000000.0,35.18154674926249,-97.43736598318807,6.110049167518754,-20.339735279312066,163.23765470074056,-89.26665852463017
3305,0,3305,49030000000.0,35.181546734253246,-97.43736665860388,6.111049783522981,-20.2,163.29863607086259,-89.2683176462242
3306,0,3306,49040000000.0,35.181546719244004,-97.43736733401968,6.112050399527209,-20.118670476668193,163.3596174409846,-89.26997676781824
3307,0,3307,49050000000.0,35.18154670423476,-97.43736800943549,6.113051015531436,-19.96084218001552,163.4205988111066,-89.27163588941227
3308,0,3308,49060000000.0,35.18154668922553,-97.43736868485128,6.1140516315356646,-19.693202489646847,163.48158017994552,-89.27329501022086
3309,0,3309,49070000000.0,35.181546674216285,-97.43736936026708,6.115052247539892,-19.395759016351626,163.54256155006755,-89.2749541318149
3310,0,3310,49080000000.0,35.181546659207044,-97.43737003568289,6.11605286354412,-19.032726887476805,163.60354292018957,-89.27661325340893
3311,0,3311,49090000000.0,35.1815466441978,-97.4373707110987,6.117053479548347,-18.7,163.6645242903116,-89.27827237500296
3312,0,3312,49100000000.0,35.18154662918857,-97.4373713865145,6.118054095552575,-18.7,163.7255056604336,-89.27993149581155
3313,0,3313,49110000000.0,35.181546614179325,-97.4373720619303,6.119054711556802,-18.7,163.7864870305556,-89.28159061740558
3314,0,3314,49120000000.0,35.18154659943855,-97.4373727370556,6.119483467470037,-18.66204043766969,163.8474421711308,-89.28322006294906
3315,0,3315,49130000000.0,35.18154658928458,-97.43737340721745,6.110141817367157,-18.6,163.9079491768902,-89.28434248260857
3316,0,3316,49140000000.0,35.18154657913061,-97.4373740773793,6.100800167264276,-18.55106464942157,163.96845618264962,-89.28546490226807
3317,0,3317,49150000000.0,35.18154656897665,-97.43737474754116,6.091458517161396,-18.5,164.02896318840902,-89.28658732114215
3318,0,3318,49160000000.0,35.18154655882268,-97.43737541770301,6.082116867058516,-18.471324019165074,164.0894701941684,-89.28770974080166
3319,0,3319,49170000000.0,35.18154654866871,-97.43737608786486,6.072775216955635,-18.35728159457851,164.1499771999278,-89.28883216046117
3320,0,3320,49180000000.0,35.181546538514745,-97.43737675802672,6.063433566852755,-18.253388477383936,164.2104842056872,-89.28995458012068
3321,0,3321,49190000000.0,35.18154652836078,-97.43737742818858,6.054091916749875,-18.241815188846047,164.27099121272965,-89.29107699978019
3322,0,3322,49200000000.0,35.18154651820681,-97.43737809835044,6.044750266646995,-18.3,164.33149821848906,-89.2921994194397
3323,0,3323,49210000000.0,35.18154650805285,-97.43737876851229,6.035408616544114,-18.3,164.39200522424844,-89.29332183831377
3324,0,3324,49220000000.0,35.18154649789888,-97.43737943867414,6.026066966441234,-18.264577071493704,164.45251223000784,-89.29444425797328
3325,0,3325,49230000000.0,35.18154648774491,-97.437380108836,6.016725316338354,-18.2,164.51301923576725,-89.29556667763279
3326,0,3326,49240000000.0,35.18154647759094,-97.43738077899785,6.007383666235473,-18.2,164.57352624152662,-89.2966890972923
3327,0,3327,49250000000.0,35.181546467436974,-97.4373814491597,5.998042016132593,-18.2,164.63403324728603,-89.29781151695181
3328,0,3328,49260000000.0,35.181546457283005,-97.43738211932157,5.988700366029713,-18.2,164.6945402543285,-89.29893393661132
3329,0,3329,49270000000.0,35.18154644712904,-97.43738278948342,5.979358715926833,-18.2,164.7550472600879,-89.30005635627083
3330,0,3330,49280000000.0,35.181546436975076,-97.43738345964528,5.970017065823952,-18.2,164.81555426584728,-89.3011787751449
3331,0,3331,49290000000.0,35.18154642682111,-97.43738412980713,5.960675415721072,-18.2,164.8760612716067,-89.30230119480441
3332,0,3332,49300000000.0,35.18154641666714,-97.43738479996898,5.951333765618192,-18.2,164.9365682773661,-89.30342361446392
3333,0,3333,49310000000.0,35.18154640651317,-97.43738547013083,5.941992115515312,-18.2,164.99707528312547,-89.30454603412343
3334,0,3334,49320000000.0,35.18154639826083,-97.43738612957128,5.936017391763749,-18.2,165.05661428350206,-89.30545824809755
3335,0,3335,49330000000.0,35.181546393410365,-97.43738676983175,5.936065896344721,-18.2,165.11442157822603,-89.3059944182933
3336,0,3336,49340000000.0,35.18154638855991,-97.43738741009221,5.9361144009256925,-18.2,165.17222887295,-89.3065305877036
3337,0,3337,49350000000.0,35.18154638370945,-97.43738805035268,5.936162905506664,-18.2,165.23003616767394,-89.30706675711392
3338,0,3338,49360000000.0,35.18154637885899,-97.43738869061315,5.936211410087635,-18.2,165.28784346239792,-89.30760292730966
3339,0,3339,49370000000.0,35.18154637400853,-97.43738933087361,5.936259914668607,-18.15966463802339,165.3456507571219,-89.30813909671997
3340,0,3340,49380000000.0,35.18154636915808,-97.4373899711341,5.9363084192495785,-18.008109506660485,165.4034580531289,-89.30867526613028
3341,0,3341,49390000000.0,35.18154636430762,-97.43739061139456,5.93635692383055,-17.8320413274273,165.46126534785287,-89.30921143554059
3342,0,3342,49400000000.0,35.18154635945716,-97.43739125165503,5.936405428411521,-17.78768530473709,165.51907264257684,-89.30974760573633
3343,0,3343,49410000000.0,35.1815463546067,-97.4373918919155,5.936453932992493,-17.706851363599878,165.57687993730082,-89.31028377514664
3344,0,3344,49420000000.0,35.181546349756246,-97.43739253217596,5.9365024375734645,-17.2,165.63468723202476,-89.31081994455695
3345,0,3345,49430000000.0,35.18154634490578,-97.43739317243643,5.936550942154436,-17.2,165.69249452674873,-89.3113561147527
3346,0,3346,49440000000.0,35.18154634005533,-97.4373938126969,5.936599446735408,-17.17601674688015,165.7503018214727,-89.31189228416301
3347,0,3347,49450000000.0,35.18154633520487,-97.43739445295736,5.936647951316379,-17.063132714208177,165.80810911619665,-89.31242845357332
3348,0,3348,49460000000.0,35.181546330354415,-97.43739509321784,5.9366964558973505,-16.9116277204142,165.8659164122037,-89.31296462298363
3349,0,3349,49470000000.0,35.18154632550395,-97.43739573347831,5.936744960478322,-16.9,165.92372370692766,-89.31350079317937
3350,0,3350,49480000000.0,35.181546320653496,-97.43739637373878,5.936793465059294,-16.87686647766485,165.9815310016516,-89.31403696258968
3351,0,3351,49490000000.0,35.18154631580304,-97.43739701399925,5.936841969640265,-16.75977819237184,166.03933829637558,-89.31457313199999
3352,0,3352,49500000000.0,35.18154631095258,-97.43739765425971,5.9368904742212365,-16.5,166.09714559109955,-89.31510930219574
3353,0,3353,49510000000.0,35.18154630610212,-97.43739829452018,5.936938978802208,-16.38989023788524,166.15495288582352,-89.31564547160605
3354,0,3354,49520000000.0,35.181546301251664,-97.43739893478065,5.93698748338318,-16.0,166.21276018054746,-89.31618164101636
3355,0,3355,49530000000.0,35.181546296335384,-97.43739956174161,5.929194367897329,-16.0,166.2693667014255,-89.31672508668669
3356,0,3356,49540000000.0,35.18154629139622,-97.437400184077,5.918673936322752,-15.971380032966145,166.3255555921825,-89.31727106223974
3357,0,3357,49550000000.0,35.18154628645704,-97.43740080641238,5.908153504748174,-15.803476674109824,166.38174448165643,-89.31781703857823
3358,0,3358,49560000000.0,35.181546281517875,-97.43740142874778,5.897633073173598,-15.601817811844281,166.43793337241343,-89.31836301413128
3359,0,3359,49570000000.0,35.18154627657871,-97.43740205108317,5.88711264159902,-15.543631050956318,166.4941222631704,-89.31890898968433
3360,0,3360,49580000000.0,35.18154627163953,-97.43740267341856,5.876592210024444,-15.344498560989912,166.5503111539274,-89.31945496602282
3361,0,3361,49590000000.0,35.181546266700366,-97.43740329575395,5.866071778449866,-15.1,166.60650004468437,-89.32000094157587
3362,0,3362,49600000000.0,35.1815462617612,-97.43740391808933,5.855551346875289,-15.1,166.66268893415833,-89.32054691712892
3363,0,3363,49610000000.0,35.181546256822024,-97.43740454042472,5.845030915300712,-15.1,166.7188778249153,-89.32109289346741
3364,0,3364,49620000000.0,35.18154625188286,-97.43740516276011,5.834510483726135,-15.097613922135482,166.7750667156723,-89.32163886902046
3365,0,3365,49630000000.0,35.18154624694369,-97.4374057850955,5.823990052151558,-14.9,166.83125560642927,-89.32218484457351
3366,0,3366,49640000000.0,35.181546242004515,-97.43740640743088,5.8134696205769805,-14.844501606988882,166.8874444959032,-89.322730820912
3367,0,3367,49650000000.0,35.18154623706535,-97.43740702976628,5.802949189002403,-14.625693502481068,166.94363338666017,-89.32327679646505
3368,0,3368,49660000000.0,35.18154623212618,-97.43740765210167,5.792428757427826,-14.324916904825336,166.99982227741717,-89.3238227720181
3369,0,3369,49670000000.0,35.181546227187006,-97.43740827443706,5.781908325853249,-14.3,167.05601116817414,-89.32436874835659
3370,0,3370,49680000000.0,35.18154622224784,-97.43740889677245,5.771387894278672,-14.3,167.11220005893114,-89.32491472390964
3371,0,3371,49690000000.0,35.181546217308664,-97.43740951910783,5.760867462704095,-14.287693810556219,167.16838894840507,-89.32546070024813
3372,0,3372,49700000000.0,35.1815462123695,-97.43741014144322,5.750347031129517,-14.2,167.22457783916207,-89.32600667580118
3373,0,3373,49710000000.0,35.18154620743033,-97.43741076377862,5.739826599554941,-14.1588139041231,167.28076672991904,-89.32655265135423
3374,0,3374,49720000000.0,35.181546202491155,-97.43741138611401,5.729306167980363,-14.000991848490827,167.33695562067604,-89.32709862769272
3375,0,3375,49730000000.0,35.18154620511308,-97.43741200678494,5.718273347883113,-13.9,167.39299423202695,-89.32680880021252
3376,0,3376,49740000000.0,35.181546215429364,-97.43741262576206,5.70671910812163,-13.824355598344638,167.44887991445782,-89.32566843810008
3377,0,3377,49750000000.0,35.181546225745656,-97.43741324473919,5.695164868360148,-13.415090859636846,167.50476559688872,-89.32452807520221
3378,0,3378,49760000000.0,35.18154623606194,-97.43741386371633,5.683610628598665,-13.4,167.56065128060266,-89.32338771308977
3379,0,3379,49770000000.0,35.181546246378225,-97.43741448269346,5.672056388837183,-13.4,167.61653696303352,-89.32224735097734
3380,0,3380,49780000000.0,35.18154625669451,-97.43741510167058,5.6605021490757,-13.380649137432941,167.6724226454644,-89.3211069888649
3381,0,3381,49790000000.0,35.181546267010795,-97.4374157206477,5.648947909314218,-13.291384824343828,167.72830832789526,-89.31996662675246
3382,0,3382,49800000000.0,35.18154627732708,-97.43741633962485,5.637393669552735,-13.110899264561873,167.7841940116092,-89.31882626464002
3383,0,3383,49810000000.0,35.181546287643364,-97.43741695860197,5.625839429791252,-12.761373041531755,167.84007969404007,-89.31768590252759
3384,0,3384,49820000000.0,35.181546297959656,-97.4374175775791,5.61428519002977,-12.6,167.89596537647097,-89.31654553962971
3385,0,3385,49830000000.0,35.18154630827594,-97.43741819655624,5.602730950268287,-12.387351824170288,167.9518510601849,-89.31540517751728
3386,0,3386,49840000000.0,35.181546318592225,-97.43741881553336,5.591176710506805,-12.284376198554542,168.00773674261578,-89.31426481540484
3387,0,3387,49850000000.0,35.18154632890851,-97.43741943451049,5.579622470745322,-12.202072024053889,168.06362242504665,-89.3131244532924
3388,0,3388,49860000000.0,35.181546339224795,-97.43742005348763,5.56806823098384,-12.009732274473924,168.11950810876058,-89.31198409117997
3389,0,3389,49870000000.0,35.18154634954108,-97.43742067246475,5.556513991222357,-11.974672784754619,168.17539379119145,-89.31084372906753
3390,0,3390,49880000000.0,35.181546359857364,-97.43742129144188,5.544959751460875,-11.841655486013822,168.23127947362232,-89.30970336695509
3391,0,3391,49890000000.0,35.18154637017365,-97.43742191041902,5.533405511699392,-11.54045255379123,168.28716515733626,-89.30856300484265
3392,0,3392,49900000000.0,35.18154638048994,-97.43742252939614,5.52185127193791,-11.324686997008618,168.34305083976716,-89.30742264194478
3393,0,3393,49910000000.0,35.181546390806226,-97.43742314837327,5.510297032176427,-11.068150208401615,168.39893652219803,-89.30628227983235
3394,0,3394,49920000000.0,35.181546400542594,-97.43742376348362,5.498757457169826,-11.0,168.4544730846522,-89.30520602169636
3395,0,3395,49930000000.0,35.18154640552926,-97.43742434692354,5.487337992361944,-11.0,168.50715021336083,-89.30465479551742
3396,0,3396,49940000000.0,35.18154641051593,-97.43742493036343,5.475918527554062,-11.0,168.55982734078643,-89.30410356933848
3397,0,3397,49950000000.0,35.181546415502595,-97.43742551380335,5.464499062746179,-10.920241489360755,168.61250446949504,-89.30355234315954
3398,0,3398,49960000000.0,35.18154642048926,-97.43742609724325,5.453079597938297,-10.82430171388977,168.66518159692063,-89.3030011169806
3399,0,3399,49970000000.0,35.18154642547593,-97.43742668068315,5.441660133130415,-10.8,168.7178587243462,-89.30244989080165
3400,0,3400,49980000000.0,35.18154643046259,-97.43742726412306,5.430240668322532,-10.8,168.7705358530548,-89.30189866540815
3401,0,3401,49990000000.0,35.181546435449256,-97.43742784756296,5.41882120351465,-10.8,168.8232129804804,-89.3013474392292
3402,0,3402,50000000000.0,35.18154644043592,-97.43742843100287,5.407401738706768,-10.8,168.87589010918904,-89.30079621305026
3403,0,3403,50010000000.0,35.18154644542259,-97.43742901444277,5.395982273898885,-10.8,168.9285672366146,-89.30024498687132
3404,0,3404,50020000000.0,35.18154645040926,-97.43742959788268,5.384562809091003,-10.8,168.98124436532325,-89.29969376069238
3405,0,3405,50030000000.0,35.181546455395925,-97.43743018132258,5.373143344283121,-10.8,169.03392149274885,-89.29914253451344
3406,0,3406,50040000000.0,35.18154646038259,-97.43743076476248,5.361723879475238,-10.709907383298855,169.08659862017439,-89.2985913083345
3407,0,3407,50050000000.0,35.18154646536925,-97.4374313482024,5.350304414667356,-10.777667237380795,169.13927574888305,-89.29804008294099
3408,0,3408,50060000000.0,35.18154647035592,-97.4374319316423,5.338884949859474,-10.8,169.19195287630862,-89.29748885676204
3409,0,3409,50070000000.0,35.181546475342586,-97.43743251508221,5.327465485051591,-10.8,169.24463000501726,-89.2969376305831
3410,0,3410,50080000000.0,35.18154648032925,-97.4374330985221,5.316046020243709,-10.898631497973243,169.29730713244282,-89.29638640440416
3411,0,3411,50090000000.0,35.18154648531592,-97.43743368196202,5.304626555435827,-10.9,169.34998426115146,-89.29583517822522
3412,0,3412,50100000000.0,35.18154649030259,-97.43743426540192,5.293207090627944,-10.9,169.40266138857703,-89.29528395204628
3413,0,3413,50110000000.0,35.18154649528925,-97.43743484884182,5.281787625820062,-10.675138945686856,169.45533851600263,-89.29473272665277
3414,0,3414,50120000000.0,35.18154650110289,-97.43743543060526,5.270426495957143,-10.500159035689357,169.5078642811215,-89.29409008617384
3415,0,3415,50130000000.0,35.181546521035884,-97.43743598374576,5.2600613406551995,-10.592584030957198,169.557805761634,-89.2918866934184
3416,0,3416,50140000000.0,35.181546540968874,-97.43743653688627,5.249696185353255,-10.686837868338463,169.60774724342954,-89.28968330066297
3417,0,3417,50150000000.0,35.18154656090187,-97.43743709002676,5.239331030051311,-10.772905008103,169.65768872394204,-89.2874799071221
3418,0,3418,50160000000.0,35.18154658083486,-97.43743764316726,5.228965874749367,-10.8,169.70763020445455,-89.28527651436667
3419,0,3419,50170000000.0,35.18154660076785,-97.43743819630775,5.218600719447423,-10.8,169.75757168496705,-89.28307312161124
3420,0,3420,50180000000.0,35.18154662070084,-97.43743874944826,5.208235564145479,-10.62013044263913,169.8075131667626,-89.2808697288558
3421,0,3421,50190000000.0,35.18154664063383,-97.43743930258876,5.197870408843534,-10.6,169.8574546472751,-89.27866633610037
3422,0,3422,50200000000.0,35.18154666056682,-97.43743985572925,5.18750525354159,-10.6,169.9073961277876,-89.27646294334494
3423,0,3423,50210000000.0,35.181546680499814,-97.43744040886975,5.177140098239646,-10.6,169.9573376083001,-89.2742595505895
3424,0,3424,50220000000.0,35.181546700432804,-97.43744096201026,5.166774942937702,-10.687295597590477,170.00727909009566,-89.27205615783407
3425,0,3425,50230000000.0,35.181546720365795,-97.43744151515075,5.1564097876357575,-10.795666764721325,170.05722057060814,-89.26985276507864
3426,0,3426,50240000000.0,35.181546740298785,-97.43744206829125,5.146044632333814,-10.8,170.10716205112064,-89.2676493723232
3427,0,3427,50250000000.0,35.181546760231775,-97.43744262143174,5.13567947703187,-10.8,170.15710353163314,-89.26544597956777
3428,0,3428,50260000000.0,35.181546780164766,-97.43744317457225,5.125314321729926,-10.8,170.2070450134287,-89.26324258681234
3429,0,3429,50270000000.0,35.181546800097756,-97.43744372771275,5.114949166427981,-10.8,170.2569864939412,-89.2610391940569
3430,0,3430,50280000000.0,35.181546820030746,-97.43744428085324,5.104584011126037,-10.8,170.3069279744537,-89.25883580130147
3431,0,3431,50290000000.0,35.18154683996374,-97.43744483399375,5.094218855824093,-10.8,170.35686945624926,-89.25663240854604
3432,0,3432,50300000000.0,35.181546859896734,-97.43744538713425,5.083853700522149,-10.8,170.40681093676176,-89.25442901500517
3433,0,3433,50310000000.0,35.181546879829725,-97.43744594027474,5.073488545220205,-10.8,170.45675241727426,-89.25222562224974
3434,0,3434,50320000000.0,35.181546899762715,-97.43744649341524,5.06312338991826,-10.8,170.50669389778676,-89.2500222294943
3435,0,3435,50330000000.0,35.181546904830675,-97.43744701688247,5.051986055429392,-10.8,170.5539562641877,-89.24946201716565
3436,0,3436,50340000000.0,35.18154690971956,-97.43744753999222,5.040839417942146,-10.8,170.6011863539913,-89.2489216001286
3437,0,3437,50350000000.0,35.18154691460843,-97.43744806310197,5.029692780454899,-10.8,170.6484164437949,-89.24838118387697
3438,0,3438,50360000000.0,35.18154691949731,-97.4374485862117,5.018546142967653,-10.873583510790969,170.69564653231546,-89.24784076762535
3439,0,3439,50370000000.0,35.18154692438618,-97.43744910932145,5.0073995054804055,-10.9,170.74287662211907,-89.24730035137372
3440,0,3440,50380000000.0,35.18154692927506,-97.4374496324312,4.996252867993158,-10.9,170.79010671192265,-89.2467599351221
3441,0,3441,50390000000.0,35.18154693416393,-97.43745015554093,4.985106230505912,-10.9,170.8373368004432,-89.24621951887048
3442,0,3442,50400000000.0,35.18154693905281,-97.43745067865068,4.973959593018665,-10.9,170.88456689024682,-89.24567910261885
3443,0,3443,50410000000.0,35.18154694394169,-97.43745120176041,4.962812955531419,-10.9,170.93179697876738,-89.2451386855818
3444,0,3444,50420000000.0,35.181546948830565,-97.43745172487016,4.951666318044172,-10.9,170.97902706857099,-89.24459826933017
3445,0,3445,50430000000.0,35.18154695371944,-97.4374522479799,4.940519680556925,-10.9,171.0262571583746,-89.24405785307854
3446,0,3446,50440000000.0,35.181546958608315,-97.43745277108964,4.9293730430696785,-10.9,171.07348724689516,-89.24351743682692
3447,0,3447,50450000000.0,35.18154696349719,-97.43745329419939,4.918226405582431,-10.950452319359146,171.12071733669873,-89.2429770205753
3448,0,3448,50460000000.0,35.181546968386066,-97.43745381730912,4.907079768095185,-11.0,171.16794742521927,-89.24243660432367
3449,0,3449,50470000000.0,35.18154697327495,-97.43745434041887,4.895933130607938,-11.0,171.2151775150229,-89.24189618728661
3450,0,3450,50480000000.0,35.18154697816382,-97.43745486352861,4.884786493120691,-11.0,171.2624076048265,-89.24135577103499
3451,0,3451,50490000000.0,35.1815469830527,-97.43745538663835,4.873639855633445,-11.0,171.30963769334704,-89.24081535478336
3452,0,3452,50500000000.0,35.18154698794157,-97.4374559097481,4.862493218146198,-11.0,171.35686778315068,-89.24027493853174
3453,0,3453,50510000000.0,35.18154699283045,-97.43745643285783,4.851346580658951,-11.0,171.4040978716712,-89.23973452228012
3454,0,3454,50520000000.0,35.18154699771932,-97.43745695596758,4.840199943171704,-11.0,171.45132796147482,-89.23919410602849
3455,0,3455,50530000000.0,35.18154700272758,-97.43745747821269,4.829190264407733,-11.0,171.49847998620405,-89.23864049370124
3456,0,3456,50540000000.0,35.181547007840216,-97.43745799970175,4.818300345890398,-11.0,171.54556374841903,-89.23807534256397
3457,0,3457,50550000000.0,35.181547012952855,-97.4374585211908,4.807410427373063,-11.0,171.59264751063398,-89.23751019142671
3458,0,3458,50560000000.0,35.181547018065494,-97.43745904267986,4.7965205088557274,-11.0,171.639731272849,-89.23694504028944
3459,0,3459,50570000000.0,35.181547023178126,-97.43745956416892,4.785630590338393,-11.061547992432393,171.68681503506397,-89.23637988993761
3460,0,3460,50580000000.0,35.181547028290765,-97.43746008565797,4.774740671821058,-11.1,171.73389879727898,-89.23581473880034
3461,0,3461,50590000000.0,35.181547033403405,-97.43746060714702,4.763850753303722,-11.1,171.7809825582109,-89.23524958766308
3462,0,3462,50600000000.0,35.181547038516044,-97.43746112863607,4.752960834786387,-11.1,171.8280663204259,-89.23468443652581
3463,0,3463,50610000000.0,35.18154704362868,-97.43746165012513,4.742070916269053,-11.1,171.87515008264089,-89.23411928538854
3464,0,3464,50620000000.0,35.181547048741315,-97.43746217161419,4.731180997751718,-11.1,171.92223384485587,-89.23355413503671
3465,0,3465,50630000000.0,35.181547053853954,-97.43746269310324,4.720291079234382,-11.1,171.96931760707085,-89.23298898389945
3466,0,3466,50640000000.0,35.18154705896659,-97.4374632145923,4.709401160717047,-11.1,172.01640136928583,-89.23242383276218
3467,0,3467,50650000000.0,35.18154706407923,-97.43746373608136,4.698511242199713,-11.1,172.06348513150084,-89.23185868162491
3468,0,3468,50660000000.0,35.18154706919187,-97.43746425757041,4.687621323682377,-11.1,172.11056889371582,-89.23129353048765
3469,0,3469,50670000000.0,35.181547074304504,-97.43746477905947,4.676731405165042,-11.1,172.15765265593083,-89.23072838013582
3470,0,3470,50680000000.0,35.18154707941714,-97.43746530054852,4.665841486647707,-11.1,172.20473641814579,-89.23016322899855
3471,0,3471,50690000000.0,35.18154708452978,-97.43746582203758,4.654951568130373,-11.1,172.2518201803608,-89.22959807786128
3472,0,3472,50700000000.0,35.18154708964242,-97.43746634352664,4.644061649613037,-11.1,172.29890394257578,-89.22903292672402
3473,0,3473,50710000000.0,35.18154709475506,-97.4374668650157,4.633171731095702,-11.1,172.34598770479076,-89.22846777558675
3474,0,3474,50720000000.0,35.1815470998677,-97.43746738650475,4.622281812578367,-11.1,172.39307146700577,-89.22790262444948
3475,0,3475,50730000000.0,35.18154709506493,-97.43746786883193,4.603641528850611,-11.1,172.43661941497436,-89.22843352281262
3476,0,3476,50740000000.0,35.18154708999875,-97.43746835011873,4.584795350647838,-11.1,172.48007343029508,-89.22899353799735
3477,0,3477,50750000000.0,35.181547084932575,-97.43746883140554,4.565949172445063,-11.1,172.52352744561577,-89.22955355318209
3478,0,3478,50760000000.0,35.1815470798664,-97.43746931269236,4.54710299424229,-11.1,172.56698146221953,-89.23011356836682
3479,0,3479,50770000000.0,35.18154707480022,-97.43746979397916,4.528256816039516,-11.1,172.61043547754022,-89.23067358355155
3480,0,3480,50780000000.0,35.181547069734044,-97.43747027526597,4.5094106378367425,-11.165824094924858,172.65388949286094,-89.23123359873628
3481,0,3481,50790000000.0,35.18154706466787,-97.43747075655278,4.490564459633968,-11.2,172.6973435094647,-89.23179361392101
3482,0,3482,50800000000.0,35.18154705960169,-97.43747123783959,4.471718281431195,-11.2,172.74079752478542,-89.23235362910575
3483,0,3483,50810000000.0,35.181547054535514,-97.43747171912639,4.4528721032284215,-11.2,172.78425154010614,-89.23291364429048
3484,0,3484,50820000000.0,35.18154704946934,-97.4374722004132,4.434025925025647,-11.2,172.8277055554268,-89.23347365947521
3485,0,3485,50830000000.0,35.18154704440316,-97.43747268170002,4.415179746822874,-11.2,172.87115957203056,-89.23403367465994
3486,0,3486,50840000000.0,35.181547039336984,-97.43747316298682,4.3963335686201,-11.2,172.91461358735128,-89.23459368984467
3487,0,3487,50850000000.0,35.18154703427081,-97.43747364427362,4.377487390417326,-11.2,172.958067602672,-89.2351537050294
3488,0,3488,50860000000.0,35.18154702920463,-97.43747412556044,4.358641212214552,-11.2,173.00152161927576,-89.23571372021414
3489,0,3489,50870000000.0,35.18154702413845,-97.43747460684725,4.339795034011779,-11.2,173.04497563459648,-89.23627373539887
3490,0,3490,50880000000.0,35.181547019072276,-97.43747508813405,4.3209488558090055,-11.2,173.08842964991715,-89.2368337505836
3491,0,3491,50890000000.0,35.1815470140061,-97.43747556942087,4.302102677606231,-11.2,173.13188366652093,-89.23739376576833
3492,0,3492,50900000000.0,35.18154700893992,-97.43747605070767,4.283256499403458,-11.2,173.17533768184163,-89.23795378095306
3493,0,3493,50910000000.0,35.181547003873746,-97.43747653199448,4.264410321200684,-11.224220402969246,173.21879169716235,-89.2385137961378
3494,0,3494,50920000000.0,35.18154700116575,-97.43747700141971,4.245640117960322,-11.3,173.26117476482176,-89.23881313836475
3495,0,3495,50930000000.0,35.18154700611852,-97.43747743231143,4.227116726916803,-11.3,173.30007875119333,-89.2382656587057
3496,0,3496,50940000000.0,35.1815470110713,-97.43747786320314,4.208593335873283,-11.3,173.33898273756486,-89.23771817826122
3497,0,3497,50950000000.0,35.18154701602408,-97.43747829409486,4.190069944829764,-11.262701839005171,173.37788672393643,-89.23717069781674
3498,0,3498,50960000000.0,35.18154702097686,-97.43747872498658,4.171546553786245,-11.220361267062435,173.41679071030796,-89.23662321815769
3499,0,3499,50970000000.0,35.18154702592964,-97.4374791558783,4.153023162742725,-11.3,173.45569469667953,-89.23607573771321
3500,0,3500,50980000000.0,35.18154703088241,-97.43747958677001,4.134499771699206,-11.3,173.49459868305107,-89.23552825805416
3501,0,3501,50990000000.0,35.181547035835194,-97.43748001766173,4.1159763806556855,-11.3,173.5335026694226,-89.23498077760968
3502,0,3502,51000000000.0,35.181547040787976,-97.43748044855344,4.097452989612166,-11.3,173.57240665579417,-89.2344332971652
3503,0,3503,51010000000.0,35.18154704574075,-97.43748087944516,4.078929598568647,-11.3,173.6113106421657,-89.23388581750615
3504,0,3504,51020000000.0,35.18154705069353,-97.43748131033688,4.060406207525127,-11.3,173.65021462853727,-89.23333833706167
3505,0,3505,51030000000.0,35.181547055646305,-97.4374817412286,4.041882816481608,-11.3,173.6891186149088,-89.23279085740262
3506,0,3506,51040000000.0,35.18154706059909,-97.43748217212031,4.023359425438088,-11.3,173.72802260128037,-89.23224337695814
3507,0,3507,51050000000.0,35.18154706555187,-97.43748260301203,4.004836034394569,-11.3,173.7669265876519,-89.23169589651366
3508,0,3508,51060000000.0,35.18154707050464,-97.43748303390375,3.9863126433510496,-11.321415412355584,173.80583057402347,-89.23114841685461
3509,0,3509,51070000000.0,35.18154707545742,-97.43748346479546,3.96778925230753,-11.4,173.844734560395,-89.23060093641013
3510,0,3510,51080000000.0,35.1815470804102,-97.43748389568718,3.949265861264011,-11.4,173.88363854676658,-89.23005345675108
3511,0,3511,51090000000.0,35.18154708536298,-97.4374843265789,3.9307424702204914,-11.4,173.9225425331381,-89.2295059763066
3512,0,3512,51100000000.0,35.18154709031576,-97.43748475747061,3.912219079176972,-11.4,173.96144651950968,-89.22895849586212
3513,0,3513,51110000000.0,35.181547095268535,-97.43748518836233,3.8936956881334526,-11.4,174.00035050588122,-89.22841101620307
3514,0,3514,51120000000.0,35.18154710023003,-97.43748561840175,3.8753490381689546,-11.4,174.03917754087237,-89.22786257281658
3515,0,3515,51130000000.0,35.181547105377746,-97.43748603021953,3.8607809843368353,-11.4,174.07635939576724,-89.22729354399195
3516,0,3516,51140000000.0,35.18154711052547,-97.4374864420373,3.8462129305047155,-11.434382403175173,174.11354124937904,-89.22672451438189
3517,0,3517,51150000000.0,35.18154711567319,-97.43748685385508,3.8316448766725957,-11.5,174.15072310427388,-89.22615548555726
3518,0,3518,51160000000.0,35.18154712082091,-97.43748726567286,3.8170768228404763,-11.5,174.18790495916872,-89.22558645673263
3519,0,3519,51170000000.0,35.181547125968635,-97.43748767749062,3.8025087690083565,-11.5,174.2250868127805,-89.22501742712257
3520,0,3520,51180000000.0,35.18154713111635,-97.4374880893084,3.787940715176237,-11.5,174.26226866767533,-89.22444839829794
3521,0,3521,51190000000.0,35.18154713626408,-97.43748850112618,3.7733726613441174,-11.5,174.29945052257017,-89.22387936868788
3522,0,3522,51200000000.0,35.1815471414118,-97.43748891294396,3.7588046075119976,-11.5,174.33663237746504,-89.22331033986325
3523,0,3523,51210000000.0,35.181547146559524,-97.43748932476173,3.7442365536798783,-11.5,174.37381423107684,-89.22274131025318
3524,0,3524,51220000000.0,35.18154715170724,-97.43748973657951,3.7296684998477585,-11.5,174.41099608597168,-89.22217228142856
3525,0,3525,51230000000.0,35.18154715685497,-97.43749014839729,3.715100446015639,-11.5,174.44817794086651,-89.2216032518185
3526,0,3526,51240000000.0,35.18154716200269,-97.43749056021505,3.7005323921835194,-11.5,174.4853597944783,-89.22103422299386
3527,0,3527,51250000000.0,35.18154716715041,-97.43749097203283,3.6859643383513996,-11.5,174.52254164937315,-89.2204651933838
3528,0,3528,51260000000.0,35.18154717229813,-97.43749138385061,3.6713962845192802,-11.5,174.559723504268,-89.21989616455917
3529,0,3529,51270000000.0,35.18154717744585,-97.4374917956684,3.6568282306871605,-11.5,174.59690535916286,-89.21932713573455
3530,0,3530,51280000000.0,35.181547182593576,-97.43749220748616,3.642260176855041,-11.5,174.63408721277466,-89.21875810612448
3531,0,3531,51290000000.0,35.181547187741295,-97.43749261930394,3.6276921230229213,-11.5,174.6712690676695,-89.21818907729985
3532,0,3532,51300000000.0,35.18154719288902,-97.43749303112172,3.6131240691908015,-11.5,174.70845092256434,-89.21762004768979
3533,0,3533,51310000000.0,35.18154719803674,-97.4374934429395,3.598556015358682,-11.5,174.74563277745918,-89.21705101886516
3534,0,3534,51320000000.0,35.181547206097235,-97.43749382254921,3.583396848583263,-11.5,174.77990665797284,-89.21616001160743
3535,0,3535,51330000000.0,35.181547215953486,-97.43749418230236,3.5678732545363254,-11.5,174.81238774517783,-89.21507050163001
3536,0,3536,51340000000.0,35.18154722580974,-97.43749454205549,3.5523496604893885,-11.5,174.84486883109977,-89.21398099165259
3537,0,3537,51350000000.0,35.18154723566599,-97.43749490180862,3.536826066442451,-11.530869446583782,174.87734991702172,-89.21289148167517
3538,0,3538,51360000000.0,35.18154724552224,-97.43749526156175,3.5213024723955137,-11.6,174.90983100294366,-89.21180197169775
3539,0,3539,51370000000.0,35.18154725537849,-97.43749562131488,3.5057788783485764,-11.6,174.9423120888656,-89.21071246172033
3540,0,3540,51380000000.0,35.18154726523474,-97.43749598106801,3.4902552843016394,-11.6,174.97479317478752,-89.20962295174292
3541,0,3541,51390000000.0,35.181547275090985,-97.43749634082114,3.474731690254702,-11.6,175.00727426070947,-89.20853344255093
3542,0,3542,51400000000.0,35.181547284947236,-97.43749670057427,3.4592080962077647,-11.6,175.0397553466314,-89.20744393257351
3543,0,3543,51410000000.0,35.18154729480349,-97.43749706032742,3.4436845021608278,-11.6,175.07223643383642,-89.20635442259609
3544,0,3544,51420000000.0,35.18154730465974,-97.43749742008055,3.4281609081138904,-11.6,175.10471751975834,-89.20526491261867
3545,0,3545,51430000000.0,35.18154731451599,-97.43749777983368,3.412637314066953,-11.6,175.13719860568028,-89.20417540264125
3546,0,3546,51440000000.0,35.18154732437224,-97.43749813958681,3.397113720020016,-11.6,175.16967969160223,-89.20308589266384
3547,0,3547,51450000000.0,35.18154733422849,-97.43749849933994,3.3815901259730787,-11.6,175.20216077752417,-89.20199638268642
3548,0,3548,51460000000.0,35.18154734408474,-97.43749885909307,3.3660665319261414,-11.6,175.23464186344611,-89.200906872709
3549,0,3549,51470000000.0,35.18154735394099,-97.4374992188462,3.350542937879204,-11.6,175.26712294936806,-89.19981736273158
3550,0,3550,51480000000.0,35.18154736379724,-97.43749957859933,3.335019343832267,-11.6,175.29960403528997,-89.19872785275416
3551,0,3551,51490000000.0,35.181547373653494,-97.43749993835247,3.3194957497853297,-11.6,175.332085122495,-89.19763834277674
3552,0,3552,51500000000.0,35.181547383509745,-97.4375002981056,3.3039721557383923,-11.6,175.36456620841693,-89.19654883279932
3553,0,3553,51510000000.0,35.18154739336599,-97.43750065785873,3.288448561691455,-11.6,175.39704729433885,-89.19545932360734
3554,0,3554,51520000000.0,35.18154740330238,-97.43750100567627,3.2706191737839005,-11.6,175.4284507491524,-89.19436095472051
3555,0,3555,51530000000.0,35.18154741340377,-97.43750132892058,3.2480425788217113,-11.6,175.45763555742,-89.19324434727216
3556,0,3556,51540000000.0,35.18154742350515,-97.43750165216488,3.2254659838595225,-11.6,175.48682036568758,-89.19212774060924
3557,0,3557,51550000000.0,35.18154743360654,-97.4375019754092,3.2028893888973338,-11.6,175.51600517523823,-89.19101113316088
3558,0,3558,51560000000.0,35.18154744370792,-97.43750229865351,3.1803127939351445,-11.6,175.54518998350582,-89.18989452649797
3559,0,3559,51570000000.0,35.18154745380931,-97.43750262189782,3.1577361989729558,-11.6,175.5743747917734,-89.18877791904961
3560,0,3560,51580000000.0,35.18154746391069,-97.43750294514213,3.135159604010767,-11.6,175.60355960004097,-89.1876613123867
3561,0,3561,51590000000.0,35.18154747401208,-97.43750326838645,3.112583009048578,-11.6,175.63274440959162,-89.18654470493834
3562,0,3562,51600000000.0,35.18154748411346,-97.43750359163076,3.090006414086389,-11.6,175.66192921785924,-89.18542809827542
3563,0,3563,51610000000.0,35.18154749421485,-97.43750391487507,3.0674298191242,-11.6,175.6911140261268,-89.18431149082707
3564,0,3564,51620000000.0,35.18154750431623,-97.43750423811939,3.0448532241620114,-11.6,175.72029883567745,-89.18319488416415
3565,0,3565,51630000000.0,35.181547514417616,-97.4375045613637,3.0222766291998227,-11.6,175.749483643945,-89.1820782767158
3566,0,3566,51640000000.0,35.181547524519004,-97.437504884608,2.9997000342376334,-11.6,175.77866845221263,-89.18096166926745
3567,0,3567,51650000000.0,35.181547534620385,-97.43750520785233,2.9771234392754446,-11.6,175.80785326176328,-89.17984506260453
3568,0,3568,51660000000.0,35.181547544721774,-97.43750553109663,2.954546844313256,-11.6,175.83703807003084,-89.17872845515618
3569,0,3569,51670000000.0,35.181547554823155,-97.43750585434094,2.9319702493510666,-11.6,175.86622287829846,-89.17761184849326
3570,0,3570,51680000000.0,35.18154756492454,-97.43750617758526,2.909393654388878,-11.6,175.8954076878491,-89.1764952410449
3571,0,3571,51690000000.0,35.181547575025924,-97.43750650082957,2.886817059426689,-11.6,175.92459249611667,-89.17537863438199
3572,0,3572,51700000000.0,35.18154758512731,-97.43750682407388,2.8642404644645003,-11.6,175.95377730438426,-89.17426202693363
3573,0,3573,51710000000.0,35.18154759522869,-97.43750714731819,2.841663869502311,-11.6,175.98296211265185,-89.17314542027071
3574,0,3574,51720000000.0,35.18154760499786,-97.4375074424389,2.824352850866498,-11.6,176.00960772167454,-89.17206553657167
3575,0,3575,51730000000.0,35.18154761446963,-97.43750771238432,2.811755398323351,-11.6,176.03398032484932,-89.17101852721018
3576,0,3576,51740000000.0,35.1815476239414,-97.43750798232972,2.7991579457802045,-11.6,176.0583529267411,-89.1699715178487
3577,0,3577,51750000000.0,35.18154763341317,-97.43750825227514,2.7865604932370576,-11.6,176.0827255299159,-89.16892450848721
3578,0,3578,51760000000.0,35.18154764288493,-97.43750852222055,2.7739630406939106,-11.6,176.10709813309072,-89.16787749991116
3579,0,3579,51770000000.0,35.1815476523567,-97.43750879216596,2.761365588150764,-11.6,176.13147073498249,-89.16683049054967
3580,0,3580,51780000000.0,35.18154766182847,-97.43750906211137,2.7487681356076172,-11.6,176.15584333815727,-89.16578348118819
3581,0,3581,51790000000.0,35.18154767130024,-97.43750933205679,2.7361706830644708,-11.605465083829428,176.1802159413321,-89.1647364718267
3582,0,3582,51800000000.0,35.181547680772006,-97.4375096020022,2.723573230521324,-11.687374953321612,176.20458854322385,-89.16368946246521
3583,0,3583,51810000000.0,35.181547690243775,-97.43750987194761,2.7109757779781773,-11.7,176.22896114639863,-89.16264245310373
3584,0,3584,51820000000.0,35.181547699715544,-97.43751014189301,2.6983783254350304,-11.7,176.2533337482904,-89.16159544374224
3585,0,3585,51830000000.0,35.18154770918731,-97.43751041183843,2.685780872891884,-11.7,176.2777063514652,-89.16054843438076
3586,0,3586,51840000000.0,35.18154771865908,-97.43751068178385,2.673183420348737,-11.7,176.30207895464002,-89.15950142501927
3587,0,3587,51850000000.0,35.18154772813085,-97.43751095172925,2.6605859678055905,-11.7,176.3264515565318,-89.15845441565779
3588,0,3588,51860000000.0,35.18154773760262,-97.43751122167467,2.6479885152624436,-11.7,176.35082415970658,-89.1574074062963
3589,0,3589,51870000000.0,35.18154774707439,-97.43751149162009,2.6353910627192967,-11.7,176.37519676288142,-89.15636039693482
3590,0,3590,51880000000.0,35.18154775654616,-97.43751176156549,2.62279361017615,-11.7,176.39956936477316,-89.15531338757333
3591,0,3591,51890000000.0,35.18154776601792,-97.4375120315109,2.6101961576330033,-11.701156868823997,176.42394196794794,-89.15426637899728
3592,0,3592,51900000000.0,35.18154777548969,-97.43751230145631,2.597598705089857,-11.767871716953984,176.4483145698397,-89.15321936963579
3593,0,3593,51910000000.0,35.18154778496146,-97.43751257140173,2.58500125254671,-11.8,176.47268717301452,-89.1521723602743
3594,0,3594,51920000000.0,35.18154779443323,-97.43751284134714,2.5724038000035634,-11.8,176.49705977618933,-89.15112535091282
3595,0,3595,51930000000.0,35.18154780418443,-97.43751310042644,2.556108075550692,-11.8,176.52045130860566,-89.15004745279077
3596,0,3596,51940000000.0,35.18154781433398,-97.43751334401557,2.5345402876762293,-11.8,176.54244427742958,-89.14892552167117
3597,0,3597,51950000000.0,35.18154782448352,-97.4375135876047,2.5129724998017666,-11.870309317823688,176.5644372462535,-89.14780359133701
3598,0,3598,51960000000.0,35.18154783463307,-97.43751383119384,2.491404711927304,-11.9,176.58643021636053,-89.14668166021741
3599,0,3599,51970000000.0,35.18154784478262,-97.43751407478297,2.4698369240528413,-11.9,176.60842318518442,-89.14555972909781
3600,0,3600,51980000000.0,35.18154785493217,-97.43751431837211,2.448269136178378,-11.97889251782198,176.63041615529144,-89.14443779797821
3601,0,3601,51990000000.0,35.18154786508172,-97.43751456196124,2.4267013483039155,-12.0,176.6524091241154,-89.14331586685861
3602,0,3602,52000000000.0,35.18154787523127,-97.43751480555038,2.405133560429453,-12.072266679513056,176.67440209422236,-89.14219393573902
3603,0,3603,52010000000.0,35.18154788538081,-97.4375150491395,2.38356577255499,-12.1,176.6963950630463,-89.14107200540485
3604,0,3604,52020000000.0,35.18154789553036,-97.43751529272863,2.361997984680527,-12.191499882111408,176.71838803187023,-89.13995007428525
3605,0,3605,52030000000.0,35.181547905679906,-97.43751553631778,2.3404301968060643,-12.375492724851354,176.74038100197723,-89.13882814316565
3606,0,3606,52040000000.0,35.181547915829455,-97.4375157799069,2.3188624089316017,-12.479377110291026,176.76237397080118,-89.13770621204606
3607,0,3607,52050000000.0,35.181547925979004,-97.43751602349604,2.297294621057139,-12.5,176.78436694090814,-89.13658428092646
3608,0,3608,52060000000.0,35.181547936128545,-97.43751626708517,2.275726833182676,-12.641723161914449,176.8063599097321,-89.13546235059229
3609,0,3609,52070000000.0,35.181547946278094,-97.43751651067431,2.254159045308213,-12.7,176.8283528798391,-89.1343404194727
3610,0,3610,52080000000.0,35.18154795642764,-97.43751675426344,2.2325912574337505,-12.7,176.850345848663,-89.1332184883531
3611,0,3611,52090000000.0,35.18154796657719,-97.43751699785257,2.211023469559288,-12.7,176.87233881748696,-89.1320965572335
3612,0,3612,52100000000.0,35.18154797672674,-97.43751724144171,2.1894556816848247,-12.7,176.89433178759396,-89.1309746261139
3613,0,3613,52110000000.0,35.18154798687628,-97.43751748503084,2.167887893810362,-12.762795317514524,176.91632475641788,-89.12985269577973
3614,0,3614,52120000000.0,35.18154799702583,-97.43751772861998,2.1463201059358994,-12.8,176.93831772652487,-89.12873076466013
3615,0,3615,52130000000.0,35.181548,-97.43751795174093,2.1261212556893456,-12.8,176.95846268180657,-89.12840200007778
3616,0,3616,52140000000.0,35.181548,-97.43751816637791,2.106489824861881,-12.8,176.9778416439945,-89.12840200007778
3617,0,3617,52150000000.0,35.181548,-97.43751838101488,2.0868583940344156,-12.8,176.99722060489938,-89.12840200007778
3618,0,3618,52160000000.0,35.181548,-97.43751859565187,2.0672269632069504,-12.8,177.0165995670873,-89.12840200007778
3619,0,3619,52170000000.0,35.181548,-97.43751881028884,2.047595532379485,-12.8,177.03597852799217,-89.12840200007778
3620,0,3620,52180000000.0,35.181548,-97.43751902492582,2.02796410155202,-12.8,177.05535749018009,-89.12840200007778
3621,0,3621,52190000000.0,35.181548,-97.43751923956279,2.0083326707245552,-12.8,177.07473645108496,-89.12840200007778
3622,0,3622,52200000000.0,35.181548,-97.43751945419977,1.9887012398970898,-12.8,177.0941154132729,-89.12840200007778
3623,0,3623,52210000000.0,35.181548,-97.43751966883674,1.9690698090696248,-12.868568820783716,177.11349437417778,-89.12840200007778
3624,0,3624,52220000000.0,35.181548,-97.43751988347373,1.9494383782421596,-12.9,177.1328733363657,-89.12840200007778
3625,0,3625,52230000000.0,35.181548,-97.4375200981107,1.9298069474146944,-12.9,177.15225229727056,-89.12840200007778
3626,0,3626,52240000000.0,35.181548,-97.43752031274768,1.9101755165872294,-12.9,177.1716312594585,-89.12840200007778
3627,0,3627,52250000000.0,35.181548,-97.43752052738465,1.8905440857597642,-12.964802487272804,177.19101022036338,-89.12840200007778
3628,0,3628,52260000000.0,35.181548,-97.43752074202163,1.8709126549322992,-13.0,177.2103891825513,-89.12840200007778
3629,0,3629,52270000000.0,35.181548,-97.43752095665862,1.851281224104834,-13.0,177.22976814473924,-89.12840200007778
3630,0,3630,52280000000.0,35.181548,-97.43752117129559,1.8316497932773688,-13.0,177.2491471056441,-89.12840200007778
3631,0,3631,52290000000.0,35.181548,-97.43752138593257,1.8120183624499036,-13.071812763318198,177.26852606783203,-89.12840200007778
3632,0,3632,52300000000.0,35.181548,-97.43752160056954,1.7923869316224386,-13.1,177.2879050287369,-89.12840200007778
3633,0,3633,52310000000.0,35.181548,-97.43752181520652,1.7727555007949733,-13.1,177.30728399092482,-89.12840200007778
3634,0,3634,52320000000.0,35.181548003133514,-97.43752200340607,1.7550040783327978,-13.1,177.32427599250292,-89.1280556213539
3635,0,3635,52330000000.0,35.18154800831336,-97.43752217434086,1.7384803834112585,-13.175393842749234,177.33970920738605,-89.12748304158242
3636,0,3636,52340000000.0,35.1815480134932,-97.43752234527562,1.7219566884897193,-13.2,177.35514242098608,-89.12691046181095
3637,0,3637,52350000000.0,35.18154801867304,-97.43752251621041,1.7054329935681802,-13.269894747056073,177.37057563586924,-89.12633788203948
3638,0,3638,52360000000.0,35.18154802385288,-97.43752268714518,1.688909298646641,-13.3,177.38600884946928,-89.12576530226801
3639,0,3639,52370000000.0,35.181548029032726,-97.43752285807996,1.6723856037251017,-13.374905155026793,177.4014420643524,-89.12519272249654
3640,0,3640,52380000000.0,35.18154803421257,-97.43752302901473,1.6558619088035624,-13.4,177.4168752779525,-89.12462014272506
3641,0,3641,52390000000.0,35.18154803939241,-97.43752319994951,1.6393382138820232,-13.481153291702725,177.4323084928356,-89.12404756295359
3642,0,3642,52400000000.0,35.18154804457225,-97.43752337088428,1.622814518960484,-13.54551034315996,177.4477417064357,-89.12347498318212
3643,0,3643,52410000000.0,35.181548049752095,-97.43752354181906,1.6062908240389449,-13.6,177.46317492131882,-89.12290240341065
3644,0,3644,52420000000.0,35.18154805493194,-97.43752371275383,1.5897671291174056,-13.677073244298636,177.4786081349189,-89.12232982363918
3645,0,3645,52430000000.0,35.18154806011177,-97.43752388368861,1.5732434341958663,-13.8,177.49404134980202,-89.12175724465314
3646,0,3646,52440000000.0,35.181548065291615,-97.43752405462338,1.556719739274327,-13.910581959634206,177.50947456340205,-89.12118466488167
3647,0,3647,52450000000.0,35.18154807047146,-97.43752422555816,1.540196044352788,-14.04253682902309,177.5249077782852,-89.1206120851102
3648,0,3648,52460000000.0,35.1815480756513,-97.43752439649293,1.5236723494312487,-14.138550204555346,177.54034099188527,-89.12003950533872
3649,0,3649,52470000000.0,35.18154808083114,-97.4375245674277,1.5071486545097095,-14.306608743271294,177.55577420548533,-89.11946692556725
3650,0,3650,52480000000.0,35.181548086010984,-97.43752473836248,1.4906249595881702,-14.457737231030903,177.57120742036847,-89.11889434579578
3651,0,3651,52490000000.0,35.18154809119083,-97.43752490929725,1.474101264666631,-14.608151054039991,177.58664063396853,-89.11832176602431
3652,0,3652,52500000000.0,35.18154809637067,-97.43752508023204,1.4575775697450917,-14.741838447372938,177.60207384885166,-89.11774918625284
3653,0,3653,52510000000.0,35.18154809855561,-97.43752523899865,1.44182570042945,-14.866485307981245,177.6164084341055,-89.11750766295995
3654,0,3654,52520000000.0,35.181548093730264,-97.4375253692828,1.4278804705466057,-15.110647560381564,177.6281714190605,-89.11804105664672
3655,0,3655,52530000000.0,35.181548088904925,-97.43752549956696,1.4139352406637615,-15.261906934697276,177.63993440529856,-89.11857444954805
3656,0,3656,52540000000.0,35.18154808407959,-97.43752562985111,1.3999900107809173,-15.410916146978952,177.65169739025356,-89.11910784244938
3657,0,3657,52550000000.0,35.18154807925425,-97.43752576013526,1.3860447808980731,-15.637341841466107,177.6634603752086,-89.11964123535071
3658,0,3658,52560000000.0,35.18154807442891,-97.43752589041942,1.372099551015229,-15.83988303073888,177.67522336144665,-89.12017462825204
3659,0,3659,52570000000.0,35.18154806960357,-97.43752602070357,1.3581543211323848,-15.955658381639578,177.68698634640168,-89.12070802115338
3660,0,3660,52580000000.0,35.181548064778234,-97.43752615098772,1.3442090912495406,-16.123914443937146,177.69874933135668,-89.12124141405471
3661,0,3661,52590000000.0,35.181548059952895,-97.43752628127189,1.3302638613666964,-16.31476898840435,177.71051231759475,-89.12177480695604
3662,0,3662,52600000000.0,35.18154805512756,-97.43752641155604,1.3163186314838522,-16.48746739942745,177.72227530254978,-89.12230819985737
3663,0,3663,52610000000.0,35.18154805030221,-97.4375265418402,1.302373401601008,-16.6,177.73403828878784,-89.12284159354414
3664,0,3664,52620000000.0,35.18154804547687,-97.43752667212435,1.2884281717181638,-16.6,177.74580127374284,-89.12337498644547
3665,0,3665,52630000000.0,35.181548040651535,-97.4375268024085,1.2744829418353196,-16.6,177.75756425869787,-89.1239083793468
3666,0,3666,52640000000.0,35.1815480358262,-97.43752693269266,1.2605377119524754,-17.10629901116979,177.76932724493594,-89.12444177224813
3667,0,3667,52650000000.0,35.18154803100086,-97.43752706297681,1.2465924820696312,-17.5,177.78109022989096,-89.12497516514946
3668,0,3668,52660000000.0,35.18154802617552,-97.43752719326098,1.232647252186787,-17.5,177.792853216129,-89.1255085580508
3669,0,3669,52670000000.0,35.18154802135018,-97.43752732354513,1.2187020223039426,-17.55666740430426,177.80461620108403,-89.12604195095213
3670,0,3670,52680000000.0,35.18154801652484,-97.43752745382928,1.2047567924210987,-17.714681506385524,177.81637918603906,-89.12657534385346
3671,0,3671,52690000000.0,35.181548011699505,-97.43752758411344,1.1908115625382543,-17.971054135607396,177.82814217227713,-89.12710873675479
3672,0,3672,52700000000.0,35.181548006874166,-97.43752771439759,1.1768663326554103,-18.1,177.83990515723215,-89.12764212965612
3673,0,3673,52710000000.0,35.18154800204882,-97.43752784468174,1.1629211027725659,-18.1,177.85166814218712,-89.12817552334289
3674,0,3674,52720000000.0,35.18154799432686,-97.43752796524107,1.150646087536744,-18.1,177.86255310130676,-89.12902910860055
3675,0,3675,52730000000.0,35.18154798446745,-97.43752807862433,1.139603544374376,-18.1,177.872790152257,-89.13011896809607
3676,0,3676,52740000000.0,35.18154797460804,-97.43752819200758,1.128561001212008,-18.048663034092424,177.88302720320726,-89.13120882759159
3677,0,3677,52750000000.0,35.181547964748624,-97.43752830539084,1.1175184580496398,-18.048597125982052,177.89326425544056,-89.13229868708711
3678,0,3678,52760000000.0,35.18154795488921,-97.4375284187741,1.1064759148872718,-18.317268357193225,177.90350130639084,-89.13338854658264
3679,0,3679,52770000000.0,35.18154794502979,-97.43752853215734,1.0954333717249038,-18.6,177.9137383573411,-89.1344784068636
3680,0,3680,52780000000.0,35.18154793517038,-97.43752864554061,1.0843908285625357,-18.6,177.9239754095744,-89.13556826635912
3681,0,3681,52790000000.0,35.181547925310966,-97.43752875892386,1.0733482854001677,-18.6,177.93421246052466,-89.13665812585464
3682,0,3682,52800000000.0,35.18154791545155,-97.43752887230711,1.0623057422377995,-18.5533148736497,177.94444951147494,-89.13774798535016
3683,0,3683,52810000000.0,35.18154790559214,-97.43752898569036,1.0512631990754315,-18.539896994644913,177.9546865624252,-89.13883784484568
3684,0,3684,52820000000.0,35.18154789573273,-97.43752909907363,1.0402206559130636,-18.6,177.9649236146585,-89.1399277043412
3685,0,3685,52830000000.0,35.181547885873314,-97.43752921245688,1.0291781127506954,-18.6,177.97516066560877,-89.14101756383673
3686,0,3686,52840000000.0,35.1815478760139,-97.43752932584013,1.0181355695883274,-18.6,177.98539771655902,-89.14210742333225
3687,0,3687,52850000000.0,35.18154786615449,-97.4375294392234,1.0070930264259594,-18.64534816132115,177.99563476879234,-89.14319728282777
3688,0,3688,52860000000.0,35.18154785629507,-97.43752955260665,0.9960504832635914,-18.7,178.0058718197426,-89.14428714310873
3689,0,3689,52870000000.0,35.181547846435656,-97.4375296659899,0.9850079401012233,-18.7,178.01610887069288,-89.14537700260425
3690,0,3690,52880000000.0,35.18154783657624,-97.43752977937315,0.9739653969388553,-18.7,178.02634592164313,-89.14646686209977
3691,0,3691,52890000000.0,35.18154782671683,-97.43752989275642,0.9629228537764872,-18.7,178.03658297387642,-89.1475567215953
3692,0,3692,52900000000.0,35.18154781685742,-97.43753000613967,0.9518803106141192,-18.7,178.04682002482667,-89.14864658109082
3693,0,3693,52910000000.0,35.181547806998005,-97.43753011952292,0.9408377674517512,-18.7,178.05705707577695,-89.14973644058634
3694,0,3694,52920000000.0,35.18154779856973,-97.43753022574482,0.9308402949173299,-18.7,178.06664754908863,-89.15066810190481
3695,0,3695,52930000000.0,35.18154779364152,-97.43753031445256,0.9233987018865405,-18.7,178.0746567180442,-89.15121286631873
3696,0,3696,52940000000.0,35.18154778871332,-97.4375304031603,0.915957108855751,-18.7,178.08266588699982,-89.15175762994721
3697,0,3697,52950000000.0,35.181547783785106,-97.43753049186802,0.9085155158249616,-18.7,178.09067505467235,-89.15230239436113
3698,0,3698,52960000000.0,35.1815477788569,-97.43753058057575,0.9010739227941722,-18.7,178.09868422362794,-89.15284715798961
3699,0,3699,52970000000.0,35.18154777392869,-97.43753066928349,0.8936323297633827,-18.7,178.10669339258354,-89.15339192240353
3700,0,3700,52980000000.0,35.18154776900049,-97.43753075799121,0.8861907367325933,-18.7,178.11470256025606,-89.15393668603201
3701,0,3701,52990000000.0,35.18154776407228,-97.43753084669895,0.8787491437018038,-18.716007142620825,178.12271172921166,-89.15448145044593
3702,0,3702,53000000000.0,35.181547759144074,-97.43753093540668,0.8713075506710144,-18.797295220496757,178.13072089816725,-89.15502621407441
3703,0,3703,53010000000.0,35.18154775421586,-97.4375310241144,0.863865957640225,-18.8,178.1387300658398,-89.15557097848833
3704,0,3704,53020000000.0,35.18154774928766,-97.43753111282214,0.8564243646094355,-18.8,178.14673923479538,-89.15611574211681
3705,0,3705,53030000000.0,35.18154774435945,-97.43753120152988,0.8489827715786461,-18.8,178.15474840375097,-89.15666050653073
3706,0,3706,53040000000.0,35.181547739431245,-97.43753129023762,0.8415411785478566,-18.8,178.16275757270657,-89.15720527015921
3707,0,3707,53050000000.0,35.181547734503035,-97.43753137894534,0.8340995855170672,-18.882457156779004,178.1707667403791,-89.15775003457313
3708,0,3708,53060000000.0,35.18154772957483,-97.43753146765307,0.8266579924862778,-18.909669859611732,178.17877590933472,-89.15829479820161
3709,0,3709,53070000000.0,35.18154772464662,-97.43753155636081,0.8192163994554883,-19.0,178.18678507829028,-89.15883956261553
3710,0,3710,53080000000.0,35.18154771971842,-97.43753164506853,0.8117748064246989,-19.007110578236674,178.19479424596284,-89.15938432624401
3711,0,3711,53090000000.0,35.18154771479021,-97.43753173377627,0.8043332133939094,-19.092708314073843,178.20280341491844,-89.15992908987249
3712,0,3712,53100000000.0,35.181547709862,-97.437531822484,0.79689162036312,-19.252257622871436,178.21081258387403,-89.16047385428641
3713,0,3713,53110000000.0,35.1815477049338,-97.43753191119173,0.7894500273323306,-19.725723994306666,178.21882175154656,-89.16101861791489
3714,0,3714,53120000000.0,35.18154770000559,-97.43753199989946,0.7820084343015411,-20.0,178.22683092050215,-89.16156338232881
3715,0,3715,53130000000.0,35.18154768969174,-97.43753206700372,0.7717948202360919,-20.0,178.23288957244273,-89.1627034750374
3716,0,3716,53140000000.0,35.18154767937178,-97.43753213408344,0.7615780607970355,-20.0,178.2389460098259,-89.16384424321919
3717,0,3717,53150000000.0,35.181547669051824,-97.43753220116318,0.7513613013579792,-20.133376336130933,178.2450024484921,-89.16498501140097
3718,0,3718,53160000000.0,35.181547658731866,-97.4375322682429,0.7411445419189228,-20.322879687281077,178.25105888587524,-89.16612577958276
3719,0,3719,53170000000.0,35.18154764841191,-97.43753233532264,0.7309277824798665,-20.556494189081285,178.25711532454142,-89.16726654776454
3720,0,3720,53180000000.0,35.18154763809194,-97.43753240240238,0.7207110230408101,-20.752207516298288,178.26317176320762,-89.16840731673176
3721,0,3721,53190000000.0,35.181547627771984,-97.43753246948211,0.7104942636017537,-21.022834413351738,178.2692282005908,-89.16954808491354
3722,0,3722,53200000000.0,35.181547617452026,-97.43753253656185,0.7002775041626974,-21.282845506976507,178.27528463925697,-89.17068885309533
3723,0,3723,53210000000.0,35.18154760713207,-97.43753260364157,0.690060744723641,-21.487758702234927,178.2813410766401,-89.17182962127711
3724,0,3724,53220000000.0,35.18154759681211,-97.43753267072131,0.6798439852845847,-21.735417256169708,178.2873975153063,-89.1729703894589
3725,0,3725,53230000000.0,35.18154758649215,-97.43753273780105,0.6696272258455283,-22.016456694354126,178.29345395397252,-89.17411115764068
3726,0,3726,53240000000.0,35.18154757617219,-97.43753280488077,0.6594104664064719,-22.257054703653957,178.29951039135565,-89.17525192582247
3727,0,3727,53250000000.0,35.18154756585223,-97.43753287196051,0.6491937069674156,-22.827800353242402,178.30556683002186,-89.17639269478968
3728,0,3728,53260000000.0,35.18154755553227,-97.43753293904024,0.6389769475283592,-23.3,178.311623267405,-89.17753346297147
3729,0,3729,53270000000.0,35.18154754521231,-97.43753300611998,0.6287601880893028,-23.832295584319983,178.3176797060712,-89.17867423115325
3730,0,3730,53280000000.0,35.18154753489235,-97.43753307319972,0.6185434286502465,-24.3,178.3237361447374,-89.17981499933504
3731,0,3731,53290000000.0,35.181547524572395,-97.43753314027944,0.6083266692111902,-24.3,178.32979258212055,-89.18095576751682
3732,0,3732,53300000000.0,35.181547514252436,-97.43753320735918,0.5981099097721337,-24.3,178.33584902078672,-89.1820965356986
3733,0,3733,53310000000.0,35.18154750393248,-97.4375332744389,0.5878931503330774,-24.388116908060965,178.3419054581699,-89.18323730388039
3734,0,3734,53320000000.0,35.181547497031865,-97.43753333858578,0.5829017892737737,-24.718263120291287,178.34769709683965,-89.18400009768717
3735,0,3735,53330000000.0,35.18154749223638,-97.43753340092702,0.581127461573373,-25.12803518532099,178.353325710209,-89.18453019019509
3736,0,3736,53340000000.0,35.1815474874409,-97.43753346326827,0.5793531338729723,-25.446373611502395,178.35895432357833,-89.185060282703
3737,0,3737,53350000000.0,35.18154748264542,-97.43753352560951,0.5775788061725715,-25.805200169988918,178.3645829369477,-89.18559037521092
3738,0,3738,53360000000.0,35.18154747784994,-97.43753358795075,0.5758044784721708,-26.113576286162367,178.37021155031707,-89.18612046771884
3739,0,3739,53370000000.0,35.181547473054465,-97.437533650292,0.57403015077177,-26.54879275343554,178.3758401636864,-89.18665055944132
3740,0,3740,53380000000.0,35.181547468258984,-97.43753371263324,0.5722558230713692,-26.965774008877574,178.38146877705574,-89.18718065194923
3741,0,3741,53390000000.0,35.1815474634635,-97.43753377497448,0.5704814953709685,-27.30864722051912,178.3870973904251,-89.18771074445715
3742,0,3742,53400000000.0,35.18154745866802,-97.43753383731573,0.5687071676705677,-27.712157792253247,178.39272600379448,-89.18824083696506
3743,0,3743,53410000000.0,35.18154745387254,-97.43753389965697,0.566932839970167,-28.223096739647485,178.39835461716382,-89.18877092947298
3744,0,3744,53420000000.0,35.18154744907706,-97.43753396199823,0.5651585122697662,-28.473634034914184,178.40398323181623,-89.1893010219809
3745,0,3745,53430000000.0,35.18154744428158,-97.43753402433947,0.5633841845693655,-29.144270561567083,178.4096118451856,-89.18983111448881
3746,0,3746,53440000000.0,35.1815474394861,-97.43753408668071,0.5616098568689647,-29.7,178.41524045855493,-89.19036120621129
3747,0,3747,53450000000.0,35.18154743469062,-97.43753414902196,0.5598355291685639,-29.7,178.42086907192427,-89.19089129871921
3748,0,3748,53460000000.0,35.18154742989514,-97.4375342113632,0.5580612014681632,-29.858837690419357,178.42649768529364,-89.19142139122712
3749,0,3749,53470000000.0,35.18154742509966,-97.43753427370444,0.5562868737677624,-30.263711769204917,178.432126298663,-89.19195148373504
3750,0,3750,53480000000.0,35.18154742030418,-97.43753433604569,0.5545125460673617,-30.6072266183469,178.43775491203235,-89.19248157624295
3751,0,3751,53490000000.0,35.181547415508696,-97.43753439838693,0.5527382183669609,-30.975887614920154,178.44338352540169,-89.19301166875087
3752,0,3752,53500000000.0,35.181547410713215,-97.43753446072817,0.5509638906665602,-31.27815175436501,178.44901213877108,-89.19354176125879
3753,0,3753,53510000000.0,35.18154740591774,-97.43753452306942,0.5491895629661594,-31.617517067048023,178.45464075214042,-89.19407185298127
3754,0,3754,53520000000.0,35.18154740112226,-97.43753458541066,0.5474152352657586,-31.949758295302896,178.46026936550976,-89.19460194548918
3755,0,3755,53530000000.0,35.181547407820986,-97.4375346547469,0.5498155543524772,-32.3059213758634,178.46652953704526,-89.19386146821694
3756,0,3756,53540000000.0,35.181547418031464,-97.43753472622028,0.5534913279439175,-32.7549592672831,178.47298266504922,-89.1927328020013
3757,0,3757,53550000000.0,35.18154742824195,-97.43753479769364,0.5571671015353579,-33.14812559812602,178.4794357917701,-89.19160413500023
3758,0,3758,53560000000.0,35.181547438452434,-97.43753486916702,0.5608428751267983,-33.55436797069128,178.48588891977403,-89.19047546799916
3759,0,3759,53570000000.0,35.18154744866291,-97.43753494064039,0.5645186487182386,-34.104827249863966,178.49234204649488,-89.18934680178353
3760,0,3760,53580000000.0,35.181547458873396,-97.43753501211377,0.568194422309679,-34.56547324823316,178.49879517449884,-89.18821813478246
3761,0,3761,53590000000.0,35.18154746908388,-97.43753508358715,0.5718701959011193,-34.991006918947726,178.50524830250276,-89.18708946778139
3762,0,3762,53600000000.0,35.18154747929436,-97.43753515506052,0.5755459694925598,-35.778499652580344,178.51170142922365,-89.18596080156576
3763,0,3763,53610000000.0,35.181547489504844,-97.4375352265339,0.5792217430840001,-36.7,178.51815455722758,-89.18483213456469
3764,0,3764,53620000000.0,35.18154749971532,-97.43753529800728,0.5828975166754404,-36.7,178.5246076852315,-89.18370346834905
3765,0,3765,53630000000.0,35.18154750992581,-97.43753536948064,0.5865732902668809,-36.81815491770219,178.5310608119524,-89.18257480134798
3766,0,3766,53640000000.0,35.18154752013629,-97.43753544095402,0.5902490638583212,-37.33817811531129,178.53751393995634,-89.18144613434691
3767,0,3767,53650000000.0,35.18154753034677,-97.43753551242739,0.5939248374497615,-37.86973314682911,178.5439670666772,-89.18031746813128
3768,0,3768,53660000000.0,35.181547540557254,-97.43753558390077,0.597600611041202,-38.560591890465176,178.55042019468112,-89.17918880113021
3769,0,3769,53670000000.0,35.18154755076774,-97.43753565537415,0.6012763846326423,-38.78974269137753,178.55687332268508,-89.17806013412914
3770,0,3770,53680000000.0,35.18154756097822,-97.43753572684751,0.6049521582240827,-39.3483167384483,178.56332644940593,-89.1769314679135
3771,0,3771,53690000000.0,35.1815475711887,-97.4375357983209,0.608627931815523,-39.81238146558282,178.56977957740986,-89.17580280091244
3772,0,3772,53700000000.0,35.18154758139919,-97.43753586979427,0.6123037054069634,-40.31079177022121,178.5762327054138,-89.17467413391137
3773,0,3773,53710000000.0,35.181547591609664,-97.43753594126764,0.6159794789984038,-40.744032718753346,178.58268583213467,-89.17354546769573
3774,0,3774,53720000000.0,35.18154760091199,-97.43753601550378,0.6205412589430287,-41.28098362482182,178.58938840193542,-89.17251718857742
3775,0,3775,53730000000.0,35.18154760602797,-97.43753610247546,0.6291872666172661,-41.83544659301176,178.5972408274407,-89.1719516682862
3776,0,3776,53740000000.0,35.18154761114395,-97.43753618944713,0.6378332742915034,-42.32610177256815,178.6050932516629,-89.17138614799498
3777,0,3777,53750000000.0,35.181547616259934,-97.43753627641881,0.6464792819657408,-43.14598741000013,178.61294567716817,-89.17082062691833
3778,0,3778,53760000000.0,35.18154762137591,-97.43753636339048,0.6551252896399781,-43.68490124098806,178.6207981013904,-89.17025510662711
3779,0,3779,53770000000.0,35.18154762649189,-97.43753645036216,0.6637712973142155,-44.7,178.62865052689563,-89.16968958633589
3780,0,3780,53780000000.0,35.18154763160788,-97.43753653733383,0.6724173049884528,-44.7,178.63650295111785,-89.16912406525924
3781,0,3781,53790000000.0,35.181547636723856,-97.43753662430551,0.6810633126626902,-44.80171542288557,178.6443553766231,-89.16855854496802
3782,0,3782,53800000000.0,35.181547641839835,-97.43753671127718,0.6897093203369274,-45.65765079976462,178.65220780084533,-89.1679930246768
3783,0,3783,53810000000.0,35.18154764695582,-97.43753679824886,0.6983553280111648,-46.16006722385814,178.6600602263506,-89.16742750360015
3784,0,3784,53820000000.0,35.1815476520718,-97.43753688522052,0.7070013356854021,-46.30208823889191,178.6679126505728,-89.16686198330893
3785,0,3785,53830000000.0,35.18154765718778,-97.4375369721922,0.7156473433596395,-46.733179203849886,178.67576507607808,-89.16629646301772
3786,0,3786,53840000000.0,35.181547662303764,-97.43753705916387,0.7242933510338768,-47.315238942241265,178.68361750030027,-89.16573094194106
3787,0,3787,53850000000.0,35.18154766741974,-97.43753714613555,0.7329393587081141,-48.09414358733258,178.69146992580556,-89.16516542164985
3788,0,3788,53860000000.0,35.18154767253572,-97.43753723310724,0.7415853663823515,-48.73689649205416,178.69932235131083,-89.16459990135863
3789,0,3789,53870000000.0,35.1815476776517,-97.4375373200789,0.7502313740565889,-48.90817751773746,178.70717477553302,-89.16403438106741
3790,0,3790,53880000000.0,35.181547682767686,-97.43753740705058,0.7588773817308262,-49.40103861020938,178.7150272010383,-89.16346885999076
3791,0,3791,53890000000.0,35.181547687883665,-97.43753749402225,0.7675233894050635,-50.02917296886692,178.7228796252605,-89.16290333969954
3792,0,3792,53900000000.0,35.181547692999644,-97.43753758099393,0.7761693970793009,-50.97590158256877,178.73073205076577,-89.16233781940832
3793,0,3793,53910000000.0,35.18154769811563,-97.4375376679656,0.7848154047535382,-51.16172940167245,178.738584474988,-89.16177229833167
3794,0,3794,53920000000.0,35.18154770294306,-97.43753776769032,0.795181059875925,-52.410329139664434,178.7475883356417,-89.16123867451276
3795,0,3795,53930000000.0,35.18154770760224,-97.43753787485142,0.8065494558023417,-52.82736986869612,178.75726360623105,-89.16072364819868
3796,0,3796,53940000000.0,35.18154771226142,-97.43753798201253,0.8179178517287584,-53.81202386754756,178.76693887810347,-89.16020862267004
3797,0,3797,53950000000.0,35.1815477169206,-97.43753808917364,0.8292862476551752,-54.3,178.7766141499759,-89.1596935971414
3798,0,3798,53960000000.0,35.181547721579776,-97.43753819633474,0.8406546435815919,-54.62499972400302,178.78628942056528,-89.15917857161276
3799,0,3799,53970000000.0,35.18154772623895,-97.43753830349586,0.8520230395080086,-55.45678662250246,178.7959646924377,-89.15866354608411
3800,0,3800,53980000000.0,35.18154773089813,-97.43753841065697,0.8633914354344254,-56.19971402215438,178.8056399643101,-89.15814852055547
3801,0,3801,53990000000.0,35.18154773555731,-97.43753851781808,0.8747598313608421,-56.80272595052913,178.81531523618253,-89.15763349502683
3802,0,3802,54000000000.0,35.18154774021649,-97.43753862497918,0.8861282272872588,-57.375171329401816,178.82499050677188,-89.15711846949819
3803,0,3803,54010000000.0,35.181547744875665,-97.4375387321403,0.8974966232136756,-57.99023486455085,178.8346657786443,-89.15660344396954
3804,0,3804,54020000000.0,35.18154774953484,-97.43753883930141,0.9088650191400923,-58.745242721585186,178.84434105051673,-89.1560884184409
3805,0,3805,54030000000.0,35.18154775419402,-97.43753894646251,0.920233415066509,-59.454315635851714,178.8540163211061,-89.15557339291226
3806,0,3806,54040000000.0,35.1815477588532,-97.43753905362362,0.9316018109929258,-60.14521926288738,178.8636915929785,-89.15505836738362
3807,0,3807,54050000000.0,35.18154776351238,-97.43753916078474,0.9429702069193425,-60.77602517332526,178.87336686485094,-89.15454334185497
3808,0,3808,54060000000.0,35.181547768171555,-97.43753926794584,0.9543386028457592,-61.424991214763516,178.88304213544032,-89.15402831632633
3809,0,3809,54070000000.0,35.18154777283073,-97.43753937510695,0.965706998772176,-62.2047335071745,178.89271740731272,-89.15351329079769
3810,0,3810,54080000000.0,35.18154777748991,-97.43753948226806,0.9770753946985927,-62.909320062279505,178.90239267918514,-89.15299826526905
3811,0,3811,54090000000.0,35.181547782149096,-97.43753958942918,0.9884437906250094,-63.570172091658506,178.91206795105757,-89.15248323895497
3812,0,3812,54100000000.0,35.181547786808274,-97.43753969659028,0.9998121865514262,-64.17676831721779,178.92174322164692,-89.15196821342633
3813,0,3813,54110000000.0,35.18154779146745,-97.43753980375139,1.011180582477843,-65.3618982991164,178.93141849351935,-89.15145318789769
3814,0,3814,54120000000.0,35.18154779612663,-97.4375399109125,1.0225489784042596,-66.3,178.94109376539177,-89.15093816236904
3815,0,3815,54130000000.0,35.18154780273449,-97.43754002552193,1.0340326391498729,-66.3,178.95144152368516,-89.15020772922603
3816,0,3816,54140000000.0,35.1815478189477,-97.4375401768452,1.046084457233375,-66.67137996707376,178.96510407158817,-89.14841552134888
3817,0,3817,54150000000.0,35.181547835160906,-97.43754032816848,1.0581362753168773,-67.2216087211615,178.9787666194912,-89.14662331347174
3818,0,3818,54160000000.0,35.18154785137411,-97.43754047949176,1.0701880934003796,-67.78266581067845,178.9924291673942,-89.14483110559459
3819,0,3819,54170000000.0,35.18154786758732,-97.43754063081504,1.0822399114838819,-68.40175404422445,179.0060917152972,-89.14303889771745
3820,0,3820,54180000000.0,35.18154788380053,-97.43754078213831,1.0942917295673842,-69.04871472925046,179.0197542632002,-89.14124668905487
3821,0,3821,54190000000.0,35.18154790001374,-97.43754093346159,1.1063435476508863,-69.53347943734482,179.03341681110322,-89.13945448117772
3822,0,3822,54200000000.0,35.18154791622695,-97.43754108478487,1.1183953657343886,-70.01081205991396,179.04707935900623,-89.13766227330058
3823,0,3823,54210000000.0,35.181547932440154,-97.43754123610813,1.1304471838178909,-70.52855045388027,179.06074190562617,-89.13587006542343
3824,0,3824,54220000000.0,35.18154794865337,-97.43754138743141,1.1424990019013932,-71.1420508598927,179.0744044535292,-89.13407785676085
3825,0,3825,54230000000.0,35.181547964866574,-97.43754153875469,1.1545508199848955,-71.68824674106983,179.0880670014322,-89.13228564888371
3826,0,3826,54240000000.0,35.18154798107978,-97.43754169007796,1.1666026380683976,-72.27510667795214,179.10172954933523,-89.13049344100656
3827,0,3827,54250000000.0,35.18154799729299,-97.43754184140124,1.1786544561519,-72.8232117432804,179.1153920972382,-89.12870123312942
3828,0,3828,54260000000.0,35.181548013506195,-97.43754199272452,1.1907062742354022,-74.2023372798385,179.12905464514122,-89.12690902525227
3829,0,3829,54270000000.0,35.18154802971941,-97.4375421440478,1.2027580923189045,-75.7,179.14271719304423,-89.1251168165897
3830,0,3830,54280000000.0,35.181548045932615,-97.43754229537107,1.2148099104024066,-75.7,179.15637974094724,-89.12332460871255
3831,0,3831,54290000000.0,35.18154806214582,-97.43754244669435,1.226861728485909,-75.7,179.17004228885025,-89.1215324008354
3832,0,3832,54300000000.0,35.18154807835903,-97.43754259801763,1.2389135465694112,-76.0417356707736,179.18370483675326,-89.11974019295826
3833,0,3833,54310000000.0,35.18154809457224,-97.4375427493409,1.2509653646529135,-77.55324040124854,179.19736738465627,-89.11794798429568
3834,0,3834,54320000000.0,35.18154810996433,-97.43754290628623,1.2616761034877124,-79.1,179.2115375306802,-89.11624654273552
3835,0,3835,54330000000.0,35.181548124943205,-97.43754306606084,1.271711946175329,-79.1,179.22596312577667,-89.11459077808615
3836,0,3836,54340000000.0,35.18154813992207,-97.43754322583544,1.2817477888629456,-79.1,179.24038871959013,-89.11293501422222
3837,0,3837,54350000000.0,35.181548154900945,-97.43754338561006,1.2917836315505624,-79.48298181519941,179.2548143146866,-89.11127924957285
3838,0,3838,54360000000.0,35.18154816987981,-97.43754354538467,1.301819474238179,-80.19911390575311,179.2692399097831,-89.10962348570891
3839,0,3839,54370000000.0,35.181548184858684,-97.43754370515927,1.3118553169257956,-81.09073066990734,179.28366550359652,-89.10796772105954
3840,0,3840,54380000000.0,35.18154819983755,-97.43754386493389,1.3218911596134122,-81.90409054353641,179.298091098693,-89.1063119571956
3841,0,3841,54390000000.0,35.181548214816424,-97.4375440247085,1.331927002301029,-82.71513880703375,179.3125166937895,-89.10465619254623
3842,0,3842,54400000000.0,35.18154822979529,-97.4375441844831,1.3419628449886456,-83.41313984930524,179.32694228760292,-89.1030004286823
3843,0,3843,54410000000.0,35.18154824477416,-97.43754434425772,1.3519986876762622,-84.16756032057452,179.34136788269942,-89.10134466403292
3844,0,3844,54420000000.0,35.18154825975303,-97.43754450403232,1.3620345303638788,-85.27815982570038,179.35579347651284,-89.09968890016899
3845,0,3845,54430000000.0,35.181548274731895,-97.43754466380693,1.3720703730514956,-85.9674229331694,179.37021907160934,-89.09803313630505
3846,0,3846,54440000000.0,35.18154828971077,-97.43754482358155,1.3821062157391122,-86.54799048513064,179.3846446667058,-89.09637737165568
3847,0,3847,54450000000.0,35.181548304689635,-97.43754498335615,1.3921420584267288,-87.62645428918866,179.39907026051924,-89.09472160779174
3848,0,3848,54460000000.0,35.18154831966851,-97.43754514313076,1.4021779011143454,-88.52935081967213,179.4134958556157,-89.09306584314237
3849,0,3849,54470000000.0,35.181548334647374,-97.43754530290538,1.4122137438019622,-89.91590768487922,179.4279214507122,-89.09141007927843
3850,0,3850,54480000000.0,35.18154834962625,-97.43754546267998,1.4222495864895788,-91.3,179.44234704452563,-89.08975431462906
3851,0,3851,54490000000.0,35.18154836460511,-97.43754562245459,1.4322854291771954,-91.72275098793186,179.45677263962213,-89.08809855076512
3852,0,3852,54500000000.0,35.18154837958399,-97.43754578222921,1.442321271864812,-92.74183241094575,179.47119823471863,-89.08644278611575
3853,0,3853,54510000000.0,35.18154839456285,-97.43754594200381,1.4523571145524288,-93.66706728358619,179.48562382853206,-89.08478702225182
3854,0,3854,54520000000.0,35.18154841239637,-97.43754611776552,1.4651113320726679,-94.92878173291913,179.50149285317954,-89.08281570558984
3855,0,3855,54530000000.0,35.181548431856534,-97.4375463026371,1.4794145554358955,-96.15089121959714,179.51818438191034,-89.08066457875051
3856,0,3856,54540000000.0,35.1815484513167,-97.4375464875087,1.493717778799123,-97.34253119047281,179.5348759119242,-89.07851345191119
3857,0,3857,54550000000.0,35.181548470776875,-97.4375466723803,1.5080210021623506,-98.51357847820628,179.55156744193806,-89.07636232428644
3858,0,3858,54560000000.0,35.18154849023704,-97.43754685725189,1.522324225525578,-99.45639743772902,179.5682589719519,-89.07421119744711
3859,0,3859,54570000000.0,35.18154850969721,-97.43754704212348,1.5366274488888056,-100.90666699924398,179.58495050196578,-89.07206007060779
3860,0,3860,54580000000.0,35.181548529157375,-97.43754722699508,1.5509306722520333,-102.37387188700468,179.60164203197965,-89.06990894376847
3861,0,3861,54590000000.0,35.18154854861754,-97.43754741186667,1.5652338956152607,-103.71872297369828,179.61833356199352,-89.06775781692915
3862,0,3862,54600000000.0,35.18154856807771,-97.43754759673827,1.5795371189784884,-104.94172399255658,179.63502509200737,-89.06560669008982
3863,0,3863,54610000000.0,35.18154858753788,-97.43754778160987,1.5938403423417158,-106.05114841993637,179.6517166220212,-89.06345556246507
3864,0,3864,54620000000.0,35.18154860699805,-97.43754796648146,1.6081435657049434,-107.58492846953375,179.66840815203508,-89.06130443562574
3865,0,3865,54630000000.0,35.181548626458216,-97.43754815135306,1.6224467890681709,-109.21621689405195,179.68509968204893,-89.05915330878642
3866,0,3866,54640000000.0,35.18154864591838,-97.43754833622465,1.6367500124313985,-112.47388768508003,179.7017912120628,-89.0570021819471
3867,0,3867,54650000000.0,35.18154866537855,-97.43754852109625,1.651053235794626,-115.5,179.71848274207667,-89.05485105510778
3868,0,3868,54660000000.0,35.18154868483872,-97.43754870596784,1.6653564591578536,-115.5,179.73517427209052,-89.05269992826845
3869,0,3869,54670000000.0,35.18154870429889,-97.43754889083944,1.679659682521081,-115.5,179.7518658021044,-89.0505488006437
3870,0,3870,54680000000.0,35.18154872375906,-97.43754907571103,1.6939629058843086,-116.11403544434012,179.76855733211823,-89.04839767380437
3871,0,3871,54690000000.0,35.181548743219224,-97.43754926058263,1.7082661292475363,-117.50616336952265,179.7852488621321,-89.04624654696505
3872,0,3872,54700000000.0,35.18154876267939,-97.43754944545422,1.7225693526107637,-118.76110774442847,179.80194039214595,-89.04409542012573
3873,0,3873,54710000000.0,35.18154878213956,-97.4375496303258,1.7368725759739911,-119.86187377469936,179.81863192087675,-89.0419442932864
3874,0,3874,54720000000.0,35.18154880249086,-97.43754981826626,1.750988039162713,-121.4416877905344,179.83560052974843,-89.03969466046405
3875,0,3875,54730000000.0,35.181548832791314,-97.43755004046962,1.7630072199774662,-123.03516381052872,179.855662638,-89.03634524811551
3876,0,3876,54740000000.0,35.18154886309177,-97.43755026267296,1.7750264007922196,-124.31755797738418,179.8757247449685,-89.03299583576697
3877,0,3877,54750000000.0,35.181548893392225,-97.4375504848763,1.7870455816069728,-125.56149361110464,179.89578685193703,-89.02964642341843
3878,0,3878,54760000000.0,35.18154892369268,-97.43755070707964,1.7990647624217262,-126.78145400939871,179.9158489589055,-89.02629701106989
3879,0,3879,54770000000.0,35.181548953993136,-97.43755092928298,1.8110839432364794,-128.31750808538666,179.93591106587405,-89.02294759872134
3880,0,3880,54780000000.0,35.18154898429359,-97.43755115148632,1.8231031240512328,-129.76499879399987,179.95597317284253,-89.0195981863728
3881,0,3881,54790000000.0,35.18154901459405,-97.43755137368967,1.8351223048659862,-131.00242065864126,179.9760352810941,-89.01624877402426
3882,0,3882,54800000000.0,35.1815490448945,-97.43755159589301,1.8471414856807393,-133.2056544920924,179.99609738806262,-89.01289936167572
3883,0,3883,54810000000.0,35.18154907519496,-97.43755181809635,1.8591606664954927,-136.8,180.01615949503113,-89.00954994932718
3884,0,3884,54820000000.0,35.181549105495414,-97.43755204029969,1.871179847310246,-136.8,180.03622160199967,-89.00620053697864
3885,0,3885,54830000000.0,35.18154913579587,-97.43755226250303,1.8831990281249993,-136.8,180.05628370896815,-89.0028511246301
3886,0,3886,54840000000.0,35.181549166096325,-97.43755248470637,1.8952182089397525,-137.37254249636342,180.07634581593666,-88.99950171228156
3887,0,3887,54850000000.0,35.18154919639678,-97.43755270690973,1.9072373897545059,-138.5804415330426,180.09640792418824,-88.99615229993302
3888,0,3888,54860000000.0,35.181549226697236,-97.43755292911307,1.9192565705692592,-139.601788538228,180.11647003115675,-88.99280288758447
3889,0,3889,54870000000.0,35.18154925699769,-97.43755315131641,1.9312757513840124,-141.01592790128012,180.13653213812526,-88.98945347523593
3890,0,3890,54880000000.0,35.18154928729815,-97.43755337351975,1.9432949321987658,-142.35370888297572,180.15659424509377,-88.98610406288739
3891,0,3891,54890000000.0,35.18154931759861,-97.43755359572309,1.955314113013519,-143.62933353100868,180.17665635206225,-88.98275464975342
3892,0,3892,54900000000.0,35.181549347899065,-97.43755381792643,1.9673332938282724,-144.82937428778226,180.1967184590308,-88.97940523740488
3893,0,3893,54910000000.0,35.18154937819952,-97.43755404012978,1.9793524746430258,-145.86981135549468,180.21678056728234,-88.97605582505633
3894,0,3894,54920000000.0,35.18154941144689,-97.43755426725046,1.989674107325184,-147.15404332812807,180.23728664682778,-88.97238066105004
3895,0,3895,54930000000.0,35.181549452252426,-97.43755450698299,1.9956419171730935,-148.25301038309394,180.25893141434426,-88.96787001682384
3896,0,3896,54940000000.0,35.181549493057965,-97.43755474671552,2.001609727021003,-149.01433286321338,180.28057618186074,-88.96335937259764
3897,0,3897,54950000000.0,35.1815495338635,-97.43755498644806,2.0075775368689124,-150.75213776986934,180.30222095066028,-88.95884872837144
3898,0,3898,54960000000.0,35.181549574669035,-97.43755522618059,2.013545346716822,-153.29183667060093,180.32386571817676,-88.95433808493067
3899,0,3899,54970000000.0,35.18154961547457,-97.43755546591312,2.0195131565647313,-154.4,180.34551048569327,-88.94982744070447
3900,0,3900,54980000000.0,35.18154965628011,-97.43755570564565,2.025480966412641,-154.4,180.36715525320972,-88.94531679647827
3901,0,3901,54990000000.0,35.18154969708565,-97.4375559453782,2.03144877626055,-154.5489936929854,180.38880002200926,-88.94080615225207
3902,0,3902,55000000000.0,35.18154973789119,-97.43755618511072,2.03741658610846,-155.43346115434545,180.41044478952577,-88.93629550802586
3903,0,3903,55010000000.0,35.18154977869673,-97.43755642484325,2.043384395956369,-156.39999871128325,180.43208955704225,-88.93178486379966
3904,0,3904,55020000000.0,35.18154981950226,-97.43755666457578,2.049352205804279,-157.04549699623172,180.45373432455872,-88.9272742203589
3905,0,3905,55030000000.0,35.1815498603078,-97.43755690430832,2.055320015652188,-157.9874429710465,180.47537909335827,-88.9227635761327
3906,0,3906,55040000000.0,35.181549901113335,-97.43755714404085,2.0612878255000973,-158.83247267503342,180.49702386087475,-88.9182529319065
3907,0,3907,55050000000.0,35.181549941918874,-97.43755738377338,2.067255635348007,-160.15559546975985,180.51866862839125,-88.9137422876803
3908,0,3908,55060000000.0,35.18154998272441,-97.43755762350591,2.073223445195916,-160.85861531531347,180.5403133959077,-88.90923164345409
3909,0,3909,55070000000.0,35.181550023529944,-97.43755786323845,2.079191255043826,-161.0691319064096,180.56195816470725,-88.90472100001332
3910,0,3910,55080000000.0,35.18155006433548,-97.43755810297098,2.085159064891735,-161.74205698666785,180.58360293222376,-88.90021035578712
3911,0,3911,55090000000.0,35.18155010514102,-97.43755834270351,2.0911268747396448,-162.4614034776017,180.60524769974023,-88.89569971156092
3912,0,3912,55100000000.0,35.18155014594656,-97.43755858243604,2.097094684587554,-163.27714647823322,180.6268924672567,-88.89118906733472
3913,0,3913,55110000000.0,35.1815501867521,-97.43755882216858,2.1030624944354637,-164.29436500896134,180.64853723605626,-88.88667842310852
3914,0,3914,55120000000.0,35.181550233079186,-97.43755907201178,2.1154530239139886,-164.57571038926824,180.67109486698848,-88.88155742680723
3915,0,3915,55130000000.0,35.18155028206068,-97.43755932671554,2.130931175107606,-165.83617719769228,180.69409134468248,-88.8761430128072
3916,0,3916,55140000000.0,35.18155033104217,-97.4375595814193,2.146409326301224,-168.2,180.71708782109337,-88.87072859880718
3917,0,3917,55150000000.0,35.18155038002366,-97.43755983612304,2.1618874774948416,-168.2,180.7400842975043,-88.86531418480715
3918,0,3918,55160000000.0,35.18155042900515,-97.4375600908268,2.1773656286884595,-168.2,180.7630807751983,-88.85989977080712
3919,0,3919,55170000000.0,35.18155047798664,-97.43756034553056,2.192843779882077,-168.36435452103848,180.7860772516092,-88.85448535680709
3920,0,3920,55180000000.0,35.18155052696813,-97.4375606002343,2.2083219310756945,-169.13554389459293,180.80907372802014,-88.84907094280706
3921,0,3921,55190000000.0,35.18155057594963,-97.43756085493807,2.2238000822693125,-169.95122940914217,180.8320702057141,-88.8436565280216
3922,0,3922,55200000000.0,35.18155062493112,-97.43756110964182,2.23927823346293,-170.8474672286179,180.85506668212503,-88.83824211402157
3923,0,3923,55210000000.0,35.18155067391261,-97.43756136434557,2.254756384656548,-171.86994035722526,180.87806315853595,-88.83282770002154
3924,0,3924,55220000000.0,35.1815507228941,-97.43756161904932,2.2702345358501654,-172.2,180.90105963494688,-88.82741328602151
3925,0,3925,55230000000.0,35.18155077187559,-97.43756187375308,2.2857126870437834,-174.0,180.92405611264087,-88.82199887202148
3926,0,3926,55240000000.0,35.18155082085708,-97.43756212845683,2.301190838237401,-174.0,180.94705258905176,-88.81658445802145
3927,0,3927,55250000000.0,35.181550869838574,-97.43756238316058,2.316668989431019,-175.84161163418756,180.97004906546272,-88.81117004402142
3928,0,3928,55260000000.0,35.181550918820065,-97.43756263786435,2.3321471406246364,-177.18699046093718,180.99304554315668,-88.8057556300214
3929,0,3929,55270000000.0,35.181550967801556,-97.4375628925681,2.347625291818254,-177.5968079699028,181.01604201956764,-88.80034121602137
3930,0,3930,55280000000.0,35.18155101678305,-97.43756314727185,2.363103443011872,-178.8211745271201,181.03903849597856,-88.79492680202134
3931,0,3931,55290000000.0,35.18155106576454,-97.43756340197561,2.3785815942054893,-180.02943276504632,181.0620349736725,-88.78951238802131
3932,0,3932,55300000000.0,35.18155111474603,-97.43756365667936,2.3940597453991073,-182.64351430142744,181.08503145008345,-88.78409797402128
3933,0,3933,55310000000.0,35.18155116372752,-97.43756391138311,2.4095378965927248,-186.46703549320586,181.10802792649437,-88.77868356002125
3934,0,3934,55320000000.0,35.18155121689435,-97.43756417017651,2.422689434516552,-187.0,181.1313936463576,-88.77280649872574
3935,0,3935,55330000000.0,35.181551282006424,-97.43756444064208,2.429200642617172,-187.0,181.15581321200722,-88.76560900987442
3936,0,3936,55340000000.0,35.18155134711851,-97.43756471110764,2.435711850717792,-187.0,181.18023277765678,-88.75841152023767
3937,0,3937,55350000000.0,35.18155141223059,-97.43756498157322,2.442223058818412,-189.53329545615577,181.20465234458945,-88.75121403060092
3938,0,3938,55360000000.0,35.18155147734267,-97.43756525203878,2.448734266919032,-191.18776284777607,181.229071910239,-88.74401654096417
3939,0,3939,55370000000.0,35.18155154245475,-97.43756552250434,2.455245475019652,-191.63285927847815,181.2534914758886,-88.73681905211285
3940,0,3940,55380000000.0,35.18155160756683,-97.43756579296992,2.4617566831202726,-193.02661811551613,181.27791104282124,-88.7296215624761
3941,0,3941,55390000000.0,35.181551672678914,-97.43756606343548,2.4682678912208926,-194.54723313810126,181.30233060847084,-88.72242407283935
3942,0,3942,55400000000.0,35.181551737791,-97.43756633390105,2.4747790993215126,-197.86822859719416,181.32675017412043,-88.7152265832026
3943,0,3943,55410000000.0,35.18155180290307,-97.43756660436661,2.4812903074221326,-199.5660624971371,181.35116973977003,-88.70802909435128
3944,0,3944,55420000000.0,35.181551868015156,-97.43756687483219,2.4878015155227526,-200.1003598161873,181.37558930670266,-88.70083160471452
3945,0,3945,55430000000.0,35.18155193312724,-97.43756714529775,2.4943127236233726,-201.8438177729513,181.40000887235226,-88.69363411507777
3946,0,3946,55440000000.0,35.18155199823932,-97.43756741576331,2.5008239317239926,-204.31645999164647,181.42442843800183,-88.68643662544102
3947,0,3947,55450000000.0,35.1815520633514,-97.43756768622889,2.5073351398246126,-206.52059747234225,181.4488480049345,-88.6792391365897
3948,0,3948,55460000000.0,35.18155212846348,-97.43756795669445,2.513846347925233,-211.92117196230492,181.47326757058406,-88.67204164695295
3949,0,3949,55470000000.0,35.18155219357556,-97.43756822716001,2.520357556025853,-215.4,181.49768713623365,-88.6648441573162
3950,0,3950,55480000000.0,35.181552258687645,-97.43756849762558,2.526868764126473,-215.4,181.52210670188325,-88.65764666767944
3951,0,3951,55490000000.0,35.18155232379972,-97.43756876809115,2.533379972227093,-215.4,181.54652626881588,-88.65044917882813
3952,0,3952,55500000000.0,35.181552388911804,-97.43756903855672,2.539891180327713,-216.80097894136892,181.5709458344655,-88.64325168919137
3953,0,3953,55510000000.0,35.18155245402389,-97.43756930902228,2.546402388428333,-218.7815049005248,181.5953654001151,-88.63605419955462
3954,0,3954,55520000000.0,35.181552526209515,-97.4375695829968,2.5541160202136264,-221.12690070066924,181.6201017796337,-88.62807480021985
3955,0,3955,55530000000.0,35.18155261539008,-97.4375698654019,2.564718598003501,-223.58354103457873,181.64559933179865,-88.61821678035128
3956,0,3956,55540000000.0,35.18155270457064,-97.43757014780701,2.5753211757933756,-225.4193281954714,181.67109688524667,-88.60835876126814
3957,0,3957,55550000000.0,35.1815527937512,-97.43757043021212,2.58592375358325,-227.23034973709562,181.69659443869463,-88.598500742185
3958,0,3958,55560000000.0,35.18155288293176,-97.43757071261723,2.596526331373125,-229.30379099881162,181.72209199214262,-88.58864272310186
3959,0,3959,55570000000.0,35.18155297211232,-97.43757099502234,2.6071289091629994,-231.77066772495343,181.74758954559064,-88.57878470401872
3960,0,3960,55580000000.0,35.18155306129288,-97.43757127742745,2.617731486952874,-233.85802325117498,181.77308709903863,-88.56892668493558
3961,0,3961,55590000000.0,35.18155315047344,-97.43757155983256,2.6283340647427487,-235.58557605049586,181.79858465248662,-88.55906866585244
3962,0,3962,55600000000.0,35.18155323965401,-97.43757184223767,2.6389366425326233,-237.3692504053988,181.82408220593464,-88.54921064598386
3963,0,3963,55610000000.0,35.18155332883457,-97.43757212464278,2.649539220322498,-239.33338960022203,181.84957975938264,-88.53935262690072
3964,0,3964,55620000000.0,35.18155341801513,-97.4375724070479,2.6601417981123725,-241.63377608777782,181.87507731283063,-88.52949460781758
3965,0,3965,55630000000.0,35.18155350719569,-97.437572689453,2.670744375902247,-243.46998102846183,181.90057486627862,-88.51963658873444
3966,0,3966,55640000000.0,35.18155359637625,-97.4375729718581,2.6813469536921217,-243.9,181.92607241844357,-88.5097785696513
3967,0,3967,55650000000.0,35.18155368555681,-97.43757325426321,2.6919495314819963,-243.9,181.95156997189156,-88.49992055056816
3968,0,3968,55660000000.0,35.18155377473737,-97.43757353666832,2.7025521092718714,-247.09981570424983,181.97706752533955,-88.49006253148502
3969,0,3969,55670000000.0,35.181553863917934,-97.43757381907344,2.7131546870617456,-250.71695382301274,182.00256507878754,-88.48020451161645
3970,0,3970,55680000000.0,35.18155395309849,-97.43757410147855,2.7237572648516206,-252.74365151843966,182.02806263223553,-88.47034649253331
3971,0,3971,55690000000.0,35.18155404227905,-97.43757438388366,2.7343598426414952,-254.2639754825926,182.05356018568355,-88.46048847345017
3972,0,3972,55700000000.0,35.18155413145961,-97.43757466628877,2.74496242043137,-255.75749815137576,182.07905773913154,-88.45063045436703
3973,0,3973,55710000000.0,35.18155422064017,-97.43757494869388,2.7555649982212445,-257.2989902792903,182.10455529257953,-88.44077243528389
3974,0,3974,55720000000.0,35.18155431259156,-97.43757523376826,2.7656925354482937,-259.1826171948,182.1302938465883,-88.4306081291669
3975,0,3975,55730000000.0,35.181554426933516,-97.4375755404126,2.771981343108656,-260.80386523512914,182.15797989087915,-88.41796876911587
3976,0,3976,55740000000.0,35.18155454127547,-97.43757584705693,2.778270150769018,-262.2424307401116,182.18566593517002,-88.40532940985028
3977,0,3977,55750000000.0,35.181554655617425,-97.43757615370127,2.784558958429381,-263.74065779793636,182.21335197946087,-88.39269004979926
3978,0,3978,55760000000.0,35.181554769959384,-97.43757646034562,2.790847766089743,-265.1961496635263,182.24103802503478,-88.38005068974823
3979,0,3979,55770000000.0,35.18155488430134,-97.43757676698996,2.7971365737501053,-266.92623127404465,182.26872406932566,-88.3674113296972
3980,0,3980,55780000000.0,35.1815549986433,-97.4375770736343,2.8034253814104675,-268.4667055015411,182.29641011361653,-88.35477196964618
3981,0,3981,55790000000.0,35.18155511298526,-97.43757738027864,2.80971418907083,-269.86229809860487,182.32409615790738,-88.34213260959515
3982,0,3982,55800000000.0,35.181555227327216,-97.43757768692298,2.8160029967311924,-273.1505082682078,182.35178220219825,-88.32949324954413
3983,0,3983,55810000000.0,35.181555341669174,-97.43757799356732,2.8222918043915546,-274.7,182.3794682464891,-88.3168538894931
3984,0,3984,55820000000.0,35.181555456011125,-97.43757830021167,2.828580612051917,-274.7,182.407154292063,-88.30421453022751
3985,0,3985,55830000000.0,35.18155557035308,-97.43757860685601,2.834869419712279,-275.8811334910748,182.4348403363539,-88.29157517017649
3986,0,3986,55840000000.0,35.18155568469504,-97.43757891350035,2.8411582273726417,-277.19461675571176,182.46252638064476,-88.27893581012546
3987,0,3987,55850000000.0,35.181555799037,-97.43757922014468,2.847447035033004,-278.4391616269747,182.4902124249356,-88.26629645007444
3988,0,3988,55860000000.0,35.18155591337896,-97.43757952678902,2.853735842693366,-279.9328102192319,182.51789846922648,-88.25365709002341
3989,0,3989,55870000000.0,35.181556027720916,-97.43757983343336,2.8600246503537283,-281.6922842624147,182.54558451351733,-88.24101772997238
3990,0,3990,55880000000.0,35.181556142062874,-97.43758014007771,2.8663134580140905,-283.24510745476385,182.57327055909124,-88.22837836992136
3991,0,3991,55890000000.0,35.18155625640483,-97.43758044672205,2.872602265674453,-284.54604032428307,182.60095660338212,-88.21573900987033
3992,0,3992,55900000000.0,35.18155637074679,-97.43758075336639,2.8788910733348154,-285.9642373208085,182.62864264767296,-88.20309964981931
3993,0,3993,55910000000.0,35.18155648508874,-97.43758106001073,2.8851798809951776,-287.3839085798237,182.65632869196384,-88.19046029055372
3994,0,3994,55920000000.0,35.181556616455616,-97.43758133291122,2.8903670854935912,-289.0249521966223,182.68096810055414,-88.1759389962231
3995,0,3995,55930000000.0,35.18155675037564,-97.43758160075129,2.895389086641477,-290.43689512026907,182.70515061746042,-88.16113547662738
3996,0,3996,55940000000.0,35.181556884295674,-97.43758186859135,2.900411087789363,-291.5669421036756,182.7293331343667,-88.14633195624623
3997,0,3997,55950000000.0,35.181557018215706,-97.43758213643142,2.905433088937249,-292.66654619701063,182.75351565127298,-88.13152843586508
3998,0,3998,55960000000.0,35.18155715213574,-97.43758240427147,2.910455090085135,-294.75911864972176,182.7776981668962,-88.11672491548393
3999,0,3999,55970000000.0,35.181557286055764,-97.43758267211153,2.915477091233021,-299.4,182.80188068380247,-88.10192139588821
4000,0,4000,55980000000.0,35.181557419975796,-97.4375829399516,2.920499092380907,-299.4,182.82606320070872,-88.08711787550706
4001,0,4001,55990000000.0,35.18155755389583,-97.43758320779166,2.925521093528793,-299.4,182.850245717615,-88.07231435512591
4002,0,4002,56000000000.0,35.18155768781586,-97.43758347563171,2.930543094676679,-300.0792821901573,182.87442823323823,-88.05751083474476
4003,0,4003,56010000000.0,35.18155782173589,-97.43758374347178,2.9355650958245647,-301.39930529938465,182.8986107501445,-88.04270731436361
4004,0,4004,56020000000.0,35.18155795565592,-97.43758401131184,2.940587096972451,-303.1050498556412,182.92279326705076,-88.0279037947679
4005,0,4005,56030000000.0,35.18155808957595,-97.4375842791519,2.945609098120337,-305.125606270523,182.94697578395704,-88.01310027438674
4006,0,4006,56040000000.0,35.18155822349598,-97.43758454699196,2.950631099268223,-306.90952369193155,182.97115829958025,-87.9982967540056
4007,0,4007,56050000000.0,35.181558357416016,-97.43758481483202,2.9556531004161086,-308.4960186355314,182.99534081648653,-87.98349323362444
4008,0,4008,56060000000.0,35.18155849133604,-97.43758508267209,2.9606751015639947,-310.21087823313417,183.0195233333928,-87.96868971402873
4009,0,4009,56070000000.0,35.18155862525607,-97.43758535051214,2.965697102711881,-312.46189976473715,183.04370584901602,-87.95388619364758
4010,0,4010,56080000000.0,35.181558759176106,-97.4375856183522,2.970719103859767,-314.5396200161652,183.0678883659223,-87.93908267326643
4011,0,4011,56090000000.0,35.18155889309614,-97.43758588619227,2.9757411050076525,-316.4727984706753,183.09207088282858,-87.92427915288528
4012,0,4012,56100000000.0,35.18155902701617,-97.43758615403233,2.9807631061555386,-318.2620680350862,183.11625339973483,-87.90947563250413
4013,0,4013,56110000000.0,35.181559160936196,-97.43758642187238,2.9857851073034247,-319.9422508461717,183.14043591535804,-87.89467211290841
4014,0,4014,56120000000.0,35.18155929485623,-97.43758668971245,2.9908071084513104,-322.2175588195074,183.16461843226432,-87.87986859252726
4015,0,4015,56130000000.0,35.18155946119828,-97.43758697024417,3.0011934205514006,-325.8180092069327,183.1899468427932,-87.86148114179
4016,0,4016,56140000000.0,35.18155962883539,-97.43758725128284,3.0117940020164675,-328.9,183.2153210238364,-87.84295053629194
4017,0,4017,56150000000.0,35.181559796472484,-97.43758753232152,3.022394583481534,-328.9,183.24069520616257,-87.82441993157931
4018,0,4018,56160000000.0,35.18155996410959,-97.43758781336018,3.032995164946601,-329.3792394370748,183.2660693872057,-87.80588932608126
4019,0,4019,56170000000.0,35.18156013174669,-97.43758809439886,3.0435957464116674,-331.3674175006609,183.29144356953194,-87.7873587205832
4020,0,4020,56180000000.0,35.18156029938379,-97.43758837543753,3.0541963278767343,-333.41655381666374,183.31681775057507,-87.76882811587058
4021,0,4021,56190000000.0,35.181560467020894,-97.4375886564762,3.064796909341801,-335.06069004520145,183.3421919316182,-87.75029751037252
4022,0,4022,56200000000.0,35.181560634658,-97.43758893751487,3.0753974908068678,-336.4161484616956,183.3675661139444,-87.73176690487446
4023,0,4023,56210000000.0,35.181560802295095,-97.43758921855354,3.0859980722719342,-337.79675352974994,183.39294029498757,-87.71323630016184
4024,0,4024,56220000000.0,35.1815609699322,-97.4375894995922,3.096598653737001,-339.5175140856031,183.4183144760307,-87.69470569466378
4025,0,4025,56230000000.0,35.181561137569304,-97.43758978063089,3.1071992352020676,-341.31734148078726,183.4436886583569,-87.67617508916572
4026,0,4026,56240000000.0,35.18156130520641,-97.43759006166955,3.1177998166671346,-342.86289283222993,183.46906283940007,-87.65764448366767
4027,0,4027,56250000000.0,35.181561472843505,-97.43759034270823,3.128400398132201,-344.2322013195953,183.49443702172627,-87.63911387895504
4028,0,4028,56260000000.0,35.18156164048061,-97.4375906237469,3.139000979597268,-345.50404134820957,183.5198112027694,-87.62058327345699
4029,0,4029,56270000000.0,35.18156180811771,-97.43759090478557,3.1496015610623345,-350.2086631327861,183.54518538381257,-87.60205266795893
4030,0,4030,56280000000.0,35.18156197575481,-97.43759118582425,3.1602021425274014,-355.1,183.57055956613877,-87.5835220632463
4031,0,4031,56290000000.0,35.181562143391915,-97.43759146686291,3.170802723992468,-355.1,183.5959337471819,-87.56499145774825
4032,0,4032,56300000000.0,35.18156231102902,-97.43759174790159,3.181403305457535,-355.1,183.6213079295081,-87.54646085225019
4033,0,4033,56310000000.0,35.181562478666116,-97.43759202894026,3.1920038869226017,-355.1,183.64668211055127,-87.52793024753757
4034,0,4034,56320000000.0,35.18156264630322,-97.43759230997892,3.202604468387668,-355.1,183.6720562915944,-87.50939964203951
4035,0,4035,56330000000.0,35.18156283165394,-97.43759259055176,3.2075590598278048,-355.69488936250605,183.69738841400897,-87.48891097329178
4036,0,4036,56340000000.0,35.18156302535258,-97.43759287090505,3.2098528594615825,-357.09278316327567,183.72270071446647,-87.467499525698
4037,0,4037,56350000000.0,35.18156321905121,-97.43759315125834,3.2121466590953607,-358.25545486030376,183.74801301492397,-87.44608807888966
4038,0,4038,56360000000.0,35.18156341274985,-97.43759343161162,3.214440458729139,-359.34023970078346,183.7733253140984,-87.42467663129588
4039,0,4039,56370000000.0,35.181563606448485,-97.43759371196491,3.216734258362917,-360.78931573295586,183.79863761455587,-87.40326518448754
4040,0,4040,56380000000.0,35.181563800147124,-97.4375939923182,3.219028057996695,-362.076904243872,183.82394991501337,-87.38185373689376
4041,0,4041,56390000000.0,35.18156399384576,-97.43759427267149,3.221321857630473,-363.25350919783045,183.84926221547087,-87.36044229008542
4042,0,4042,56400000000.0,35.181564187544396,-97.43759455302478,3.223615657264251,-365.173912879579,183.87457451592837,-87.33903084249164
4043,0,4043,56410000000.0,35.18156438124303,-97.43759483337807,3.2259094568980293,-367.0,183.89988681638584,-87.3176193956833
4044,0,4044,56420000000.0,35.18156457494167,-97.43759511373135,3.228203256531807,-367.0,183.92519911556028,-87.29620794808952
4045,0,4045,56430000000.0,35.1815647686403,-97.43759539408464,3.2304970561655852,-367.4149669419466,183.95051141601778,-87.27479650128117
4046,0,4046,56440000000.0,35.18156496233894,-97.43759567443793,3.2327908557993634,-368.536083419389,183.97582371647528,-87.2533850536874
4047,0,4047,56450000000.0,35.18156515603757,-97.43759595479122,3.235084655433141,-369.91537225806377,184.00113601693278,-87.23197360687905
4048,0,4048,56460000000.0,35.18156534973621,-97.43759623514451,3.2373784550669193,-370.1,184.02644831739025,-87.21056215928527
4049,0,4049,56470000000.0,35.18156554343484,-97.4375965154978,3.2396722547006975,-370.24604030207877,184.05176061784775,-87.18915071247693
4050,0,4050,56480000000.0,35.18156573713348,-97.43759679585108,3.2419660543344757,-370.8256160700431,184.07707291702218,-87.16773926488315
4051,0,4051,56490000000.0,35.181565930832114,-97.43759707620437,3.2442598539682534,-371.3220009314364,184.10238521747968,-87.14632781807481
4052,0,4052,56500000000.0,35.181566124530754,-97.43759735655766,3.2465536536020316,-371.69744434951167,184.12769751793718,-87.12491637048103
4053,0,4053,56510000000.0,35.181566318229386,-97.43759763691095,3.24884745323581,-372.01215920870777,184.15300981839465,-87.10350492367269
4054,0,4054,56520000000.0,35.181566514544514,-97.43759791547288,3.2516189153053556,-372.5,184.17816038174158,-87.08180424945567
4055,0,4055,56530000000.0,35.181566750732216,-97.4375981667364,3.2616694559060946,-372.5210788670497,184.2008462491501,-87.0556960608451
4056,0,4056,56540000000.0,35.18156698691992,-97.43759841799991,3.271719996506834,-372.6,184.2235321165586,-87.02958787223452
4057,0,4057,56550000000.0,35.18156722310762,-97.43759866926342,3.2817705371075734,-372.6,184.24621798396709,-87.00347968362394
4058,0,4058,56560000000.0,35.18156745929533,-97.43759892052694,3.2918210777083123,-372.6,184.26890385137557,-86.97737149422792
4059,0,4059,56570000000.0,35.18156769548303,-97.43759917179045,3.3018716183090517,-372.6,184.29158971878408,-86.95126330561735
4060,0,4060,56580000000.0,35.181567931670735,-97.43759942305397,3.3119221589097907,-372.6,184.31427558619257,-86.92515511700677
4061,0,4061,56590000000.0,35.18156816785844,-97.43759967431748,3.32197269951053,-372.6,184.33696145360108,-86.89904692839619
4062,0,4062,56600000000.0,35.181568404046146,-97.437599925581,3.3320232401112695,-372.6,184.35964732100956,-86.87293873900018
4063,0,4063,56610000000.0,35.18156864023385,-97.43760017684451,3.3420737807120084,-372.6,184.38233318841804,-86.8468305503896
4064,0,4064,56620000000.0,35.18156887642155,-97.43760042810803,3.352124321312748,-372.5,184.40501905582656,-86.82072236177902
4065,0,4065,56630000000.0,35.18156911260925,-97.43760067937154,3.362174861913487,-372.5,184.42770492323504,-86.79461417316844
4066,0,4066,56640000000.0,35.18156934879696,-97.43760093063507,3.372225402514226,-372.4803644928762,184.4503907919266,-86.76850598377243
4067,0,4067,56650000000.0,35.181569584984665,-97.43760118189859,3.382275943114965,-372.4,184.47307665933508,-86.74239779516185
4068,0,4068,56660000000.0,35.18156982117237,-97.4376014331621,3.3923264837157046,-372.4,184.49576252674362,-86.71628960655127
4069,0,4069,56670000000.0,35.18157005736007,-97.43760168442562,3.402377024316444,-372.4,184.5184483941521,-86.69018141794069
4070,0,4070,56680000000.0,35.18157029354778,-97.43760193568913,3.412427564917183,-372.4,184.5411342615606,-86.66407322854468
4071,0,4071,56690000000.0,35.18157052973548,-97.43760218695265,3.4224781055179223,-372.4,184.56382012896907,-86.6379650399341
4072,0,4072,56700000000.0,35.18157076592318,-97.43760243821616,3.4325286461186613,-372.4,184.58650599637758,-86.61185685132352
4073,0,4073,56710000000.0,35.181571002110886,-97.43760268947968,3.4425791867194007,-372.4,184.6091918637861,-86.58574866271294
4074,0,4074,56720000000.0,35.181571243513936,-97.43760293530376,3.4522807874614054,-372.273261861505,184.631386620364,-86.5590639695175
4075,0,4075,56730000000.0,35.18157151186468,-97.4376031530223,3.4601794133374617,-372.2,184.65104380718017,-86.52940047804705
4076,0,4076,56740000000.0,35.181571780215435,-97.43760337074083,3.468078039213518,-372.1743385979598,184.67070099399635,-86.49973698579117
4077,0,4077,56750000000.0,35.18157204856619,-97.43760358845935,3.4759766650895743,-372.1,184.69035817952948,-86.4700734935353
4078,0,4078,56760000000.0,35.181572316916935,-97.43760380617789,3.483875290965631,-372.0898507703684,184.71001536634566,-86.44041000206485
4079,0,4079,56770000000.0,35.18157258526769,-97.43760402389643,3.4917739168416873,-372.0,184.72967255316183,-86.41074650980897
4080,0,4080,56780000000.0,35.18157285361844,-97.43760424161496,3.4996725427177435,-372.0,184.74932973997804,-86.3810830175531
4081,0,4081,56790000000.0,35.18157312196919,-97.4376044593335,3.5075711685938,-372.0,184.7689869267942,-86.35141952608265
4082,0,4082,56800000000.0,35.18157339031994,-97.43760467705202,3.515469794469856,-371.982989726024,184.78864411232735,-86.32175603382677
4083,0,4083,56810000000.0,35.18157365867069,-97.43760489477056,3.5233684203459124,-371.9212900936551,184.80830129914352,-86.2920925415709
4084,0,4084,56820000000.0,35.18157392702144,-97.4376051124891,3.531267046221969,-371.9,184.82795848595973,-86.26242905010045
4085,0,4085,56830000000.0,35.18157419537219,-97.43760533020763,3.5391656720980254,-371.9,184.8476156727759,-86.23276555784457
4086,0,4086,56840000000.0,35.181574463722946,-97.43760554792617,3.5470642979740816,-371.9,184.86727285959208,-86.2031020655887
4087,0,4087,56850000000.0,35.18157473207369,-97.4376057656447,3.554962923850138,-371.9,184.88693004640828,-86.17343857411825
4088,0,4088,56860000000.0,35.181575000424445,-97.43760598336323,3.562861549726194,-371.9,184.90658723194142,-86.14377508186237
4089,0,4089,56870000000.0,35.1815752687752,-97.43760620108176,3.5707601756022505,-371.9,184.9262444187576,-86.1141115896065
4090,0,4090,56880000000.0,35.181575537125944,-97.4376064188003,3.578658801478307,-371.8,184.94590160557377,-86.08444809813605
4091,0,4091,56890000000.0,35.1815758054767,-97.43760663651884,3.5865574273543634,-371.7770322191004,184.96555879238994,-86.05478460588017
4092,0,4092,56900000000.0,35.18157607382745,-97.43760685423737,3.5944560532304197,-371.6776425670019,184.98521597920612,-86.0251211136243
4093,0,4093,56910000000.0,35.1815763421782,-97.4376070719559,3.602354679106476,-371.6,185.00487316473925,-85.99545762215385
4094,0,4094,56920000000.0,35.18157662468795,-97.43760727481278,3.610304230680365,-371.5847991784287,185.02318853503522,-85.96422899411465
4095,0,4095,56930000000.0,35.181576927415016,-97.43760745644902,3.618326497910926,-371.47440708191607,185.03958795388826,-85.9307655441809
4096,0,4096,56940000000.0,35.18157723014208,-97.43760763808525,3.626348765141487,-371.32690946339926,185.0559873727413,-85.89730209424715
4097,0,4097,56950000000.0,35.18157753286914,-97.43760781972149,3.6343710323720484,-371.01172547474584,185.07238679159434,-85.86383864509884
4098,0,4098,56960000000.0,35.18157783559621,-97.43760800135773,3.642393299602609,-370.9,185.0887862104474,-85.83037519516509
4099,0,4099,56970000000.0,35.181578138323275,-97.43760818299397,3.6504155668331704,-370.9,185.10518562930045,-85.79691174523134
4100,0,4100,56980000000.0,35.18157844105034,-97.43760836463021,3.6584378340637316,-370.79961264912737,185.12158504815352,-85.7634482952976
4101,0,4101,56990000000.0,35.18157874377741,-97.43760854626645,3.6664601012942923,-370.5495475280021,185.13798446700656,-85.72998484536384
4102,0,4102,57000000000.0,35.181579046504474,-97.43760872790268,3.6744823685248535,-370.4914812743535,185.1543838858596,-85.6965213954301
4103,0,4103,57010000000.0,35.181579349231534,-97.43760890953892,3.6825046357554148,-370.242623484946,185.17078330471267,-85.66305794628178
4104,0,4104,57020000000.0,35.1815796519586,-97.43760909117516,3.690526902985976,-370.1,185.1871827235657,-85.62959449634803
4105,0,4105,57030000000.0,35.18157995468567,-97.4376092728114,3.6985491702165367,-369.8057078671864,185.20358214241878,-85.59613104641429
4106,0,4106,57040000000.0,35.18158025741273,-97.43760945444764,3.706571437447098,-369.6085808470302,185.21998156127182,-85.56266759648054
4107,0,4107,57050000000.0,35.1815805601398,-97.43760963608388,3.714593704677659,-369.44699209812427,185.2363809801249,-85.52920414654679
4108,0,4108,57060000000.0,35.18158086286686,-97.43760981772012,3.72261597190822,-369.2058673693384,185.25278039897793,-85.49574069739847
4109,0,4109,57070000000.0,35.181581165593926,-97.43760999935635,3.730638239138781,-369.033100196162,185.26917981783097,-85.46227724746473
4110,0,4110,57080000000.0,35.18158146832099,-97.43761018099259,3.7386605063693423,-368.98331711972247,185.28557923668401,-85.42881379753098
4111,0,4111,57090000000.0,35.18158177104806,-97.43761036262883,3.746682773599903,-368.8165961853917,185.30197865553706,-85.39535034759723
4112,0,4112,57100000000.0,35.181582073775125,-97.43761054426508,3.7547050408304643,-368.4766767324955,185.31837807567317,-85.36188689766348
4113,0,4113,57110000000.0,35.18158237650219,-97.43761072590132,3.7627273080610255,-368.3415360276029,185.33477749452624,-85.32842344772973
4114,0,4114,57120000000.0,35.18158268704988,-97.4376108892084,3.7682445985942326,-367.57287501356683,185.34952202566907,-85.29409550600263
4115,0,4115,57130000000.0,35.18158300298637,-97.43761103988581,3.772035836471895,-367.4,185.36312625988657,-85.25917188646275
4116,0,4116,57140000000.0,35.18158331892286,-97.43761119056322,3.7758270743495577,-367.4,185.3767304941041,-85.22424826692287
4117,0,4117,57150000000.0,35.18158363485935,-97.43761134124061,3.7796183122272202,-367.1665422423982,185.39033472703858,-85.18932464738299
4118,0,4118,57160000000.0,35.18158395079584,-97.43761149191802,3.7834095501048832,-366.69387399486016,185.40393896125607,-85.15440102784311
4119,0,4119,57170000000.0,35.18158426673233,-97.43761164259543,3.787200787982546,-366.38990216210607,185.4175431954736,-85.11947740830323
4120,0,4120,57180000000.0,35.18158458266882,-97.43761179327282,3.7909920258602083,-365.81787653168834,185.43114742840805,-85.08455378876334
4121,0,4121,57190000000.0,35.18158489860531,-97.43761194395023,3.7947832637378713,-365.36433528725115,185.4447516626256,-85.04963016922346
4122,0,4122,57200000000.0,35.1815852145418,-97.43761209462762,3.798574501615534,-365.19978231574044,185.45835589556006,-85.01470654968358
4123,0,4123,57210000000.0,35.181585530478294,-97.43761224530503,3.8023657394931965,-364.42090131071393,185.47196012977756,-84.97978292935827
4124,0,4124,57220000000.0,35.181585846414784,-97.43761239598244,3.8061569773708595,-364.1,185.48556436399508,-84.94485930981838
4125,0,4125,57230000000.0,35.18158616235127,-97.43761254665984,3.809948215248522,-362.7912284392651,185.49916859692956,-84.9099356902785
4126,0,4126,57240000000.0,35.18158647828776,-97.43761269733724,3.8137394531261846,-361.97980187456375,185.5127728311471,-84.87501207073862
4127,0,4127,57250000000.0,35.18158679422425,-97.43761284801464,3.8175306910038476,-361.2968040771347,185.52637706408154,-84.84008845119874
4128,0,4128,57260000000.0,35.18158711016074,-97.43761299869205,3.82132192888151,-360.32977718185197,185.53998129829904,-84.80516483165886
4129,0,4129,57270000000.0,35.18158742609723,-97.43761314936945,3.8251131667591727,-359.2264250841035,185.5535855325166,-84.77024121211898
4130,0,4130,57280000000.0,35.18158774203372,-97.43761330004685,3.8289044046368357,-356.25179370375446,185.56718976545105,-84.7353175925791
4131,0,4131,57290000000.0,35.18158805797021,-97.43761345072426,3.8326956425144982,-356.1,185.58079399966857,-84.70039397303921
4132,0,4132,57300000000.0,35.1815883739067,-97.43761360140167,3.836486880392161,-356.09079453678476,185.59439823388607,-84.66547035349933
4133,0,4133,57310000000.0,35.18158868984319,-97.43761375207906,3.8402781182698233,-355.3297545798347,185.60800246682055,-84.63054673395945
4134,0,4134,57320000000.0,35.181589006092246,-97.4376139021502,3.844098551025408,-354.1752469360638,185.62155196323414,-84.59558856318054
4135,0,4135,57330000000.0,35.18158933911465,-97.43761401968753,3.849485678107168,-353.8750305947568,185.63216407373687,-84.55877626641069
4136,0,4136,57340000000.0,35.18158967213705,-97.43761413722484,3.854872805188928,-351.53347565616457,185.64277618295657,-84.52196397042627
4137,0,4137,57350000000.0,35.18159000515945,-97.43761425476217,3.8602599322706874,-350.4497940248178,185.65338829345933,-84.48515167444185
4138,0,4138,57360000000.0,35.18159033818185,-97.43761437229948,3.8656470593524475,-350.0905849420131,185.664000402679,-84.44833937845743
4139,0,4139,57370000000.0,35.181590671204255,-97.4376144898368,3.871034186434207,-348.11291010750057,185.67461251318176,-84.41152708168758
4140,0,4140,57380000000.0,35.181591004226654,-97.43761460737412,3.8764213135159666,-346.11970440531763,185.68522462240142,-84.37471478570316
4141,0,4141,57390000000.0,35.18159133724905,-97.43761472491143,3.8818084405977267,-344.8125462127951,185.6958367316211,-84.33790248971874
4142,0,4142,57400000000.0,35.18159167027146,-97.43761484244875,3.8871955676794863,-344.4521970883914,185.70644884212385,-84.30109019294889
4143,0,4143,57410000000.0,35.18159200329386,-97.43761495998606,3.8925826947612463,-342.50525792985076,185.71706095134354,-84.26427789696447
4144,0,4144,57420000000.0,35.18159233631626,-97.43761507752339,3.897969821843006,-340.4472950471762,185.72767306184628,-84.22746560098005
4145,0,4145,57430000000.0,35.18159266933866,-97.4376151950607,3.903356948924766,-340.0227189452279,185.73828517106594,-84.1906533042102
4146,0,4146,57440000000.0,35.18159300236106,-97.43761531259803,3.9087440760065255,-337.1885682336869,185.7488972815687,-84.15384100822578
4147,0,4147,57450000000.0,35.18159333538346,-97.43761543013534,3.914131203088285,-334.1266123738907,185.75950939078837,-84.11702871224136
4148,0,4148,57460000000.0,35.18159366840587,-97.43761554767266,3.919518330170045,-332.3,185.7701215012911,-84.08021641547151
4149,0,4149,57470000000.0,35.181594001428266,-97.43761566520998,3.9249054572518047,-332.3,185.7807336105108,-84.04340411948709
4150,0,4150,57480000000.0,35.181594334450665,-97.4376157827473,3.9302925843335648,-330.90227612165046,185.79134572101353,-84.00659182350267
4151,0,4151,57490000000.0,35.181594667473064,-97.43761590028461,3.9356797114153244,-329.4808473693544,185.80195783023322,-83.96977952751826
4152,0,4152,57500000000.0,35.18159500049547,-97.43761601782194,3.941066838497084,-327.9675988901608,185.81256994073595,-83.9329672307484
4153,0,4153,57510000000.0,35.18159533351787,-97.43761613535925,3.946453965578844,-326.2553918102256,185.82318204995562,-83.89615493476398
4154,0,4154,57520000000.0,35.18159566654027,-97.43761625289658,3.9518410926606036,-324.18324315431227,185.83379416045838,-83.85934263877957
4155,0,4155,57530000000.0,35.1815960293335,-97.43761634280892,3.9618584945816253,-322.3247048481298,185.8419120903587,-83.81923947512163
4156,0,4156,57540000000.0,35.181596412036285,-97.43761641424678,3.974972443556964,-320.73432177004577,185.8483620107186,-83.7769355090694
4157,0,4157,57550000000.0,35.18159679473908,-97.43761648568463,3.988086392532303,-319.2435751758926,185.85481193107853,-83.73463154223174
4158,0,4158,57560000000.0,35.18159717744187,-97.43761655712248,4.0012003415076425,-317.46583977147293,185.86126185143843,-83.69232757539407
4159,0,4159,57570000000.0,35.18159756014466,-97.43761662856033,4.014314290482981,-315.3535981607089,185.86771177179833,-83.65002360934184
4160,0,4160,57580000000.0,35.18159794284745,-97.43761669999819,4.02742823945832,-313.5225790890832,185.8741616921582,-83.60771964250418
4161,0,4161,57590000000.0,35.18159832555024,-97.43761677143605,4.040542188433659,-311.80359372355133,185.88061161380116,-83.56541567645195
4162,0,4162,57600000000.0,35.181598708253034,-97.43761684287391,4.053656137408998,-310.03826077183834,185.88706153416106,-83.52311170961428
4163,0,4163,57610000000.0,35.18159909095583,-97.43761691431176,4.066770086384338,-304.596255772724,185.89351145452096,-83.48080774277662
4164,0,4164,57620000000.0,35.181599473658615,-97.43761698574961,4.079884035359677,-301.4,185.89996137488086,-83.43850377672439
4165,0,4165,57630000000.0,35.18159985636141,-97.43761705718747,4.092997984335016,-301.4,185.90641129524076,-83.39619980988672
4166,0,4166,57640000000.0,35.1816002390642,-97.43761712862532,4.106111933310355,-301.4,185.91286121560066,-83.35389584304906
4167,0,4167,57650000000.0,35.18160062176699,-97.43761720006317,4.1192258822856935,-300.25477974122833,185.91931113596056,-83.31159187699683
4168,0,4168,57660000000.0,35.18160100446978,-97.43761727150103,4.132339831261032,-298.2474973267718,185.92576105632048,-83.26928791015916
4169,0,4169,57670000000.0,35.18160138717257,-97.43761734293888,4.145453780236372,-295.86790608929454,185.93221097668035,-83.22698394410693
4170,0,4170,57680000000.0,35.181601769875364,-97.43761741437675,4.158567729211711,-293.6611504046216,185.9386608983233,-83.18467997726927
4171,0,4171,57690000000.0,35.18160215257816,-97.4376174858146,4.17168167818705,-291.66256968137054,185.94511081868322,-83.1423760104316
4172,0,4172,57700000000.0,35.181602535280945,-97.43761755725245,4.184795627162389,-289.5200802405201,185.95156073904312,-83.10007204437937
4173,0,4173,57710000000.0,35.18160291798374,-97.4376176286903,4.197909576137728,-287.21599701295133,185.95801065940302,-83.05776807754171
4174,0,4174,57720000000.0,35.18160330065707,-97.43761770007009,4.210997634535527,-284.70104741663823,185.9644553371895,-83.01546736711316
4175,0,4175,57730000000.0,35.181603666939175,-97.43761773914018,4.2096790189640805,-282.2176141971311,185.96798286416674,-82.97497854360913
4176,0,4176,57740000000.0,35.18160403322128,-97.43761777821027,4.208360403392634,-279.79846650152706,185.97151039114402,-82.93448972010509
4177,0,4177,57750000000.0,35.181604399503385,-97.43761781728037,4.207041787821188,-277.5340788025534,185.97503791940431,-82.89400089581562
4178,0,4178,57760000000.0,35.18160476578549,-97.43761785635046,4.2057231722497415,-275.0944623374366,185.97856544638157,-82.85351207231159
4179,0,4179,57770000000.0,35.18160513206759,-97.43761789542054,4.204404556678295,-272.3497360308725,185.98209297335882,-82.81302324880755
4180,0,4180,57780000000.0,35.18160549834969,-97.43761793449063,4.203085941106849,-266.2310458192256,185.9856205003361,-82.77253442530352
4181,0,4181,57790000000.0,35.1816058646318,-97.43761797356073,4.201767325535402,-263.5,185.9891480285964,-82.73204560101405
4182,0,4182,57800000000.0,35.1816062309139,-97.43761801263082,4.200448709963956,-263.5,185.99267555557364,-82.69155677751002
4183,0,4183,57810000000.0,35.181606597196,-97.43761805170091,4.19913009439251,-262.10480276430064,185.9962030825509,-82.65106795400598
4184,0,4184,57820000000.0,35.1816069634781,-97.437618090771,4.197811478821063,-259.16205153518143,185.99973060952814,-82.61057913050195
4185,0,4185,57830000000.0,35.18160732976021,-97.43761812984108,4.196492863249618,-256.12214930939103,186.0032581365054,-82.57009030621248
4186,0,4186,57840000000.0,35.18160769604231,-97.43761816891119,4.195174247678171,-253.22161381637758,186.00678566476572,-82.52960148270844
4187,0,4187,57850000000.0,35.181608062324415,-97.43761820798127,4.193855632106724,-250.75093406521037,186.01031319174297,-82.48911265920441
4188,0,4188,57860000000.0,35.181608428606516,-97.43761824705136,4.192537016535279,-247.82338867734123,186.01384071872022,-82.44862383570037
4189,0,4189,57870000000.0,35.181608794888625,-97.43761828612145,4.191218400963832,-244.54139992899258,186.01736824569747,-82.4081350114109
4190,0,4190,57880000000.0,35.18160916117073,-97.43761832519155,4.189899785392385,-241.64831571151473,186.0208957739578,-82.36764618790687
4191,0,4191,57890000000.0,35.18160952745283,-97.43761836426164,4.18858116982094,-238.91967825454512,186.02442330093504,-82.32715736440284
4192,0,4192,57900000000.0,35.18160989373493,-97.43761840333173,4.187262554249493,-236.0806667534274,186.0279508279123,-82.2866685408988
4193,0,4193,57910000000.0,35.18161026001704,-97.43761844240181,4.185943938678046,-233.18025726154693,186.03147835488954,-82.24617971660933
4194,0,4194,57920000000.0,35.18161062629914,-97.4376184814719,4.184625323106601,-230.03982579097746,186.0350058818668,-82.2056908931053
4195,0,4195,57930000000.0,35.181610994446416,-97.43761851440344,4.192161948250604,-227.2079498814996,186.03797917671108,-82.16499589319199
4196,0,4196,57940000000.0,35.18161136427601,-97.43761854179822,4.207685659530193,-224.44460954290057,186.04045257306322,-82.12411493001184
4197,0,4197,57950000000.0,35.1816117341056,-97.437618569193,4.223209370809783,-220.02219040970132,186.04292597069838,-82.0832339668317
4198,0,4198,57960000000.0,35.181612103935194,-97.4376185965878,4.238733082089372,-215.2,186.04539936833356,-82.04235300365156
4199,0,4199,57970000000.0,35.18161247376479,-97.43761862398257,4.2542567933689615,-215.2,186.04787276468565,-82.00147204047141
4200,0,4200,57980000000.0,35.18161284359437,-97.43761865137736,4.26978050464855,-180.1221226864179,186.05034616232084,-81.9605910780767
4201,0,4201,57990000000.0,35.181613213423965,-97.43761867877215,4.285304215928139,-129.3,186.05281955995602,-81.91971011489656
4202,0,4202,58000000000.0,35.18161358325356,-97.43761870616693,4.300827927207729,-129.3,186.05529295630814,-81.87882915171642
4203,0,4203,58010000000.0,35.18161395308315,-97.43761873356172,4.316351638487318,-129.3,186.0577663539433,-81.83794818853627
4204,0,4204,58020000000.0,35.18161432291274,-97.4376187609565,4.331875349766908,-129.3,186.0602397502954,-81.79706722535613
4205,0,4205,58030000000.0,35.181614692742336,-97.43761878835129,4.347399061046497,-129.3,186.0627131479306,-81.75618626217599
4206,0,4206,58040000000.0,35.18161506257193,-97.43761881574608,4.362922772326086,-129.3,186.06518654556575,-81.71530529899584
4207,0,4207,58050000000.0,35.18161543240152,-97.43761884314085,4.378446483605676,-129.3,186.06765994191787,-81.6744243358157
4208,0,4208,58060000000.0,35.181615802231114,-97.43761887053564,4.393970194885265,-129.3,186.07013333955302,-81.63354337263556
4209,0,4209,58070000000.0,35.18161617206071,-97.43761889793042,4.409493906164855,-129.3,186.07260673590517,-81.59266240945541
4210,0,4210,58080000000.0,35.18161654189029,-97.43761892532521,4.4250176174444436,-129.3,186.07508013354035,-81.5517814470607
4211,0,4211,58090000000.0,35.181616911719885,-97.43761895272,4.440541328724033,-129.3,186.0775535311755,-81.51090048388056
4212,0,4212,58100000000.0,35.18161728154948,-97.43761898011478,4.456065040003622,-129.3,186.08002692752763,-81.47001952070042
4213,0,4213,58110000000.0,35.18161765137907,-97.43761900750957,4.471588751283211,-129.3,186.08250032516278,-81.42913855752028
4214,0,4214,58120000000.0,35.18161802120866,-97.43761903490436,4.487112462562801,-129.3,186.08497372279797,-81.38825759434013
4215,0,4215,58130000000.0,35.181618391038256,-97.43761906229913,4.50263617384239,-129.3,186.08744711915008,-81.34737663115999
4216,0,4216,58140000000.0,35.18161876086785,-97.43761908969392,4.51815988512198,-129.3,186.08992051678524,-81.30649566797985
4217,0,4217,58150000000.0,35.18161916145357,-97.43761910645566,4.527130987245814,-129.3,186.0914338858068,-81.26221492257258
4218,0,4218,58160000000.0,35.18161958058812,-97.43761911680465,4.532150252817043,-129.3,186.09236826738177,-81.21588378929772
4219,0,4219,58170000000.0,35.18161999972266,-97.43761912715365,4.537169518388273,-129.3,186.09330264895678,-81.16955265680829
4220,0,4220,58180000000.0,35.181620418857214,-97.43761913750265,4.542188783959504,-129.3,186.09423703053176,-81.12322152353343
4221,0,4221,58190000000.0,35.181620837991765,-97.43761914785165,4.547208049530734,-129.3,186.09517141210674,-81.07689039025857
4222,0,4222,58200000000.0,35.18162125712631,-97.43761915820065,4.552227315101963,-129.3,186.09610579368174,-81.03055925776914
4223,0,4223,58210000000.0,35.18162167626086,-97.43761916854966,4.557246580673194,-129.3,186.0970401765398,-80.98422812449428
4224,0,4224,58220000000.0,35.181622095395404,-97.43761917889866,4.562265846244424,-129.3,186.09797455811477,-80.93789699200485
4225,0,4225,58230000000.0,35.181622514529955,-97.43761918924766,4.567285111815654,-129.3,186.09890893968975,-80.89156585872999
4226,0,4226,58240000000.0,35.1816229336645,-97.43761919959665,4.572304377386884,-129.3,186.09984332126476,-80.84523472624056
4227,0,4227,58250000000.0,35.18162335279905,-97.43761920994565,4.577323642958114,-129.3,186.10077770283974,-80.7989035929657
4228,0,4228,58260000000.0,35.181623771933594,-97.43761922029465,4.582342908529344,-129.3,186.10171208441471,-80.75257246047627
4229,0,4229,58270000000.0,35.181624191068146,-97.43761923064366,4.587362174100575,-129.3,186.10264646727276,-80.70624132720141
4230,0,4230,58280000000.0,35.18162461020269,-97.43761924099266,4.592381439671804,-129.3,186.10358084884777,-80.65991019471198
4231,0,4231,58290000000.0,35.18162502933724,-97.43761925134166,4.597400705243035,-129.3,186.10451523042275,-80.61357906143712
4232,0,4232,58300000000.0,35.18162544847179,-97.43761926169066,4.602419970814265,-125.02659895770881,186.10544961199776,-80.56724792816226
4233,0,4233,58310000000.0,35.181625867606336,-97.43761927203965,4.607439236385495,-114.1,186.10638399357273,-80.52091679567283
4234,0,4234,58320000000.0,35.18162628674089,-97.43761928238865,4.612458501956725,-114.1,186.1073183751477,-80.47458566239797
4235,0,4235,58330000000.0,35.18162670587543,-97.43761929273766,4.617477767527955,-114.1,186.10825275800576,-80.42825452990854
4236,0,4236,58340000000.0,35.18162714148111,-97.4376193,4.627065799155144,-114.1,186.10890845305175,-80.38010267828994
4237,0,4237,58350000000.0,35.181627615840185,-97.4376193,4.647403263221898,-113.41247843703417,186.10890845305175,-80.32766702597769
4238,0,4238,58360000000.0,35.18162809019927,-97.4376193,4.667740727288653,-111.57257557339153,186.10890845305175,-80.27523137288
4239,0,4239,58370000000.0,35.18162856455835,-97.4376193,4.688078191355407,-108.66699918634396,186.10890845305175,-80.22279571978231
4240,0,4240,58380000000.0,35.18162903891743,-97.4376193,4.7084156554221614,-106.09605251212943,186.10890845305175,-80.17036006747006
4241,0,4241,58390000000.0,35.18162951327651,-97.4376193,4.728753119488916,-103.60053097333787,186.10890845305175,-80.11792441437237
4242,0,4242,58400000000.0,35.181629987635596,-97.4376193,4.74909058355567,-101.41925937533956,186.10890845305175,-80.06548876127468
4243,0,4243,58410000000.0,35.18163046199468,-97.4376193,4.769428047622424,-98.73208117958575,186.10890845305175,-80.01305310817699
4244,0,4244,58420000000.0,35.181630936353756,-97.4376193,4.789765511689178,-93.1,186.10890845305175,-79.96061745586474
4245,0,4245,58430000000.0,35.18163141071284,-97.4376193,4.810102975755933,-93.1,186.10890845305175,-79.90818180276705
4246,0,4246,58440000000.0,35.18163188507192,-97.4376193,4.830440439822687,-92.25910652099476,186.10890845305175,-79.85574614966936
4247,0,4247,58450000000.0,35.181632359431,-97.4376193,4.850777903889441,-89.74894258038569,186.10890845305175,-79.8033104973571
4248,0,4248,58460000000.0,35.18163283379008,-97.4376193,4.871115367956196,-87.45719577685047,186.10890845305175,-79.75087484425941
4249,0,4249,58470000000.0,35.181633308149166,-97.4376193,4.89145283202295,-86.3,186.10890845305175,-79.69843919116173
4250,0,4250,58480000000.0,35.18163378250825,-97.4376193,4.911790296089705,-83.86488756169763,186.10890845305175,-79.64600353806404
4251,0,4251,58490000000.0,35.181634256867326,-97.4376193,4.932127760156458,-81.660738608107,186.10890845305175,-79.59356788575178
4252,0,4252,58500000000.0,35.18163473122641,-97.4376193,4.952465224223213,-79.56063178554972,186.10890845305175,-79.54113223265409
4253,0,4253,58510000000.0,35.18163520558549,-97.4376193,4.972802688289967,-77.76386534444258,186.10890845305175,-79.4886965795564
4254,0,4254,58520000000.0,35.18163567994457,-97.4376193,4.993140152356721,-75.1817387539405,186.10890845305175,-79.43626092724415
4255,0,4255,58530000000.0,35.18163613584818,-97.4376193,5.000178507174236,-73.21584544297994,186.10890845305175,-79.38586534219752
4256,0,4256,58540000000.0,35.18163659093707,-97.4376193,5.006629767169826,-71.2292719246299,186.10890845305175,-79.33555981657733
4257,0,4257,58550000000.0,35.18163704602595,-97.4376193,5.013081027165415,-69.03229799942045,186.10890845305175,-79.28525429174258
4258,0,4258,58560000000.0,35.181637501114835,-97.4376193,5.019532287161005,-66.77414221206011,186.10890845305175,-79.23494876612239
4259,0,4259,58570000000.0,35.181637956203716,-97.4376193,5.025983547156595,-65.75704031668697,186.10890845305175,-79.18464324128763
4260,0,4260,58580000000.0,35.181638411292596,-97.4376193,5.0324348071521845,-63.46422840565111,186.10890845305175,-79.13433771645288
4261,0,4261,58590000000.0,35.18163886638148,-97.4376193,5.038886067147774,-60.7,186.10890845305175,-79.08403219083269
4262,0,4262,58600000000.0,35.181639321470364,-97.4376193,5.045337327143364,-60.287780600043035,186.10890845305175,-79.03372666599793
4263,0,4263,58610000000.0,35.18163977655925,-97.4376193,5.0517885871389545,-58.4167766645975,186.10890845305175,-78.98342114037774
4264,0,4264,58620000000.0,35.18164023164813,-97.4376193,5.058239847134544,-57.6,186.10890845305175,-78.93311561554299
4265,0,4265,58630000000.0,35.18164068673702,-97.4376193,5.064691107130134,-55.77114945897323,186.10890845305175,-78.8828100899228
4266,0,4266,58640000000.0,35.1816411418259,-97.4376193,5.071142367125724,-54.269957697748154,186.10890845305175,-78.83250456508804
4267,0,4267,58650000000.0,35.18164159691478,-97.4376193,5.077593627121313,-52.13011344384312,186.10890845305175,-78.78219904025329
4268,0,4268,58660000000.0,35.18164205200367,-97.4376193,5.084044887116903,-51.07526777981903,186.10890845305175,-78.7318935146331
4269,0,4269,58670000000.0,35.18164250709255,-97.4376193,5.090496147112493,-50.6,186.10890845305175,-78.68158798979835
4270,0,4270,58680000000.0,35.181642962181435,-97.4376193,5.0969474071080825,-49.39989796650459,186.10890845305175,-78.63128246417816
4271,0,4271,58690000000.0,35.181643417270315,-97.4376193,5.103398667103672,-48.276181056726095,186.10890845305175,-78.5809769393434
4272,0,4272,58700000000.0,35.1816438723592,-97.4376193,5.109849927099262,-46.360622973308935,186.10890845305175,-78.53067141372321
4273,0,4273,58710000000.0,35.18164432744808,-97.4376193,5.116301187094852,-45.766596978656885,186.10890845305175,-78.48036588888846
4274,0,4274,58720000000.0,35.181644782536964,-97.4376193,5.122752447090441,-44.13154235891411,186.10890845305175,-78.4300603640537
4275,0,4275,58730000000.0,35.1816453576697,-97.43761930574917,5.141109892449817,-42.61197298414498,186.1094275294061,-78.36648519120857
4276,0,4276,58740000000.0,35.18164593759268,-97.43761931172776,5.159942442579241,-41.53787950365361,186.10996731944255,-78.30238050550577
4277,0,4277,58750000000.0,35.18164651751565,-97.43761931770634,5.178774992708664,-36.9,186.11050710819595,-78.23827581980296
4278,0,4278,58760000000.0,35.18164709743862,-97.43761932368493,5.197607542838088,-36.9,186.1110468982324,-78.1741711348856
4279,0,4279,58770000000.0,35.181647677361596,-97.43761932966352,5.216440092967511,-36.9,186.11158668826886,-78.1100664491828
4280,0,4280,58780000000.0,35.181648257284564,-97.43761933564211,5.235272643096935,-36.9,186.1121264783053,-78.04596176426543
4281,0,4281,58790000000.0,35.18164883720754,-97.43761934162069,5.2541051932263585,-36.9,186.1126662670587,-77.98185707856263
4282,0,4282,58800000000.0,35.18164941713051,-97.43761934759928,5.272937743355782,-35.7317038499632,186.11320605709514,-77.91775239364526
4283,0,4283,58810000000.0,35.18164999705348,-97.43761935357787,5.291770293485206,-34.273331723378895,186.1137458471316,-77.85364770794246
4284,0,4284,58820000000.0,35.18165057697645,-97.43761935955646,5.310602843614629,-32.681921645983245,186.11428563716805,-77.78954302302509
4285,0,4285,58830000000.0,35.18165115689943,-97.43761936553504,5.329435393744053,-30.39385215905809,186.11482542592148,-77.72543833732229
4286,0,4286,58840000000.0,35.1816517368224,-97.43761937151363,5.348267943873476,-30.1,186.1153652159579,-77.66133365161949
4287,0,4287,58850000000.0,35.18165231674537,-97.43761937749223,5.3671004940029,-29.263777463190767,186.11590500599436,-77.59722896670212
4288,0,4288,58860000000.0,35.181652896668346,-97.4376193834708,5.385933044132323,-28.393640890122743,186.11644479474776,-77.53312428099932
4289,0,4289,58870000000.0,35.181653476591315,-97.4376193894494,5.404765594261747,-27.241490473316667,186.1169845847842,-77.46901959608195
4290,0,4290,58880000000.0,35.18165405651429,-97.43761939542799,5.42359814439117,-26.091658978035213,186.11752437482068,-77.40491491037915
4291,0,4291,58890000000.0,35.18165460560005,-97.4376194,5.44114788717523,-24.987191197735395,186.11793716909756,-77.34421897027559
4292,0,4292,58900000000.0,35.18165505445027,-97.4376194,5.454527898537724,-24.098540132918465,186.11793716909756,-77.29460306743633
4293,0,4293,58910000000.0,35.18165550330049,-97.4376194,5.467907909900218,-22.500606914201,186.11793716909756,-77.24498716381163
4294,0,4294,58920000000.0,35.18165595215071,-97.4376194,5.4812879212627115,-20.490579484932102,186.11793716909756,-77.19537126018693
4295,0,4295,58930000000.0,35.181656401000936,-97.4376194,5.494667932625205,-20.1,186.11793716909756,-77.14575535656223
4296,0,4296,58940000000.0,35.18165684985116,-97.4376194,5.508047943987698,-20.1,186.11793716909756,-77.09613945293754
4297,0,4297,58950000000.0,35.18165729870138,-97.4376194,5.521427955350192,-19.528217106969752,186.11793716909756,-77.04652354931284
4298,0,4298,58960000000.0,35.1816577475516,-97.4376194,5.534807966712686,-18.92561311645966,186.11793716909756,-76.99690764647357
4299,0,4299,58970000000.0,35.18165819640182,-97.4376194,5.5481879780751795,-18.355391606025456,186.11793716909756,-76.94729174284888
4300,0,4300,58980000000.0,35.18165864525204,-97.4376194,5.561567989437673,-17.459842847708046,186.11793716909756,-76.89767583922418
4301,0,4301,58990000000.0,35.181659094102265,-97.4376194,5.574948000800167,-16.709515155586512,186.11793716909756,-76.84805993559948
4302,0,4302,59000000000.0,35.18165954295249,-97.4376194,5.588328012162661,-16.091638649497693,186.11793716909756,-76.79844403197478
4303,0,4303,59010000000.0,35.18165999180271,-97.4376194,5.601708023525155,-15.504662609035195,186.11793716909756,-76.74882812835008
4304,0,4304,59020000000.0,35.18166044065293,-97.4376194,5.615088034887648,-14.814311705329635,186.11793716909756,-76.69921222551082
4305,0,4305,59030000000.0,35.18166088950315,-97.4376194,5.628468046250142,-14.143493112747988,186.11793716909756,-76.64959632188612
4306,0,4306,59040000000.0,35.18166133835337,-97.4376194,5.641848057612636,-13.63767198659438,186.11793716909756,-76.59998041826142
4307,0,4307,59050000000.0,35.181661787203595,-97.4376194,5.65522806897513,-13.080621292615158,186.11793716909756,-76.55036451463673
4308,0,4308,59060000000.0,35.18166223605382,-97.4376194,5.6686080803376235,-12.639633975562536,186.11793716909756,-76.50074861101203
4309,0,4309,59070000000.0,35.18166268490403,-97.4376194,5.681988091700117,-11.932367710560241,186.11793716909756,-76.45113270817276
4310,0,4310,59080000000.0,35.181663133754256,-97.4376194,5.695368103062611,-11.717270135710566,186.11793716909756,-76.40151680454807
4311,0,4311,59090000000.0,35.18166358260448,-97.4376194,5.708748114425105,-11.1,186.11793716909756,-76.35190090092337
4312,0,4312,59100000000.0,35.1816640314547,-97.4376194,5.722128125787599,-11.007727635656956,186.11793716909756,-76.30228499729867
4313,0,4313,59110000000.0,35.181664480304924,-97.4376194,5.7355081371500924,-10.361605603557937,186.11793716909756,-76.25266909367397
4314,0,4314,59120000000.0,35.18166492915515,-97.4376194,5.748888148512586,-10.22948510239362,186.11793716909756,-76.20305319004927
4315,0,4315,59130000000.0,35.18166545815048,-97.43761940424214,5.754733077973594,-9.948105624634428,186.1183201797581,-76.14457804556096
4316,0,4316,59140000000.0,35.18166600216642,-97.43761940927932,5.759165800463999,-9.646735590981526,186.11877497235986,-76.08444252356975
4317,0,4317,59150000000.0,35.18166654618236,-97.4376194143165,5.763598522954405,-9.254206739281825,186.1192297649616,-76.02430700157853
4318,0,4318,59160000000.0,35.18166709019831,-97.4376194193537,5.768031245444812,-8.926617594249526,186.11968455884644,-75.96417147880189
4319,0,4319,59170000000.0,35.18166763421425,-97.43761942439087,5.772463967935217,-8.606635250643697,186.12013935144822,-75.90403595681067
4320,0,4320,59180000000.0,35.18166817823019,-97.43761942942805,5.776896690425623,-8.225583617032637,186.12059414405002,-75.84390043481946
4321,0,4321,59190000000.0,35.18166872224613,-97.43761943446525,5.781329412916029,-7.903072086500411,186.12104893793483,-75.78376491282825
4322,0,4322,59200000000.0,35.18166926626208,-97.43761943950243,5.785762135406435,-7.693366130453343,186.1215037305366,-75.7236293900516
4323,0,4323,59210000000.0,35.18166981027802,-97.4376194445396,5.79019485789684,-7.496601562636474,186.12195852313837,-75.66349386806039
4324,0,4324,59220000000.0,35.181670354293956,-97.4376194495768,5.794627580387246,-7.139799051409548,186.1224133170232,-75.60335834606917
4325,0,4325,59230000000.0,35.1816708983099,-97.43761945461398,5.799060302877653,-6.864285524808155,186.122868109625,-75.54322282329252
4326,0,4326,59240000000.0,35.18167144232584,-97.43761945965116,5.803493025368058,-6.594428625834865,186.12332290222676,-75.48308730130131
4327,0,4327,59250000000.0,35.18167198634178,-97.43761946468835,5.807925747858464,-6.203957117685093,186.12377769611157,-75.4229517793101
4328,0,4328,59260000000.0,35.18167253035772,-97.43761946972553,5.81235847034887,-6.0,186.12423248871337,-75.36281625731888
4329,0,4329,59270000000.0,35.18167307437367,-97.43761947476271,5.8167911928392755,-5.908028963730201,186.12468728131512,-75.30268073454224
4330,0,4330,59280000000.0,35.18167361838961,-97.4376194797999,5.821223915329681,-5.665233170332035,186.12514207519996,-75.24254521255102
4331,0,4331,59290000000.0,35.18167416240555,-97.43761948483709,5.825656637820088,-5.40470246134992,186.12559686780173,-75.18240969055981
4332,0,4332,59300000000.0,35.1816747064215,-97.43761948987427,5.8300893603104935,-5.221610886958331,186.1260516604035,-75.12227416778316
4333,0,4333,59310000000.0,35.181675250437436,-97.43761949491146,5.834522082800899,-5.036126283172373,186.12650645428835,-75.06213864579195
4334,0,4334,59320000000.0,35.181675794453376,-97.43761949994864,5.838954805291305,-4.757788313179349,186.12696124689012,-75.00200312380073
4335,0,4335,59330000000.0,35.1816763399109,-97.43761950477797,5.855531785160443,-4.546928025120281,186.1273972734912,-74.94170824904458
4336,0,4336,59340000000.0,35.181676885383276,-97.43761950960516,5.872233859661882,-4.452981239475328,186.12783310635064,-74.8814117327315
4337,0,4337,59350000000.0,35.18167743085565,-97.43761951443234,5.888935934163319,-4.330231844313116,186.12826893921005,-74.8211152164184
4338,0,4338,59360000000.0,35.18167797632803,-97.43761951925954,5.905638008664757,-4.169446715560057,186.12870477335252,-74.76081869931988
4339,0,4339,59370000000.0,35.18167852180041,-97.43761952408673,5.922340083166194,-4.0627495862279615,186.12914060621193,-74.7005221830068
4340,0,4340,59380000000.0,35.18167906727278,-97.43761952891391,5.9390421576676315,-3.9687849939331166,186.12957643907134,-74.64022566669371
4341,0,4341,59390000000.0,35.18167961274516,-97.43761953374111,5.955744232169069,-3.863915150717509,186.13001227321382,-74.57992915038062
4342,0,4342,59400000000.0,35.18168015821753,-97.4376195385683,5.972446306670507,-3.771426633897883,186.13044810607323,-74.51963263406753
4343,0,4343,59410000000.0,35.181680703689906,-97.43761954339548,5.989148381171945,-3.668142228521013,186.13088393893264,-74.45933611775445
4344,0,4344,59420000000.0,35.18168124916228,-97.43761954822267,6.005850455673382,-3.3,186.13131977179208,-74.39903960144136
4345,0,4345,59430000000.0,35.181681794634656,-97.43761955304987,6.02255253017482,-3.3,186.13175560593453,-74.33874308512827
4346,0,4346,59440000000.0,35.18168234010703,-97.43761955787706,6.039254604676257,-3.26246288606079,186.13219143879394,-74.27844656881518
4347,0,4347,59450000000.0,35.181682885579406,-97.43761956270424,6.055956679177695,-3.1710293997498393,186.13262727165338,-74.2181500525021
4348,0,4348,59460000000.0,35.18168343105178,-97.43761956753143,6.072658753679133,-3.072415896765467,186.1330631045128,-74.15785353618901
4349,0,4349,59470000000.0,35.181683976524155,-97.43761957235863,6.0893608281805705,-2.8574984561923036,186.13349893865524,-74.09755701987592
4350,0,4350,59480000000.0,35.18168452199653,-97.43761957718581,6.106062902682008,-2.670294612672752,186.13393477151467,-74.03726050356283
4351,0,4351,59490000000.0,35.181685067468905,-97.437619582013,6.122764977183445,-2.6,186.13437060437408,-73.97696398724975
4352,0,4352,59500000000.0,35.18168561294128,-97.4376195868402,6.139467051684883,-2.524210719383153,186.13480643851653,-73.91666747093666
4353,0,4353,59510000000.0,35.181686158413655,-97.43761959166739,6.15616912618632,-2.4996689231184352,186.13524227137594,-73.85637095462357
4354,0,4354,59520000000.0,35.18168670388603,-97.43761959649457,6.172871200687759,-2.4242132443881914,186.13567810423538,-73.79607443831048
4355,0,4355,59530000000.0,35.18168726114738,-97.4376196,6.18795670413664,-2.4,186.13599459990613,-73.73447476849023
4356,0,4356,59540000000.0,35.181687849674304,-97.4376196,6.1987548937766475,-2.4,186.13599459990613,-73.66941900240022
4357,0,4357,59550000000.0,35.18168843820123,-97.4376196,6.209553083416655,-2.4,186.13599459990613,-73.6043632363102
4358,0,4358,59560000000.0,35.18168902672815,-97.4376196,6.220351273056662,-2.4,186.13599459990613,-73.5393074702202
4359,0,4359,59570000000.0,35.181689615255074,-97.4376196,6.231149462696669,-2.4,186.13599459990613,-73.47425170413018
4360,0,4360,59580000000.0,35.181690203782,-97.4376196,6.241947652336675,-2.4,186.13599459990613,-73.40919593804017
4361,0,4361,59590000000.0,35.18169079230892,-97.4376196,6.252745841976682,-2.4,186.13599459990613,-73.34414017195016
4362,0,4362,59600000000.0,35.181691380835844,-97.4376196,6.263544031616689,-2.4,186.13599459990613,-73.27908440586015
4363,0,4363,59610000000.0,35.18169196936277,-97.4376196,6.274342221256696,-2.4,186.13599459990613,-73.21402863977013
4364,0,4364,59620000000.0,35.18169255788969,-97.4376196,6.2851404108967035,-2.4,186.13599459990613,-73.14897287368012
4365,0,4365,59630000000.0,35.18169314641661,-97.4376196,6.295938600536711,-2.4,186.13599459990613,-73.08391710759011
4366,0,4366,59640000000.0,35.181693734943536,-97.4376196,6.306736790176718,-2.4,186.13599459990613,-73.0188613415001
4367,0,4367,59650000000.0,35.18169432347046,-97.4376196,6.317534979816725,-2.4,186.13599459990613,-72.95380557541009
4368,0,4368,59660000000.0,35.18169491199738,-97.4376196,6.328333169456732,-2.4,186.13599459990613,-72.88874980932007
4369,0,4369,59670000000.0,35.181695500524306,-97.4376196,6.339131359096739,-2.4,186.13599459990613,-72.82369404323006
4370,0,4370,59680000000.0,35.18169608905123,-97.4376196,6.349929548736746,-2.4,186.13599459990613,-72.75863827714005
4371,0,4371,59690000000.0,35.18169667757815,-97.4376196,6.360727738376753,-2.4,186.13599459990613,-72.69358251105004
4372,0,4372,59700000000.0,35.181697266105076,-97.4376196,6.37152592801676,-2.4,186.13599459990613,-72.62852674496003
4373,0,4373,59710000000.0,35.181697854632,-97.4376196,6.3823241176567675,-2.4,186.13599459990613,-72.56347097887001
4374,0,4374,59720000000.0,35.18169844315893,-97.4376196,6.393122307296774,-2.4,186.13599459990613,-72.49841521199457
4375,0,4375,59730000000.0,35.181699009677786,-97.43761961024195,6.404500814135476,-2.4,186.13691931620812,-72.4357922175733
4376,0,4376,59740000000.0,35.18169956820063,-97.43761962420503,6.416090163119761,-2.4,186.13818000242932,-72.37405310259675
4377,0,4377,59750000000.0,35.18170012672347,-97.43761963816809,6.427679512104047,-2.4,186.13944068736748,-72.3123139876202
4378,0,4378,59760000000.0,35.18170068524631,-97.43761965213116,6.4392688610883315,-2.4,186.14070137358866,-72.25057487264365
4379,0,4379,59770000000.0,35.18170124376916,-97.43761966609424,6.450858210072616,-2.4,186.14196205980988,-72.18883575688167
4380,0,4380,59780000000.0,35.181701802292004,-97.43761968005731,6.462447559056902,-2.4,186.14322274603109,-72.12709664190513
4381,0,4381,59790000000.0,35.181702360814846,-97.43761969402037,6.474036908041187,-2.4,186.14448343096922,-72.06535752692858
4382,0,4382,59800000000.0,35.18170291933769,-97.43761970798344,6.485626257025473,-2.4,186.14574411719042,-72.00361841195203
4383,0,4383,59810000000.0,35.18170347786053,-97.43761972194652,6.497215606009758,-2.4,186.14700480341165,-71.94187929697549
4384,0,4384,59820000000.0,35.18170403638337,-97.43761973590959,6.5088049549940425,-2.4,186.14826548963285,-71.88014018199894
4385,0,4385,59830000000.0,35.181704594906215,-97.43761974987265,6.520394303978328,-2.4,186.14952617457098,-71.81840106702239
4386,0,4386,59840000000.0,35.18170515342906,-97.43761976383573,6.531983652962613,-2.4,186.1507868607922,-71.75666195204585
4387,0,4387,59850000000.0,35.1817057119519,-97.4376197777988,6.543573001946899,-2.4,186.15204754701338,-71.6949228370693
4388,0,4388,59860000000.0,35.18170627047474,-97.43761979176188,6.555162350931184,-2.4,186.15330823323458,-71.63318372209275
4389,0,4389,59870000000.0,35.181706828997584,-97.43761980572494,6.566751699915469,-2.4,186.15456891817274,-71.5714446071162
4390,0,4390,59880000000.0,35.18170738752043,-97.43761981968801,6.5783410488997545,-2.4,186.15582960439394,-71.50970549135423
4391,0,4391,59890000000.0,35.181707946043275,-97.43761983365108,6.589930397884039,-2.4,186.15709029061514,-71.44796637637768
4392,0,4392,59900000000.0,35.18170850456612,-97.43761984761416,6.601519746868325,-2.4,186.15835097683637,-71.38622726140113
4393,0,4393,59910000000.0,35.18170906308896,-97.43761986157723,6.61310909585261,-2.4,186.15961166305758,-71.32448814642459
4394,0,4394,59920000000.0,35.1817096216118,-97.43761987554029,6.624698444836895,-2.4,186.1608723479957,-71.26274903144804
4395,0,4395,59930000000.0,35.181710180134644,-97.43761988950337,6.636287793821181,-2.4,186.16213303421694,-71.20100991647149
4396,0,4396,59940000000.0,35.18171076711914,-97.43761990133696,6.649211402306469,-2.4,186.16320145553775,-71.1361246500249
4397,0,4397,59950000000.0,35.181711440287685,-97.4376199067223,6.666175249547617,-2.4,186.16368768305108,-71.06171259926725
4398,0,4398,59960000000.0,35.18171211345622,-97.43761991210765,6.683139096788765,-2.4,186.16417391056436,-70.98730054929504
4399,0,4399,59970000000.0,35.181712786624765,-97.437619917493,6.700102944029913,-2.4,186.1646601380777,-70.9128884985374
4400,0,4400,59980000000.0,35.18171345979331,-97.43761992287834,6.717066791271061,-2.4,186.165146365591,-70.83847644777975
4401,0,4401,59990000000.0,35.181714132961844,-97.4376199282637,6.734030638512209,-2.4,186.16563259438735,-70.76406439780754
4402,0,4402,60000000000.0,35.18171480613039,-97.43761993364905,6.750994485753357,-2.4,186.16611882190068,-70.6896523470499
4403,0,4403,60010000000.0,35.18171547929893,-97.43761993903439,6.767958332994505,-2.4,186.16660504941396,-70.61524029629226
4404,0,4404,60020000000.0,35.18171615246747,-97.43761994441974,6.784922180235653,-2.4,186.1670912769273,-70.54082824553461
4405,0,4405,60030000000.0,35.18171682563601,-97.43761994980508,6.801886027476801,-2.4,186.16757750444057,-70.4664161955624
4406,0,4406,60040000000.0,35.18171749880455,-97.43761995519043,6.818849874717949,-2.4,186.1680637319539,-70.39200414480476
4407,0,4407,60050000000.0,35.181718171973095,-97.43761996057579,6.835813721959097,-2.4,186.16854996075028,-70.31759209404711
4408,0,4408,60060000000.0,35.18171884514164,-97.43761996596113,6.852777569200245,-2.4,186.1690361882636,-70.24318004328947
4409,0,4409,60070000000.0,35.181719518310175,-97.43761997134648,6.869741416441393,-2.4,186.1695224157769,-70.16876799331726
4410,0,4410,60080000000.0,35.18172019147872,-97.43761997673182,6.886705263682541,-2.4,186.1700086432902,-70.09435594255962
4411,0,4411,60090000000.0,35.18172086464726,-97.43761998211717,6.903669110923689,-2.4,186.1704948708035,-70.01994389180197
4412,0,4412,60100000000.0,35.1817215378158,-97.43761998750253,6.920632958164837,-2.4,186.17098109959986,-69.94553184182976
4413,0,4413,60110000000.0,35.18172221098434,-97.43761999288787,6.937596805405985,-2.4,186.1714673271132,-69.87111979107212
4414,0,4414,60120000000.0,35.18172288415288,-97.43761999827322,6.954560652647133,-2.4,186.1719535546265,-69.79670774031447
4415,0,4415,60130000000.0,35.18172353785347,-97.43762000339422,6.967874574071818,-2.4,186.17241591470207,-69.72444767723175
4416,0,4416,60140000000.0,35.181724182365556,-97.43762000839043,6.979465799108771,-2.4,186.17286700824874,-69.65320331140106
4417,0,4417,60150000000.0,35.181724826877634,-97.43762001338665,6.991057024145726,-2.360991957949026,186.1733181030785,-69.5819589463558
4418,0,4418,60160000000.0,35.18172547138972,-97.43762001838286,7.00264824918268,-2.3,186.17376919662516,-69.5107145805251
4419,0,4419,60170000000.0,35.181726115901796,-97.43762002337908,7.014239474219634,-2.3,186.17422029145487,-69.43947021547984
4420,0,4420,60180000000.0,35.18172676041388,-97.43762002837529,7.025830699256589,-2.3,186.17467138500155,-69.36822584964915
4421,0,4421,60190000000.0,35.181727404925965,-97.43762003337152,7.037421924293542,-2.3,186.1751224798313,-69.29698148381846
4422,0,4422,60200000000.0,35.18172804943804,-97.43762003836774,7.049013149330497,-2.3,186.17557357466103,-69.2257371187732
4423,0,4423,60210000000.0,35.18172869395013,-97.43762004336395,7.0606043743674505,-2.3,186.17602466820767,-69.1544927529425
4424,0,4424,60220000000.0,35.181729338462205,-97.43762004836017,7.072195599404405,-2.3,186.17647576303742,-69.08324838789724
4425,0,4425,60230000000.0,35.18172998297429,-97.43762005335638,7.0837868244413595,-2.3,186.1769268565841,-69.01200402206655
4426,0,4426,60240000000.0,35.181730627486374,-97.4376200583526,7.095378049478313,-2.3,186.17737795141383,-68.94075965623585
4427,0,4427,60250000000.0,35.18173127199845,-97.43762006334883,7.106969274515268,-2.3,186.17782904624355,-68.8695152911906
4428,0,4428,60260000000.0,35.181731916510536,-97.43762006834504,7.118560499552221,-2.3,186.17828013979022,-68.7982709253599
4429,0,4429,60270000000.0,35.18173256102262,-97.43762007334126,7.130151724589176,-2.3,186.17873123461996,-68.72702655952921
4430,0,4430,60280000000.0,35.1817332055347,-97.43762007833747,7.1417429496261295,-2.259265697116109,186.1791823281666,-68.65578219448395
4431,0,4431,60290000000.0,35.18173385004678,-97.4376200833337,7.153334174663084,-2.2,186.17963342299635,-68.58453782865325
4432,0,4432,60300000000.0,35.18173449455886,-97.43762008832992,7.164925399700039,-2.2,186.1800845178261,-68.513293463608
4433,0,4433,60310000000.0,35.181735139070945,-97.43762009332613,7.176516624736992,-2.2,186.18053561137273,-68.4420490977773
4434,0,4434,60320000000.0,35.18173578358303,-97.43762009832236,7.188107849773947,-2.160423329680349,186.18098670620248,-68.3708047319466
4435,0,4435,60330000000.0,35.181736453861625,-97.4376201,7.20353144714441,-2.1,186.181138176286,-68.29671213602282
4436,0,4436,60340000000.0,35.18173713716609,-97.4376201,7.220892442086733,-2.1,186.181138176286,-68.22117966060787
4437,0,4437,60350000000.0,35.18173782047055,-97.4376201,7.238253437029055,-2.1,186.181138176286,-68.14564718519293
4438,0,4438,60360000000.0,35.18173850377502,-97.4376201,7.2556144319713765,-2.1,186.181138176286,-68.07011470899255
4439,0,4439,60370000000.0,35.181739187079486,-97.4376201,7.272975426913699,-2.0667854732042983,186.181138176286,-67.9945822335776
4440,0,4440,60380000000.0,35.18173987038395,-97.4376201,7.290336421856021,-1.9597143094567486,186.181138176286,-67.91904975816266
4441,0,4441,60390000000.0,35.18174055368842,-97.4376201,7.307697416798343,-1.9,186.181138176286,-67.84351728196228
4442,0,4442,60400000000.0,35.181741236992885,-97.4376201,7.325058411740665,-1.9,186.181138176286,-67.76798480654733
4443,0,4443,60410000000.0,35.18174192029735,-97.4376201,7.342419406682987,-1.9,186.181138176286,-67.69245233113239
4444,0,4444,60420000000.0,35.18174260360181,-97.4376201,7.359780401625309,-1.9,186.181138176286,-67.61691985571744
4445,0,4445,60430000000.0,35.18174328690628,-97.4376201,7.377141396567631,-1.9,186.181138176286,-67.54138737951706
4446,0,4446,60440000000.0,35.181743970210746,-97.4376201,7.3945023915099535,-1.9,186.181138176286,-67.46585490410212
4447,0,4447,60450000000.0,35.18174465351521,-97.4376201,7.411863386452275,-1.9,186.181138176286,-67.39032242868717
4448,0,4448,60460000000.0,35.18174533681968,-97.4376201,7.429224381394597,-1.9,186.181138176286,-67.31478995248679
4449,0,4449,60470000000.0,35.181746020124145,-97.4376201,7.44658537633692,-1.9,186.181138176286,-67.23925747707185
4450,0,4450,60480000000.0,35.18174670342861,-97.4376201,7.463946371279242,-1.9,186.181138176286,-67.1637250016569
4451,0,4451,60490000000.0,35.18174738673307,-97.4376201,7.4813073662215634,-1.9,186.181138176286,-67.08819252624195
4452,0,4452,60500000000.0,35.18174807003754,-97.4376201,7.498668361163886,-1.9,186.181138176286,-67.01266005004157
4453,0,4453,60510000000.0,35.181748753342006,-97.4376201,7.516029356106208,-1.9,186.181138176286,-66.93712757462663
4454,0,4454,60520000000.0,35.18174943664647,-97.4376201,7.53339035104853,-1.9,186.181138176286,-66.86159509921168
4455,0,4455,60530000000.0,35.18175014168377,-97.4376201,7.538208418844951,-1.9,186.181138176286,-66.78366027591167
4456,0,4456,60540000000.0,35.181750848941974,-97.4376201,7.54174470986239,-1.9,186.181138176286,-66.7054799542376
4457,0,4457,60550000000.0,35.181751556200176,-97.4376201,7.54528100087983,-1.9,186.181138176286,-66.62729963256353
4458,0,4458,60560000000.0,35.18175226345838,-97.4376201,7.548817291897269,-1.9,186.181138176286,-66.54911931088947
4459,0,4459,60570000000.0,35.18175297071659,-97.4376201,7.552353582914709,-1.9903415323127813,186.181138176286,-66.47093898842996
4460,0,4460,60580000000.0,35.18175367797479,-97.4376201,7.555889873932148,-1.9,186.181138176286,-66.3927586667559
4461,0,4461,60590000000.0,35.18175438523299,-97.4376201,7.5594261649495875,-1.9,186.181138176286,-66.31457834508183
4462,0,4462,60600000000.0,35.181755092491194,-97.4376201,7.5629624559670265,-1.9,186.181138176286,-66.23639802340776
4463,0,4463,60610000000.0,35.181755799749396,-97.4376201,7.5664987469844665,-1.9,186.181138176286,-66.15821770173369
4464,0,4464,60620000000.0,35.1817565070076,-97.4376201,7.5700350380019055,-1.9,186.181138176286,-66.08003738005962
4465,0,4465,60630000000.0,35.18175721426581,-97.4376201,7.573571329019345,-1.9,186.181138176286,-66.00185705760012
4466,0,4466,60640000000.0,35.18175792152401,-97.4376201,7.577107620036785,-1.9,186.181138176286,-65.92367673592605
4467,0,4467,60650000000.0,35.18175862878221,-97.4376201,7.580643911054224,-1.9,186.181138176286,-65.84549641425198
4468,0,4468,60660000000.0,35.181759336040415,-97.4376201,7.584180202071664,-1.9,186.181138176286,-65.76731609257791
4469,0,4469,60670000000.0,35.18176004329862,-97.4376201,7.587716493089103,-1.9,186.181138176286,-65.68913577090385
4470,0,4470,60680000000.0,35.18176075055682,-97.4376201,7.591252784106543,-1.9,186.181138176286,-65.61095544922978
4471,0,4471,60690000000.0,35.18176145781503,-97.4376201,7.594789075123982,-1.9,186.181138176286,-65.53277512677028
4472,0,4472,60700000000.0,35.18176216507323,-97.4376201,7.598325366141422,-1.9,186.181138176286,-65.4545948050962
4473,0,4473,60710000000.0,35.18176287233143,-97.4376201,7.601861657158861,-1.9,186.181138176286,-65.37641448342214
4474,0,4474,60720000000.0,35.18176356869108,-97.4376201,7.606219622006085,-1.9,186.181138176286,-65.2994388878156
4475,0,4475,60730000000.0,35.18176424837999,-97.4376201,7.611834443424572,-1.9,186.181138176286,-65.22430607574847
4476,0,4476,60740000000.0,35.1817649280689,-97.4376201,7.617449264843059,-1.9,186.181138176286,-65.14917326368135
4477,0,4477,60750000000.0,35.18176560775781,-97.4376201,7.623064086261546,-1.9,186.181138176286,-65.07404045161422
4478,0,4478,60760000000.0,35.18176628744672,-97.4376201,7.628678907680032,-1.9,186.181138176286,-64.9989076395471
4479,0,4479,60770000000.0,35.18176696713563,-97.4376201,7.63429372909852,-1.912573242711656,186.181138176286,-64.92377482747997
4480,0,4480,60780000000.0,35.18176764682453,-97.4376201,7.639908550517006,-2.0,186.181138176286,-64.84864201619828
4481,0,4481,60790000000.0,35.18176832651344,-97.4376201,7.645523371935493,-2.0,186.181138176286,-64.77350920413116
4482,0,4482,60800000000.0,35.18176900620235,-97.4376201,7.65113819335398,-2.0,186.181138176286,-64.69837639206403
4483,0,4483,60810000000.0,35.18176968589126,-97.4376201,7.656753014772467,-2.0,186.181138176286,-64.62324357999691
4484,0,4484,60820000000.0,35.18177036558017,-97.4376201,7.662367836190954,-2.0,186.181138176286,-64.54811076792978
4485,0,4485,60830000000.0,35.18177104526908,-97.4376201,7.667982657609441,-2.0,186.181138176286,-64.47297795586266
4486,0,4486,60840000000.0,35.18177172495798,-97.4376201,7.6735974790279275,-1.9704440353250599,186.181138176286,-64.39784514458097
4487,0,4487,60850000000.0,35.18177240464689,-97.4376201,7.679212300446415,-1.9,186.181138176286,-64.32271233251385
4488,0,4488,60860000000.0,35.1817730843358,-97.4376201,7.684827121864902,-1.9,186.181138176286,-64.24757952044672
4489,0,4489,60870000000.0,35.18177376402471,-97.4376201,7.690441943283388,-2.0,186.181138176286,-64.1724467083796
4490,0,4490,60880000000.0,35.18177444371362,-97.4376201,7.696056764701876,-2.0,186.181138176286,-64.09731389631247
4491,0,4491,60890000000.0,35.18177512340253,-97.4376201,7.701671586120362,-2.0,186.181138176286,-64.02218108424535
4492,0,4492,60900000000.0,35.18177580309144,-97.4376201,7.70728640753885,-2.0,186.181138176286,-63.94704827217822
4493,0,4493,60910000000.0,35.18177648278034,-97.4376201,7.712901228957336,-2.0,186.181138176286,-63.87191546089653
4494,0,4494,60920000000.0,35.181777162994955,-97.4376201,7.718951532208679,-2.0,186.181138176286,-63.796724537713914
4495,0,4495,60930000000.0,35.181777848403684,-97.4376201,7.729304559114528,-2.0,186.181138176286,-63.72095945682304
4496,0,4496,60940000000.0,35.181778533812405,-97.4376201,7.7396575860203765,-2.0,186.181138176286,-63.6451943767176
4497,0,4497,60950000000.0,35.181779219221134,-97.4376201,7.750010612926226,-2.0,186.181138176286,-63.56942929582672
4498,0,4498,60960000000.0,35.181779904629856,-97.4376201,7.760363639832074,-2.0,186.181138176286,-63.49366421572128
4499,0,4499,60970000000.0,35.181780590038585,-97.4376201,7.770716666737924,-2.0,186.181138176286,-63.41789913483041
4500,0,4500,60980000000.0,35.18178127544731,-97.4376201,7.781069693643772,-1.9810138388564011,186.181138176286,-63.342134054724966
4501,0,4501,60990000000.0,35.181781960856036,-97.4376201,7.791422720549622,-1.913338860123263,186.181138176286,-63.26636897383409
4502,0,4502,61000000000.0,35.181782646264764,-97.4376201,7.80177574745547,-1.9806620349603243,186.181138176286,-63.190603892943216
4503,0,4503,61010000000.0,35.181783331673486,-97.4376201,7.8121287743613195,-2.0,186.181138176286,-63.114838812837775
4504,0,4504,61020000000.0,35.181784017082215,-97.4376201,7.822481801267168,-2.0,186.181138176286,-63.0390737319469
4505,0,4505,61030000000.0,35.18178470249094,-97.4376201,7.832834828173017,-2.0,186.181138176286,-62.96330865184146
4506,0,4506,61040000000.0,35.181785387899666,-97.4376201,7.843187855078867,-2.0,186.181138176286,-62.887543570950584
4507,0,4507,61050000000.0,35.18178607330839,-97.4376201,7.853540881984715,-2.0,186.181138176286,-62.81177849084514
4508,0,4508,61060000000.0,35.18178675871712,-97.4376201,7.863893908890564,-2.0,186.181138176286,-62.73601340995427
4509,0,4509,61070000000.0,35.181787444125845,-97.4376201,7.874246935796413,-2.0,186.181138176286,-62.66024832906339
4510,0,4510,61080000000.0,35.18178812953457,-97.4376201,7.8845999627022625,-2.0,186.181138176286,-62.58448324895795
4511,0,4511,61090000000.0,35.181788814943296,-97.4376201,7.894952989608111,-1.9234688670143842,186.181138176286,-62.50871816806708
4512,0,4512,61100000000.0,35.18178950035202,-97.4376201,7.90530601651396,-1.974044227344052,186.181138176286,-62.432953087961636
4513,0,4513,61110000000.0,35.18179018576075,-97.4376201,7.915659043419809,-2.0,186.181138176286,-62.35718800707076
4514,0,4514,61120000000.0,35.181790871169476,-97.4376201,7.926012070325658,-1.9,186.181138176286,-62.281422926179886
4515,0,4515,61130000000.0,35.18179157550321,-97.43762009880611,7.936817602573189,-1.9,186.18103038276672,-62.203565874977755
4516,0,4516,61140000000.0,35.1817923437547,-97.43762009357991,7.949151435982495,-1.9,186.18055852421563,-62.118643355373564
4517,0,4517,61150000000.0,35.18179311200619,-97.4376200883537,7.9614852693918,-1.9,186.18008666438146,-62.03372083576937
4518,0,4518,61160000000.0,35.18179388025768,-97.4376200831275,7.973819102801106,-1.9,186.1796148058304,-61.94879831616518
4519,0,4519,61170000000.0,35.18179464850916,-97.4376200779013,7.986152936210412,-1.9,186.17914294727927,-61.863875797346424
4520,0,4520,61180000000.0,35.18179541676065,-97.4376200726751,7.998486769619718,-1.9,186.1786710887282,-61.77895327774223
4521,0,4521,61190000000.0,35.18179618501214,-97.4376200674489,8.010820603029023,-1.9,186.17819923017709,-61.69403075813804
4522,0,4522,61200000000.0,35.18179695326363,-97.43762006222269,8.023154436438329,-1.9,186.17772737034295,-61.60910823853385
4523,0,4523,61210000000.0,35.18179772151512,-97.4376200569965,8.035488269847635,-1.9,186.17725551179186,-61.52418571892966
4524,0,4524,61220000000.0,35.18179848976661,-97.4376200517703,8.04782210325694,-1.9,186.17678365324076,-61.43926319932547
4525,0,4525,61230000000.0,35.18179925801809,-97.4376200465441,8.060155936666247,-1.9,186.17631179468967,-61.35434068050671
4526,0,4526,61240000000.0,35.18180002626958,-97.4376200413179,8.072489770075553,-1.9,186.17583993613857,-61.26941816090252
4527,0,4527,61250000000.0,35.18180079452107,-97.43762003609169,8.084823603484857,-1.9,186.1753680763044,-61.18449564129833
4528,0,4528,61260000000.0,35.181801562772556,-97.43762003086549,8.097157436894163,-1.9,186.17489621775334,-61.099573121694135
4529,0,4529,61270000000.0,35.181802331024045,-97.43762002563929,8.109491270303469,-1.9,186.17442435920222,-61.014650602089944
4530,0,4530,61280000000.0,35.181803099275534,-97.43762002041309,8.121825103712775,-1.8057417346254647,186.17395250065115,-60.92972808248575
4531,0,4531,61290000000.0,35.181803867527016,-97.4376200151869,8.13415893712208,-1.8,186.17348064210003,-60.844805563666995
4532,0,4532,61300000000.0,35.181804635778505,-97.43762000996068,8.146492770531387,-1.8,186.1730087822659,-60.7598830440628
4533,0,4533,61310000000.0,35.181805404029994,-97.43762000473448,8.158826603940692,-1.8,186.1725369237148,-60.67496052445861
4534,0,4534,61320000000.0,35.181806168881884,-97.43762,8.17025888493268,-1.8,186.1721094602402,-60.5904137965085
4535,0,4535,61330000000.0,35.181806901000414,-97.43762,8.173010471334024,-1.8,186.1721094602402,-60.509485414273456
4536,0,4536,61340000000.0,35.181807633118936,-97.43762,8.175762057735367,-1.8,186.1721094602402,-60.428557032823846
4537,0,4537,61350000000.0,35.18180836523746,-97.43762,8.178513644136713,-1.8,186.1721094602402,-60.34762865137424
4538,0,4538,61360000000.0,35.18180909735599,-97.43762,8.181265230538056,-1.8,186.1721094602402,-60.26670026913919
4539,0,4539,61370000000.0,35.18180982947451,-97.43762,8.1840168169394,-1.8,186.1721094602402,-60.18577188768958
4540,0,4540,61380000000.0,35.18181056159303,-97.43762,8.186768403340743,-1.8,186.1721094602402,-60.10484350623997
4541,0,4541,61390000000.0,35.18181129371156,-97.43762,8.189519989742086,-1.8,186.1721094602402,-60.02391512400493
4542,0,4542,61400000000.0,35.181812025830084,-97.43762,8.19227157614343,-1.7203442211909274,186.1721094602402,-59.94298674255532
4543,0,4543,61410000000.0,35.181812757948606,-97.43762,8.195023162544773,-1.7,186.1721094602402,-59.86205836110571
4544,0,4544,61420000000.0,35.18181349006713,-97.43762,8.197774748946117,-1.7,186.1721094602402,-59.7811299796561
4545,0,4545,61430000000.0,35.18181422218566,-97.43762,8.20052633534746,-1.7,186.1721094602402,-59.70020159742106
4546,0,4546,61440000000.0,35.18181495430418,-97.43762,8.203277921748803,-1.7,186.1721094602402,-59.61927321597145
4547,0,4547,61450000000.0,35.1818156864227,-97.43762,8.206029508150149,-1.7,186.1721094602402,-59.53834483452184
4548,0,4548,61460000000.0,35.18181641854123,-97.43762,8.208781094551492,-1.7,186.1721094602402,-59.45741645228679
4549,0,4549,61470000000.0,35.181817150659754,-97.43762,8.211532680952836,-1.7,186.1721094602402,-59.37648807083718
4550,0,4550,61480000000.0,35.181817882778276,-97.43762,8.214284267354179,-1.7,186.1721094602402,-59.295559689387574
4551,0,4551,61490000000.0,35.181818614896805,-97.43762,8.217035853755522,-1.7,186.1721094602402,-59.21463130715253
4552,0,4552,61500000000.0,35.18181934701533,-97.43762,8.219787440156866,-1.7,186.1721094602402,-59.13370292570292
4553,0,4553,61510000000.0,35.18182007913385,-97.43762,8.22253902655821,-1.7,186.1721094602402,-59.05277454425331
4554,0,4554,61520000000.0,35.18182081125238,-97.43762,8.225290612959553,-1.7,186.1721094602402,-58.97184616201827
4555,0,4555,61530000000.0,35.18182156138684,-97.43761999630667,8.23231560197895,-1.7,186.17177599998166,-58.8889262986757
4556,0,4556,61540000000.0,35.1818223177794,-97.4376199913304,8.240825018275093,-1.7,186.17132670656486,-58.805314665175814
4557,0,4557,61550000000.0,35.18182307417196,-97.43761998635412,8.249334434571233,-1.7,186.170877413148,-58.72170303167593
4558,0,4558,61560000000.0,35.18182383056452,-97.43761998137786,8.257843850867374,-1.7,186.1704281210142,-58.638091398176044
4559,0,4559,61570000000.0,35.18182458695708,-97.43761997640159,8.266353267163515,-1.7,186.1699788275974,-58.55447976467616
4560,0,4560,61580000000.0,35.181825343349644,-97.43761997142533,8.274862683459657,-1.7,186.1695295354636,-58.47086813039084
4561,0,4561,61590000000.0,35.1818260997422,-97.43761996644906,8.283372099755798,-1.7,186.16908024204673,-58.387256496890956
4562,0,4562,61600000000.0,35.18182685613476,-97.43761996147279,8.291881516051939,-1.7,186.16863094862993,-58.30364486339107
4563,0,4563,61610000000.0,35.18182761252732,-97.43761995649653,8.300390932348082,-1.7,186.16818165649613,-58.220033229891186
4564,0,4564,61620000000.0,35.18182836891988,-97.43761995152026,8.308900348644222,-1.7,186.1677323630793,-58.1364215963913
4565,0,4565,61630000000.0,35.18182912531244,-97.43761994654399,8.317409764940363,-1.7,186.16728306966246,-58.052809962891416
4566,0,4566,61640000000.0,35.181829881705,-97.43761994156773,8.325919181236504,-1.7,186.16683377752867,-57.96919832939153
4567,0,4567,61650000000.0,35.18183063809756,-97.43761993659146,8.334428597532646,-1.6482122458769841,186.16638448411183,-57.88558669589165
4568,0,4568,61660000000.0,35.18183139449012,-97.4376199316152,8.342938013828787,-1.6,186.16593519197804,-57.80197506239176
4569,0,4569,61670000000.0,35.18183215088268,-97.43761992663893,8.351447430124928,-1.6,186.1654858985612,-57.71836342889188
4570,0,4570,61680000000.0,35.181832907275236,-97.43761992166266,8.35995684642107,-1.6,186.16503660514437,-57.63475179539199
4571,0,4571,61690000000.0,35.181833663667796,-97.4376199166864,8.368466262717211,-1.6,186.16458731301057,-57.55114016189211
4572,0,4572,61700000000.0,35.181834420060355,-97.43761991171013,8.376975679013352,-1.6,186.16413801959376,-57.46752852839222
4573,0,4573,61710000000.0,35.181835176452914,-97.43761990673386,8.385485095309493,-1.6,186.1636887261769,-57.38391689489234
4574,0,4574,61720000000.0,35.18183593284547,-97.4376199017576,8.393994511605635,-1.6,186.1632394340431,-57.30030526139245
4575,0,4575,61730000000.0,35.18183669954009,-97.43761989675623,8.400308642163528,-1.5365705755503312,186.16278787474653,-57.21555483821888
4576,0,4576,61740000000.0,35.18183747186027,-97.43761989174116,8.405424009596912,-1.5,186.1623350785824,-57.1301825657882
4577,0,4577,61750000000.0,35.181838244180454,-97.4376198867261,8.410539377030293,-1.5,186.16188228241828,-57.044810292572095
4578,0,4578,61760000000.0,35.18183901650063,-97.43761988171103,8.415654744463676,-1.5,186.16142948625415,-56.95943802014142
4579,0,4579,61770000000.0,35.18183978882082,-97.43761987669596,8.420770111897058,-1.5,186.16097669009002,-56.87406574692531
4580,0,4580,61780000000.0,35.181840561140994,-97.43761987168091,8.425885479330441,-1.434891073689577,186.16052389520897,-56.788693474494636
4581,0,4581,61790000000.0,35.18184133346118,-97.43761986666584,8.431000846763823,-1.4,186.16007109904484,-56.70332120127853
4582,0,4582,61800000000.0,35.18184210578136,-97.43761986165077,8.436116214197206,-1.4,186.1596183028807,-56.61794892884785
4583,0,4583,61810000000.0,35.18184287810154,-97.4376198566357,8.441231581630587,-1.4,186.1591655067166,-56.53257665563174
4584,0,4584,61820000000.0,35.18184365042172,-97.43761985162064,8.44634694906397,-1.4,186.15871271055246,-56.44720438320107
4585,0,4585,61830000000.0,35.181844422741904,-97.43761984660557,8.451462316497352,-1.4,186.15825991438834,-56.36183210998496
4586,0,4586,61840000000.0,35.18184519506208,-97.4376198415905,8.456577683930735,-1.4,186.1578071182242,-56.276459837554285
4587,0,4587,61850000000.0,35.181845967382266,-97.43761983657544,8.461693051364117,-1.4,186.1573543220601,-56.191087564338176
4588,0,4588,61860000000.0,35.18184673970244,-97.43761983156037,8.4668084187975,-1.4,186.15690152589596,-56.1057152919075
4589,0,4589,61870000000.0,35.18184751202263,-97.4376198265453,8.471923786230882,-1.4,186.15644872973184,-56.02034301869139
4590,0,4590,61880000000.0,35.181848284342806,-97.43761982153023,8.477039153664265,-1.4,186.1559959335677,-55.93497074626072
4591,0,4591,61890000000.0,35.18184905666299,-97.43761981651517,8.482154521097646,-1.4,186.15554313740358,-55.84959847304461
4592,0,4592,61900000000.0,35.181849828983175,-97.4376198115001,8.48726988853103,-1.4,186.15509034123946,-55.7642261998285
4593,0,4593,61910000000.0,35.18185060130335,-97.43761980648503,8.492385255964411,-1.4,186.15463754507533,-55.678853927397824
4594,0,4594,61920000000.0,35.18185137362354,-97.43761980146996,8.497500623397794,-1.3400674798328807,186.1541847489112,-55.593481654181716
4595,0,4595,61930000000.0,35.18185214805865,-97.43761979653127,8.50430715020375,-1.3,186.1537388478987,-55.50787559655333
4596,0,4596,61940000000.0,35.18185292337073,-97.43761979162423,8.51181491905158,-1.3,186.15329580553853,-55.42217259988263
4597,0,4597,61950000000.0,35.18185369868281,-97.43761978671719,8.51932268789941,-1.3,186.1528527631784,-55.33646960242649
4598,0,4598,61960000000.0,35.18185447399488,-97.43761978181016,8.526830456747238,-1.3,186.15240972081827,-55.250766605755786
4599,0,4599,61970000000.0,35.181855249306956,-97.43761977690312,8.534338225595068,-1.3,186.1519666784581,-55.16506360908508
4600,0,4600,61980000000.0,35.18185602461904,-97.43761977199608,8.541845994442896,-1.2319816791172753,186.15152363609798,-55.07936061162894
4601,0,4601,61990000000.0,35.18185679993111,-97.43761976708903,8.549353763290727,-1.2,186.15108059245478,-54.99365761495824
4602,0,4602,62000000000.0,35.18185757524319,-97.437619762182,8.556861532138555,-1.2,186.15063755009461,-54.9079546175021
4603,0,4603,62010000000.0,35.18185835055527,-97.43761975727496,8.564369300986385,-1.2,186.15019450773445,-54.822251620831395
4604,0,4604,62020000000.0,35.18185912586734,-97.43761975236792,8.571877069834214,-1.2,186.14975146537432,-54.73654862416069
4605,0,4605,62030000000.0,35.18185990117942,-97.43761974746089,8.579384838682042,-1.2,186.1493084230142,-54.65084562670455
4606,0,4606,62040000000.0,35.181860676491496,-97.43761974255385,8.586892607529872,-1.2,186.14886538065403,-54.56514263003385
4607,0,4607,62050000000.0,35.18186145180358,-97.43761973764681,8.5944003763777,-1.2,186.1484223382939,-54.47943963257771
4608,0,4608,62060000000.0,35.18186222711565,-97.43761973273978,8.601908145225531,-1.2,186.14797929593374,-54.393736635907004
4609,0,4609,62070000000.0,35.18186300242773,-97.43761972783274,8.60941591407336,-1.2,186.1475362535736,-54.308033638450866
4610,0,4610,62080000000.0,35.18186377773981,-97.43761972292569,8.616923682921188,-1.2,186.14709320993038,-54.22233064178016
4611,0,4611,62090000000.0,35.18186455305188,-97.43761971801865,8.624431451769018,-1.2,186.14665016757027,-54.136627645109456
4612,0,4612,62100000000.0,35.18186532836396,-97.43761971311162,8.631939220616847,-1.2,186.1462071252101,-54.05092464765332
4613,0,4613,62110000000.0,35.181866103676036,-97.43761970820458,8.639446989464677,-1.2,186.14576408284995,-53.96522165098261
4614,0,4614,62120000000.0,35.18186687898812,-97.43761970329754,8.646954758312505,-1.2,186.14532104048982,-53.879518653526475
4615,0,4615,62130000000.0,35.181867664268125,-97.43761970167259,8.65273593655161,-1.2,186.1451743279839,-53.79271380142768
4616,0,4616,62140000000.0,35.18186846997051,-97.43761970677197,8.6549796647042,-1.2,186.14563473652888,-53.70365145981083
4617,0,4617,62150000000.0,35.18186927567289,-97.43761971187135,8.657223392856789,-1.2,186.14609514507382,-53.61458911897941
4618,0,4618,62160000000.0,35.18187008137527,-97.43761971697073,8.659467121009378,-1.2,186.14655555361875,-53.52552677736256
4619,0,4619,62170000000.0,35.18187088707766,-97.43761972207011,8.661710849161969,-1.2,186.1470159621637,-53.436464435745705
4620,0,4620,62180000000.0,35.181871692780035,-97.43761972716949,8.663954577314557,-1.2,186.14747637070866,-53.34740209491429
4621,0,4621,62190000000.0,35.18187249848242,-97.43761973226887,8.666198305467146,-1.2,186.1479367792536,-53.258339753297435
4622,0,4622,62200000000.0,35.181873304184805,-97.43761973736825,8.668442033619737,-1.2,186.14839718779854,-53.16927741168058
4623,0,4623,62210000000.0,35.18187410988718,-97.43761974246763,8.670685761772326,-1.2,186.14885759634348,-53.080215070849164
4624,0,4624,62220000000.0,35.18187491558957,-97.43761974756701,8.672929489924915,-1.2,186.14931800488844,-52.99115272923231
4625,0,4625,62230000000.0,35.181875721291945,-97.43761975266641,8.675173218077505,-1.2,186.14977841471645,-52.90209038840089
4626,0,4626,62240000000.0,35.18187652699433,-97.43761975776579,8.677416946230094,-1.2,186.1502388232614,-52.81302804678404
4627,0,4627,62250000000.0,35.181877332696715,-97.43761976286517,8.679660674382685,-1.2,186.15069923180633,-52.72396570516719
4628,0,4628,62260000000.0,35.18187813839909,-97.43761976796455,8.681904402535274,-1.2,186.1511596403513,-52.63490336433577
4629,0,4629,62270000000.0,35.18187894410148,-97.43761977306393,8.684148130687863,-1.2,186.15162004889623,-52.54584102271892
4630,0,4630,62280000000.0,35.181879749803855,-97.43761977816331,8.686391858840453,-1.2,186.1520804574412,-52.4567786818875
4631,0,4631,62290000000.0,35.18188055550624,-97.43761978326269,8.688635586993042,-1.2,186.15254086598614,-52.36771634027065
4632,0,4632,62300000000.0,35.181881361208625,-97.43761978836207,8.690879315145631,-1.2,186.15300127453108,-52.278653998653795
4633,0,4633,62310000000.0,35.181882166911,-97.43761979346145,8.693123043298222,-1.2,186.15346168307602,-52.189591657822376
4634,0,4634,62320000000.0,35.18188297261339,-97.43761979856083,8.69536677145081,-1.2,186.15392209162098,-52.100529316205524
4635,0,4635,62330000000.0,35.181883766418586,-97.4376198,8.698707409580955,-1.1681602235432023,186.15405202943165,-52.01278208946931
4636,0,4636,62340000000.0,35.181884555545956,-97.4376198,8.702479339163892,-1.1,186.15405202943165,-51.925551950025834
4637,0,4637,62350000000.0,35.18188534467333,-97.4376198,8.706251268746831,-1.1,186.15405202943165,-51.83832180979692
4638,0,4638,62360000000.0,35.1818861338007,-97.4376198,8.71002319832977,-1.1,186.15405202943165,-51.751091670353446
4639,0,4639,62370000000.0,35.18188692292808,-97.4376198,8.713795127912707,-1.1,186.15405202943165,-51.663861530124535
4640,0,4640,62380000000.0,35.18188771205545,-97.4376198,8.717567057495646,-1.1,186.15405202943165,-51.57663139068106
4641,0,4641,62390000000.0,35.181888501182826,-97.4376198,8.721338987078585,-1.1,186.15405202943165,-51.48940125045215
4642,0,4642,62400000000.0,35.181889290310195,-97.4376198,8.725110916661524,-1.0722333838059015,186.15405202943165,-51.40217111100867
4643,0,4643,62410000000.0,35.18189007943757,-97.4376198,8.728882846244462,-1.0,186.15405202943165,-51.31494097077976
4644,0,4644,62420000000.0,35.18189086856494,-97.4376198,8.7326547758274,-1.0,186.15405202943165,-51.22771083133628
4645,0,4645,62430000000.0,35.18189165769232,-97.4376198,8.73642670541034,-1.0,186.15405202943165,-51.14048069110737
4646,0,4646,62440000000.0,35.18189244681969,-97.4376198,8.740198634993277,-1.0,186.15405202943165,-51.05325055166389
4647,0,4647,62450000000.0,35.181893235947065,-97.4376198,8.743970564576216,-1.0,186.15405202943165,-50.96602041143498
4648,0,4648,62460000000.0,35.181894025074435,-97.4376198,8.747742494159155,-1.0,186.15405202943165,-50.878790271991505
4649,0,4649,62470000000.0,35.18189481420181,-97.4376198,8.751514423742094,-1.0,186.15405202943165,-50.791560131762594
4650,0,4650,62480000000.0,35.18189560332919,-97.4376198,8.755286353325031,-0.968098867160264,186.15405202943165,-50.70432999153368
4651,0,4651,62490000000.0,35.18189639245656,-97.4376198,8.75905828290797,-0.9,186.15405202943165,-50.617099852090206
4652,0,4652,62500000000.0,35.181897181583935,-97.4376198,8.76283021249091,-0.9,186.15405202943165,-50.529869711861295
4653,0,4653,62510000000.0,35.181897970711304,-97.4376198,8.766602142073847,-0.9,186.15405202943165,-50.44263957241782
4654,0,4654,62520000000.0,35.18189875983868,-97.4376198,8.770374071656786,-0.9,186.15405202943165,-50.35540943218891
4655,0,4655,62530000000.0,35.18189958454,-97.4376198,8.775469545630399,-0.9,186.15405202943165,-50.264246948606086
4656,0,4656,62540000000.0,35.181900436194084,-97.4376198,8.7815678094899,-0.8952063873902891,186.15405202943165,-50.17010510594844
4657,0,4657,62550000000.0,35.18190128784818,-97.4376198,8.787666073349403,-0.7274526766782081,186.15405202943165,-50.075963262505354
4658,0,4658,62560000000.0,35.18190213950227,-97.4376198,8.793764337208904,-0.7,186.15405202943165,-49.98182141906227
4659,0,4659,62570000000.0,35.181902991156356,-97.4376198,8.799862601068407,-0.7,186.15405202943165,-49.88767957640462
4660,0,4660,62580000000.0,35.18190384281045,-97.4376198,8.805960864927908,-0.7,186.15405202943165,-49.79353773296154
4661,0,4661,62590000000.0,35.18190469446454,-97.4376198,8.81205912878741,-0.7,186.15405202943165,-49.699395889518456
4662,0,4662,62600000000.0,35.18190554611863,-97.4376198,8.818157392646912,-0.7,186.15405202943165,-49.60525404686081
4663,0,4663,62610000000.0,35.18190639777272,-97.4376198,8.824255656506415,-0.7,186.15405202943165,-49.511112203417724
4664,0,4664,62620000000.0,35.181907249426814,-97.4376198,8.830353920365916,-0.7,186.15405202943165,-49.41697035997464
4665,0,4665,62630000000.0,35.1819081010809,-97.4376198,8.836452184225418,-0.7,186.15405202943165,-49.32282851731699
4666,0,4666,62640000000.0,35.18190895273499,-97.4376198,8.84255044808492,-0.6852995810890459,186.15405202943165,-49.22868667387391
4667,0,4667,62650000000.0,35.181909804389086,-97.4376198,8.848648711944422,-0.4299283581571187,186.15405202943165,-49.134544830430826
4668,0,4668,62660000000.0,35.18191065604317,-97.4376198,8.854746975803923,-0.4864704251202553,186.15405202943165,-49.04040298777318
4669,0,4669,62670000000.0,35.181911507697265,-97.4376198,8.860845239663426,-0.5,186.15405202943165,-48.946261144330094
4670,0,4670,62680000000.0,35.18191235935136,-97.4376198,8.866943503522927,-0.5,186.15405202943165,-48.85211930088701
4671,0,4671,62690000000.0,35.181913211005444,-97.4376198,8.87304176738243,-0.4989987231029576,186.15405202943165,-48.75797745822936
4672,0,4672,62700000000.0,35.18191406265954,-97.4376198,8.879140031241931,-0.4,186.15405202943165,-48.66383561478628
4673,0,4673,62710000000.0,35.18191491431362,-97.4376198,8.885238295101434,-0.4,186.15405202943165,-48.56969377212863
4674,0,4674,62720000000.0,35.18191575548878,-97.43761979176827,8.895545747844986,-0.4,186.15330881061053,-48.47671027016631
4675,0,4675,62730000000.0,35.18191658799041,-97.43761977672305,8.909337190440414,-0.4,186.1519504208351,-48.38468554034577
4676,0,4676,62740000000.0,35.18191742049203,-97.43761976167785,8.92312863303584,-0.4,186.1505920323427,-48.29266081131067
4677,0,4677,62750000000.0,35.181918252993654,-97.43761974663263,8.936920075631269,-0.4,186.14923364256728,-48.20063608149013
4678,0,4678,62760000000.0,35.18191908549528,-97.43761973158743,8.950711518226695,-0.4,186.1478752540749,-48.108611351669595
4679,0,4679,62770000000.0,35.18191991799691,-97.43761971654222,8.964502960822122,-0.4,186.14651686429949,-48.01658662184906
4680,0,4680,62780000000.0,35.181920750498534,-97.43761970149701,8.97829440341755,-0.4,186.14515847580708,-47.92456189202852
4681,0,4681,62790000000.0,35.18192158300016,-97.4376196864518,8.992085846012976,-0.4,186.14380008603166,-47.832537162207984
4682,0,4682,62800000000.0,35.18192241550179,-97.4376196714066,9.005877288608405,-0.4,186.14244169753928,-47.74051243238745
4683,0,4683,62810000000.0,35.181923248003415,-97.43761965636138,9.019668731203831,-0.4,186.14108330776384,-47.64848770256691
4684,0,4684,62820000000.0,35.18192408050504,-97.43761964131618,9.033460173799257,-0.4,186.13972491927146,-47.556462972746374
4685,0,4685,62830000000.0,35.18192491300666,-97.43761962627096,9.047251616394686,-0.4,186.13836652949604,-47.46443824371127
4686,0,4686,62840000000.0,35.18192574550829,-97.43761961122576,9.061043058990112,-0.4,186.13700814100366,-47.372413513890734
4687,0,4687,62850000000.0,35.181926578009914,-97.43761959618054,9.07483450158554,-0.4,186.13564975122821,-47.2803887840702
4688,0,4688,62860000000.0,35.18192741051154,-97.43761958113532,9.088625944180967,-0.4,186.1342913614528,-47.18836405424966
4689,0,4689,62870000000.0,35.18192824301317,-97.43761956609012,9.102417386776393,-0.4,186.13293297296042,-47.096339324429124
4690,0,4690,62880000000.0,35.181929075514795,-97.4376195510449,9.116208829371821,-0.4,186.13157458318497,-47.00431459460859
4691,0,4691,62890000000.0,35.18192990801642,-97.4376195359997,9.130000271967248,-0.4,186.1302161946926,-46.91228986478805
4692,0,4692,62900000000.0,35.18193074051805,-97.43761952095448,9.143791714562676,-0.4,186.12885780491717,-46.820265134967514
4693,0,4693,62910000000.0,35.18193157301967,-97.43761950590928,9.157583157158102,-0.4,186.1274994164248,-46.72824040593241
4694,0,4694,62920000000.0,35.18193237839695,-97.43761949420124,9.161608299795173,-0.4,186.12644233091797,-46.639214001060054
4695,0,4695,62930000000.0,35.181933166229705,-97.43761948465176,9.15931642268465,-0.4,186.1255801354474,-46.5521269684659
4696,0,4696,62940000000.0,35.18193395406246,-97.43761947510227,9.157024545574126,-0.4,186.12471793869375,-46.465039935871744
4697,0,4697,62950000000.0,35.18193474189522,-97.43761946555279,9.154732668463604,-0.4,186.12385574322317,-46.377952902492154
4698,0,4698,62960000000.0,35.18193552972797,-97.43761945600329,9.15244079135308,-0.4,186.12299354646953,-46.290865869898
4699,0,4699,62970000000.0,35.181936317560734,-97.43761944645381,9.150148914242557,-0.4,186.12213135099896,-46.20377883651841
4700,0,4700,62980000000.0,35.18193710539349,-97.43761943690431,9.147857037132033,-0.4,186.1212691542453,-46.116691803924255
4701,0,4701,62990000000.0,35.18193789322625,-97.43761942735483,9.14556516002151,-0.4,186.1204069587747,-46.029604770544665
4702,0,4702,63000000000.0,35.181938681059,-97.43761941780534,9.143273282910986,-0.4,186.1195447620211,-45.94251773795051
4703,0,4703,63010000000.0,35.181939468891755,-97.43761940825586,9.140981405800463,-0.4,186.11868256655052,-45.855430705356355
4704,0,4704,63020000000.0,35.181940256724516,-97.43761939870636,9.13868952868994,-0.4,186.11782036979687,-45.768343671976766
4705,0,4705,63030000000.0,35.18194104455727,-97.43761938915688,9.136397651579417,-0.4,186.1169581743263,-45.68125663938261
4706,0,4706,63040000000.0,35.18194183239003,-97.43761937960738,9.134105774468892,-0.4,186.11609597757266,-45.59416960600302
4707,0,4707,63050000000.0,35.181942620222785,-97.4376193700579,9.13181389735837,-0.4,186.11523378210208,-45.507082573408866
4708,0,4708,63060000000.0,35.181943408055545,-97.4376193605084,9.129522020247846,-0.330480929889551,186.11437158534844,-45.41999554002928
4709,0,4709,63070000000.0,35.1819441958883,-97.43761935095893,9.127230143137323,-0.3,186.11350938987783,-45.33290850743512
4710,0,4710,63080000000.0,35.18194498372105,-97.43761934140943,9.124938266026799,-0.3,186.1126471931242,-45.245821474840966
4711,0,4711,63090000000.0,35.18194577155381,-97.43761933185995,9.122646388916277,-0.3,186.11178499765361,-45.15873444146138
4712,0,4712,63100000000.0,35.18194655938657,-97.43761932231045,9.120354511805752,-0.3,186.1109228009,-45.07164740886722
4713,0,4713,63110000000.0,35.18194734721933,-97.43761931276097,9.11806263469523,-0.3,186.11006060542942,-44.98456037548763
4714,0,4714,63120000000.0,35.18194813505208,-97.43761930321149,9.115770757584706,-0.3,186.10919840995882,-44.89747334289348
4715,0,4715,63130000000.0,35.18194895021038,-97.43761929333078,9.116433881594215,-0.3,186.10830630898138,-44.80736574421826
4716,0,4716,63140000000.0,35.18194977921465,-97.43761928328225,9.118594316950679,-0.3,186.10739905509354,-44.715727612837384
4717,0,4717,63150000000.0,35.18195060821891,-97.43761927323371,9.12075475230714,-0.3,186.1064918012057,-44.62408948145651
4718,0,4718,63160000000.0,35.18195143722318,-97.43761926318517,9.122915187663605,-0.3,186.1055845473178,-44.53245135007563
4719,0,4719,63170000000.0,35.18195226622744,-97.43761925313663,9.125075623020068,-0.3,186.10467729342994,-44.44081321869476
4720,0,4720,63180000000.0,35.181953095231705,-97.4376192430881,9.12723605837653,-0.3,186.10377003954207,-44.34917508731388
4721,0,4721,63190000000.0,35.18195392423597,-97.43761923303956,9.129396493732994,-0.3,186.10286278565422,-44.257536955933006
4722,0,4722,63200000000.0,35.181954753240234,-97.43761922299103,9.131556929089458,-0.3,186.10195553304942,-44.16589882455213
4723,0,4723,63210000000.0,35.1819555822445,-97.4376192129425,9.13371736444592,-0.3,186.10104827916157,-44.074260693171254
4724,0,4724,63220000000.0,35.18195641124876,-97.43761920289396,9.135877799802383,-0.3,186.1001410252737,-43.98262256179038
4725,0,4725,63230000000.0,35.18195724025303,-97.43761919284542,9.138038235158847,-0.3,186.09923377138583,-43.8909844304095
4726,0,4726,63240000000.0,35.18195806925729,-97.43761918279688,9.140198670515309,-0.3,186.09832651749795,-43.79934629902863
4727,0,4727,63250000000.0,35.181958898261556,-97.43761917274834,9.142359105871773,-0.3,186.0974192636101,-43.70770816764775
4728,0,4728,63260000000.0,35.18195972726582,-97.43761916269982,9.144519541228236,-0.3,186.0965120110053,-43.616070036266876
4729,0,4729,63270000000.0,35.181960556270084,-97.43761915265128,9.146679976584698,-0.3,186.09560475711746,-43.524431904886
4730,0,4730,63280000000.0,35.18196138527435,-97.43761914260274,9.148840411941162,-0.3,186.09469750322958,-43.432793773505125
4731,0,4731,63290000000.0,35.18196221427861,-97.4376191325542,9.151000847297626,-0.3,186.09379024934174,-43.34115564212425
4732,0,4732,63300000000.0,35.18196304328288,-97.43761912250567,9.153161282654088,-0.3,186.09288299545386,-43.249517510743374
4733,0,4733,63310000000.0,35.18196387228714,-97.43761911245713,9.155321718010551,-0.3,186.091975741566,-43.1578793793625
4734,0,4734,63320000000.0,35.181964701291406,-97.43761910240859,9.157482153367015,-0.3,186.09106848767814,-43.06624124798162
4735,0,4735,63330000000.0,35.18196553903118,-97.43761909225417,9.157922541674315,-0.3,186.090151673728,-42.9736374931187
4736,0,4736,63340000000.0,35.181966379524944,-97.43761908206638,9.15782066364297,-0.3,186.0892318471586,-42.88072931270037
4737,0,4737,63350000000.0,35.1819672200187,-97.43761907187857,9.157718785611625,-0.3,186.0883120193061,-42.78782113306747
4738,0,4738,63360000000.0,35.18196806051246,-97.43761906169077,9.157616907580278,-0.3,186.08739219145363,-42.69491295264913
4739,0,4739,63370000000.0,35.18196890100622,-97.43761905150296,9.157515029548934,-0.3,186.08647236360116,-42.6020047722308
4740,0,4740,63380000000.0,35.18196974149998,-97.43761904131516,9.157413151517588,-0.2212345668112659,186.0855525357487,-42.5090965925979
4741,0,4741,63390000000.0,35.18197058199374,-97.43761903112735,9.157311273486242,-0.12474218114656464,186.08463270789622,-42.416188412179565
4742,0,4742,63400000000.0,35.18197142248749,-97.43761902093955,9.157209395454895,-0.1,186.08371288004372,-42.323280232546665
4743,0,4743,63410000000.0,35.181972262981255,-97.43761901075175,9.157107517423551,-0.1,186.08279305219125,-42.23037205212833
4744,0,4744,63420000000.0,35.18197310347501,-97.43761900056394,9.157005639392205,-0.1,186.08187322433878,-42.13746387249543
4745,0,4745,63430000000.0,35.18197394396877,-97.43761899037614,9.156903761360859,-0.1,186.0809533964863,-42.0445556920771
4746,0,4746,63440000000.0,35.18197478446253,-97.43761898018833,9.156801883329512,-0.1,186.08003356863384,-41.95164751165876
4747,0,4747,63450000000.0,35.18197562495629,-97.43761897000053,9.156700005298168,-0.1,186.07911374078134,-41.85873933202586
4748,0,4748,63460000000.0,35.18197646545005,-97.43761895981274,9.156598127266822,-0.1,186.07819391421194,-41.76583115160753
4749,0,4749,63470000000.0,35.1819773059438,-97.43761894962493,9.156496249235476,-0.1,186.07727408635944,-41.67292297197463
4750,0,4750,63480000000.0,35.181978146437565,-97.43761893943713,9.15639437120413,-0.1,186.076354258507,-41.580014791556295
4751,0,4751,63490000000.0,35.18197898693132,-97.43761892924933,9.156292493172785,-0.1,186.0754344306545,-41.487106611923394
4752,0,4752,63500000000.0,35.18197982742508,-97.43761891906152,9.156190615141439,-0.1,186.07451460280203,-41.39419843150506
4753,0,4753,63510000000.0,35.18198066791884,-97.43761890887372,9.156088737110093,-0.1,186.07359477494956,-41.301290251086726
4754,0,4754,63520000000.0,35.181981507581916,-97.43761889936343,9.156954869088018,-0.1,186.07273611815188,-41.2084738949649
4755,0,4755,63530000000.0,35.18198234163561,-97.4376188944282,9.164357712541904,-0.1,186.07229053020544,-41.116277599667086
4756,0,4756,63540000000.0,35.181983175689304,-97.43761888949297,9.171760555995789,-0.1,186.07184494225896,-41.024081304369275
4757,0,4757,63550000000.0,35.181984009743005,-97.43761888455774,9.179163399449674,-0.1,186.07139935431252,-40.93188500828603
4758,0,4758,63560000000.0,35.1819848437967,-97.4376188796225,9.186566242903561,-0.1,186.07095376636607,-40.83968871298822
4759,0,4759,63570000000.0,35.18198567785039,-97.43761887468727,9.193969086357447,-0.1,186.0705081784196,-40.74749241769041
4760,0,4760,63580000000.0,35.18198651190409,-97.43761886975204,9.201371929811332,-0.1,186.07006259047316,-40.655296121607165
4761,0,4761,63590000000.0,35.181987345957786,-97.43761886481681,9.208774773265217,-0.1,186.0696170025267,-40.563099826309355
4762,0,4762,63600000000.0,35.18198818001148,-97.4376188598816,9.216177616719103,-0.0632380886511427,186.0691714158633,-40.470903531011544
4763,0,4763,63610000000.0,35.181989014065174,-97.43761885494636,9.223580460172988,-0.00462537537779556,186.06872582791686,-40.37870723571373
4764,0,4764,63620000000.0,35.181989848118874,-97.43761885001113,9.230983303626873,0.0,186.06828023997042,-40.28651093963049
4765,0,4765,63630000000.0,35.18199068217257,-97.4376188450759,9.23838614708076,0.0,186.06783465202395,-40.19431464433268
4766,0,4766,63640000000.0,35.18199151622626,-97.43761884014067,9.245788990534646,0.0,186.0673890640775,-40.10211834903487
4767,0,4767,63650000000.0,35.18199235027996,-97.43761883520544,9.25319183398853,0.0,186.06694347613106,-40.00992205295162
4768,0,4768,63660000000.0,35.181993184333656,-97.43761883027021,9.260594677442416,0.0,186.0664978881846,-39.91772575765381
4769,0,4769,63670000000.0,35.18199401838735,-97.43761882533498,9.267997520896301,0.0,186.06605230023817,-39.825529462356
4770,0,4770,63680000000.0,35.18199485244104,-97.43761882039975,9.275400364350187,0.0,186.06560671229172,-39.73333316705819
4771,0,4771,63690000000.0,35.181995686494744,-97.43761881546453,9.282803207804074,0.0,186.0651611256283,-39.64113687097495
4772,0,4772,63700000000.0,35.18199652054844,-97.4376188105293,9.29020605125796,0.0,186.06471553768185,-39.548940575677136
4773,0,4773,63710000000.0,35.18199735460213,-97.43761880559407,9.297608894711844,0.0,186.0642699497354,-39.456744280379326
4774,0,4774,63720000000.0,35.18199818865583,-97.43761880065884,9.30501173816573,0.0,186.06382436178896,-39.36454798429608
4775,0,4775,63730000000.0,35.18199902819987,-97.43761879574151,9.30842733291219,0.0,186.0633803904951,-39.27174478654905
4776,0,4776,63740000000.0,35.18199986858978,-97.43761879082696,9.311228632611062,0.0,186.06293666939746,-39.178848086033184
