,turnId,pointId,time [ns],lat [deg],lon [deg],speed [mps],steer_angle [deg],x [m],y [m]
0,3,0,130740000000.0,35.181999642828984,-97.43551765750844,8.716783675175298,0.7,-3.642408707287062,-39.20380368411031
1,3,1,130750000000.0,35.181998876573495,-97.43551763786087,8.711134996873676,0.6836127890519164,-3.6441826306674034,-39.28850556589552
2,3,2,130760000000.0,35.181998110318,-97.43551761821328,8.705486318572056,0.6,-3.6459565553308018,-39.37320744846616
3,3,3,130770000000.0,35.18199734406251,-97.43551759856571,8.699837640270434,0.6,-3.6477304787111424,-39.45790933025137
4,3,4,130780000000.0,35.18199657780702,-97.43551757891814,8.694188961968814,0.6829118640988795,-3.6495044020914835,-39.542611212036576
5,3,5,130790000000.0,35.18199581155152,-97.43551755927055,8.688540283667193,0.7,-3.6512783267548823,-39.62731309460722
6,3,6,130800000000.0,35.181995045296034,-97.43551753962298,8.682891605365572,0.44722112193311786,-3.6530522501352234,-39.712014976392425
7,3,7,130810000000.0,35.181994279040545,-97.4355175199754,8.67724292706395,0.2035147575576593,-3.6548261735155645,-39.79671685817763
8,3,8,130820000000.0,35.18199351278505,-97.43551750032782,8.67159424876233,0.10311747358206108,-3.6566000981789633,-39.88141874074827
9,3,9,130830000000.0,35.18199274652956,-97.43551748068025,8.665945570460709,0.1,-3.6583740215593044,-39.96612062253348
10,3,10,130840000000.0,35.18199198027407,-97.43551746103267,8.660296892159089,0.11009047603303586,-3.6601479449396455,-40.05082250431869
11,3,11,130850000000.0,35.18199121401857,-97.43551744138509,8.654648213857467,0.2,-3.661921869603044,-40.13552438688933
12,3,12,130860000000.0,35.181990447763084,-97.43551742173752,8.648999535555847,0.2,-3.6636957929833853,-40.22022626867454
13,3,13,130870000000.0,35.181989681507595,-97.43551740208994,8.643350857254225,0.2,-3.665469716363727,-40.304928150459745
14,3,14,130880000000.0,35.1819889152521,-97.43551738244237,8.637702178952605,0.11160402252328079,-3.667243639744067,-40.389630033030386
15,3,15,130890000000.0,35.18198814899661,-97.43551736279478,8.632053500650983,0.1,-3.669017564407466,-40.47433191481559
16,3,16,130900000000.0,35.18198738274112,-97.43551734314721,8.626404822349363,0.1,-3.670791487787807,-40.5590337966008
17,3,17,130910000000.0,35.181986616485624,-97.43551732349964,8.620756144047741,0.1,-3.672565411168148,-40.64373567917144
18,3,18,130920000000.0,35.181985850230134,-97.43551730385205,8.61510746574612,0.1,-3.674339335831547,-40.72843756095665
19,3,19,130930000000.0,35.18198507537984,-97.43551730827312,8.603741337852657,0.1,-3.6739401701926186,-40.81408951227559
20,3,20,130940000000.0,35.18198429843354,-97.4355173185638,8.590980895224805,0.1,-3.6730110542860777,-40.899973156396214
21,3,21,130950000000.0,35.18198352148723,-97.43551732885447,8.57822045259695,0.08592599837177245,-3.672081938379536,-40.985856801302276
22,3,22,130960000000.0,35.18198274454093,-97.43551733914515,8.565460009969096,0.0,-3.671152822472994,-41.071740445422904
23,3,23,130970000000.0,35.18198196759462,-97.43551734943584,8.552699567341243,0.0,-3.6702237052833944,-41.157624090328966
24,3,24,130980000000.0,35.181981190648315,-97.43551735972652,8.539939124713388,0.0,-3.6692945893768525,-41.24350773523503
25,3,25,130990000000.0,35.181980413702014,-97.4355173700172,8.527178682085536,-0.21187925309942324,-3.6683654734703106,-41.329391379355656
26,3,26,131000000000.0,35.181979636755706,-97.43551738030787,8.514418239457681,-0.3,-3.6674363575637687,-41.41527502426172
27,3,27,131010000000.0,35.181978859809405,-97.43551739059855,8.501657796829829,-0.3,-3.666507241657227,-41.501158668382345
28,3,28,131020000000.0,35.1819780828631,-97.43551740088924,8.488897354201974,-0.3,-3.6655781244676278,-41.58704231328841
29,3,29,131030000000.0,35.181977305916796,-97.43551741117992,8.47613691157412,-0.3,-3.6646490085610868,-41.672925957409035
30,3,30,131040000000.0,35.18197652897049,-97.43551742147059,8.463376468946267,-0.31384324870108915,-3.663719892654545,-41.7588096023151
31,3,31,131050000000.0,35.18197575202418,-97.43551743176127,8.450616026318412,-0.4,-3.662790776748003,-41.84469324722116
32,3,32,131060000000.0,35.18197497507788,-97.43551744205195,8.43785558369056,-0.4,-3.661861660841461,-41.93057689134179
33,3,33,131070000000.0,35.18197419813157,-97.43551745234264,8.425095141062705,-0.4,-3.6609325436518616,-42.01646053624785
34,3,34,131080000000.0,35.18197342118527,-97.43551746263331,8.412334698434853,-0.4,-3.6600034277453197,-42.102344180368476
35,3,35,131090000000.0,35.18197264423896,-97.43551747292399,8.399574255806998,-0.4,-3.659074311838778,-42.18822782527454
36,3,36,131100000000.0,35.18197186729266,-97.43551748321467,8.386813813179144,-0.4,-3.658145195932236,-42.274111469395166
37,3,37,131110000000.0,35.18197109034635,-97.43551749350534,8.374053370551291,-0.4,-3.657216080025695,-42.35999511430123
38,3,38,131120000000.0,35.18197032453505,-97.43551749813875,8.36201692576668,-0.4707798120558708,-3.6567977429399017,-42.4446478954691
39,3,39,131130000000.0,35.18196957777473,-97.43551749309307,8.351219175188392,-0.5,-3.657253302810127,-42.5271947813674
40,3,40,131140000000.0,35.18196883101441,-97.4355174880474,8.340421424610103,-0.5,-3.6577088626803533,-42.609741667265695
41,3,41,131150000000.0,35.18196808425409,-97.43551748300172,8.329623674031813,-0.41219817517831275,-3.6581644225505787,-42.69228855316399
42,3,42,131160000000.0,35.181967337493774,-97.43551747795604,8.318825923453524,-0.4,-3.658619982420804,-42.77483543827685
43,3,43,131170000000.0,35.18196659073345,-97.43551747291036,8.308028172875236,-0.4,-3.6590755422910295,-42.85738232417515
44,3,44,131180000000.0,35.18196584397313,-97.43551746786468,8.297230422296947,-0.4,-3.6595311021612558,-42.939929210073444
45,3,45,131190000000.0,35.18196509721281,-97.435517462819,8.286432671718657,-0.4,-3.659986662031481,-43.02247609597174
46,3,46,131200000000.0,35.18196435045249,-97.43551745777333,8.27563492114037,-0.4,-3.6604422219017065,-43.105022981870036
47,3,47,131210000000.0,35.18196360369217,-97.43551745272765,8.26483717056208,-0.4,-3.660897781771932,-43.18756986776833
48,3,48,131220000000.0,35.18196285693185,-97.43551744768197,8.25403941998379,-0.4,-3.6613533416421573,-43.27011675366663
49,3,49,131230000000.0,35.181962110171526,-97.4355174426363,8.243241669405503,-0.4,-3.6618089015123836,-43.35266363956492
50,3,50,131240000000.0,35.181961363411205,-97.43551743759062,8.232443918827213,-0.4,-3.662264461382609,-43.43521052546322
51,3,51,131250000000.0,35.18196061665088,-97.43551743254494,8.221646168248924,-0.4,-3.6627200212528344,-43.517757411361515
52,3,52,131260000000.0,35.18195986989056,-97.43551742749926,8.210848417670634,-0.4,-3.6631755811230597,-43.60030429725981
53,3,53,131270000000.0,35.18195912313025,-97.43551742245359,8.200050667092347,-0.4,-3.663631140993286,-43.68285118237267
54,3,54,131280000000.0,35.18195837636993,-97.43551741740791,8.189252916514057,-0.4,-3.6640867008635114,-43.76539806827097
55,3,55,131290000000.0,35.181957629609606,-97.43551741236222,8.178455165935768,-0.4,-3.6645422620167944,-43.847944954169265
56,3,56,131300000000.0,35.181956882849285,-97.43551740731654,8.16765741535748,-0.4,-3.66499782188702,-43.93049184006756
57,3,57,131310000000.0,35.181956136088964,-97.43551740227086,8.15685966477919,-0.4,-3.6654533817572457,-44.013038725965856
58,3,58,131320000000.0,35.181955397437775,-97.43551738621362,8.149849325130777,-0.4,-3.6669031444806435,-44.0946892283111
59,3,59,131330000000.0,35.18195466542302,-97.43551736114462,8.145938561359666,-0.4,-3.6691665530575754,-44.175606139283445
60,3,60,131340000000.0,35.181953933408266,-97.43551733607562,8.142027797588554,-0.4,-3.671429961634508,-44.256523050255794
61,3,61,131350000000.0,35.181953201393505,-97.43551731100662,8.138117033817442,-0.4,-3.6736933702114394,-44.337439962013576
62,3,62,131360000000.0,35.18195246937875,-97.43551728593762,8.134206270046331,-0.4,-3.675956778788372,-44.418356872985925
63,3,63,131370000000.0,35.181951737363995,-97.43551726086862,8.13029550627522,-0.4,-3.6782201873653033,-44.49927378395827
64,3,64,131380000000.0,35.181951005349234,-97.43551723579962,8.126384742504106,-0.4,-3.6804835959422357,-44.580190695716055
65,3,65,131390000000.0,35.18195027333448,-97.43551721073062,8.122473978732994,-0.4,-3.6827470045191677,-44.661107606688404
66,3,66,131400000000.0,35.18194954131972,-97.43551718566162,8.118563214961883,-0.4897985848290125,-3.6850104130961,-44.742024518446186
67,3,67,131410000000.0,35.18194880930496,-97.43551716059262,8.114652451190771,-0.5,-3.6872738216730316,-44.822941429418535
68,3,68,131420000000.0,35.18194807729021,-97.43551713552364,8.11074168741966,-0.4474258846886995,-3.689537228966907,-44.90385834039088
69,3,69,131430000000.0,35.18194734527545,-97.43551711045464,8.106830923648548,-0.4,-3.6918006375438384,-44.984775252148665
70,3,70,131440000000.0,35.18194661326069,-97.43551708538564,8.102920159877437,-0.4,-3.6940640461207708,-45.065692163121014
71,3,71,131450000000.0,35.18194588124594,-97.43551706031664,8.099009396106325,-0.4,-3.6963274546977023,-45.14660907409336
72,3,72,131460000000.0,35.181945149231176,-97.43551703524764,8.095098632335214,-0.47759946086284044,-3.6985908632746343,-45.227525985851145
73,3,73,131470000000.0,35.18194441721642,-97.43551701017864,8.091187868564102,-0.5,-3.7008542718515667,-45.30844289682349
74,3,74,131480000000.0,35.18194368520167,-97.43551698510964,8.08727710479299,-0.5,-3.703117680428498,-45.38935980779584
75,3,75,131490000000.0,35.181942953186905,-97.43551696004064,8.083366341021879,-0.5,-3.7053810890054306,-45.470276719553624
76,3,76,131500000000.0,35.18194222117215,-97.43551693497164,8.079455577250767,-0.5,-3.707644497582362,-45.55119363052597
77,3,77,131510000000.0,35.18194148915739,-97.43551690990265,8.075544813479656,-0.5,-3.7099079061592946,-45.632110542283755
78,3,78,131520000000.0,35.18194079157276,-97.43551688561875,8.06683814203797,-0.5,-3.712100429652239,-45.709221547487004
79,3,79,131530000000.0,35.18194011646877,-97.43551686184749,8.055000051122487,-0.5,-3.714246669407883,-45.78384754181016
80,3,80,131540000000.0,35.1819394413648,-97.43551683807623,8.043161960207003,-0.5,-3.7163929091635266,-45.85847353534788
81,3,81,131550000000.0,35.181938766260814,-97.43551681430496,8.031323869291521,-0.5,-3.7185391489191706,-45.93309952967104
82,3,82,131560000000.0,35.18193809115684,-97.43551679053368,8.019485778376039,-0.5,-3.720685389957872,-46.00772552320876
83,3,83,131570000000.0,35.18193741605286,-97.43551676676242,8.007647687460555,-0.5,-3.7228316297135153,-46.082351516746485
84,3,84,131580000000.0,35.18193674094888,-97.43551674299115,7.995809596545072,-0.5,-3.7249778694691593,-46.15697751106964
85,3,85,131590000000.0,35.1819360658449,-97.43551671921989,7.98397150562959,-0.5,-3.7271241092248024,-46.231603504607364
86,3,86,131600000000.0,35.18193539074092,-97.43551669544863,7.972133414714107,-0.5,-3.7292703489804464,-46.30622949893052
87,3,87,131610000000.0,35.18193471563694,-97.43551667167735,7.960295323798625,-0.5,-3.731416590019148,-46.38085549246824
88,3,88,131620000000.0,35.18193404053296,-97.43551664790608,7.9484572328831415,-0.5,-3.733562829774791,-46.4554814867914
89,3,89,131630000000.0,35.18193336542898,-97.43551662413482,7.936619141967658,-0.5,-3.735709069530435,-46.53010748032912
90,3,90,131640000000.0,35.181932690325,-97.43551660036356,7.924781051052176,-0.5,-3.7378553092860782,-46.60473347465228
91,3,91,131650000000.0,35.18193201522102,-97.43551657659229,7.912942960136693,-0.5,-3.7400015490417227,-46.67935946819
92,3,92,131660000000.0,35.18193134011704,-97.43551655282101,7.901104869221211,-0.5,-3.742147790080424,-46.75398546251316
93,3,93,131670000000.0,35.18193066501306,-97.43551652904975,7.8892667783057275,-0.5,-3.744294029836067,-46.82861145605088
94,3,94,131680000000.0,35.18192998990908,-97.43551650527849,7.877428687390245,-0.5,-3.7464402695917114,-46.903237450374036
95,3,95,131690000000.0,35.1819293148051,-97.43551648150722,7.865590596474762,-0.5,-3.7485865093473545,-46.97786344391176
96,3,96,131700000000.0,35.18192863970112,-97.43551645773596,7.853752505559279,-0.5,-3.7507327491029985,-47.052489438234915
97,3,97,131710000000.0,35.18192796459714,-97.43551643396468,7.841914414643797,-0.5,-3.7528789901417,-47.12711543177264
98,3,98,131720000000.0,35.18192728949316,-97.43551641019342,7.8300763237283135,-0.5,-3.755025229897343,-47.20174142609579
99,3,99,131730000000.0,35.18192658783315,-97.43551638813908,7.818861975684425,-0.5,-3.7570164531982084,-47.279302923218864
100,3,100,131740000000.0,35.18192586623649,-97.43551636737371,7.808115895868618,-0.5,-3.7588912993243326,-47.35906821838128
101,3,101,131750000000.0,35.18192514463983,-97.43551634660834,7.797369816052811,-0.5,-3.760766145450456,-47.4388335135437
102,3,102,131760000000.0,35.18192442304316,-97.43551632584297,7.786623736237004,-0.5,-3.76264099157658,-47.51859880949155
103,3,103,131770000000.0,35.18192370144649,-97.4355163050776,7.775877656421197,-0.5,-3.7645158377027044,-47.59836410465397
104,3,104,131780000000.0,35.18192297984983,-97.43551628431223,7.76513157660539,-0.5,-3.7663906838288286,-47.678129399816385
105,3,105,131790000000.0,35.18192225825317,-97.43551626354686,7.754385496789583,-0.5,-3.768265529954953,-47.7578946949788
106,3,106,131800000000.0,35.1819215366565,-97.43551624278149,7.743639416973776,-0.5,-3.770140376081076,-47.83765999014122
107,3,107,131810000000.0,35.18192081505984,-97.43551622201612,7.732893337157969,-0.5,-3.7720152222072003,-47.917425285303636
108,3,108,131820000000.0,35.18192009346318,-97.43551620125073,7.722147257342162,-0.4553755985050113,-3.7738900696163817,-47.997190580466054
109,3,109,131830000000.0,35.18191937186651,-97.43551618048537,7.711401177526355,-0.4,-3.775764915742506,-48.07695587562847
110,3,110,131840000000.0,35.18191865026985,-97.43551615972,7.700655097710548,-0.4,-3.77763976186863,-48.15672117079089
111,3,111,131850000000.0,35.18191792867319,-97.43551613895463,7.689909017894741,-0.4,-3.7795146079947544,-48.236486465953305
112,3,112,131860000000.0,35.18191720707652,-97.43551611818926,7.679162938078934,-0.4,-3.7813894541208777,-48.31625176111572
113,3,113,131870000000.0,35.18191648547986,-97.43551609742389,7.668416858263127,-0.4,-3.783264300247002,-48.39601705627814
114,3,114,131880000000.0,35.18191576388319,-97.43551607665852,7.65767077844732,-0.4,-3.785139146373126,-48.47578235222599
115,3,115,131890000000.0,35.181915042286526,-97.43551605589315,7.646924698631513,-0.4,-3.7870139924992503,-48.55554764738841
116,3,116,131900000000.0,35.18191432068986,-97.43551603512778,7.636178618815706,-0.4,-3.7888888386253745,-48.635312942550826
117,3,117,131910000000.0,35.1819135990932,-97.4355160143624,7.625432538999899,-0.4,-3.790763684751498,-48.71507823771324
118,3,118,131920000000.0,35.18191290444604,-97.43551601374989,7.61219449169159,-0.4,-3.7908189871007667,-48.791864535100444
119,3,119,131930000000.0,35.18191227024878,-97.43551605834189,7.593366760536449,-0.4,-3.7867929024265354,-48.86196869983266
120,3,120,131940000000.0,35.18191163605152,-97.43551610293389,7.574539029381309,-0.4,-3.782766817752305,-48.93207286535031
121,3,121,131950000000.0,35.18191100185426,-97.43551614752587,7.555711298226169,-0.4,-3.778740734361131,-49.00217703008252
122,3,122,131960000000.0,35.181910367657,-97.43551619211787,7.536883567071028,-0.4,-3.7747146496869006,-49.07228119560017
123,3,123,131970000000.0,35.18190973345974,-97.43551623670987,7.518055835915887,-0.4,-3.7706885650126694,-49.14238536033238
124,3,124,131980000000.0,35.18190909926248,-97.43551628130186,7.499228104760747,-0.42454903547373257,-3.766662481621496,-49.21248952585003
125,3,125,131990000000.0,35.18190846506522,-97.43551632589386,7.480400373605606,-0.4498698629533385,-3.7626363969472654,-49.282593690582246
126,3,126,132000000000.0,35.18190783086796,-97.43551637048584,7.461572642450466,-0.46441858858562235,-3.7586103135560918,-49.352697856099894
127,3,127,132010000000.0,35.1819071966707,-97.43551641507784,7.442744911295325,-0.5,-3.7545842288818614,-49.42280202083211
128,3,128,132020000000.0,35.181906562473436,-97.43551645966984,7.423917180140185,-0.45548322768687455,-3.75055814420763,-49.49290618634976
129,3,129,132030000000.0,35.18190592827618,-97.43551650426183,7.405089448985044,-0.4,-3.746532060816457,-49.56301035108197
130,3,130,132040000000.0,35.181905294078916,-97.43551654885383,7.386261717829903,-0.4,-3.742505976142226,-49.63311451659962
131,3,131,132050000000.0,35.18190465988166,-97.43551659344583,7.3674339866747625,-0.4,-3.738479891467995,-49.70321868133183
132,3,132,132060000000.0,35.181904025684396,-97.43551663803781,7.3486062555196225,-0.4,-3.7344538080768217,-49.77332284684948
133,3,133,132070000000.0,35.18190339148714,-97.43551668262981,7.329778524364482,-0.4,-3.7304277234025904,-49.843427011581696
134,3,134,132080000000.0,35.181902757289876,-97.43551672722181,7.310950793209341,-0.4,-3.72640163872836,-49.913531177099344
135,3,135,132090000000.0,35.18190212309262,-97.4355167718138,7.292123062054201,-0.4,-3.722375555337187,-49.98363534183156
136,3,136,132100000000.0,35.181901488895356,-97.4355168164058,7.27329533089906,-0.4,-3.7183494706629556,-50.053739507349206
137,3,137,132110000000.0,35.1819008546981,-97.4355168609978,7.254467599743919,-0.4,-3.7143233859887252,-50.12384367208142
138,3,138,132120000000.0,35.181900207138305,-97.43551690511836,7.236866648570254,-0.4,-3.710339865467773,-50.195424931735744
139,3,139,132130000000.0,35.18189946634266,-97.43551694594962,7.227825441829775,-0.4,-3.706653327877389,-50.27731248275671
140,3,140,132140000000.0,35.18189872554701,-97.43551698678087,7.218784235089295,-0.4,-3.7029667902870056,-50.35920003377768
141,3,141,132150000000.0,35.18189798475136,-97.43551702761212,7.209743028348815,-0.4,-3.6992802526966218,-50.44108758479865
142,3,142,132160000000.0,35.18189724395571,-97.43551706844339,7.200701821608335,-0.4,-3.6955937138231807,-50.52297513581962
143,3,143,132170000000.0,35.18189650316006,-97.43551710927464,7.191660614867855,-0.4,-3.691907176232797,-50.60486268684059
144,3,144,132180000000.0,35.18189576236441,-97.4355171501059,7.182619408127375,-0.4,-3.6882206386424135,-50.68675023786156
145,3,145,132190000000.0,35.181895021568764,-97.43551719093715,7.173578201386896,-0.4,-3.684534101052029,-50.76863778888253
146,3,146,132200000000.0,35.181894280773115,-97.4355172317684,7.164536994646416,-0.4,-3.680847563461646,-50.8505253399035
147,3,147,132210000000.0,35.181893539977466,-97.43551727259967,7.155495787905936,-0.4,-3.6771610245882047,-50.93241289092447
148,3,148,132220000000.0,35.18189279918182,-97.43551731343092,7.1464545811654565,-0.4,-3.6734744869978204,-51.01430044194544
149,3,149,132230000000.0,35.18189205838617,-97.43551735426217,7.137413374424977,-0.4,-3.669787949407437,-51.09618799296641
150,3,150,132240000000.0,35.18189131759052,-97.43551739509343,7.128372167684497,-0.4,-3.666101411817053,-51.178075543987376
151,3,151,132250000000.0,35.18189057679487,-97.4355174359247,7.119330960944017,-0.4,-3.6624148729436126,-51.259963095008345
152,3,152,132260000000.0,35.18188983599922,-97.43551747675595,7.110289754203537,-0.4,-3.6587283353532283,-51.341850646029314
153,3,153,132270000000.0,35.181889095203566,-97.4355175175872,7.101248547463057,-0.4,-3.655041797762845,-51.42373819783572
154,3,154,132280000000.0,35.18188835440792,-97.43551755841845,7.092207340722577,-0.4,-3.651355260172461,-51.50562574885669
155,3,155,132290000000.0,35.18188761361227,-97.43551759924972,7.083166133982098,-0.4,-3.6476687212990195,-51.587513299877656
156,3,156,132300000000.0,35.181887083179745,-97.43551764698366,7.071211372620644,-0.4,-3.6433589602847323,-51.6461473109473
157,3,157,132310000000.0,35.18188655668504,-97.43551769484681,7.05920207193941,-0.4,-3.639037532427564,-51.70434603531277
158,3,158,132320000000.0,35.181886030190334,-97.43551774270996,7.0471927712581754,-0.4,-3.634716104570395,-51.76254476046367
159,3,159,132330000000.0,35.18188550369563,-97.43551779057313,7.035183470576942,-0.4,-3.630394675430168,-51.82074348482914
160,3,160,132340000000.0,35.18188497720093,-97.43551783843628,7.023174169895707,-0.4,-3.6260732475729993,-51.878942209194605
161,3,161,132350000000.0,35.18188445070622,-97.43551788629944,7.011164869214474,-0.4,-3.62175181971583,-51.93714093434551
162,3,162,132360000000.0,35.18188392421152,-97.43551793416259,6.999155568533239,-0.4,-3.617430391858661,-51.995339658710975
163,3,163,132370000000.0,35.18188339771682,-97.43551798202574,6.9871462678520055,-0.406489330632764,-3.6131089640014924,-52.05353838307644
164,3,164,132380000000.0,35.181882871222115,-97.4355180298889,6.975136967170771,-0.5,-3.6087875361443236,-52.11173710744191
165,3,165,132390000000.0,35.181882344727406,-97.43551807775205,6.963127666489537,-0.4739197324766186,-3.6044661082871543,-52.16993583259281
166,3,166,132400000000.0,35.1818818182327,-97.4355181256152,6.951118365808303,-0.4,-3.6001446804299855,-52.22813455695828
167,3,167,132410000000.0,35.181881291738,-97.43551817347836,6.939109065127068,-0.4241764983888292,-3.5958232525728167,-52.28633328132375
168,3,168,132420000000.0,35.1818807652433,-97.43551822134152,6.927099764445835,-0.4925897115013246,-3.5915018234325897,-52.34453200568922
169,3,169,132430000000.0,35.18188023874859,-97.43551826920468,6.9150904637646,-0.4,-3.5871803955754213,-52.40273073084012
170,3,170,132440000000.0,35.18187971225389,-97.43551831706783,6.903081163083367,-0.4,-3.5828589677182516,-52.46092945520559
171,3,171,132450000000.0,35.181879185759186,-97.43551836493099,6.891071862402132,-0.4,-3.578537539861083,-52.519128179571055
172,3,172,132460000000.0,35.18187865926448,-97.43551841279414,6.8790625617208985,-0.4,-3.5742161120039144,-52.57732690472196
173,3,173,132470000000.0,35.181878132769775,-97.43551846065729,6.867053261039664,-0.4,-3.5698946841467456,-52.635525629087425
174,3,174,132480000000.0,35.18187760627507,-97.43551850852045,6.85504396035843,-0.4,-3.565573256289576,-52.69372435345289
175,3,175,132490000000.0,35.18187707978037,-97.4355185563836,6.843034659677196,-0.4,-3.5612518284324075,-52.75192307781836
176,3,176,132500000000.0,35.18187655328566,-97.43551860424677,6.831025358995962,-0.4,-3.5569303992921806,-52.81012180296926
177,3,177,132510000000.0,35.18187602679096,-97.43551865210992,6.819016058314728,-0.4,-3.5526089714350118,-52.86832052733473
178,3,178,132520000000.0,35.18187550029626,-97.43551869997307,6.807006757633494,-0.4,-3.548287543577843,-52.9265192517002
179,3,179,132530000000.0,35.18187490339383,-97.43551872465315,6.798864461428833,-0.4098743700036169,-3.546059249721684,-52.99250084569081
180,3,180,132540000000.0,35.181874306451775,-97.43551874932018,6.7907243424126955,-0.5,-3.543832133712415,-53.058486820831945
181,3,181,132550000000.0,35.18187370950971,-97.4355187739872,6.782584223396558,-0.5,-3.541605018986203,-53.12447279675851
182,3,182,132560000000.0,35.18187311256765,-97.43551879865423,6.774444104380421,-0.5183343451771074,-3.5393779029769337,-53.19045877189964
183,3,183,132570000000.0,35.18187251562559,-97.43551882332126,6.766303985364283,-0.5770032922666348,-3.537150786967665,-53.256444747040774
184,3,184,132580000000.0,35.18187191868353,-97.43551884798829,6.758163866348146,-0.6,-3.534923670958395,-53.32243072296734
185,3,185,132590000000.0,35.18187132174147,-97.43551887265531,6.750023747332008,-0.7008704573201886,-3.532696556232183,-53.38841669810847
186,3,186,132600000000.0,35.18187072479941,-97.43551889732234,6.741883628315871,-0.8,-3.5304694402229146,-53.454402673249604
187,3,187,132610000000.0,35.181870127857344,-97.43551892198937,6.7337435092997335,-1.0497599063856442,-3.528242324213645,-53.52038864917617
188,3,188,132620000000.0,35.181869530915286,-97.4355189466564,6.725603390283596,-1.1,-3.5260152082043756,-53.5863746243173
189,3,189,132630000000.0,35.18186893397322,-97.43551897132342,6.717463271267459,-1.1,-3.523788093478164,-53.65236060024387
190,3,190,132640000000.0,35.18186833703116,-97.43551899599045,6.709323152251321,-1.1,-3.5215609774688947,-53.718346575385
191,3,191,132650000000.0,35.1818677400891,-97.43551902065748,6.701183033235184,-1.1,-3.5193338614596255,-53.78433255052613
192,3,192,132660000000.0,35.18186714314704,-97.43551904532451,6.693042914219046,-1.1985712907358008,-3.5171067454503566,-53.850318526452696
193,3,193,132670000000.0,35.18186654620498,-97.43551906999153,6.684902795202909,-1.2568990367243502,-3.5148796307241446,-53.91630450159383
194,3,194,132680000000.0,35.18186594926292,-97.43551909465856,6.6767626761867716,-1.3,-3.512652514714875,-53.98229047673496
195,3,195,132690000000.0,35.181865352320855,-97.43551911932559,6.668622557170634,-1.3,-3.5104253987056064,-54.048276452661526
196,3,196,132700000000.0,35.1818647553788,-97.43551914399261,6.660482438154497,-1.3,-3.5081982839793944,-54.11426242780266
197,3,197,132710000000.0,35.18186415843673,-97.43551916865964,6.652342319138359,-1.3956954186398052,-3.5059711679701246,-54.18024840372922
198,3,198,132720000000.0,35.18186356149467,-97.43551919332667,6.644202200122222,-1.5497497587715312,-3.503744051960856,-54.246234378870355
199,3,199,132730000000.0,35.18186296691106,-97.4355192,6.629881107838577,-1.6,-3.503141535803781,-54.31195965120722
200,3,200,132740000000.0,35.18186237320213,-97.4355192,6.613267673687634,-1.6,-3.503141535803781,-54.37758823662605
201,3,201,132750000000.0,35.1818617794932,-97.4355192,6.596654239536692,-1.6988459744577353,-3.503141535803781,-54.44321682204489
202,3,202,132760000000.0,35.181861185784264,-97.4355192,6.580040805385749,-1.7996749301812218,-3.503141535803781,-54.508845407463724
203,3,203,132770000000.0,35.18186059207533,-97.4355192,6.5634273712348055,-2.014064692423821,-3.503141535803781,-54.57447399288256
204,3,204,132780000000.0,35.1818599983664,-97.4355192,6.546813937083863,-2.1,-3.503141535803781,-54.640102578301395
205,3,205,132790000000.0,35.18185940465747,-97.4355192,6.53020050293292,-2.1,-3.503141535803781,-54.705731162934796
206,3,206,132800000000.0,35.18185881094854,-97.4355192,6.513587068781977,-2.1,-3.503141535803781,-54.77135974835363
207,3,207,132810000000.0,35.18185821723961,-97.4355192,6.496973634631034,-2.199643095346976,-3.503141535803781,-54.83698833377247
208,3,208,132820000000.0,35.181857623530675,-97.4355192,6.480360200480091,-2.264243086146674,-3.503141535803781,-54.9026169191913
209,3,209,132830000000.0,35.18185702982174,-97.4355192,6.463746766329148,-2.3,-3.503141535803781,-54.96824550461014
210,3,210,132840000000.0,35.18185643611281,-97.4355192,6.447133332178205,-2.471349155983655,-3.503141535803781,-55.033874090028974
211,3,211,132850000000.0,35.18185584240388,-97.4355192,6.430519898027263,-2.595505648699316,-3.503141535803781,-55.09950267544781
212,3,212,132860000000.0,35.181855248694944,-97.4355192,6.4139064638763195,-2.695812882920487,-3.503141535803781,-55.165131260866644
213,3,213,132870000000.0,35.18185465498601,-97.4355192,6.397293029725376,-2.8664191661532037,-3.503141535803781,-55.23075984628548
214,3,214,132880000000.0,35.18185406127708,-97.4355192,6.380679595574434,-3.0,-3.503141535803781,-55.296388431704315
215,3,215,132890000000.0,35.18185346756815,-97.4355192,6.364066161423491,-3.079627022951971,-3.503141535803781,-55.36201701633772
216,3,216,132900000000.0,35.18185287385922,-97.4355192,6.347452727272548,-3.284506880065383,-3.503141535803781,-55.42764560175655
217,3,217,132910000000.0,35.18185228015029,-97.4355192,6.330839293121604,-3.509660818799079,-3.503141535803781,-55.49327418717539
218,3,218,132920000000.0,35.181851714548394,-97.43551919742836,6.3173681169259055,-4.032607846431675,-3.5033737217587393,-55.55579582056126
219,3,219,132930000000.0,35.18185117405885,-97.43551919255908,6.3067044042861795,-4.2,-3.5038133550348047,-55.61554153482973
220,3,220,132940000000.0,35.181850633569304,-97.43551918768982,6.296040691646454,-4.2,-3.504252987027814,-55.675287249098204
221,3,221,132950000000.0,35.18185009307976,-97.43551918282054,6.285376979006729,-4.481860571504748,-3.50469262030388,-55.73503296336668
222,3,222,132960000000.0,35.181849552590215,-97.43551917795126,6.274713266367003,-4.922557369359124,-3.5051322535799456,-55.79477867763515
223,3,223,132970000000.0,35.18184901210067,-97.43551917308199,6.264049553727278,-5.402343171044187,-3.505571886856012,-55.854524391903624
224,3,224,132980000000.0,35.181848471611126,-97.4355191682127,6.253385841087553,-5.6,-3.506011520132078,-55.9142701061721
225,3,225,132990000000.0,35.181847931121574,-97.43551916334344,6.242722128447827,-5.9270710526486825,-3.506451152125086,-55.974015821226004
226,3,226,133000000000.0,35.18184739063203,-97.43551915847416,6.232058415808102,-6.478311528553268,-3.5068907854011524,-56.03376153549448
227,3,227,133010000000.0,35.181846850142485,-97.43551915360489,6.221394703168377,-6.9805022817799545,-3.507330418677218,-56.09350724976295
228,3,228,133020000000.0,35.18184630965294,-97.43551914873561,6.210730990528651,-7.511678608707918,-3.507770051953284,-56.153252964031424
229,3,229,133030000000.0,35.181845769163395,-97.43551914386633,6.200067277888926,-8.139701462411018,-3.5082096852293505,-56.2129986782999
230,3,230,133040000000.0,35.18184522867385,-97.43551913899705,6.189403565249201,-8.4,-3.508649318505416,-56.27274439256837
231,3,231,133050000000.0,35.181844688184306,-97.43551913412779,6.178739852609475,-8.97649410940337,-3.5090889504984246,-56.33249010683684
232,3,232,133060000000.0,35.18184414769476,-97.43551912925851,6.16807613996975,-9.48295080225375,-3.5095285837744905,-56.39223582110532
233,3,233,133070000000.0,35.18184360720522,-97.43551912438923,6.157412427330025,-10.06272858485951,-3.5099682170505564,-56.45198153537379
234,3,234,133080000000.0,35.18184306671567,-97.43551911951995,6.146748714690299,-10.660042571594401,-3.5104078503266227,-56.51172724964226
235,3,235,133090000000.0,35.18184252622613,-97.43551911465067,6.1360850020505735,-11.436687984451265,-3.510847483602688,-56.571472963910736
236,3,236,133100000000.0,35.18184198573658,-97.43551910978141,6.125421289410848,-12.895841306273754,-3.5112871155956973,-56.63121867817921
237,3,237,133110000000.0,35.18184144524704,-97.43551910491213,6.114757576771123,-13.5,-3.5117267488717627,-56.69096439244768
238,3,238,133120000000.0,35.18184090475749,-97.43551910004285,6.104093864131397,-13.5,-3.512166382147829,-56.750710106716156
239,3,239,133130000000.0,35.18184037415726,-97.43551910496078,6.089960991061852,-13.619764777624008,-3.5117223569655507,-56.80936265638309
240,3,240,133140000000.0,35.181839843644845,-97.43551910996561,6.075797310575325,-14.325501906441447,-3.5112704846029077,-56.86800549887195
241,3,241,133150000000.0,35.181839313132436,-97.43551911497045,6.0616336300887985,-15.02844346996161,-3.510818612240264,-56.92664834057538
242,3,242,133160000000.0,35.18183878262002,-97.43551911997528,6.047469949602272,-15.632531130768973,-3.51036673987762,-56.98529118306425
243,3,243,133170000000.0,35.1818382521076,-97.43551912498012,6.033306269115744,-16.10961379481276,-3.509914867514977,-57.04393402555311
244,3,244,133180000000.0,35.181837721595194,-97.43551912998495,6.019142588629218,-16.660714805329988,-3.509462995152333,-57.102576867256545
245,3,245,133190000000.0,35.18183719108278,-97.43551913498978,6.004978908142691,-17.385887324268,-3.5090111240727464,-57.16121970974541
246,3,246,133200000000.0,35.18183666057036,-97.43551913999461,5.990815227656165,-18.09588125710997,-3.5085592517101034,-57.219862552234275
247,3,247,133210000000.0,35.18183613005795,-97.43551914499945,5.976651547169638,-18.729516099383524,-3.5081073793474595,-57.27850539393771
248,3,248,133220000000.0,35.181835599545536,-97.43551915000428,5.962487866683111,-19.276370317416475,-3.5076555069848157,-57.33714823642657
249,3,249,133230000000.0,35.18183506903312,-97.43551915500912,5.948324186196585,-19.857793313922567,-3.507203634622172,-57.39579107891544
250,3,250,133240000000.0,35.18183453852071,-97.43551916001395,5.934160505710057,-20.645355993681317,-3.5067517622595283,-57.45443392061887
251,3,251,133250000000.0,35.181834008008295,-97.43551916501879,5.919996825223531,-21.486733537409584,-3.5062998898968845,-57.51307676310773
252,3,252,133260000000.0,35.18183347749588,-97.43551917002362,5.905833144737004,-24.529108407021976,-3.5058480175342415,-57.5717196055966
253,3,253,133270000000.0,35.18183294698347,-97.43551917502846,5.891669464250477,-25.7,-3.5053961451715976,-57.63036244730003
254,3,254,133280000000.0,35.18183241647105,-97.4355191800333,5.877505783763951,-25.7,-3.5049442728089537,-57.689005289788895
255,3,255,133290000000.0,35.18183188595864,-97.43551918503813,5.863342103277424,-25.7,-3.5044924004463107,-57.74764813227776
256,3,256,133300000000.0,35.18183135544623,-97.43551919004297,5.849178422790898,-25.7,-3.504040528083667,-57.80629097398119
257,3,257,133310000000.0,35.18183082493381,-97.43551919504779,5.83501474230437,-26.369523306561103,-3.503588657004081,-57.86493381647006
258,3,258,133320000000.0,35.18183029486897,-97.4355192002618,5.820760202884902,-27.071386583187927,-3.5031178993164205,-57.9235271836896
259,3,259,133330000000.0,35.18182980691976,-97.43551922515715,5.797956045679077,-27.806622867356076,-3.5008701684204704,-57.977465089943934
260,3,260,133340000000.0,35.18182931897054,-97.43551925005252,5.775151888473252,-29.110516746121263,-3.4986224362414635,-58.03140299619827
261,3,261,133350000000.0,35.18182883102133,-97.4355192749479,5.7523477312674265,-30.266704512575547,-3.496374704062456,-58.0853409024526
262,3,262,133360000000.0,35.18182834307211,-97.43551929984326,5.729543574061601,-31.31947927679907,-3.494126971883449,-58.13927880870693
263,3,263,133370000000.0,35.1818278551229,-97.43551932473864,5.706739416855776,-32.140359092144735,-3.4918792397044425,-58.19321671496127
264,3,264,133380000000.0,35.18182736717368,-97.43551934963399,5.683935259649951,-33.00340138569208,-3.4896315088084924,-58.2471546212156
265,3,265,133390000000.0,35.18182687922447,-97.43551937452936,5.661131102444126,-34.20740494318098,-3.4873837766294855,-58.30109252746993
266,3,266,133400000000.0,35.18182639127525,-97.43551939942473,5.638326945238301,-35.37185142244296,-3.485136044450478,-58.35503043372427
267,3,267,133410000000.0,35.181825903326036,-97.4355194243201,5.615522788032476,-36.39394902979925,-3.482888312271471,-58.4089683399786
268,3,268,133420000000.0,35.18182541537682,-97.43551944921548,5.592718630826651,-38.37798517652167,-3.4806405800924636,-58.46290624623293
269,3,269,133430000000.0,35.181824927427606,-97.43551947411083,5.569914473620826,-39.8,-3.4783928491965144,-58.516844152487266
270,3,270,133440000000.0,35.18182443947839,-97.4355194990062,5.547110316415001,-39.8,-3.4761451170175075,-58.5707820587416
271,3,271,133450000000.0,35.181823951529175,-97.43551952390158,5.524306159209176,-40.43599104548348,-3.4738973848385,-58.62471996499593
272,3,272,133460000000.0,35.18182346357996,-97.43551954879695,5.501502002003351,-41.460724527409134,-3.471649652659493,-58.678657871250266
273,3,273,133470000000.0,35.181822975630745,-97.4355195736923,5.478697844797526,-42.191319197889186,-3.4694019217635437,-58.7325957775046
274,3,274,133480000000.0,35.18182248768152,-97.43551959858767,5.455893687591701,-43.02964494628362,-3.4671541895845364,-58.78653368454437
275,3,275,133490000000.0,35.18182199973231,-97.43551962348305,5.4330895303858755,-44.15005885599377,-3.4649064574055295,-58.8404715907987
276,3,276,133500000000.0,35.18182151178309,-97.43551964837842,5.41028537318005,-45.12313851432706,-3.462658725226522,-58.89440949705303
277,3,277,133510000000.0,35.181821023833876,-97.43551967327379,5.3874812159742245,-46.043686810147975,-3.460410993047515,-58.948347403307366
278,3,278,133520000000.0,35.18182053588466,-97.43551969816914,5.364677058768399,-46.80692521315843,-3.458163262151565,-59.0022853095617
279,3,279,133530000000.0,35.18182006198146,-97.43551971383216,5.3557611672942524,-47.56975209744333,-3.4567490927294307,-59.05467056921779
280,3,280,133540000000.0,35.181819589193225,-97.43551972876232,5.347947719579343,-48.620234317743595,-3.455401091871495,-59.1069325809363
281,3,281,133550000000.0,35.18181911640499,-97.43551974369247,5.340134271864435,-49.6458062238542,-3.4540530910135594,-59.15919459265481
282,3,282,133560000000.0,35.18181864361675,-97.43551975862263,5.332320824149526,-50.542344272699,-3.4527050888725657,-59.211456604373325
283,3,283,133570000000.0,35.181818170828514,-97.43551977355278,5.324507376434617,-51.11006140721217,-3.4513570880146305,-59.263718616091836
284,3,284,133580000000.0,35.18181769804028,-97.43551978848294,5.316693928719708,-51.546857434581426,-3.450009087156695,-59.31598062781035
285,3,285,133590000000.0,35.18181722525204,-97.43551980341309,5.3088804810048,-52.75411777348937,-3.448661086298759,-59.36824263952886
286,3,286,133600000000.0,35.1818167524638,-97.43551981834325,5.3010670332898915,-54.70944788069563,-3.4473130841577655,-59.42050465124737
287,3,287,133610000000.0,35.18181627967556,-97.4355198332734,5.293253585574982,-56.7,-3.44596508329983,-59.472766663751315
288,3,288,133620000000.0,35.18181580688732,-97.43551984820355,5.285440137860074,-56.7,-3.4446170824418942,-59.52502867546983
289,3,289,133630000000.0,35.181815334099085,-97.4355198631337,5.277626690145165,-56.885582167869664,-3.443269081583959,-59.57729068718834
290,3,290,133640000000.0,35.18181486131085,-97.43551987806387,5.269813242430256,-58.117710312476994,-3.4419210794429653,-59.62955269890685
291,3,291,133650000000.0,35.18181438852261,-97.43551989299402,5.261999794715348,-59.18494452600057,-3.4405730785850297,-59.68181471062536
292,3,292,133660000000.0,35.181813915734374,-97.43551990792417,5.254186347000439,-60.19590288969891,-3.439225077727094,-59.73407672234387
293,3,293,133670000000.0,35.18181344294614,-97.43551992285433,5.2463728992855305,-61.13143365043197,-3.4378770768691584,-59.78633873406238
294,3,294,133680000000.0,35.1818129701579,-97.43551993778449,5.238559451570621,-61.966903127314154,-3.4365290747281647,-59.838600745780894
295,3,295,133690000000.0,35.18181249736966,-97.43551995271464,5.230746003855713,-63.29061090094562,-3.435181073870229,-59.890862757499406
296,3,296,133700000000.0,35.181812024581426,-97.4355199676448,5.222932556140805,-64.52892830517517,-3.433833073012294,-59.94312476921792
297,3,297,133710000000.0,35.18181155179319,-97.43551998257495,5.215119108425895,-65.68954124672007,-3.432485072154358,-59.99538678093643
298,3,298,133720000000.0,35.18181107900495,-97.43551999750511,5.207305660710987,-66.60466701939617,-3.4311370700133645,-60.04764879265494
299,3,299,133730000000.0,35.181810629778646,-97.43552002034183,5.194364471711917,-67.66020722606163,-3.429075207975574,-60.097306268512654
300,3,300,133740000000.0,35.18181018527959,-97.43552004476486,5.180394501296552,-68.91262017235279,-3.4268701220655338,-60.14644119438458
301,3,301,133750000000.0,35.18180974078053,-97.43552006918787,5.166424530881189,-70.0953023860279,-3.4246650374385497,-60.195576120256504
302,3,302,133760000000.0,35.18180929628147,-97.4355200936109,5.152454560465825,-72.30801074891106,-3.4224599515285092,-60.24471104612843
303,3,303,133770000000.0,35.181808851782414,-97.43552011803393,5.138484590050461,-75.5,-3.420254865618468,-60.293845972000355
304,3,304,133780000000.0,35.181808407283356,-97.43552014245695,5.1245146196350975,-75.5,-3.4180497809914847,-60.34298089787228
305,3,305,133790000000.0,35.1818079627843,-97.43552016687998,5.110544649219734,-75.5,-3.415844695081443,-60.392115823744206
306,3,306,133800000000.0,35.18180751828524,-97.435520191303,5.0965746788043695,-75.61953716226598,-3.4136396104544597,-60.44125074961613
307,3,307,133810000000.0,35.18180707378618,-97.43552021572603,5.082604708389006,-76.82881670137314,-3.4114345245444184,-60.49038567548806
308,3,308,133820000000.0,35.181806629287124,-97.43552024014906,5.0686347379736425,-77.70276825744388,-3.409229438634378,-60.53952060135998
309,3,309,133830000000.0,35.18180618478806,-97.43552026457208,5.054664767558278,-78.79907187402458,-3.407024354007395,-60.58865552801734
310,3,310,133840000000.0,35.181805740289,-97.43552028899511,5.040694797142915,-80.26370216930452,-3.404819268097353,-60.63779045388927
311,3,311,133850000000.0,35.18180529578994,-97.43552031341814,5.026724826727551,-81.48985213763213,-3.4026141821873126,-60.68692537976119
312,3,312,133860000000.0,35.181804851290885,-97.43552033784115,5.012754856312187,-82.9657232218213,-3.4004090975603285,-60.73606030563312
313,3,313,133870000000.0,35.18180440679183,-97.43552036226419,4.998784885896823,-83.96171290765858,-3.398204011650288,-60.78519523150504
314,3,314,133880000000.0,35.18180396229277,-97.4355203866872,4.98481491548146,-85.82955086452543,-3.3959989270233044,-60.83433015737697
315,3,315,133890000000.0,35.18180351779371,-97.43552041111023,4.970844945066095,-86.9,-3.3937938411132635,-60.88346508324889
316,3,316,133900000000.0,35.18180307329465,-97.43552043553326,4.956874974650732,-88.11582094515441,-3.3915887552032222,-60.93260000912082
317,3,317,133910000000.0,35.181802628795595,-97.43552045995628,4.942905004235367,-89.48503277232471,-3.3893836705762386,-60.981734934992744
318,3,318,133920000000.0,35.18180218429654,-97.43552048437931,4.928935033820004,-92.81154789069747,-3.3871785846661977,-61.03086986086467
319,3,319,133930000000.0,35.181801757100445,-97.43552051940611,4.912131703230276,-95.5,-3.3840161145242686,-61.078092116856055
320,3,320,133940000000.0,35.18180136061032,-97.43552057325044,4.890300271789084,-95.5,-3.3791546631141602,-61.121920134998504
321,3,321,133950000000.0,35.1818009641202,-97.43552062709479,4.868468840347892,-95.5,-3.374293210420994,-61.16574815314095
322,3,322,133960000000.0,35.18180056763008,-97.43552068093912,4.8466374089067,-96.91100756829809,-3.369431759010886,-61.2095761712834
323,3,323,133970000000.0,35.181800171139955,-97.43552073478347,4.824805977465508,-99.17351927451922,-3.3645703063177206,-61.25340418942585
324,3,324,133980000000.0,35.18179977464983,-97.4355207886278,4.802974546024316,-100.95933126472079,-3.359708854907612,-61.2972322075683
325,3,325,133990000000.0,35.18179937815971,-97.43552084247213,4.7811431145831245,-102.60559331822517,-3.354847403497504,-61.34106022571075
326,3,326,134000000000.0,35.18179898166959,-97.43552089631648,4.759311683141933,-104.73205906418117,-3.349985950804338,-61.3848882438532
327,3,327,134010000000.0,35.181798585179465,-97.43552095016081,4.737480251700741,-106.4311330578443,-3.3451244993942297,-61.428716261995646
328,3,328,134020000000.0,35.18179818868934,-97.43552100400515,4.715648820259549,-108.0614127926498,-3.340263046701064,-61.472544280138095
329,3,329,134030000000.0,35.18179779219922,-97.43552105784948,4.693817388818357,-109.81561635307175,-3.335401595290956,-61.516372298280544
330,3,330,134040000000.0,35.1817973957091,-97.43552111169383,4.671985957377165,-112.02342904006625,-3.33054014259779,-61.56020031642299
331,3,331,134050000000.0,35.18179699921897,-97.43552116553816,4.650154525935974,-114.10386957957172,-3.3256786911876817,-61.604028335350876
332,3,332,134060000000.0,35.181796602728845,-97.43552121938251,4.628323094494781,-116.07198378415637,-3.320817238494516,-61.647856353493324
333,3,333,134070000000.0,35.18179620623872,-97.43552127322684,4.606491663053589,-117.65272328968874,-3.3159557870844076,-61.69168437163577
334,3,334,134080000000.0,35.1817958097486,-97.43552132707117,4.584660231612397,-119.02370789346226,-3.3110943356742992,-61.73551238977822
335,3,335,134090000000.0,35.18179541325848,-97.43552138091552,4.562828800171205,-120.32587366176888,-3.3062328829811336,-61.77934040792067
336,3,336,134100000000.0,35.181795016768355,-97.43552143475985,4.540997368730014,-123.06459126855079,-3.3013714315710256,-61.82316842606312
337,3,337,134110000000.0,35.18179462027823,-97.4355214886042,4.519165937288822,-128.6,-3.2965099788778596,-61.86699644420557
338,3,338,134120000000.0,35.18179422378811,-97.43552154244853,4.49733450584763,-128.6,-3.291648527467751,-61.91082446234802
339,3,339,134130000000.0,35.18179382729799,-97.43552159629287,4.475503074406438,-128.6497179596892,-3.2867870747745855,-61.954652480490466
340,3,340,134140000000.0,35.18179340376424,-97.43552169028156,4.468282167490638,-130.9952218347401,-3.2783011036469127,-62.001469901051536
341,3,341,134150000000.0,35.18179297823089,-97.43552178723853,4.462141559658585,-133.0213179030809,-3.269547135143223,-62.0485083576466
342,3,342,134160000000.0,35.18179255269754,-97.4355218841955,4.4560009518265336,-134.85505670411618,-3.260793166639534,-62.09554681424166
343,3,343,134170000000.0,35.181792127164194,-97.43552198115246,4.449860343994481,-136.50348922141,-3.2520391981358445,-62.142585270051285
344,3,344,134180000000.0,35.18179170163084,-97.43552207810943,4.4437197361624285,-138.50677056840294,-3.243285229632155,-62.189623726646346
345,3,345,134190000000.0,35.18179127609749,-97.4355221750664,4.437579128330376,-140.42289600289138,-3.2345312611284656,-62.23666218324141
346,3,346,134200000000.0,35.18179085056414,-97.43552227202336,4.431438520498324,-142.79868478327717,-3.2257772926247763,-62.28370063983647
347,3,347,134210000000.0,35.18179042503079,-97.43552236898033,4.425297912666272,-144.6623144789917,-3.217023324121087,-62.33073909643153
348,3,348,134220000000.0,35.18178999949744,-97.4355224659373,4.419157304834219,-148.13300388973164,-3.2082693556173973,-62.37777755302659
349,3,349,134230000000.0,35.18178957396409,-97.43552256289425,4.413016697002167,-150.70418360296134,-3.1995153883967657,-62.42481600962165
350,3,350,134240000000.0,35.181789148430745,-97.43552265985122,4.406876089170115,-151.1,-3.1907614198930765,-62.47185446543128
351,3,351,134250000000.0,35.181788722897394,-97.43552275680818,4.400735481338063,-153.19093293714238,-3.1820074513893872,-62.51889292202634
352,3,352,134260000000.0,35.181788297364044,-97.43552285376515,4.39459487350601,-164.8468209846004,-3.173253482885698,-62.5659313786214
353,3,353,134270000000.0,35.18178787183069,-97.43552295072212,4.388454265673959,-165.4,-3.1644995143820083,-62.61296983521646
354,3,354,134280000000.0,35.18178744629734,-97.43552304767908,4.382313657841906,-165.4,-3.155745545878319,-62.66000829181152
355,3,355,134290000000.0,35.18178702076399,-97.43552314463605,4.376173050009854,-165.4,-3.14699157737463,-62.70704674840658
356,3,356,134300000000.0,35.18178659523064,-97.43552324159302,4.370032442177801,-165.4,-3.1382376088709405,-62.754085205001644
357,3,357,134310000000.0,35.1817861696973,-97.43552333854998,4.36389183434575,-166.822355621118,-3.1294836403672512,-62.80112366081127
358,3,358,134320000000.0,35.18178577356832,-97.43552343612333,4.353768724357396,-168.49110410795205,-3.120674020522623,-62.844911757702846
359,3,359,134330000000.0,35.18178542832796,-97.43552353476343,4.3367533067318735,-170.34788377816818,-3.11176808667516,-62.88307462698313
360,3,360,134340000000.0,35.181785083087604,-97.43552363340353,4.319737889106351,-172.53859186102153,-3.102862152827697,-62.921237496263416
361,3,361,134350000000.0,35.181784737847245,-97.43552373204363,4.302722471480829,-174.51483068902346,-3.0939562189802343,-62.9594003655437
362,3,362,134360000000.0,35.18178439260689,-97.43552383068374,4.285707053855306,-176.5322516071238,-3.0850502851327715,-62.99756323403855
363,3,363,134370000000.0,35.181784047366534,-97.43552392932385,4.268691636229784,-178.02414567226973,-3.076144350002251,-63.03572610331884
364,3,364,134380000000.0,35.181783702126175,-97.43552402796395,4.251676218604262,-179.70362870147906,-3.0672384161547885,-63.07388897259912
365,3,365,134390000000.0,35.181783356885816,-97.43552412660405,4.234660800978739,-181.46933889471273,-3.0583324823073257,-63.112051841879406
366,3,366,134400000000.0,35.18178301164546,-97.43552422524415,4.217645383353216,-183.2473721278086,-3.049426548459863,-63.15021471115969
367,3,367,134410000000.0,35.1817826664051,-97.43552432388425,4.2006299657276935,-186.7105708109341,-3.0405206146124,-63.188377580439976
368,3,368,134420000000.0,35.18178232116475,-97.43552442252435,4.183614548102171,-188.5,-3.031614680764937,-63.22654044893483
369,3,369,134430000000.0,35.18178197592439,-97.43552452116445,4.166599130476649,-188.5,-3.0227087469174743,-63.26470331821511
370,3,370,134440000000.0,35.18178163068403,-97.43552461980457,4.149583712851126,-189.09325134722957,-3.0138028117869538,-63.3028661874954
371,3,371,134450000000.0,35.18178128544367,-97.43552471844467,4.132568295225604,-190.78156080201092,-3.0048968779394913,-63.34102905677568
372,3,372,134460000000.0,35.18178094020331,-97.43552481708477,4.115552877600082,-192.03809084423307,-2.9959909440920285,-63.37919192605597
373,3,373,134470000000.0,35.18178059496295,-97.43552491572487,4.098537459974559,-193.11769559724684,-2.987085010244565,-63.41735479533625
374,3,374,134480000000.0,35.1817802497226,-97.43552501436497,4.081522042349037,-194.1984157469549,-2.9781790763971028,-63.4555176638311
375,3,375,134490000000.0,35.18177990448224,-97.43552511300507,4.064506624723514,-195.47365750191585,-2.96927314254964,-63.49368053311139
376,3,376,134500000000.0,35.18177955924188,-97.43552521164519,4.047491207097991,-196.82146217873634,-2.9603672074191194,-63.53184340239167
377,3,377,134510000000.0,35.18177921400152,-97.43552531028529,4.030475789472469,-198.12692538053872,-2.9514612735716566,-63.57000627167196
378,3,378,134520000000.0,35.1817788705176,-97.43552541276104,4.014621569155671,-199.20082941265068,-2.942209029643665,-63.60797498482398
379,3,379,134530000000.0,35.18177854468866,-97.43552555379148,4.0104392873197225,-200.647208735291,-2.9294757926719552,-63.643992115341774
380,3,380,134540000000.0,35.181778218859726,-97.4355256948219,4.006257005483773,-202.24163315829716,-2.916742556983303,-63.680009245859566
381,3,381,134550000000.0,35.18177789303079,-97.43552583585235,4.002074723647825,-203.68791288965423,-2.904009320011594,-63.71602637637736
382,3,382,134560000000.0,35.18177756720186,-97.43552597688277,3.997892441811876,-204.9298562831215,-2.891276084322942,-63.752043506109715
383,3,383,134570000000.0,35.18177724137293,-97.43552611791321,3.9937101599759273,-206.05360433179288,-2.8785428473512327,-63.788060636627506
384,3,384,134580000000.0,35.18177691554399,-97.43552625894365,3.9895278781399783,-208.0665166919201,-2.8658096103795234,-63.8240777671453
385,3,385,134590000000.0,35.18177658971506,-97.43552639997408,3.98534559630403,-211.3,-2.853076374690871,-63.86009489766309
386,3,386,134600000000.0,35.18177626388613,-97.43552654100452,3.981163314468081,-211.3,-2.840343137719162,-63.896112027395446
387,3,387,134610000000.0,35.18177593805719,-97.43552668203495,3.976981032632132,-211.39481520505973,-2.82760990203051,-63.93212915791324
388,3,388,134620000000.0,35.18177561222826,-97.43552682306539,3.9727987507961835,-212.28323106186127,-2.8148766650588004,-63.96814628843103
389,3,389,134630000000.0,35.18177528639932,-97.43552696409581,3.9686164689602346,-214.45487437090247,-2.802143429370149,-64.00416341894882
390,3,390,134640000000.0,35.18177496057039,-97.43552710512625,3.964434187124286,-214.81070622471142,-2.789410192398439,-64.04018054946661
391,3,391,134650000000.0,35.18177463474146,-97.43552724615668,3.960251905288337,-215.9623362753398,-2.7766769567097875,-64.07619767919897
392,3,392,134660000000.0,35.18177430891252,-97.43552738718712,3.956069623452388,-217.22235359474885,-2.763943719738078,-64.11221480971676
393,3,393,134670000000.0,35.18177398308359,-97.43552752821755,3.9518873416164397,-218.09480986669521,-2.7512104840494263,-64.14823194023455
394,3,394,134680000000.0,35.18177365725465,-97.43552766924799,3.947705059780491,-219.34931969424443,-2.7384772470777166,-64.18424907075234
395,3,395,134690000000.0,35.181773331425724,-97.43552781027842,3.943522777944542,-220.76049317552062,-2.725744011389065,-64.2202662004847
396,3,396,134700000000.0,35.18177300559679,-97.43552795130886,3.9393404961085934,-221.8061383810186,-2.7130107744173553,-64.25628333100249
397,3,397,134710000000.0,35.18177267976785,-97.43552809233928,3.9351582142726445,-223.00438923876146,-2.7002775387287037,-64.29230046152028
398,3,398,134720000000.0,35.18177235393892,-97.43552823336972,3.9309759324366955,-224.44979431125077,-2.687544301756994,-64.32831759203808
399,3,399,134730000000.0,35.181772041106505,-97.43552839533609,3.922114615424419,-224.7,-2.6729208194016802,-64.36289808690688
400,3,400,134740000000.0,35.181771739913344,-97.435528576052,3.9090629116218736,-225.84387702589808,-2.656604495208869,-64.3961919789325
401,3,401,134750000000.0,35.181771438720176,-97.4355287567679,3.8960112078193276,-227.21994370335173,-2.640288171016058,-64.42948587174357
402,3,402,134760000000.0,35.181771137527015,-97.4355289374838,3.882959504016782,-229.8,-2.623971846823247,-64.46277976376919
403,3,403,134770000000.0,35.18177083633385,-97.4355291181997,3.8699078002142366,-229.8,-2.607655522630436,-64.49607365658025
404,3,404,134780000000.0,35.181770535140686,-97.43552929891558,3.856856096411691,-229.8,-2.5913391997206823,-64.52936754860588
405,3,405,134790000000.0,35.18177023394752,-97.43552947963148,3.843804392609145,-231.02224449737759,-2.5750228755278717,-64.56266144141694
406,3,406,134800000000.0,35.18176993275436,-97.43552966034738,3.8307526888065997,-232.01352721827246,-2.55870655133506,-64.59595533344256
407,3,407,134810000000.0,35.18176963156119,-97.43552984106329,3.817700985004054,-233.1066449894115,-2.542390227142249,-64.62924922625362
408,3,408,134820000000.0,35.18176933036803,-97.43553002177919,3.8046492812015082,-233.89445045408712,-2.526073902949438,-64.66254311827925
409,3,409,134830000000.0,35.18176902917486,-97.43553020249509,3.7915975773989627,-235.12512718276412,-2.509757578756627,-64.6958370110903
410,3,410,134840000000.0,35.1817687279817,-97.43553038321099,3.7785458735964172,-236.39496109928504,-2.493441254563816,-64.72913090311593
411,3,411,134850000000.0,35.18176842678853,-97.43553056392687,3.7654941697938717,-237.54523690145984,-2.4771249316540627,-64.76242479592699
412,3,412,134860000000.0,35.18176812559537,-97.43553074464278,3.752442465991326,-238.53936138397577,-2.460808607461251,-64.79571868795261
413,3,413,134870000000.0,35.1817678244022,-97.43553092535868,3.7393907621887803,-239.3901801055611,-2.4444922832684406,-64.82901258076367
414,3,414,134880000000.0,35.18176752320904,-97.43553110607458,3.726339058386235,-241.2823305727407,-2.428175959075629,-64.8623064727893
415,3,415,134890000000.0,35.18176722201587,-97.43553128679048,3.7132873545836893,-242.0,-2.4118596348828185,-64.89560036560036
416,3,416,134900000000.0,35.18176692082271,-97.43553146750638,3.7002356507811434,-243.20472186770797,-2.395543310690007,-64.92889425762598
417,3,417,134910000000.0,35.18176661962954,-97.43553164822228,3.687183946978598,-244.67587284758054,-2.379226986497196,-64.96218815043704
418,3,418,134920000000.0,35.18176631843638,-97.43553182893817,3.6741322431760524,-248.3032913641011,-2.3629106635874426,-64.99548204246267
419,3,419,134930000000.0,35.18176598508073,-97.43553204822018,3.667369577956862,-249.4,-2.3431123147725925,-65.03233117608431
420,3,420,134940000000.0,35.18176563088203,-97.43553229249515,3.66468255334953,-249.4,-2.321057423022102,-65.071484300055
421,3,421,134950000000.0,35.181765276683336,-97.43553253677011,3.6619955287421986,-249.43115677567494,-2.299002532554669,-65.1106374240257
422,3,422,134960000000.0,35.18176492248463,-97.43553278104508,3.659308504134867,-250.73329752649374,-2.2769476408041784,-65.14979054878182
423,3,423,134970000000.0,35.181764568285935,-97.43553302532004,3.656621479527535,-252.50474407557414,-2.2548927503367455,-65.18894367275252
424,3,424,134980000000.0,35.18176421408724,-97.43553326959501,3.6539344549202033,-253.2,-2.2328378585862545,-65.22809679672321
425,3,425,134990000000.0,35.18176385988854,-97.43553351386997,3.6512474303128717,-254.45461943487797,-2.2107829681188216,-65.2672499206939
426,3,426,135000000000.0,35.181763505689844,-97.43553375814494,3.64856040570554,-255.77400335131924,-2.188728076368331,-65.30640304466459
427,3,427,135010000000.0,35.18176315149115,-97.4355340024199,3.6458733810982085,-257.72735084980775,-2.166673185900898,-65.34555616863528
428,3,428,135020000000.0,35.18176279729245,-97.43553424669487,3.643186356490877,-259.1583432217233,-2.1446182941504075,-65.38470929260598
429,3,429,135030000000.0,35.181762443093746,-97.43553449096983,3.6404993318835452,-260.3809246286003,-2.122563403682974,-65.4238624173621
430,3,430,135040000000.0,35.18176208889505,-97.4355347352448,3.6378123072762136,-260.606974903908,-2.1005085119324836,-65.4630155413328
431,3,431,135050000000.0,35.18176173469635,-97.43553497951976,3.635125282668882,-261.906148791354,-2.0784536214650506,-65.50216866530349
432,3,432,135060000000.0,35.181761380497655,-97.43553522379473,3.63243825806155,-263.0197841366551,-2.05639872971456,-65.54132178927418
433,3,433,135070000000.0,35.18176102629896,-97.43553546806969,3.6297512334542184,-264.0726022391659,-2.0343438392471267,-65.58047491324487
434,3,434,135080000000.0,35.18176067210026,-97.43553571234466,3.6270642088468867,-268.0334753051028,-2.012288947496636,-65.61962803721556
435,3,435,135090000000.0,35.181760354738394,-97.43553594888255,3.6251267325073355,-269.3,-1.9909326151808981,-65.65470921794557
436,3,436,135100000000.0,35.18176015946546,-97.43553615977731,3.6256734967149664,-269.3,-1.971891526969688,-65.67629468785398
437,3,437,135110000000.0,35.18175996419253,-97.43553637067207,3.6262202609225973,-270.0713703959639,-1.9528504400415356,-65.6978801577624
438,3,438,135120000000.0,35.1817597689196,-97.43553658156684,3.626767025130228,-271.1093291054866,-1.9338093518303259,-65.71946562767081
439,3,439,135130000000.0,35.181759573646666,-97.4355367924616,3.627313789337859,-271.96210793519606,-1.9147682636191157,-65.74105109757923
440,3,440,135140000000.0,35.181759378373734,-97.43553700335637,3.62786055354549,-273.7628290702737,-1.8957271754079057,-65.76263656748765
441,3,441,135150000000.0,35.1817591831008,-97.43553721425114,3.628407317753121,-275.3070698497972,-1.8766860871966955,-65.78422203739606
442,3,442,135160000000.0,35.18175898782787,-97.4355374251459,3.6289540819607513,-276.6570493251246,-1.8576450002685432,-65.80580750730448
443,3,443,135170000000.0,35.18175879255494,-97.43553763604066,3.629500846168382,-277.838342212026,-1.838603912057333,-65.8273929772129
444,3,444,135180000000.0,35.18175859728201,-97.43553784693543,3.630047610376013,-279.07675201249174,-1.8195628238461232,-65.84897844633588
445,3,445,135190000000.0,35.18175840200908,-97.4355380578302,3.630594374583644,-280.6708124788848,-1.800521735634913,-65.8705639162443
446,3,446,135200000000.0,35.18175820673615,-97.43553826872497,3.631141138791275,-282.23579310487537,-1.781480647423703,-65.89214938615271
447,3,447,135210000000.0,35.18175801146322,-97.43553847961972,3.6316879029989058,-282.6,-1.7624395604955507,-65.91373485606113
448,3,448,135220000000.0,35.1817577923222,-97.43553870134382,3.630479842801864,-283.7505798313187,-1.7424207233620068,-65.93795870382252
449,3,449,135230000000.0,35.18175754143768,-97.43553893747041,3.6269379437944114,-285.12663150952915,-1.7211015252997264,-65.96569147849678
450,3,450,135240000000.0,35.18175729055317,-97.43553917359702,3.6233960447869586,-286.7710131249094,-1.6997823259543883,-65.99342425238561
451,3,451,135250000000.0,35.18175703966866,-97.43553940972362,3.6198541457795064,-290.11742739929167,-1.6784631278921078,-66.02115702627444
452,3,452,135260000000.0,35.18175678878415,-97.43553964585021,3.6163122467720537,-290.6,-1.6571439298298272,-66.04888980016327
453,3,453,135270000000.0,35.18175653789963,-97.43553988197682,3.612770347764601,-291.1890826902368,-1.6358247304844893,-66.07662257483753
454,3,454,135280000000.0,35.18175628701512,-97.43554011810342,3.609228448757148,-291.8,-1.6145055324222086,-66.10435534872636
455,3,455,135290000000.0,35.18175603613061,-97.43554035423001,3.6056865497496955,-292.5736543243249,-1.593186334359928,-66.13208812261519
456,3,456,135300000000.0,35.1817557852461,-97.43554059035662,3.6021446507422428,-294.5306545029529,-1.57186713501459,-66.15982089650402
457,3,457,135310000000.0,35.18175553436158,-97.43554082648322,3.59860275173479,-296.35436992527013,-1.5505479369523094,-66.18755367117828
458,3,458,135320000000.0,35.18175528347707,-97.43554106260981,3.5950608527273378,-297.47332031553,-1.529228738890029,-66.21528644506711
459,3,459,135330000000.0,35.181755032592555,-97.43554129873642,3.591518953719885,-298.62692476227147,-1.5079095395446909,-66.24301921895594
460,3,460,135340000000.0,35.181754781708044,-97.43554153486302,3.5879770547124323,-299.4,-1.4865903414824102,-66.27075199284477
461,3,461,135350000000.0,35.181754530823525,-97.43554177098962,3.5844351557049796,-300.5193099426494,-1.4652711434201298,-66.29848476751903
462,3,462,135360000000.0,35.181754279939014,-97.43554200711623,3.580893256697527,-301.8466075147626,-1.4439519440747917,-66.32621754140786
463,3,463,135370000000.0,35.1817540290545,-97.43554224324282,3.577351357690074,-303.8142485068229,-1.4226327460125112,-66.35395031529669
464,3,464,135380000000.0,35.18175377816999,-97.43554247936942,3.5738094586826215,-305.6558015022901,-1.4013135479502308,-66.38168308918551
465,3,465,135390000000.0,35.18175352728547,-97.43554271549603,3.5702675596751687,-307.41428750502956,-1.3799943486048925,-66.40941586385978
466,3,466,135400000000.0,35.18175327640096,-97.43554295162262,3.5667256606677165,-308.8677632555041,-1.358675150542612,-66.4371486377486
467,3,467,135410000000.0,35.18175302551645,-97.43554318774922,3.5631837616602637,-310.2998223650472,-1.3373559524803316,-66.46488141163744
468,3,468,135420000000.0,35.181752776087244,-97.43554342900057,3.560641065237599,-312.3269250019455,-1.315574054332205,-66.49245331608839
469,3,469,135430000000.0,35.181752539595436,-97.43554371580979,3.566981058389903,-314.453117955657,-1.2896788672160706,-66.51859512048617
470,3,470,135440000000.0,35.18175230310363,-97.435544002619,3.5733210515422074,-314.7,-1.2637836800999362,-66.54473692488395
471,3,471,135450000000.0,35.18175206661182,-97.43554428942821,3.5796610446945114,-314.7,-1.237888492983802,-66.57087872928173
472,3,472,135460000000.0,35.181751830120014,-97.43554457623743,3.5860010378468155,-315.6187902867467,-1.2119933045846103,-66.59702053367951
473,3,473,135470000000.0,35.181751593628206,-97.43554486304664,3.59234103099912,-317.21621668861053,-1.186098117468476,-66.6231623380773
474,3,474,135480000000.0,35.1817513571364,-97.43554514985586,3.598681024151424,-318.7829684283172,-1.160202930352342,-66.64930414247507
475,3,475,135490000000.0,35.18175112064459,-97.43554543666507,3.605021017303728,-320.0136969960564,-1.1343077432362076,-66.67544594687286
476,3,476,135500000000.0,35.181750884152784,-97.43554572347428,3.6113610104560325,-321.23238168274764,-1.1084125561200733,-66.70158775127064
477,3,477,135510000000.0,35.18175064766098,-97.4355460102835,3.6177010036083366,-321.5,-1.0825173677208817,-66.72772955566842
478,3,478,135520000000.0,35.18175041116917,-97.43554629709271,3.624040996760641,-322.737707730111,-1.0566221806047473,-66.7538713600662
479,3,479,135530000000.0,35.18175017467736,-97.43554658390192,3.630380989912945,-323.9678190011132,-1.030726993488613,-66.78001316446398
480,3,480,135540000000.0,35.181749938185554,-97.43554687071114,3.636720983065249,-324.9832962416934,-1.004831806372479,-66.80615496886176
481,3,481,135550000000.0,35.18174970169375,-97.43554715752036,3.6430609762175536,-325.3,-0.978936617973287,-66.83229677325954
482,3,482,135560000000.0,35.18174946520194,-97.43554744432957,3.6494009693698577,-326.4304700171263,-0.9530414308571528,-66.85843857765732
483,3,483,135570000000.0,35.181749228710125,-97.43554773113878,3.655740962522162,-327.2207968420285,-0.9271462437410186,-66.88458038284054
484,3,484,135580000000.0,35.18174899221832,-97.435548017948,3.6620809556744662,-328.41159581815515,-0.9012510566248844,-66.91072218723832
485,3,485,135590000000.0,35.18174875572651,-97.4355483047572,3.6684209488267703,-329.4,-0.87535586950875,-66.9368639916361
486,3,486,135600000000.0,35.1817485192347,-97.43554859156643,3.6747609419790748,-329.4,-0.8494606811095583,-66.96300579603388
487,3,487,135610000000.0,35.181748282742895,-97.43554887837564,3.681100935131379,-329.5180597412859,-0.823565493993424,-66.98914760043166
488,3,488,135620000000.0,35.18174805910718,-97.43554916815471,3.681740331005946,-330.06140250005524,-0.7974021670818786,-67.01386829249685
489,3,489,135630000000.0,35.18174787918135,-97.43554946803108,3.66299805732085,-330.3982717931525,-0.7703271828287419,-67.03375729342739
490,3,490,135640000000.0,35.181747699255524,-97.43554976790746,3.644255783635754,-331.01312943073316,-0.7432521985756052,-67.05364629435792
491,3,491,135650000000.0,35.1817475193297,-97.43555006778385,3.625513509950658,-331.48728639259133,-0.7161772130394108,-67.07353529528845
492,3,492,135660000000.0,35.18174733940387,-97.43555036766023,3.606771236265562,-331.88906186329433,-0.6891022287862741,-67.09342429621898
493,3,493,135670000000.0,35.18174715947804,-97.4355506675366,3.5880289625804656,-332.2483343267297,-0.6620272445331373,-67.11331329714952
494,3,494,135680000000.0,35.181746979552216,-97.43555096741298,3.5692866888953696,-332.5960189827281,-0.6349522602800007,-67.13320229808005
495,3,495,135690000000.0,35.18174679962639,-97.43555126728936,3.5505444152102736,-333.0809803546683,-0.6078772760268639,-67.15309129901058
496,3,496,135700000000.0,35.18174661970056,-97.43555156716573,3.5318021415251777,-333.4574095620991,-0.5808022917737272,-67.17298029994112
497,3,497,135710000000.0,35.181746439774734,-97.43555186704212,3.5130598678400817,-333.7965775139322,-0.5537273062375329,-67.19286930087165
498,3,498,135720000000.0,35.18174625984891,-97.4355521669185,3.4943175941549853,-334.11108912545217,-0.5266523219843962,-67.21275830180218
499,3,499,135730000000.0,35.18174607992308,-97.43555246679487,3.4755753204698894,-334.36646260148774,-0.4995773377312594,-67.23264730273272
500,3,500,135740000000.0,35.18174589999725,-97.43555276667125,3.4568330467847934,-334.765731668928,-0.4725023534781227,-67.25253630366325
501,3,501,135750000000.0,35.18174572007142,-97.43555306654763,3.4380907730996975,-335.69404713685367,-0.44542736922498594,-67.27242530537922
502,3,502,135760000000.0,35.18174554014559,-97.43555336642402,3.4193484994146015,-336.3,-0.41835238368879163,-67.29231430630975
503,3,503,135770000000.0,35.181745360219765,-97.4355536663004,3.400606225729505,-336.3,-0.3912773994356549,-67.31220330724028
504,3,504,135780000000.0,35.18174518029394,-97.43555396617677,3.381863952044409,-336.3,-0.36420241518251817,-67.33209230817081
505,3,505,135790000000.0,35.18174500036811,-97.43555426605315,3.363121678359313,-336.43307215295886,-0.3371274309293814,-67.35198130910135
506,3,506,135800000000.0,35.18174482044228,-97.43555456592952,3.3443794046742172,-336.8105530819005,-0.3100524466762447,-67.37187031003188
507,3,507,135810000000.0,35.181744640516456,-97.43555486580591,3.325637130989121,-337.08044721940377,-0.2829774611400504,-67.39175931096241
508,3,508,135820000000.0,35.181744456381445,-97.43555517633247,3.3169648374297926,-337.28484839977403,-0.25494090218885906,-67.41211359510473
509,3,509,135830000000.0,35.18174425723833,-97.43555552483292,3.344197658278113,-337.59859527919366,-0.22347578875862473,-67.43412687517164
510,3,510,135840000000.0,35.18174405809522,-97.43555587333337,3.371430479126434,-337.94312757862565,-0.19201067532839036,-67.45614015445312
511,3,511,135850000000.0,35.1817438589521,-97.43555622183382,3.398663299974754,-338.2005934145166,-0.16054556189815605,-67.47815343452004
512,3,512,135860000000.0,35.18174365980899,-97.43555657033427,3.4258961208230745,-338.3987741687034,-0.1290804484679217,-67.50016671458695
513,3,513,135870000000.0,35.18174346066587,-97.43555691883472,3.453128941671395,-338.5735756498539,-0.09761533503768735,-67.52217999465387
514,3,514,135880000000.0,35.18174326152276,-97.43555726733517,3.4803617625197156,-338.74788245147795,-0.06615022160745301,-67.54419327393535
515,3,515,135890000000.0,35.181743062379645,-97.43555761583562,3.507594583368036,-338.9855756892173,-0.03468510817721867,-67.56620655400226
516,3,516,135900000000.0,35.18174286323653,-97.43555796433607,3.5348274042163568,-339.14658951462246,-0.0032199947469843276,-67.58821983406918
517,3,517,135910000000.0,35.18174266409342,-97.43555831283652,3.562060225064677,-339.2,0.028245118683250015,-67.61023311335066
518,3,518,135920000000.0,35.181742464950304,-97.43555866133697,3.5892930459129975,-339.2,0.05971023211348435,-67.63224639341757
519,3,519,135930000000.0,35.18174226580719,-97.43555900983742,3.616525866761318,-339.2,0.0911753455437187,-67.65425967348449
520,3,520,135940000000.0,35.18174206666407,-97.43555935833787,3.6437586876096386,-339.2,0.12264045897395305,-67.6762729535514
521,3,521,135950000000.0,35.18174186752096,-97.43555970683832,3.670991508457959,-339.2,0.15410557240418737,-67.69828623283288
522,3,522,135960000000.0,35.181741668377846,-97.43556005533877,3.6982243293062798,-339.2,0.18557068583442174,-67.7202995128998
523,3,523,135970000000.0,35.18174146923473,-97.43556040383922,3.7254571501546003,-339.2,0.21703579926465608,-67.74231279296671
524,3,524,135980000000.0,35.181741270091614,-97.43556075233967,3.7526899710029205,-339.2,0.2485009126948904,-67.76432607303363
525,3,525,135990000000.0,35.181741070948505,-97.43556110084012,3.779922791851241,-339.2,0.2799660261251247,-67.78633935231511
526,3,526,136000000000.0,35.18174087180539,-97.43556144934057,3.8071556126995616,-339.2,0.31143113955535906,-67.80835263238203
527,3,527,136010000000.0,35.18174067266227,-97.43556179784102,3.834388433547882,-339.2,0.34289625298559345,-67.83036591244894
528,3,528,136020000000.0,35.181740478330276,-97.43556214727938,3.8583939949176633,-339.2,0.3744460482183358,-67.85184737126784
529,3,529,136030000000.0,35.18174031536807,-97.43556250283329,3.861356944170584,-339.2,0.40654799831375543,-67.86986121385738
530,3,530,136040000000.0,35.18174015240586,-97.43556285838721,3.8643198934235055,-339.2,0.4386499496922328,-67.88787505644692
531,3,531,136050000000.0,35.18173998944365,-97.43556321394112,3.8672828426764267,-339.2,0.4707518997876525,-67.90588889903646
532,3,532,136060000000.0,35.18173982648144,-97.43556356949503,3.870245791929348,-339.2,0.5028538498830722,-67.923902741626
533,3,533,136070000000.0,35.18173966351923,-97.43556392504894,3.8732087411822693,-339.1708822401353,0.5349557999784919,-67.94191658421553
534,3,534,136080000000.0,35.18173950055702,-97.43556428060285,3.8761716904351906,-339.11352617246274,0.5670577500739115,-67.95993042680507
535,3,535,136090000000.0,35.18173933759481,-97.43556463615676,3.879134639688112,-339.1,0.5991597001693312,-67.97794426939461
536,3,536,136100000000.0,35.181739174632604,-97.43556499171068,3.882097588941033,-339.1,0.6312616515478086,-67.99595811198415
537,3,537,136110000000.0,35.181739011670395,-97.43556534726459,3.8850605381939545,-339.09164270036325,0.6633636016432283,-68.01397195457369
538,3,538,136120000000.0,35.181738848708186,-97.4355657028185,3.8880234874468753,-338.9961813988246,0.695465551738648,-68.03198579716323
539,3,539,136130000000.0,35.181738685745984,-97.4355660583724,3.8909864366997966,-338.90623269836743,0.7275675018340676,-68.04999963896734
540,3,540,136140000000.0,35.181738522783775,-97.43556641392631,3.893949385952718,-338.6549941724647,0.7596694519294872,-68.06801348155687
541,3,541,136150000000.0,35.181738359821566,-97.43556676948022,3.896912335205639,-338.32731870273716,0.7917714020249069,-68.08602732414641
542,3,542,136160000000.0,35.18173819685936,-97.43556712503413,3.8998752844585605,-337.9512101980011,0.8238733521203266,-68.10404116673595
543,3,543,136170000000.0,35.18173803389715,-97.43556748058805,3.9028382337114818,-337.57625514259365,0.855975303498804,-68.12205500932549
544,3,544,136180000000.0,35.18173787093494,-97.43556783614196,3.905801182964403,-337.1940938487421,0.8880772535942236,-68.14006885191503
545,3,545,136190000000.0,35.18173770797273,-97.43556819169586,3.9087641322173243,-336.7223045833696,0.9201792036896433,-68.15808269450457
546,3,546,136200000000.0,35.18173754501052,-97.43556854724977,3.9117270814702456,-336.17997583674213,0.952281153785063,-68.17609653709411
547,3,547,136210000000.0,35.18173738204831,-97.43556890280368,3.9146900307231665,-335.7160115916827,0.9843831038804828,-68.19411037968365
548,3,548,136220000000.0,35.1817372190861,-97.43556925835759,3.9176529799760877,-334.95379324674565,1.0164850539759025,-68.21212422227319
549,3,549,136230000000.0,35.18173707925815,-97.43556973047093,3.9236696172489065,-334.3292898941886,1.0591108235304865,-68.22758080427079
550,3,550,136240000000.0,35.181736942499114,-97.43557021804665,3.930091346096044,-333.4465276496266,1.1031326470167566,-68.24269814792444
551,3,551,136250000000.0,35.18173680574007,-97.43557070562235,3.936513074943181,-331.9737261163421,1.147154469219969,-68.25781549236353
552,3,552,136260000000.0,35.18173666898103,-97.43557119319806,3.9429348037903185,-329.2,1.1911762914231818,-68.27293283680262
553,3,553,136270000000.0,35.18173653222199,-97.43557168077378,3.949356532637456,-329.2,1.2351981149094517,-68.28805018124172
554,3,554,136280000000.0,35.18173639546295,-97.43557216834948,3.955778261484593,-329.2,1.2792199371126645,-68.3031675256808
555,3,555,136290000000.0,35.181736258703914,-97.43557265592518,3.9621999903317304,-329.0552638209891,1.323241759315877,-68.31828486933446
556,3,556,136300000000.0,35.18173612194487,-97.4355731435009,3.9686217191788677,-327.97797987956636,1.367263582802147,-68.33340221377355
557,3,557,136310000000.0,35.18173598518583,-97.43557363107661,3.975043448026005,-327.06819357069605,1.4112854050053598,-68.34851955821264
558,3,558,136320000000.0,35.18173584842679,-97.43557411865231,3.9814651768731424,-326.24034818360684,1.4553072272085723,-68.36363690265173
559,3,559,136330000000.0,35.18173571166775,-97.43557460622802,3.9878869057202797,-325.34926048632,1.4993290494117848,-68.37875424709082
560,3,560,136340000000.0,35.18173557490871,-97.43557509380373,3.994308634567417,-324.1600948694368,1.543350872898055,-68.39387159152992
561,3,561,136350000000.0,35.18173543814967,-97.43557558137944,4.000730363414554,-323.1902607622018,1.5873726951012674,-68.40898893518357
562,3,562,136360000000.0,35.18173530139063,-97.43557606895514,4.007152092261692,-322.2495080729459,1.6313945173044802,-68.42410627962266
563,3,563,136370000000.0,35.18173516463159,-97.43557655653086,4.013573821108829,-321.47839174887395,1.6754163407907503,-68.43922362406175
564,3,564,136380000000.0,35.18173502787255,-97.43557704410657,4.019995549955967,-320.8017022800278,1.719438162993963,-68.45434096850084
565,3,565,136390000000.0,35.18173489392322,-97.43557752430712,4.026596629372876,-319.880970734221,1.7627941039567872,-68.46914772722613
566,3,566,136400000000.0,35.181734800404364,-97.43557789838255,4.035778480994256,-319.0544077919748,1.7965683092302913,-68.47948530164118
567,3,567,136410000000.0,35.1817347068855,-97.43557827245799,4.044960332615635,-318.43318680542154,1.8303425157868534,-68.48982287684166
568,3,568,136420000000.0,35.18173461336664,-97.43557864653343,4.054142184237016,-316.1,1.8641167223434154,-68.5001604512567
569,3,569,136430000000.0,35.18173451984779,-97.43557902060887,4.063324035858395,-316.1,1.897890928899977,-68.51049802567175
570,3,570,136440000000.0,35.18173442632893,-97.4355793946843,4.0725058874797755,-315.9840847524369,1.9316651341734812,-68.5208356000868
571,3,571,136450000000.0,35.181734332810066,-97.43557976875974,4.081687739101155,-315.13140855269216,1.9654393407300432,-68.53117317528728
572,3,572,136460000000.0,35.18173423929121,-97.43558014283518,4.0908695907225345,-314.29652556642225,1.9992135472866048,-68.54151074970233
573,3,573,136470000000.0,35.18173414577235,-97.43558051691062,4.100051442343915,-313.62322197166185,2.032987753843167,-68.55184832411737
574,3,574,136480000000.0,35.18173405225349,-97.43558089098605,4.1092332939652945,-312.8420751687699,2.066761959116671,-68.56218589931785
575,3,575,136490000000.0,35.18173395873463,-97.43558126506149,4.118415145586674,-311.87536925385297,2.100536165673233,-68.5725234737329
576,3,576,136500000000.0,35.181733865215776,-97.43558163913693,4.127596997208054,-310.9208499630444,2.1343103722297947,-68.58286104814795
577,3,577,136510000000.0,35.18173377390468,-97.43558200177176,4.130320559559763,-310.084548820794,2.1670516391407673,-68.5929545764563
578,3,578,136520000000.0,35.18173368768071,-97.43558233804524,4.118162979840379,-309.14857723537546,2.197412813649297,-68.60248577412065
579,3,579,136530000000.0,35.18173360145674,-97.43558267431872,4.106005400120995,-308.17219624654297,2.227773989440885,-68.61201697178501
580,3,580,136540000000.0,35.18173351523277,-97.4355830105922,4.093847820401611,-306.9324629506745,2.2581351639494147,-68.62154816944937
581,3,581,136550000000.0,35.1817334290088,-97.43558334686568,4.081690240682226,-305.6744548773583,2.2884963397410023,-68.63107936711373
582,3,582,136560000000.0,35.18173334278483,-97.43558368313917,4.069532660962842,-304.5057826000102,2.3188575155325903,-68.64061056477809
583,3,583,136570000000.0,35.18173325656086,-97.43558401941264,4.057375081243458,-303.5511688039252,2.3492186900411203,-68.65014176244244
584,3,584,136580000000.0,35.18173317033689,-97.43558435568613,4.045217501524073,-299.80842561781736,2.379579865832708,-68.6596729601068
585,3,585,136590000000.0,35.18173308411292,-97.4355846919596,4.033059921804689,-299.5,2.409941040341238,-68.66920415777116
586,3,586,136600000000.0,35.18173299788895,-97.43558502823309,4.0209023420853045,-299.1473986551059,2.440302216132826,-68.67873535543552
587,3,587,136610000000.0,35.18173291166498,-97.43558536450657,4.008744762365921,-297.60797007129156,2.4706633906413558,-68.68826655309988
588,3,588,136620000000.0,35.18173282544101,-97.43558570078005,3.996587182646536,-296.1851775782644,2.5010245664329434,-68.69779775076424
589,3,589,136630000000.0,35.18173274933988,-97.4355861220536,3.9984278697615405,-295.7,2.5390601563164656,-68.70620996975518
590,3,590,136640000000.0,35.181732677475715,-97.43558657890436,4.006127601614272,-294.60249636432945,2.580307910446355,-68.71415383448763
591,3,591,136650000000.0,35.18173260561155,-97.43558703575512,4.013827333467004,-292.82532537779116,2.621555664576245,-68.72209769922009
592,3,592,136660000000.0,35.181732533747386,-97.43558749260588,4.021527065319735,-291.3959607702341,2.662803418706135,-68.73004156395254
593,3,593,136670000000.0,35.18173246188322,-97.43558794945663,4.029226797172467,-289.56684798400414,2.7040511728360244,-68.737985428685
594,3,594,136680000000.0,35.18173239001906,-97.43558840630739,4.036926529025199,-288.6,2.7452989269659143,-68.74592929341745
595,3,595,136690000000.0,35.1817323181549,-97.43558886315815,4.044626260877931,-287.4134025053922,2.7865466810958037,-68.75387315736447
596,3,596,136700000000.0,35.181732246290736,-97.4355893200089,4.052325992730663,-285.9165932660665,2.8277944352256936,-68.76181702209692
597,3,597,136710000000.0,35.18173217442657,-97.43558977685966,4.060025724583395,-284.4387234003234,2.8690421893555835,-68.76976088682937
598,3,598,136720000000.0,35.18173210256241,-97.43559023371041,4.067725456436126,-282.21399280464783,2.910289943485473,-68.77770475156183
599,3,599,136730000000.0,35.18173203069824,-97.43559069056117,4.0754251882888575,-281.2,2.9515376976153624,-68.78564861629428
600,3,600,136740000000.0,35.18173195883408,-97.43559114741193,4.083124920141589,-280.0566612593119,2.9927854517452523,-68.79359248102674
601,3,601,136750000000.0,35.181731886969914,-97.43559160426268,4.090824651994321,-274.2150474851258,3.034033205875142,-68.80153634575919
602,3,602,136760000000.0,35.18173181510575,-97.43559206111344,4.098524383847053,-273.6,3.0752809600050317,-68.80948021049164
603,3,603,136770000000.0,35.181731743241585,-97.4355925179642,4.106224115699784,-273.6,3.116528714134921,-68.8174240752241
604,3,604,136780000000.0,35.18173167137742,-97.43559297481495,4.113923847552516,-273.6,3.157776468264811,-68.82536793995655
605,3,605,136790000000.0,35.181731599513256,-97.43559343166571,4.121623579405248,-272.1704892718245,3.199024222394701,-68.833311804689
606,3,606,136800000000.0,35.18173152764909,-97.43559388851646,4.12932331125798,-270.3387606509441,3.2402719765245904,-68.84125566942146
607,3,607,136810000000.0,35.18173145578493,-97.43559434536722,4.137023043110712,-267.5303805648072,3.2815197306544803,-68.84919953415391
608,3,608,136820000000.0,35.18173138863508,-97.43559480683025,4.144943401400994,-265.2217466301222,3.3231839139634913,-68.85662227839035
609,3,609,136830000000.0,35.18173133784096,-97.43559528429499,4.15362919611441,-264.6,3.3662928458067456,-68.86223706051567
610,3,610,136840000000.0,35.18173128704684,-97.43559576175973,4.162314990827826,-263.27530606684076,3.40940177765,-68.86785184264099
611,3,611,136850000000.0,35.181731236252716,-97.43559623922447,4.171000785541242,-261.02673676872905,3.4525107094932546,-68.87346662476631
612,3,612,136860000000.0,35.181731185458595,-97.4355967166892,4.179686580254658,-259.1233737783422,3.495619641336509,-68.87908140689163
613,3,613,136870000000.0,35.181731134664474,-97.43559719415394,4.188372374968074,-256.73750206872387,3.538728573179763,-68.88469618901695
614,3,614,136880000000.0,35.18173108387035,-97.43559767161868,4.1970581696814895,-254.9,3.5818375050230182,-68.89031097114227
615,3,615,136890000000.0,35.18173103307623,-97.43559814908342,4.205743964394906,-253.20571314258862,3.624946436866272,-68.89592575326759
616,3,616,136900000000.0,35.18173098228211,-97.43559862654816,4.214429759108322,-250.83026354635902,3.6680553687095263,-68.90154053539291
617,3,617,136910000000.0,35.18173093148799,-97.4355991040129,4.223115553821738,-248.6976446539625,3.7111643005527806,-68.90715531751823
618,3,618,136920000000.0,35.18173088069387,-97.43559958147765,4.2318013485351536,-244.72947094596773,3.754273233679093,-68.91277009964355
619,3,619,136930000000.0,35.18173082989974,-97.43560005894238,4.240487143248569,-242.0,3.797382165522347,-68.9183848825543
620,3,620,136940000000.0,35.18173077910562,-97.43560053640712,4.249172937961985,-242.0,3.8404910973656015,-68.92399966467963
621,3,621,136950000000.0,35.1817307283115,-97.43560101387186,4.257858732675402,-239.76913365800144,3.883600029208856,-68.92961444680495
622,3,622,136960000000.0,35.18173067751738,-97.4356014913366,4.266544527388818,-237.66687794487737,3.9267089610521104,-68.93522922893027
623,3,623,136970000000.0,35.18173062672326,-97.43560196880134,4.275230322102233,-234.17536539867135,3.9698178928953647,-68.94084401105559
624,3,624,136980000000.0,35.18173057592914,-97.43560244626607,4.283916116815649,-232.8,4.01292682473862,-68.94645879318091
625,3,625,136990000000.0,35.181730525135016,-97.43560292373081,4.292601911529065,-230.72807982268205,4.056035756581874,-68.95207357530623
626,3,626,137000000000.0,35.181730474340895,-97.43560340119555,4.301287706242481,-228.23927083233153,4.0991446884251275,-68.95768835743155
627,3,627,137010000000.0,35.181730423546774,-97.43560387866029,4.3099735009558975,-224.74670197302103,4.142253620268382,-68.96330313955687
628,3,628,137020000000.0,35.18173037439209,-97.43560436376151,4.322143316460064,-221.9357993801304,4.186052028781542,-68.96873669850919
629,3,629,137030000000.0,35.18173032665417,-97.43560485546207,4.337323974670776,-221.2,4.230446272570782,-68.97401364821732
630,3,630,137040000000.0,35.18173027891625,-97.43560534716265,4.352504632881488,-219.39681788092804,4.274840517643078,-68.97929059792546
631,3,631,137050000000.0,35.18173023117833,-97.43560583886321,4.3676852910922,-216.5630867472216,4.319234761432318,-68.98456754763359
632,3,632,137060000000.0,35.18173018344041,-97.43560633056377,4.3828659493029125,-214.3825622485684,4.363629005221557,-68.98984449734172
633,3,633,137070000000.0,35.181730135702495,-97.43560682226433,4.398046607513625,-208.63766020277896,4.408023249010797,-68.99512144626442
634,3,634,137080000000.0,35.181730087964574,-97.43560731396491,4.413227265724337,-205.3,4.452417494083093,-69.00039839597255
635,3,635,137090000000.0,35.181730040226654,-97.43560780566547,4.428407923935049,-205.3,4.496811737872333,-69.00567534568069
636,3,636,137100000000.0,35.181729992488734,-97.43560829736603,4.443588582145761,-205.3,4.541205981661572,-69.01095229538882
637,3,637,137110000000.0,35.18172994475081,-97.43560878906659,4.458769240356474,-202.60814743353825,4.585600225450812,-69.01622924509695
638,3,638,137120000000.0,35.1817298970129,-97.43560928076717,4.473949898567186,-200.0202785413548,4.629994470523109,-69.02150619401965
639,3,639,137130000000.0,35.18172984927498,-97.43560977246773,4.489130556777898,-197.88173415635706,4.674388714312349,-69.02678314372778
640,3,640,137140000000.0,35.18172980153706,-97.43561026416829,4.50431121498861,-195.52741630293468,4.718782958101588,-69.03206009343592
641,3,641,137150000000.0,35.18172975379914,-97.43561075586885,4.519491873199322,-193.22415981277234,4.763177201890828,-69.03733704314405
642,3,642,137160000000.0,35.181729706061226,-97.43561124756943,4.534672531410035,-191.28446306386107,4.807571446963125,-69.04261399206675
643,3,643,137170000000.0,35.181729658323306,-97.43561173926999,4.549853189620747,-189.5841976451457,4.8519656907523645,-69.04789094177488
644,3,644,137180000000.0,35.181729610585386,-97.43561223097055,4.565033847831459,-187.9131974921067,4.8963599345416045,-69.05316789148301
645,3,645,137190000000.0,35.181729562847465,-97.43561272267111,4.5802145060421715,-185.8349610016701,4.9407541783308435,-69.05844484119115
646,3,646,137200000000.0,35.181729515109545,-97.43561321437168,4.595395164252883,-183.6351407131937,4.985148423403141,-69.06372179089928
647,3,647,137210000000.0,35.18172946737163,-97.43561370607225,4.610575822463596,-181.82178452237156,5.02954266719238,-69.06899873982198
648,3,648,137220000000.0,35.18172941963371,-97.43561419777281,4.625756480674308,-180.2778142693614,5.07393691098162,-69.07427568953011
649,3,649,137230000000.0,35.18172939397587,-97.43561470723057,4.632512050937267,-178.68302261501043,5.119934401978245,-69.07711190719652
650,3,650,137240000000.0,35.18172938374327,-97.43561522909357,4.633381822613095,-174.53919540713446,5.167051926571282,-69.07824301925345
651,3,651,137250000000.0,35.181729373510656,-97.43561575095657,4.634251594288924,-171.5,5.214169451164318,-69.07937413209581
652,3,652,137260000000.0,35.18172936327805,-97.43561627281959,4.635121365964752,-171.5,5.261286977040414,-69.08050524415273
653,3,653,137270000000.0,35.18172935304544,-97.43561679468259,4.63599113764058,-170.43100519903484,5.308404501633451,-69.08163635699509
654,3,654,137280000000.0,35.18172934281283,-97.43561731654559,4.6368609093164075,-168.6928388704882,5.355522026226488,-69.08276746983745
655,3,655,137290000000.0,35.181729332580225,-97.4356178384086,4.637730680992235,-166.43576618625931,5.402639552102582,-69.08389858189437
656,3,656,137300000000.0,35.181729322347614,-97.4356183602716,4.638600452668064,-163.8181117815869,5.44975707669562,-69.08502969473673
657,3,657,137310000000.0,35.18172931211501,-97.4356188821346,4.639470224343892,-161.82310248243562,5.496874601288656,-69.08616080679366
658,3,658,137320000000.0,35.1817293018824,-97.43561940399762,4.64033999601972,-160.22135318678858,5.543992127164751,-69.08729191963602
659,3,659,137330000000.0,35.181729291649795,-97.43561992586062,4.641209767695548,-158.35990654628304,5.591109651757788,-69.08842303169294
660,3,660,137340000000.0,35.181729281417184,-97.43562044772362,4.642079539371376,-156.13210324337282,5.638227176350824,-69.0895541445353
661,3,661,137350000000.0,35.18172927118458,-97.43562096958662,4.642949311047205,-153.94889813988962,5.685344700943862,-69.09068525659222
662,3,662,137360000000.0,35.18172926095197,-97.43562149144964,4.643819082723033,-152.04269077133642,5.732462226819956,-69.09181636943458
663,3,663,137370000000.0,35.18172925071936,-97.43562201331264,4.6446888543988605,-150.53516585602605,5.779579751412993,-69.09294748227694
664,3,664,137380000000.0,35.18172924048675,-97.43562253517564,4.645558626074688,-148.73874291168022,5.82669727600603,-69.09407859433387
665,3,665,137390000000.0,35.18172923025414,-97.43562305703865,4.646428397750516,-146.7138588871701,5.873814801882125,-69.09520970717622
666,3,666,137400000000.0,35.18172922002154,-97.43562357890166,4.647298169426345,-144.7137543993621,5.920932326475161,-69.09634081923315
667,3,667,137410000000.0,35.18172920978893,-97.43562410076466,4.648167941102173,-139.2966534295727,5.968049851068198,-69.0974719320755
668,3,668,137420000000.0,35.18172919978138,-97.43562462317344,4.649393511196556,-136.5,6.015216652771949,-69.09857816629781
669,3,669,137430000000.0,35.1817291947394,-97.43562515762356,4.658469079505997,-136.5,6.063470632815796,-69.09913550707998
670,3,670,137440000000.0,35.181729189697414,-97.4356256920737,4.667544647815437,-136.5,6.1117246141427,-69.09969284786214
671,3,671,137450000000.0,35.18172918465544,-97.43562622652384,4.676620216124878,-135.3059088134598,6.159978595469605,-69.10025018785888
672,3,672,137460000000.0,35.181729179613455,-97.43562676097397,4.685695784434318,-133.46576768534118,6.208232576796509,-69.10080752864104
673,3,673,137470000000.0,35.18172917457147,-97.4356272954241,4.694771352743759,-131.8784477072667,6.256486556840356,-69.10136486942321
674,3,674,137480000000.0,35.18172916952949,-97.43562782987424,4.7038469210531995,-130.2370997997657,6.30474053816726,-69.10192221020537
675,3,675,137490000000.0,35.18172916448751,-97.43562836432437,4.71292248936264,-128.06130787097652,6.352994519494164,-69.10247955098754
676,3,676,137500000000.0,35.181729159445524,-97.4356288987745,4.721998057672081,-125.7508635648197,6.401248499538011,-69.1030368917697
677,3,677,137510000000.0,35.18172915440354,-97.43562943322463,4.731073625981521,-123.89965545492316,6.449502480864915,-69.10359423255187
678,3,678,137520000000.0,35.18172914936156,-97.43562996767477,4.740149194290961,-122.35606538878842,6.49775646219182,-69.10415157333404
679,3,679,137530000000.0,35.181729144319576,-97.43563050212491,4.749224762600401,-120.65809271142501,6.546010443518724,-69.1047089141162
680,3,680,137540000000.0,35.18172913927759,-97.43563103657503,4.758300330909842,-118.50062216246761,6.594264423562571,-69.10526625489837
681,3,681,137550000000.0,35.18172913423561,-97.43563157102517,4.7673758992192825,-116.51593475305621,6.642518404889475,-69.10582359568053
682,3,682,137560000000.0,35.18172912919363,-97.4356321054753,4.776451467528723,-114.46460476912131,6.690772386216379,-69.1063809364627
683,3,683,137570000000.0,35.181729124151644,-97.43563263992544,4.785527035838164,-112.92548466879067,6.739026367543283,-69.10693827724486
684,3,684,137580000000.0,35.18172911910966,-97.43563317437557,4.794602604147604,-109.9434955589824,6.78728034758713,-69.10749561802703
685,3,685,137590000000.0,35.18172911406768,-97.4356337088257,4.803678172457045,-106.3,6.835534328914035,-69.1080529588092
686,3,686,137600000000.0,35.181729109025696,-97.43563424327584,4.812753740766485,-106.3,6.88378831024094,-69.10861029959136
687,3,687,137610000000.0,35.18172910398371,-97.43563477772597,4.821829309075926,-105.57554168425183,6.932042290284786,-69.10916764037353
688,3,688,137620000000.0,35.18172910248288,-97.43563533531716,4.831122865536298,-104.34458913584501,6.982385611611336,-69.10933354208666
689,3,689,137630000000.0,35.1817291143123,-97.43563598002014,4.841237013215536,-102.2806327226489,7.040594008108169,-69.10802591867494
690,3,690,137640000000.0,35.181729126141704,-97.43563662472312,4.851351160894772,-99.99004047758845,7.098802404605,-69.10671829604865
691,3,691,137650000000.0,35.18172913797112,-97.4356372694261,4.86146530857401,-97.84545214009337,7.1570108011018325,-69.10541067263694
692,3,692,137660000000.0,35.18172914980053,-97.43563791412907,4.871579456253247,-95.86103624398389,7.215219197598664,-69.10410304922522
693,3,693,137670000000.0,35.181729161629946,-97.43563855883205,4.881693603932485,-94.22500871007445,7.273427594095495,-69.1027954258135
694,3,694,137680000000.0,35.18172917345936,-97.43563920353505,4.891807751611722,-92.30925567450169,7.331635991875387,-69.10148780240178
695,3,695,137690000000.0,35.18172918528877,-97.43563984823803,4.901921899290959,-89.8883060518931,7.389844388372218,-69.10018017899006
696,3,696,137700000000.0,35.18172919711818,-97.435640492941,4.912036046970196,-87.58683717184203,7.448052784869049,-69.09887255636377
697,3,697,137710000000.0,35.181729208947594,-97.43564113764398,4.922150194649434,-85.71433520667465,7.506261181365882,-69.09756493295205
698,3,698,137720000000.0,35.18172922077701,-97.43564178234696,4.932264342328671,-84.05982332887903,7.564469577862713,-69.09625730954033
699,3,699,137730000000.0,35.18172923260642,-97.43564242704994,4.942378490007908,-81.67825102732301,7.622677974359546,-69.09494968612861
700,3,700,137740000000.0,35.181729244435836,-97.43564307175292,4.952492637687145,-79.4023293364923,7.680886370856378,-69.0936420627169
701,3,701,137750000000.0,35.18172925626525,-97.43564371645591,4.962606785366383,-75.68568905441307,7.739094768636267,-69.09233443930518
702,3,702,137760000000.0,35.18172926809466,-97.4356443611589,4.97272093304562,-71.9,7.797303165133099,-69.09102681667889
703,3,703,137770000000.0,35.18172927992407,-97.43564500586187,4.982835080724858,-71.9,7.855511561629931,-69.08971919326717
704,3,704,137780000000.0,35.181729291753484,-97.43564565056485,4.992949228404094,-71.65172008830943,7.913719958126762,-69.08841156985545
705,3,705,137790000000.0,35.1817293,-97.43564624720295,5.003512210809042,-69.25170558097061,7.967588713763599,-69.08749999993717
706,3,706,137800000000.0,35.1817293,-97.43564673321328,5.015108246632573,-67.07218649335907,8.011469202038425,-69.08749999993717
707,3,707,137810000000.0,35.1817293,-97.4356472192236,5.026704282456104,-64.99208400674475,8.055349690313252,-69.08749999993717
708,3,708,137820000000.0,35.1817293,-97.43564770523393,5.038300318279635,-63.419245273629784,8.099230179871137,-69.08749999993717
709,3,709,137830000000.0,35.1817293,-97.43564819124425,5.049896354103167,-61.6,8.143110668145964,-69.08749999993717
710,3,710,137840000000.0,35.1817293,-97.43564867725458,5.0614923899266975,-61.6,8.18699115642079,-69.08749999993717
711,3,711,137850000000.0,35.1817293,-97.4356491632649,5.073088425750229,-59.64155823645547,8.230871644695616,-69.08749999993717
712,3,712,137860000000.0,35.1817293,-97.43564964927523,5.08468446157376,-55.21590461951032,8.274752134253502,-69.08749999993717
713,3,713,137870000000.0,35.1817293,-97.43565013528556,5.0962804973972915,-53.68281831851792,8.318632622528328,-69.08749999993717
714,3,714,137880000000.0,35.1817293,-97.43565062129588,5.107876533220822,-51.91480697249998,8.362513110803155,-69.08749999993717
715,3,715,137890000000.0,35.1817293,-97.4356511073062,5.119472569044354,-49.95181316720437,8.406393599077981,-69.08749999993717
716,3,716,137900000000.0,35.1817293,-97.43565159331654,5.131068604867885,-48.08792261943406,8.450274088635865,-69.08749999993717
717,3,717,137910000000.0,35.18172930491557,-97.43565208510323,5.144454785142116,-45.37013333428964,8.494676109037302,-69.08695663281023
718,3,718,137920000000.0,35.181729313468345,-97.43565258116405,5.159165554398517,-42.2,8.53946402826194,-69.08601120911825
719,3,719,137930000000.0,35.18172932202112,-97.43565307722487,5.173876323654919,-42.2,8.584251947486578,-69.08506578542628
720,3,720,137940000000.0,35.181729330573894,-97.43565357328569,5.18858709291132,-41.87905394824072,8.629039866711215,-69.0841203617343
721,3,721,137950000000.0,35.18172933912666,-97.43565406934651,5.203297862167721,-40.20949604127651,8.673827785935856,-69.08317493882777
722,3,722,137960000000.0,35.181729347679436,-97.43565456540733,5.218008631424122,-38.77382450805504,8.718615705160493,-69.0822295151358
723,3,723,137970000000.0,35.18172935623221,-97.43565506146817,5.232719400680524,-37.578350983135905,8.76340362566819,-69.08128409144382
724,3,724,137980000000.0,35.181729364784985,-97.43565555752899,5.247430169936925,-36.100971678307594,8.808191544892827,-69.08033866775185
725,3,725,137990000000.0,35.18172937333776,-97.43565605358981,5.262140939193326,-34.93057188130964,8.852979464117466,-69.07939324405987
726,3,726,138000000000.0,35.18172938189053,-97.43565654965063,5.276851708449727,-33.2905244472522,8.897767383342103,-69.07844782115333
727,3,727,138010000000.0,35.1817293904433,-97.43565704571145,5.291562477706129,-32.06725596473975,8.942555302566742,-69.07750239746136
728,3,728,138020000000.0,35.181729398996076,-97.43565754177229,5.3062732469625296,-31.07388001706267,8.987343223074438,-69.07655697376939
729,3,729,138030000000.0,35.18172941368881,-97.43565814298918,5.316623945934628,-29.834983646386153,9.041625385006657,-69.07493283933022
730,3,730,138040000000.0,35.18172942919809,-97.43565875819087,5.326394796231243,-28.54964750132546,9.097170193672113,-69.07321844282265
731,3,731,138050000000.0,35.18172944470738,-97.43565937339255,5.336165646527858,-27.33931056149995,9.15271500233757,-69.07150404631508
732,3,732,138060000000.0,35.181729460216665,-97.43565998859424,5.345936496824473,-26.223249922670327,9.208259811003028,-69.06978964980752
733,3,733,138070000000.0,35.18172947572595,-97.43566060379592,5.355707347121089,-24.993761203152456,9.263804619668486,-69.06807525329995
734,3,734,138080000000.0,35.18172949123524,-97.43566121899761,5.365478197417704,-22.3,9.319349428333942,-69.06636085679239
735,3,735,138090000000.0,35.18172950674452,-97.4356618341993,5.375249047714319,-22.3,9.374894236999399,-69.06464646107025
736,3,736,138100000000.0,35.181729522253804,-97.435662449401,5.385019898010934,-21.96479647513292,9.430439046947914,-69.06293206456269
737,3,737,138110000000.0,35.18172953776309,-97.43566306460268,5.394790748307549,-21.045335564837707,9.48598385561337,-69.06121766805512
738,3,738,138120000000.0,35.181729553272376,-97.43566367980436,5.404561598604164,-20.422335162504048,9.541528664278827,-69.05950327154756
739,3,739,138130000000.0,35.18172956878166,-97.43566429500605,5.41433244890078,-19.26822003408379,9.597073472944285,-69.05778887503999
740,3,740,138140000000.0,35.18172958429095,-97.43566491020773,5.4241032991973945,-18.215697847895683,9.65261828160974,-69.05607447853242
741,3,741,138150000000.0,35.181729599800235,-97.43566552540942,5.4338741494940095,-17.20681180352865,9.708163090275198,-69.05436008202486
742,3,742,138160000000.0,35.18172961530952,-97.4356661406111,5.443644999790624,-16.301168857859288,9.763707898940655,-69.05264568551729
743,3,743,138170000000.0,35.18172963081881,-97.43566675581279,5.453415850087239,-15.433278141269696,9.819252707606113,-69.05093128900972
744,3,744,138180000000.0,35.181729646328094,-97.43566737101447,5.463186700383854,-14.657202846153883,9.874797516271569,-69.04921689250216
745,3,745,138190000000.0,35.18172966183738,-97.43566798621616,5.47295755068047,-13.674828704958074,9.930342324937026,-69.04750249599459
746,3,746,138200000000.0,35.18172967734667,-97.43566860141785,5.482728400977085,-12.900969726853422,9.985887133602484,-69.04578809948703
747,3,747,138210000000.0,35.18172969285595,-97.43566921661953,5.4924992512737,-12.258936587670908,10.041431942267941,-69.04407370297946
748,3,748,138220000000.0,35.1817297,-97.43566984185289,5.506017379255714,-11.264766205247156,10.09788248183187,-69.04328400020589
749,3,749,138230000000.0,35.1817297,-97.43567047565345,5.522735740676236,-10.334196993181537,10.15510653064106,-69.04328400020589
750,3,750,138240000000.0,35.1817297,-97.43567110945402,5.539454102096758,-10.1,10.212330579450253,-69.04328400020589
751,3,751,138250000000.0,35.1817297,-97.43567174325459,5.556172463517279,-8.331527755160549,10.269554628259444,-69.04328400020589
752,3,752,138260000000.0,35.1817297,-97.43567237705516,5.572890824937801,-8.2,10.326778677068633,-69.04328400020589
753,3,753,138270000000.0,35.1817297,-97.43567301085572,5.589609186358322,-8.2,10.384002725877824,-69.04328400020589
754,3,754,138280000000.0,35.1817297,-97.43567364465629,5.606327547778844,-7.933251091314883,10.441226774687015,-69.04328400020589
755,3,755,138290000000.0,35.1817297,-97.43567427845686,5.623045909199365,-7.576611240447948,10.498450823496206,-69.04328400020589
756,3,756,138300000000.0,35.1817297,-97.43567491225743,5.639764270619887,-7.5,10.555674872305397,-69.04328400020589
757,3,757,138310000000.0,35.1817297,-97.435675546058,5.656482632040408,-7.310311418459303,10.612898921114587,-69.04328400020589
758,3,758,138320000000.0,35.1817297,-97.43567617985856,5.67320099346093,-6.875094831488679,10.670122969923778,-69.04328400020589
759,3,759,138330000000.0,35.1817297,-97.43567681365913,5.689919354881451,-6.429492452921897,10.727347018732969,-69.04328400020589
760,3,760,138340000000.0,35.1817297,-97.4356774474597,5.706637716301973,-6.3,10.78457106754216,-69.04328400020589
761,3,761,138350000000.0,35.1817297,-97.43567808126026,5.723356077722494,-6.116735816281149,10.841795116351351,-69.04328400020589
762,3,762,138360000000.0,35.1817297,-97.43567871506083,5.740074439143016,-6.199567317086486,10.899019165160542,-69.04328400020589
763,3,763,138370000000.0,35.1817297,-97.4356793488614,5.756792800563537,-6.045095879852275,10.956243213969731,-69.04328400020589
764,3,764,138380000000.0,35.1817297,-97.43567998266197,5.773511161984059,-5.9299495390062456,11.013467262778923,-69.04328400020589
765,3,765,138390000000.0,35.1817297,-97.43568061646253,5.79022952340458,-5.9,11.070691311588115,-69.04328400020589
766,3,766,138400000000.0,35.1817297,-97.4356812502631,5.806947884825102,-5.80949894079329,11.127915360397305,-69.04328400020589
767,3,767,138410000000.0,35.1817297,-97.43568188406367,5.823666246245623,-5.5065048538897425,11.185139409206496,-69.04328400020589
768,3,768,138420000000.0,35.18172971004154,-97.43568254141226,5.842945275213792,-5.202931657026569,11.244489542219275,-69.04217400846761
769,3,769,138430000000.0,35.18172973006371,-97.43568322216605,5.864769440894207,-5.1,11.305952863423569,-69.0399607577308
770,3,770,138440000000.0,35.18172975008588,-97.43568390291983,5.886593606574624,-5.1,11.367416184627862,-69.03774750699398
771,3,771,138450000000.0,35.18172977010805,-97.43568458367363,5.90841777225504,-5.00186282913749,11.428879507115212,-69.03553425625716
772,3,772,138460000000.0,35.18172979013022,-97.43568526442742,5.930241937935456,-4.713736423663811,11.490342828319505,-69.03332100552035
773,3,773,138470000000.0,35.18172981015239,-97.43568594518122,5.952066103615873,-4.7,11.551806150806856,-69.03110775478353
774,3,774,138480000000.0,35.18172983017456,-97.435686625935,5.973890269296289,-4.7,11.613269472011151,-69.02889450404672
775,3,775,138490000000.0,35.18172985019673,-97.4356873066888,5.995714434976705,-4.458911465471186,11.674732794498501,-69.0266812533099
776,3,776,138500000000.0,35.1817298702189,-97.43568798744259,6.017538600657121,-4.302198923715317,11.736196115702795,-69.02446800257309
777,3,777,138510000000.0,35.18172989024107,-97.43568866819639,6.039362766337538,-4.3,11.797659438190145,-69.02225475183627
778,3,778,138520000000.0,35.18172991026324,-97.43568934895018,6.061186932017954,-4.227196588874955,11.859122759394438,-69.02004150109946
779,3,779,138530000000.0,35.181729930285414,-97.43569002970396,6.08301109769837,-4.2,11.920586080598731,-69.01782825036264
780,3,780,138540000000.0,35.181729950307584,-97.43569071045776,6.104835263378787,-4.2,11.982049403086084,-69.01561499962583
781,3,781,138550000000.0,35.181729970329755,-97.43569139121155,6.1266594290592025,-4.1059536397712195,12.043512724290375,-69.01340174888901
782,3,782,138560000000.0,35.181729990351926,-97.43569207196535,6.148483594739619,-4.006934375486511,12.104976046777727,-69.0111884981522
783,3,783,138570000000.0,35.181730010374096,-97.43569275271913,6.170307760420036,-3.852369047528309,12.166439367982019,-69.00897524741538
784,3,784,138580000000.0,35.18173003039627,-97.43569343347293,6.192131926100451,-3.8,12.22790269046937,-69.00676199667856
785,3,785,138590000000.0,35.18173005041844,-97.43569411422672,6.213956091780868,-3.8,12.289366011673664,-69.00454874594175
786,3,786,138600000000.0,35.18173007044061,-97.4356947949805,6.235780257461284,-3.7074834716119125,12.350829332877957,-69.00233549520493
787,3,787,138610000000.0,35.18173009046278,-97.4356954757343,6.2576044231417,-3.6078028652098415,12.412292655365308,-69.00012224446812
788,3,788,138620000000.0,35.181730112961915,-97.43569617330311,6.2756993765405875,-3.2962929368828413,12.475274157057196,-68.99763518988891
789,3,789,138630000000.0,35.18173013771413,-97.43569688616705,6.290402195223898,-3.0,12.539636612375713,-68.99489907970533
790,3,790,138640000000.0,35.18173016246636,-97.43569759903099,6.305105013907208,-3.0,12.60399906769423,-68.99216296873632
791,3,791,138650000000.0,35.18173018721858,-97.43569831189492,6.319807832590518,-2.9542152134227555,12.668361523012747,-68.98942685855275
792,3,792,138660000000.0,35.181730211970795,-97.43569902475885,6.3345106512738285,-2.8323589452992612,12.732723977048206,-68.98669074836917
793,3,793,138670000000.0,35.18173023672301,-97.43569973762278,6.349213469957139,-2.7481368356704996,12.797086432366722,-68.9839546381856
794,3,794,138680000000.0,35.18173026147524,-97.43570045048672,6.363916288640449,-2.6252269306389002,12.86144888768524,-68.98121852721658
795,3,795,138690000000.0,35.181730286227456,-97.43570116335066,6.378619107323759,-2.3896242581073235,12.925811343003756,-68.978482417033
796,3,796,138700000000.0,35.181730310979674,-97.4357018762146,6.39332192600707,-2.1648485334518512,12.990173798322274,-68.97574630684943
797,3,797,138710000000.0,35.1817303357319,-97.43570258907853,6.408024744690381,-1.8922921716750132,13.05453625364079,-68.97301019588042
798,3,798,138720000000.0,35.18173036048412,-97.43570330194247,6.422727563373691,-1.643413772150232,13.118898708959309,-68.97027408569684
799,3,799,138730000000.0,35.181730385236335,-97.4357040148064,6.437430382057001,-1.418714401651136,13.183261164277825,-68.96753797551327
800,3,800,138740000000.0,35.18173040998855,-97.43570472767034,6.452133200740311,-1.0896817628625675,13.247623619596343,-68.96480186532969
801,3,801,138750000000.0,35.18173043474078,-97.43570544053428,6.466836019423622,-0.7112692596568672,13.31198607491486,-68.96206575436068
802,3,802,138760000000.0,35.181730459493,-97.43570615339821,6.481538838106932,-0.26646228391123544,13.376348530233376,-68.9593296441771
803,3,803,138770000000.0,35.181730484245215,-97.43570686626215,6.496241656790242,0.04842611560322016,13.440710985551895,-68.95659353399353
804,3,804,138780000000.0,35.18173050899743,-97.43570757912609,6.510944475473552,0.7795231225395762,13.505073440870412,-68.95385742380995
805,3,805,138790000000.0,35.18173053374966,-97.43570829199003,6.525647294156863,1.5,13.56943589618893,-68.95112131284094
806,3,806,138800000000.0,35.181730558501876,-97.43570900485396,6.540350112840174,1.5,13.633798351507444,-68.94838520265736
807,3,807,138810000000.0,35.181730583254094,-97.4357097177179,6.555052931523484,1.5,13.698160806825962,-68.94564909247379
808,3,808,138820000000.0,35.181730609703585,-97.43571043612057,6.56736120574268,1.6510026472456887,13.763023338981672,-68.94272536568494
809,3,809,138830000000.0,35.18173063970307,-97.43571116610804,6.5746610802943355,1.8813589104540227,13.828931828685521,-68.93940922274723
810,3,810,138840000000.0,35.18173066970255,-97.43571189609548,6.581960954845991,2.1130782128825096,13.89484031710631,-68.93609307980952
811,3,811,138850000000.0,35.18173069970204,-97.43571262608295,6.589260829397647,2.3257242464246426,13.96074880681016,-68.93277693687182
812,3,812,138860000000.0,35.18173072970153,-97.4357133560704,6.596560703949303,2.529479025229693,14.02665729523095,-68.92946079314868
813,3,813,138870000000.0,35.18173075970101,-97.43571408605786,6.603860578500959,2.648190442889547,14.092565784934799,-68.92614465021097
814,3,814,138880000000.0,35.181730789700495,-97.4357148160453,6.611160453052615,2.733484067032944,14.158474273355587,-68.92282850727327
815,3,815,138890000000.0,35.18173081969998,-97.43571554603277,6.618460327604271,2.8506119225316926,14.224382763059436,-68.91951236433556
816,3,816,138900000000.0,35.18173084969946,-97.43571627602022,6.625760202155926,2.9620359100795737,14.290291251480227,-68.91619622139785
817,3,817,138910000000.0,35.18173087969895,-97.43571700600768,6.633060076707582,3.0,14.356199741184076,-68.91288007846015
818,3,818,138920000000.0,35.18173090969843,-97.43571773599513,6.640359951259238,3.052454744916174,14.422108229604868,-68.90956393552244
819,3,819,138930000000.0,35.181730939697914,-97.43571846598259,6.647659825810893,3.1,14.488016719308714,-68.90624779258474
820,3,820,138940000000.0,35.1817309696974,-97.43571919597004,6.65495970036255,3.196436948834344,14.553925207729506,-68.90293164964703
821,3,821,138950000000.0,35.18173099969688,-97.4357199259575,6.662259574914206,3.3,14.619833697433354,-68.89961550670932
822,3,822,138960000000.0,35.18173102969637,-97.43572065594495,6.669559449465861,3.3,14.685742185854146,-68.89629936298618
823,3,823,138970000000.0,35.181731059695856,-97.43572138593241,6.676859324017517,3.3,14.751650675557991,-68.89298322004848
824,3,824,138980000000.0,35.18173108969534,-97.43572211591986,6.684159198569173,3.338131343195458,14.817559163978784,-68.88966707711077
825,3,825,138990000000.0,35.181731119694824,-97.43572284590732,6.6914590731208285,3.4507286023475396,14.883467653682631,-68.88635093417307
826,3,826,139000000000.0,35.18173114969431,-97.43572357589477,6.698758947672484,3.5568229892536243,14.949376142103421,-68.88303479123536
827,3,827,139010000000.0,35.18173117969379,-97.43572430588223,6.70605882222414,3.664288348208859,15.015284631807269,-68.87971864829765
828,3,828,139020000000.0,35.18173121132689,-97.43572508506,6.713907234401967,3.73796325397643,15.085634374118834,-68.87622192545734
829,3,829,139030000000.0,35.181731246382206,-97.4357259672854,6.722904765006323,3.7949419603501133,15.165287994445944,-68.87234691092672
830,3,830,139040000000.0,35.181731281437514,-97.4357268495108,6.731902295610678,3.8,15.244941613489997,-68.86847189718154
831,3,831,139050000000.0,35.18173131649283,-97.43572773173621,6.740899826215034,3.9155963352696217,15.324595233817103,-68.86459688265091
832,3,832,139060000000.0,35.181731351548144,-97.43572861396161,6.749897356819389,4.208297672858607,15.40424885414421,-68.8607218681203
833,3,833,139070000000.0,35.18173138660346,-97.43572949618702,6.758894887423745,4.408058777156415,15.48390247447132,-68.85684685358967
834,3,834,139080000000.0,35.181731421658775,-97.43573037841242,6.7678924180281,4.537348130217121,15.563556093515373,-68.85297183905905
835,3,835,139090000000.0,35.18173145671409,-97.43573126063782,6.776889948632455,4.690704760029535,15.643209713842479,-68.84909682452843
836,3,836,139100000000.0,35.1817314917694,-97.43573214286323,6.785887479236811,4.912436248814357,15.722863334169588,-68.84522181078324
837,3,837,139110000000.0,35.18173152682471,-97.43573302508862,6.794885009841166,5.269937730935482,15.802516953213642,-68.84134679625262
838,3,838,139120000000.0,35.18173156188003,-97.43573390731403,6.803882540445522,5.4,15.882170573540748,-68.837471781722
839,3,839,139130000000.0,35.18173159693534,-97.43573478953944,6.812880071049877,5.4,15.961824193867857,-68.83359676719138
840,3,840,139140000000.0,35.18173163199066,-97.43573567176485,6.821877601654233,5.4,16.041477814194966,-68.82972175266076
841,3,841,139150000000.0,35.18173166704597,-97.43573655399024,6.830875132258588,5.824214158129347,16.121131433239015,-68.82584673813014
842,3,842,139160000000.0,35.18173170210129,-97.43573743621565,6.839872662862943,6.23210807046604,16.200785053566126,-68.82197172359952
843,3,843,139170000000.0,35.181731737156596,-97.43573831844105,6.848870193467299,6.4,16.280438673893233,-68.81809670985433
844,3,844,139180000000.0,35.18173177221191,-97.43573920066645,6.857867724071654,6.423474127382745,16.36009229293729,-68.81422169532371
845,3,845,139190000000.0,35.1817318,-97.43574002422062,6.868773790797963,6.5363020091494155,16.434448654656023,-68.81114999984945
846,3,846,139200000000.0,35.1817318,-97.43574062343036,6.886977631075558,6.663016875014822,16.488549596247818,-68.81114999984945
847,3,847,139210000000.0,35.1817318,-97.4357412226401,6.905181471353152,6.8,16.542650537839613,-68.81114999984945
848,3,848,139220000000.0,35.1817318,-97.43574182184985,6.923385311630746,6.848735802654061,16.596751479431404,-68.81114999984945
849,3,849,139230000000.0,35.1817318,-97.43574242105959,6.94158915190834,6.95759445883314,16.6508524210232,-68.81114999984945
850,3,850,139240000000.0,35.1817318,-97.43574302026933,6.959792992185934,7.201028338951035,16.704953362614994,-68.81114999984945
851,3,851,139250000000.0,35.1817318,-97.43574361947907,6.9779968324635275,7.3,16.75905430420679,-68.81114999984945
852,3,852,139260000000.0,35.1817318,-97.43574421868881,6.9962006727411215,7.3,16.813155245798583,-68.81114999984945
853,3,853,139270000000.0,35.1817318,-97.43574481789855,7.014404513018715,7.320512142722763,16.867256187390378,-68.81114999984945
854,3,854,139280000000.0,35.1817318,-97.4357454171083,7.032608353296309,7.4,16.921357128982173,-68.81114999984945
855,3,855,139290000000.0,35.1817318,-97.43574601631803,7.050812193573904,7.4,16.975458070573964,-68.81114999984945
856,3,856,139300000000.0,35.1817318,-97.43574661552778,7.069016033851498,7.4,17.02955901216576,-68.81114999984945
857,3,857,139310000000.0,35.1817318,-97.43574721473753,7.087219874129092,7.433558743379485,17.083659955040613,-68.81114999984945
858,3,858,139320000000.0,35.18173180045173,-97.4357478182949,7.10535008756591,7.5,17.138153431429586,-68.8111000658867
859,3,859,139330000000.0,35.18173181985901,-97.43574860428991,7.12039073294506,7.5,17.20911868342268,-68.8089547850322
860,3,860,139340000000.0,35.1817318392663,-97.43574939028494,7.135431378324209,7.390798732028436,17.280083936698833,-68.80680950339226
861,3,861,139350000000.0,35.18173185867358,-97.43575017627995,7.150472023703359,7.3,17.35104918869193,-68.80466422253775
862,3,862,139360000000.0,35.18173187808087,-97.43575096227497,7.165512669082508,7.3,17.422014440685025,-68.80251894089781
863,3,863,139370000000.0,35.18173189748815,-97.43575174826998,7.180553314461658,7.3,17.49297969267812,-68.8003736600433
864,3,864,139380000000.0,35.18173191689543,-97.435752534265,7.195593959840807,7.3,17.563944945954276,-68.7982283791888
865,3,865,139390000000.0,35.18173193630272,-97.43575332026002,7.2106346052199575,7.3,17.63491019794737,-68.79608309754886
866,3,866,139400000000.0,35.18173195571,-97.43575410625503,7.225675250599107,7.284404024530089,17.705875449940464,-68.79393781669435
867,3,867,139410000000.0,35.18173197511729,-97.43575489225005,7.240715895978257,7.2046313765767565,17.77684070193356,-68.79179253505441
868,3,868,139420000000.0,35.18173199452457,-97.43575567824507,7.255756541357406,7.2,17.84780595520971,-68.7896472541999
869,3,869,139430000000.0,35.18173201393186,-97.43575646424009,7.270797186736556,7.056217732297958,17.91877120720281,-68.78750197255997
870,3,870,139440000000.0,35.18173203333914,-97.4357572502351,7.285837832115705,7.0,17.989736459195903,-68.78535669170546
871,3,871,139450000000.0,35.18173205274642,-97.43575803623011,7.300878477494855,7.095020507111935,18.060701711189,-68.78321141085095
872,3,872,139460000000.0,35.18173207215371,-97.43575882222514,7.315919122874004,7.1,18.131666964465154,-68.78106612921101
873,3,873,139470000000.0,35.18173209156099,-97.43575960822015,7.3309597682531535,7.1,18.202632216458248,-68.7789208483565
874,3,874,139480000000.0,35.18173211096828,-97.43576039421517,7.346000413632304,7.028002040129031,18.273597468451346,-68.77677556671657
875,3,875,139490000000.0,35.18173213037556,-97.43576118021019,7.361041059011453,7.0,18.344562721727495,-68.77463028586206
876,3,876,139500000000.0,35.181732149782846,-97.4357619662052,7.376081704390603,6.9104664997174945,18.415527973720593,-68.77248500422212
877,3,877,139510000000.0,35.18173216919013,-97.43576275220022,7.391122349769752,6.8,18.486493225713687,-68.77033972336761
878,3,878,139520000000.0,35.181732188597415,-97.43576353819523,7.406162995148902,6.8,18.55745847770678,-68.76819444172767
879,3,879,139530000000.0,35.18173220640289,-97.43576435642755,7.419268593451916,6.8,18.63133434461363,-68.76622622438802
880,3,880,139540000000.0,35.181732221926616,-97.4357652205815,7.429617742485892,6.8,18.709356344197282,-68.76451023187869
881,3,881,139550000000.0,35.18173223745033,-97.43576608473545,7.439966891519868,6.640879587446589,18.787378343780933,-68.76279424015479
882,3,882,139560000000.0,35.18173225297406,-97.4357669488894,7.450316040553845,6.521023308901272,18.865400343364584,-68.76107824764546
883,3,883,139570000000.0,35.18173226849778,-97.43576781304333,7.460665189587821,6.5,18.94342234166518,-68.75936225513612
884,3,884,139580000000.0,35.18173228402151,-97.43576867719727,7.471014338621797,6.5,19.02144434124883,-68.75764626262679
885,3,885,139590000000.0,35.18173229954523,-97.43576954135122,7.4813634876557735,6.172411175762151,19.099466340832485,-68.75593027011746
886,3,886,139600000000.0,35.181732315068956,-97.43577040550517,7.4917126366897495,6.0,19.177488340416136,-68.75421427760813
887,3,887,139610000000.0,35.18173233059268,-97.43577126965911,7.5020617857237255,5.774845439856457,19.255510339999788,-68.7524982850988
888,3,888,139620000000.0,35.181732346116405,-97.43577213381305,7.512410934757702,5.7,19.33353233830038,-68.75078229258946
889,3,889,139630000000.0,35.18173236164013,-97.43577299796699,7.522760083791678,5.7,19.411554337884034,-68.74906630008013
890,3,890,139640000000.0,35.18173237716385,-97.43577386212094,7.533109232825654,5.7,19.489576337467685,-68.74735030835623
891,3,891,139650000000.0,35.18173239268757,-97.43577472627489,7.543458381859631,5.580003396555836,19.567598337051336,-68.7456343158469
892,3,892,139660000000.0,35.181732408211296,-97.43577559042883,7.553807530893607,5.475027341432966,19.645620336634988,-68.74391832333757
893,3,893,139670000000.0,35.18173242373502,-97.43577645458276,7.564156679927583,5.392738761755335,19.72364233493558,-68.74220233082823
894,3,894,139680000000.0,35.181732439258745,-97.43577731873671,7.57450582896156,5.276053299321625,19.801664334519234,-68.7404863383189
895,3,895,139690000000.0,35.18173245478247,-97.43577818289066,7.584854977995536,5.200458287201477,19.879686334102885,-68.73877034580957
896,3,896,139700000000.0,35.181732470306194,-97.4357790470446,7.595204127029512,5.1,19.95770833368654,-68.73705435330024
897,3,897,139710000000.0,35.18173248582992,-97.43577991119855,7.605553276063489,5.1,20.03573033327019,-68.7353383607909
898,3,898,139720000000.0,35.18173250127655,-97.43578077403986,7.616174425329818,5.076308059472416,20.113633818105114,-68.73363089023982
899,3,899,139730000000.0,35.18173251591622,-97.43578162314027,7.629642914627931,5.013074242887287,20.190296677324632,-68.73201262142132
900,3,900,139740000000.0,35.18173253055588,-97.43578247224067,7.643111403926046,5.0,20.266959535261087,-68.73039435338825
901,3,901,139750000000.0,35.18173254519554,-97.43578332134109,7.656579893224159,4.901185106632133,20.343622394480597,-68.72877608535518
902,3,902,139760000000.0,35.1817325598352,-97.43578417044151,7.670048382522274,4.808517076833273,20.42028525370011,-68.72715781732211
903,3,903,139770000000.0,35.181732574474864,-97.43578501954191,7.6835168718203875,4.72694297699491,20.49694811163657,-68.7255395485036
904,3,904,139780000000.0,35.181732589114525,-97.43578586864233,7.696985361118502,4.7,20.573610970856084,-68.72392128047053
905,3,905,139790000000.0,35.181732603754185,-97.43578671774274,7.710453850416616,4.7,20.650273830075594,-68.72230301243746
906,3,906,139800000000.0,35.18173261839385,-97.43578756684315,7.72392233971473,4.7,20.72693668801205,-68.72068474361896
907,3,907,139810000000.0,35.18173263303351,-97.43578841594356,7.737390829012844,4.546149788632461,20.803599547231563,-68.71906647558589
908,3,908,139820000000.0,35.18173264767317,-97.43578926504398,7.750859318310958,4.5,20.88026240645108,-68.71744820755282
909,3,909,139830000000.0,35.18173266231283,-97.4357901141444,7.764327807609072,4.5,20.95692526567059,-68.71582993951975
910,3,910,139840000000.0,35.1817326769525,-97.4357909632448,7.777796296907186,4.435704558634224,21.033588123607046,-68.71421167070125
911,3,911,139850000000.0,35.18173269159216,-97.43579181234522,7.7912647862053,4.4,21.11025098282656,-68.71259340266818
912,3,912,139860000000.0,35.18173270623182,-97.43579266144563,7.8047332755034144,4.328061745673684,21.186913842046074,-68.7109751346351
913,3,913,139870000000.0,35.18173272087148,-97.43579351054603,7.818201764801528,4.3,21.26357669998253,-68.70935686660204
914,3,914,139880000000.0,35.18173273551115,-97.43579435964645,7.831670254099643,4.3,21.340239559202043,-68.70773859778353
915,3,915,139890000000.0,35.18173275015081,-97.43579520874687,7.845138743397756,4.3,21.416902418421557,-68.70612032975046
916,3,916,139900000000.0,35.18173276479047,-97.43579605784728,7.858607232695871,4.227798356406574,21.49356527764107,-68.70450206171739
917,3,917,139910000000.0,35.181732779430135,-97.43579690694769,7.872075721993984,4.271766508125352,21.570228135577526,-68.70288379289889
918,3,918,139920000000.0,35.181732794069795,-97.4357977560481,7.885544211292099,4.241347981627703,21.64689099479704,-68.70126552486582
919,3,919,139930000000.0,35.18173279697324,-97.43579864178977,7.899384121105914,4.2,21.726862088484808,-68.70094457770747
920,3,920,139940000000.0,35.18173279188559,-97.4357995524802,7.9134769284082385,4.2,21.809085734799037,-68.70150696725901
921,3,921,139950000000.0,35.18173278679793,-97.43580046317065,7.927569735710564,4.2,21.891309382396326,-68.70206935681054
922,3,922,139960000000.0,35.181732781710274,-97.43580137386108,7.941662543012889,4.2,21.973533028710555,-68.70263174636207
923,3,923,139970000000.0,35.18173277662262,-97.43580228455151,7.955755350315213,4.2,22.05575667502479,-68.7031941359136
924,3,924,139980000000.0,35.18173277153496,-97.43580319524196,7.969848157617538,4.2,22.137980322622077,-68.70375652546514
925,3,925,139990000000.0,35.181732766447304,-97.43580410593239,7.983940964919864,4.2,22.22020396893631,-68.70431891501667
926,3,926,140000000000.0,35.18173276135965,-97.43580501662282,7.998033772222188,4.2,22.30242761525054,-68.7048813045682
927,3,927,140010000000.0,35.18173275627199,-97.43580592731327,8.012126579524514,4.2,22.38465126284783,-68.70544369411974
928,3,928,140020000000.0,35.181732751184335,-97.4358068380037,8.026219386826838,4.2,22.46687490916206,-68.70600608367127
929,3,929,140030000000.0,35.18173274609668,-97.43580774869413,8.040312194129163,4.2,22.549098555476288,-68.7065684732228
930,3,930,140040000000.0,35.18173274100902,-97.43580865938458,8.054405001431489,4.167196956938063,22.631322203073577,-68.70713086277433
931,3,931,140050000000.0,35.181732735921365,-97.43580957007501,8.068497808733813,4.1,22.71354584938781,-68.70769325232587
932,3,932,140060000000.0,35.18173273083371,-97.43581048076544,8.082590616036137,4.1,22.79576949570204,-68.7082556418774
933,3,933,140070000000.0,35.18173272574605,-97.43581139145587,8.096683423338463,4.1,22.87799314201627,-68.70881803142893
934,3,934,140080000000.0,35.181732720658395,-97.43581230214632,8.110776230640788,4.1,22.960216789613558,-68.70938042098047
935,3,935,140090000000.0,35.18173271557074,-97.43581321283675,8.124869037943112,3.9694935952077746,23.042440435927787,-68.709942810532
936,3,936,140100000000.0,35.18173271048309,-97.43581412352718,8.138961845245438,3.847275845539281,23.12466408224202,-68.7105051992981
937,3,937,140110000000.0,35.18173270539543,-97.43581503421763,8.153054652547763,3.677195684258415,23.20688772983931,-68.71106758884963
938,3,938,140120000000.0,35.181732700307776,-97.43581594490806,8.167147459850087,3.6,23.28911137615354,-68.71162997840116
939,3,939,140130000000.0,35.1817327,-97.43581686746268,8.181129164809256,3.6,23.372406206211654,-68.71166400025771
940,3,940,140140000000.0,35.1817327,-97.43581779078123,8.195103715894023,3.5777548090721765,23.455770009597906,-68.71166400025771
941,3,941,140150000000.0,35.1817327,-97.43581871409978,8.209078266978787,3.5,23.539133812984165,-68.71166400025771
942,3,942,140160000000.0,35.1817327,-97.43581963741833,8.223052818063552,3.5,23.62249761637042,-68.71166400025771
943,3,943,140170000000.0,35.1817327,-97.43582056073689,8.237027369148317,3.4514766416402045,23.70586141975668,-68.71166400025771
944,3,944,140180000000.0,35.1817327,-97.43582148405545,8.251001920233083,3.296677578622649,23.78922522442599,-68.71166400025771
945,3,945,140190000000.0,35.1817327,-97.435822407374,8.264976471317848,3.074779903359626,23.872589027812246,-68.71166400025771
946,3,946,140200000000.0,35.1817327,-97.43582333069256,8.278951022402612,2.968827793453608,23.955952831198505,-68.71166400025771
947,3,947,140210000000.0,35.1817327,-97.43582425401111,8.292925573487377,2.8975318455744214,24.03931663458476,-68.71166400025771
948,3,948,140220000000.0,35.1817327,-97.43582517732966,8.306900124572143,2.7446298995666254,24.122680437971017,-68.71166400025771
949,3,949,140230000000.0,35.1817327,-97.43582610064821,8.320874675656908,2.552292666232583,24.206044241357272,-68.71166400025771
950,3,950,140240000000.0,35.1817327,-97.43582702396677,8.334849226741673,2.3,24.289408044743528,-68.71166400025771
951,3,951,140250000000.0,35.1817327,-97.43582794728532,8.348823777826437,2.3,24.372771848129787,-68.71166400025771
952,3,952,140260000000.0,35.1817327,-97.43582887060387,8.362798328911204,2.2594577981680564,24.45613565151604,-68.71166400025771
953,3,953,140270000000.0,35.1817327,-97.43582979392242,8.376772879995968,2.1793008679221844,24.5394994549023,-68.71166400025771
954,3,954,140280000000.0,35.1817327,-97.43583071724098,8.390747431080733,2.1194614983323365,24.622863258288554,-68.71166400025771
955,3,955,140290000000.0,35.1817327,-97.43583164055954,8.404721982165498,2.1,24.706227062957865,-68.71166400025771
956,3,956,140300000000.0,35.1817327,-97.4358325638781,8.418696533250264,2.067614314604492,24.789590866344124,-68.71166400025771
957,3,957,140310000000.0,35.1817327,-97.43583348719665,8.432671084335029,2.0,24.87295466973038,-68.71166400025771
958,3,958,140320000000.0,35.1817327,-97.4358344105152,8.446645635419793,1.9889121524679225,24.95631847311664,-68.71166400025771
959,3,959,140330000000.0,35.18173271084004,-97.43583552980385,8.457105634098506,1.8928662515363077,25.05737585911641,-68.71046574223868
960,3,960,140340000000.0,35.18173272284341,-97.43583667012349,8.467188460435722,1.8,25.16033207287216,-68.70913888983324
961,3,961,140350000000.0,35.18173273484677,-97.43583781044315,8.477271286772938,1.8,25.263288287910967,-68.70781203821323
962,3,962,140360000000.0,35.18173274685013,-97.43583895076279,8.487354113110154,1.8,25.366244501666717,-68.70648518659323
963,3,963,140370000000.0,35.1817327588535,-97.43584009108244,8.49743693944737,1.8,25.46920071670553,-68.70515833418779
964,3,964,140380000000.0,35.18173277085686,-97.43584123140208,8.507519765784586,1.8,25.572156930461283,-68.70383148256778
965,3,965,140390000000.0,35.18173278286023,-97.43584237172172,8.517602592121802,1.8,25.675113144217033,-68.70250463016234
966,3,966,140400000000.0,35.18173279486359,-97.43584351204137,8.527685418459019,1.8,25.778069359255845,-68.70117777854233
967,3,967,140410000000.0,35.181732806866954,-97.43584465236101,8.537768244796235,1.8,25.8810255730116,-68.69985092692232
968,3,968,140420000000.0,35.18173281887032,-97.43584579268065,8.54785107113345,1.8,25.983981786767348,-68.69852407451688
969,3,969,140430000000.0,35.181732830873685,-97.4358469330003,8.557933897470667,1.8,26.086938001806157,-68.69719722289688
970,3,970,140440000000.0,35.181732842877054,-97.43584807331995,8.568016723807883,1.8,26.18989421556191,-68.69587037049143
971,3,971,140450000000.0,35.181732854880416,-97.4358492136396,8.578099550145101,1.8,26.292850430600723,-68.69454351887143
972,3,972,140460000000.0,35.181732866883785,-97.43585035395924,8.588182376482317,1.8,26.395806644356473,-68.69321666646599
973,3,973,140470000000.0,35.181732878887146,-97.43585149427888,8.598265202819533,1.8,26.498762858112226,-68.69188981484598
974,3,974,140480000000.0,35.18173289089051,-97.43585263459853,8.60834802915675,1.8,26.601719073151035,-68.69056296322597
975,3,975,140490000000.0,35.181732896452935,-97.43585367557982,8.6194229197413,1.8,26.69570631002347,-68.68994809254943
976,3,976,140500000000.0,35.181732881740224,-97.43585440385874,8.633620680736735,1.8,26.761460540276534,-68.69157443562884
977,3,977,140510000000.0,35.18173286702752,-97.43585513213768,8.647818441732172,1.8,26.827214771812653,-68.69320077792281
978,3,978,140520000000.0,35.181732852314816,-97.43585586041661,8.662016202727607,1.8,26.89296900334877,-68.69482712021679
979,3,979,140530000000.0,35.18173283760211,-97.43585658869554,8.676213963723043,1.8,26.95872323488489,-68.69645346251076
980,3,980,140540000000.0,35.1817328228894,-97.43585731697448,8.690411724718478,1.8,27.024477466421008,-68.69807980559017
981,3,981,140550000000.0,35.1817328081767,-97.43585804525341,8.704609485713915,1.8,27.09023169795713,-68.69970614788414
982,3,982,140560000000.0,35.18173279346399,-97.43585877353235,8.71880724670935,1.8,27.155985929493248,-68.70133249017812
983,3,983,140570000000.0,35.18173277875129,-97.43585950181128,8.733005007704786,1.8,27.22174016102937,-68.70295883247209
984,3,984,140580000000.0,35.18173276403858,-97.43586023009021,8.747202768700221,1.8,27.287494392565485,-68.7045851755515
985,3,985,140590000000.0,35.181732749325874,-97.43586095836913,8.761400529695658,1.8,27.353248622818544,-68.70621151784547
986,3,986,140600000000.0,35.18173273461317,-97.43586168664807,8.775598290691093,1.8,27.419002854354666,-68.70783786013945
987,3,987,140610000000.0,35.18173271990046,-97.435862414927,8.78979605168653,1.8,27.484757085890788,-68.70946420321886
988,3,988,140620000000.0,35.181732705187756,-97.43586314320594,8.803993812681965,1.8,27.550511317426903,-68.71109054551283
989,3,989,140630000000.0,35.18173270333883,-97.43586404773353,8.813206929151008,1.706420427194753,27.632178538862718,-68.71129492563469
990,3,990,140640000000.0,35.181732708496156,-97.43586504825491,8.81970516076042,1.7,27.722512765723277,-68.71072483490337
991,3,991,140650000000.0,35.18173271365348,-97.43586604877629,8.826203392369836,1.7,27.81284699258384,-68.71015474417206
992,3,992,140660000000.0,35.181732718810814,-97.43586704929766,8.83270162397925,1.7,27.90318121816134,-68.70958465265531
993,3,993,140670000000.0,35.18173272396814,-97.43586804981904,8.839199855588664,1.7,27.993515445021895,-68.709014561924
994,3,994,140680000000.0,35.181732729125464,-97.43586905034041,8.845698087198079,1.7,28.083849671882458,-68.70844447119268
995,3,995,140690000000.0,35.18173273428279,-97.43587005086178,8.852196318807492,1.7,28.174183897459958,-68.70787438046136
996,3,996,140700000000.0,35.181732739440115,-97.43587105138316,8.858694550416907,1.7,28.264518124320514,-68.70730428973005
997,3,997,140710000000.0,35.18173274459745,-97.43587205190454,8.86519278202632,1.7,28.354852351181076,-68.7067341982133
998,3,998,140720000000.0,35.18173274975477,-97.4358730524259,8.871691013635735,1.6422499712816438,28.445186576758577,-68.70616410748198
999,3,999,140730000000.0,35.1817327549121,-97.43587405294728,8.878189245245148,1.6,28.535520803619136,-68.70559401675067
1000,3,1000,140740000000.0,35.18173276006942,-97.43587505346866,8.884687476854563,1.6,28.625855030479695,-68.70502392601935
1001,3,1001,140750000000.0,35.18173276522675,-97.43587605399003,8.891185708463977,1.6,28.7161892560572,-68.70445383528804
1002,3,1002,140760000000.0,35.18173277038408,-97.43587705451141,8.89768394007339,1.6,28.806523482917754,-68.70388374377129
1003,3,1003,140770000000.0,35.181732775541406,-97.43587805503279,8.904182171682805,1.6,28.896857709778317,-68.70331365303997
1004,3,1004,140780000000.0,35.18173278069873,-97.43587905555415,8.910680403292218,1.6,28.987191935355817,-68.70274356230865
1005,3,1005,140790000000.0,35.181732785856056,-97.43588005607553,8.917178634901633,1.6,29.077526162216373,-68.70217347157734
1006,3,1006,140800000000.0,35.18173279101339,-97.43588105659691,8.923676866511046,1.6,29.167860389076928,-68.70160338006059
1007,3,1007,140810000000.0,35.181732796170714,-97.43588205711828,8.930175098120461,1.6,29.258194614654435,-68.70103328932927
1008,3,1008,140820000000.0,35.18173280497835,-97.43588304518379,8.935721860892547,1.6,29.347404236384307,-68.7000596929073
1009,3,1009,140830000000.0,35.18173282431135,-97.43588399733386,8.938525145377247,1.6,29.43337115581354,-68.69792262376464
1010,3,1010,140840000000.0,35.18173284364434,-97.43588494948393,8.941328429861946,1.6,29.51933807524278,-68.69578555462198
1011,3,1011,140850000000.0,35.18173286297734,-97.43588590163401,8.944131714346646,1.6,29.605304994672018,-68.69364848469388
1012,3,1012,140860000000.0,35.181732882310335,-97.43588685378408,8.946934998831345,1.6,29.691271914101254,-68.69151141555122
1013,3,1013,140870000000.0,35.18173290164333,-97.43588780593416,8.949738283316044,1.6,29.77723883353049,-68.68937434640856
1014,3,1014,140880000000.0,35.18173292097633,-97.43588875808423,8.952541567800743,1.6,29.863205752959725,-68.68723727648046
1015,3,1015,140890000000.0,35.181732940309324,-97.4358897102343,8.955344852285444,1.6,29.949172672388965,-68.6851002073378
1016,3,1016,140900000000.0,35.18173295964232,-97.43589066238438,8.958148136770143,1.6,30.035139591818204,-68.68296313819513
1017,3,1017,140910000000.0,35.18173297897532,-97.43589161453446,8.960951421254842,1.6,30.121106511247437,-68.68082606826704
1018,3,1018,140920000000.0,35.18173299830831,-97.43589256668453,8.963754705739543,1.6,30.207073430676676,-68.67868899912438
1019,3,1019,140930000000.0,35.18173301764131,-97.4358935188346,8.966557990224242,1.6,30.293040350105915,-68.67655192998171
1020,3,1020,140940000000.0,35.18173303697431,-97.43589447098468,8.969361274708941,1.6,30.379007269535148,-68.67441486005362
1021,3,1021,140950000000.0,35.1817330563073,-97.43589542313475,8.97216455919364,1.6,30.464974188964387,-68.67227779091095
1022,3,1022,140960000000.0,35.181733075640295,-97.43589637528484,8.97496784367834,1.6,30.55094110967668,-68.67014072176829
1023,3,1023,140970000000.0,35.181733094973296,-97.43589732743492,8.97777112816304,1.6,30.636908029105918,-68.6680036518402
1024,3,1024,140980000000.0,35.18173311430629,-97.43589827958499,8.980574412647739,1.6,30.722874948535157,-68.66586658269753
1025,3,1025,140990000000.0,35.181733133639284,-97.43589923173506,8.98337769713244,1.6,30.808841867964396,-68.66372951355487
1026,3,1026,141000000000.0,35.181733152972285,-97.43590018388514,8.986180981617139,1.6,30.89480878739363,-68.66159244362677
1027,3,1027,141010000000.0,35.18173317230528,-97.43590113603521,8.988984266101838,1.6,30.980775706822868,-68.65945537448411
1028,3,1028,141020000000.0,35.18173319163828,-97.43590208818529,8.991787550586537,1.6,31.066742626252108,-68.65731830455601
1029,3,1029,141030000000.0,35.1817332,-97.43590308953014,8.99526969105899,1.6,31.15715120245221,-68.65639400039726
1030,3,1030,141040000000.0,35.1817332,-97.43590412836863,8.9992692192601,1.6,31.2509449721993,-68.65639400039726
1031,3,1031,141050000000.0,35.1817332,-97.43590516720712,9.00326874746121,1.6,31.344738741946387,-68.65639400039726
1032,3,1032,141060000000.0,35.1817332,-97.43590620604563,9.007268275662318,1.6,31.438532512976533,-68.65639400039726
1033,3,1033,141070000000.0,35.1817332,-97.43590724488412,9.011267803863428,1.5206613667504045,31.532326282723623,-68.65639400039726
1034,3,1034,141080000000.0,35.1817332,-97.43590828372261,9.015267332064537,1.5,31.626120052470714,-68.65639400039726
1035,3,1035,141090000000.0,35.1817332,-97.4359093225611,9.019266860265647,1.5,31.719913822217805,-68.65639400039726
1036,3,1036,141100000000.0,35.1817332,-97.4359103613996,9.023266388466757,1.5,31.81370759324795,-68.65639400039726
1037,3,1037,141110000000.0,35.1817332,-97.4359114002381,9.027265916667867,1.5,31.907501362995042,-68.65639400039726
1038,3,1038,141120000000.0,35.1817332,-97.43591243907659,9.031265444868977,1.4232913910447367,32.00129513274213,-68.65639400039726
1039,3,1039,141130000000.0,35.1817332,-97.43591347791508,9.035264973070086,1.4,32.095088902489216,-68.65639400039726
1040,3,1040,141140000000.0,35.1817332,-97.43591451675358,9.039264501271196,1.4,32.18888267351936,-68.65639400039726
1041,3,1041,141150000000.0,35.1817332,-97.43591555559208,9.043264029472306,1.3277304733438848,32.28267644326645,-68.65639400039726
1042,3,1042,141160000000.0,35.1817332,-97.43591659443057,9.047263557673416,1.2278085515634236,32.37647021301354,-68.65639400039726
1043,3,1043,141170000000.0,35.1817332,-97.43591763326906,9.051263085874524,1.1451691682865992,32.470263982760635,-68.65639400039726
1044,3,1044,141180000000.0,35.1817332,-97.43591867210756,9.055262614075634,1.1,32.56405775379078,-68.65639400039726
1045,3,1045,141190000000.0,35.1817332,-97.43591971094605,9.059262142276744,1.1,32.65785152353787,-68.65639400039726
1046,3,1046,141200000000.0,35.1817332,-97.43592074978454,9.063261670477853,1.1697149423147077,32.75164529328496,-68.65639400039726
1047,3,1047,141210000000.0,35.1817332,-97.43592178862303,9.067261198678963,1.2,32.84543906303205,-68.65639400039726
1048,3,1048,141220000000.0,35.18173320300011,-97.43592279551076,9.069909996722586,1.0884337084122353,32.93634808943911,-68.65606236819559
1049,3,1049,141230000000.0,35.18173321251765,-97.4359237329887,9.069624470450485,1.0,33.02099030320445,-68.65501029906866
1050,3,1050,141240000000.0,35.18173322203519,-97.43592467046662,9.069338944178382,1.0,33.10563251568672,-68.65395822994174
1051,3,1051,141250000000.0,35.181733231552734,-97.43592560794454,9.069053417906279,1.0,33.19027472816901,-68.65290616081481
1052,3,1052,141260000000.0,35.181733241070276,-97.43592654542248,9.068767891634176,1.0,33.27491694193434,-68.65185409168788
1053,3,1053,141270000000.0,35.18173325058782,-97.4359274829004,9.068482365362073,1.0,33.35955915441662,-68.65080202256095
1054,3,1054,141280000000.0,35.18173326010536,-97.43592842037832,9.068196839089971,1.0,33.4442013668989,-68.64974995343402
1055,3,1055,141290000000.0,35.1817332696229,-97.43592935785625,9.067911312817868,1.0,33.52884358066424,-68.6486978843071
1056,3,1056,141300000000.0,35.181733279140445,-97.43593029533417,9.067625786545765,1.0,33.613485793146516,-68.64764581518017
1057,3,1057,141310000000.0,35.18173328865799,-97.43593123281211,9.067340260273662,1.0,33.69812800691185,-68.64659374605324
1058,3,1058,141320000000.0,35.18173329817553,-97.43593217029003,9.06705473400156,1.0,33.78277021939413,-68.64554167692631
1059,3,1059,141330000000.0,35.18173330769307,-97.43593310776795,9.066769207729457,1.0,33.86741243187642,-68.64448960779939
1060,3,1060,141340000000.0,35.181733317210615,-97.43593404524589,9.066483681457354,1.0,33.952054645641745,-68.64343753867246
1061,3,1061,141350000000.0,35.18173332672816,-97.43593498272381,9.066198155185251,1.0,34.03669685812403,-68.64238546954553
1062,3,1062,141360000000.0,35.1817333362457,-97.43593592020174,9.065912628913148,1.0,34.121339071889366,-68.6413334004186
1063,3,1063,141370000000.0,35.18173334576324,-97.43593685767966,9.065627102641047,1.0,34.205981284371646,-68.64028133129167
1064,3,1064,141380000000.0,35.181733355280784,-97.43593779515759,9.065341576368944,1.0,34.290623496853925,-68.63922926216475
1065,3,1065,141390000000.0,35.181733364798326,-97.43593873263552,9.06505605009684,1.0,34.37526571061926,-68.63817719303782
1066,3,1066,141400000000.0,35.18173337431587,-97.43593967011344,9.064770523824738,1.0,34.45990792310154,-68.63712512391089
1067,3,1067,141410000000.0,35.18173338383341,-97.43594060759136,9.064484997552636,1.0,34.54455013558382,-68.63607305478396
1068,3,1068,141420000000.0,35.18173339335095,-97.4359415450693,9.064199471280533,1.0,34.629192349349154,-68.63502098565704
1069,3,1069,141430000000.0,35.18173340152714,-97.43594250695467,9.06563403730364,1.0,34.71603824151033,-68.63411718996389
1070,3,1070,141440000000.0,35.181733406594105,-97.43594352541533,9.071055693517565,1.0,34.807992154112426,-68.63355708759599
1071,3,1071,141450000000.0,35.18173341166107,-97.43594454387598,9.076477349731489,1.0,34.89994606671451,-68.63299698522809
1072,3,1072,141460000000.0,35.18173341672804,-97.43594556233663,9.081899005945413,1.0,34.991899979316614,-68.63243688207476
1073,3,1073,141470000000.0,35.18173342179501,-97.43594658079728,9.087320662159337,1.0,35.0838538919187,-68.63187677970686
1074,3,1074,141480000000.0,35.18173342686198,-97.43594759925794,9.092742318373263,1.0,35.17580780580385,-68.63131667655352
1075,3,1075,141490000000.0,35.18173343192895,-97.4359486177186,9.098163974587187,0.9423083507916995,35.26776171840595,-68.63075657418563
1076,3,1076,141500000000.0,35.18173343699591,-97.43594963617925,9.103585630801112,0.9,35.35971563100804,-68.63019647181773
1077,3,1077,141510000000.0,35.181733442062885,-97.4359506546399,9.109007287015036,0.977398367864134,35.45166954361013,-68.62963636866439
1078,3,1078,141520000000.0,35.18173344712985,-97.43595167310055,9.114428943228962,1.0,35.543623456212224,-68.6290762662965
1079,3,1079,141530000000.0,35.18173345219682,-97.4359526915612,9.119850599442886,1.0,35.63557736881432,-68.62851616314316
1080,3,1080,141540000000.0,35.18173345726379,-97.43595371002186,9.12527225565681,1.0,35.727531282699466,-68.62795606077526
1081,3,1081,141550000000.0,35.18173346233076,-97.43595472848251,9.130693911870734,1.0,35.81948519530156,-68.62739595762193
1082,3,1082,141560000000.0,35.18173346739773,-97.43595574694316,9.136115568084659,1.0,35.911439107903654,-68.62683585525403
1083,3,1083,141570000000.0,35.18173347246469,-97.43595676540382,9.141537224298585,1.0,36.00339302050574,-68.62627575288613
1084,3,1084,141580000000.0,35.181733477531665,-97.43595778386447,9.146958880512509,1.0,36.09534693310784,-68.6257156497328
1085,3,1085,141590000000.0,35.18173348259863,-97.43595880232512,9.152380536726433,1.0,36.18730084570993,-68.6251555473649
1086,3,1086,141600000000.0,35.1817334876656,-97.43595982078578,9.157802192940357,1.0,36.279254759595084,-68.62459544421156
1087,3,1087,141610000000.0,35.18173349273257,-97.43596083924643,9.163223849154281,1.0,36.37120867219717,-68.62403534184367
1088,3,1088,141620000000.0,35.181733497799534,-97.43596185770708,9.168645505368207,1.0,36.463162584799264,-68.62347523947577
1089,3,1089,141630000000.0,35.1817335,-97.43596299052386,9.174008222765389,1.0,36.565441386475854,-68.62323200000972
1090,3,1090,141640000000.0,35.1817335,-97.43596421112568,9.179325696009661,1.0,36.675646049460234,-68.62323200000972
1091,3,1091,141650000000.0,35.1817335,-97.43596543172748,9.184643169253935,1.0,36.78585071116156,-68.62323200000972
1092,3,1092,141660000000.0,35.1817335,-97.4359666523293,9.189960642498207,1.0,36.89605537414594,-68.62323200000972
1093,3,1093,141670000000.0,35.1817335,-97.43596787293112,9.195278115742479,1.0,37.00626003713032,-68.62323200000972
1094,3,1094,141680000000.0,35.1817335,-97.43596909353292,9.20059558898675,1.0,37.11646469883164,-68.62323200000972
1095,3,1095,141690000000.0,35.1817335,-97.43597031413474,9.205913062231023,1.0,37.22666936181602,-68.62323200000972
1096,3,1096,141700000000.0,35.1817335,-97.43597153473655,9.211230535475297,1.0,37.3368740248004,-68.62323200000972
1097,3,1097,141710000000.0,35.1817335,-97.43597275533837,9.216548008719569,1.0,37.44707868778478,-68.62323200000972
1098,3,1098,141720000000.0,35.1817335,-97.43597397594017,9.22186548196384,0.9686886804964149,37.5572833494861,-68.62323200000972
1099,3,1099,141730000000.0,35.1817335,-97.43597519654199,9.227182955208113,0.9060138333415646,37.667488012470486,-68.62323200000972
1100,3,1100,141740000000.0,35.1817335,-97.4359764171438,9.232500428452385,0.9,37.777692675454865,-68.62323200000972
1101,3,1101,141750000000.0,35.1817335,-97.43597763774561,9.237817901696658,0.9,37.88789733715618,-68.62323200000972
1102,3,1102,141760000000.0,35.1817335,-97.43597885834743,9.24313537494093,0.9434785930026874,37.99810200014056,-68.62323200000972
1103,3,1103,141770000000.0,35.1817335,-97.43598007894924,9.248452848185202,1.0,38.10830666312495,-68.62323200000972
1104,3,1104,141780000000.0,35.1817335,-97.43598129955105,9.253770321429474,1.0,38.21851132482627,-68.62323200000972
1105,3,1105,141790000000.0,35.18173350033856,-97.43598251692808,9.25896614384006,1.0,38.3284248312447,-68.62319457565334
1106,3,1106,141800000000.0,35.181733520844276,-97.43598354221365,9.256915572695506,1.0,38.42099494637944,-68.6209278737806
1107,3,1107,141810000000.0,35.181733541349985,-97.43598456749922,9.25486500155095,1.0,38.51356506151417,-68.6186611726933
1108,3,1108,141820000000.0,35.181733561855694,-97.43598559278479,9.252814430406394,1.0,38.606135176648905,-68.61639447160599
1109,3,1109,141830000000.0,35.18173358236141,-97.43598661807036,9.25076385926184,1.0,38.69870529178364,-68.61412776973324
1110,3,1110,141840000000.0,35.18173360286712,-97.43598764335594,9.248713288117283,1.0,38.79127540820143,-68.61186106864594
1111,3,1111,141850000000.0,35.18173362337283,-97.43598866864151,9.246662716972727,1.0,38.88384552333616,-68.60959436755863
1112,3,1112,141860000000.0,35.181733643878545,-97.43598969392708,9.244612145828173,1.0,38.9764156384709,-68.60732766568589
1113,3,1113,141870000000.0,35.181733664384254,-97.43599071921265,9.242561574683616,1.0,39.068985753605624,-68.60506096459858
1114,3,1114,141880000000.0,35.18173368488997,-97.43599174449822,9.24051100353906,1.0,39.161555868740365,-68.60279426272584
1115,3,1115,141890000000.0,35.181733701966145,-97.43599270054631,9.239157291224824,0.9,39.24787472830694,-68.6009066623258
1116,3,1116,141900000000.0,35.181733709438255,-97.43599346270193,9.239755060334069,0.9,39.316687589566186,-68.60008069528178
1117,3,1117,141910000000.0,35.18173371691037,-97.43599422485754,9.240352829443315,0.9,39.385500449542384,-68.59925472745232
1118,3,1118,141920000000.0,35.18173372438248,-97.43599498701316,9.24095059855256,0.9,39.45431331080163,-68.5984287604083
1119,3,1119,141930000000.0,35.1817337318546,-97.43599574916877,9.241548367661807,0.9,39.52312617077783,-68.59760279257884
1120,3,1120,141940000000.0,35.18173373932671,-97.43599651132438,9.242146136771051,1.0,39.59193903075402,-68.59677682553482
1121,3,1121,141950000000.0,35.18173374679883,-97.43599727348,9.242743905880298,1.0,39.66075189201327,-68.59595085770536
1122,3,1122,141960000000.0,35.181733754270944,-97.4359980356356,9.243341674989543,1.0,39.729564751989464,-68.5951248898759
1123,3,1123,141970000000.0,35.181733761743054,-97.43599879779123,9.243939444098789,1.0,39.79837761324872,-68.59429892283188
1124,3,1124,141980000000.0,35.18173376921517,-97.43599955994684,9.244537213208034,1.0,39.86719047322491,-68.59347295500243
1125,3,1125,141990000000.0,35.18173377668728,-97.43600032210246,9.24513498231728,0.9799672232046795,39.93600333448416,-68.5926469879584
1126,3,1126,142000000000.0,35.1817337841594,-97.43600108425807,9.245732751426525,0.9,40.00481619446036,-68.59182102012895
1127,3,1127,142010000000.0,35.18173379163151,-97.43600184641369,9.246330520535771,0.9428900149901555,40.07362905571961,-68.59099505308492
1128,3,1128,142020000000.0,35.181733799103625,-97.4360026085693,9.246928289645016,1.0,40.142441915695805,-68.59016908525547
1129,3,1129,142030000000.0,35.1817338,-97.43600357090149,9.253689533122474,1.0,40.22932814975447,-68.59006999962219
1130,3,1130,142040000000.0,35.1817338,-97.43600456052098,9.261290958293122,0.9,40.31867807640052,-68.59006999962219
1131,3,1131,142050000000.0,35.1817338,-97.4360055501405,9.26889238346377,0.9,40.40802800432962,-68.59006999962219
1132,3,1132,142060000000.0,35.1817338,-97.43600653975999,9.276493808634418,0.9,40.49737793097568,-68.59006999962219
1133,3,1133,142070000000.0,35.1817338,-97.4360075293795,9.284095233805065,0.9,40.58672785890479,-68.59006999962219
1134,3,1134,142080000000.0,35.1817338,-97.436008518999,9.291696658975713,0.9,40.67607778683389,-68.59006999962219
1135,3,1135,142090000000.0,35.1817338,-97.4360095086185,9.299298084146361,0.9,40.765427713479944,-68.59006999962219
1136,3,1136,142100000000.0,35.1817338,-97.436010498238,9.30689950931701,0.9,40.854777641409044,-68.59006999962219
1137,3,1137,142110000000.0,35.1817338,-97.43601148785751,9.314500934487658,0.9,40.94412756933816,-68.59006999962219
1138,3,1138,142120000000.0,35.1817338,-97.43601247747701,9.322102359658306,0.9,41.03347749598421,-68.59006999962219
1139,3,1139,142130000000.0,35.1817338,-97.43601346709652,9.329703784828954,0.9,41.12282742391331,-68.59006999962219
1140,3,1140,142140000000.0,35.1817338,-97.43601445671602,9.337305209999602,0.9,41.21217735184242,-68.59006999962219
1141,3,1141,142150000000.0,35.1817338,-97.43601544633552,9.344906635170249,0.9,41.30152727848847,-68.59006999962219
1142,3,1142,142160000000.0,35.1817338,-97.43601643595503,9.352508060340897,0.9,41.39087720641757,-68.59006999962219
1143,3,1143,142170000000.0,35.1817338,-97.43601742557453,9.360109485511545,0.9,41.480227134346684,-68.59006999962219
1144,3,1144,142180000000.0,35.1817338,-97.43601841519403,9.367710910682193,0.9,41.569577060992735,-68.59006999962219
1145,3,1145,142190000000.0,35.1817338,-97.43601940481354,9.375312335852842,0.9,41.658926988921834,-68.59006999962219
1146,3,1146,142200000000.0,35.1817338,-97.43602039443303,9.38291376102349,0.9,41.748276915567885,-68.59006999962219
1147,3,1147,142210000000.0,35.1817338,-97.43602138405254,9.390515186194138,0.9,41.837626843497,-68.59006999962219
1148,3,1148,142220000000.0,35.1817338,-97.43602237367205,9.398116611364784,0.9,41.9269767714261,-68.59006999962219
1149,3,1149,142230000000.0,35.1817338,-97.43602336329154,9.405718036535433,0.9,42.01632669807215,-68.59006999962219
1150,3,1150,142240000000.0,35.181733805070614,-97.43602443947451,9.403059047706654,0.9,42.11349219439351,-68.58950949432668
1151,3,1151,142250000000.0,35.18173381033655,-97.43602551899212,9.400004802779085,0.9,42.21095876659923,-68.58892739745215
1152,3,1152,142260000000.0,35.18173381560249,-97.43602659850973,9.396950557851518,0.9,42.30842533752189,-68.58834530057763
1153,3,1153,142270000000.0,35.18173382086843,-97.43602767802733,9.39389631292395,0.9,42.40589190844455,-68.5877632037031
1154,3,1154,142280000000.0,35.18173382613437,-97.43602875754493,9.390842067996381,0.9,42.50335847936721,-68.58718110682858
1155,3,1155,142290000000.0,35.18173383140031,-97.43602983706253,9.387787823068814,0.9,42.60082505028987,-68.58659900995406
1156,3,1156,142300000000.0,35.18173383666625,-97.43603091658014,9.384733578141246,0.9,42.69829162121253,-68.58601691307953
1157,3,1157,142310000000.0,35.181733841932186,-97.43603199609774,9.381679333213677,0.9,42.795758192135196,-68.58543481620501
1158,3,1158,142320000000.0,35.181733847198124,-97.43603307561534,9.37862508828611,0.9,42.89322476305785,-68.58485271933048
1159,3,1159,142330000000.0,35.18173385246406,-97.43603415513294,9.375570843358542,0.9,42.99069133398051,-68.58427062245596
1160,3,1160,142340000000.0,35.18173385773,-97.43603523465056,9.372516598430973,0.9,43.08815790618623,-68.58368852558144
1161,3,1161,142350000000.0,35.18173386299594,-97.43603631416816,9.369462353503407,0.9099338565941143,43.185624477108895,-68.58310642870691
1162,3,1162,142360000000.0,35.18173386826188,-97.43603739368577,9.366408108575838,1.0,43.28309104803155,-68.58252433183239
1163,3,1163,142370000000.0,35.18173387352782,-97.43603847320337,9.36335386364827,0.9887438317958169,43.38055761895421,-68.58194223495786
1164,3,1164,142380000000.0,35.18173387879376,-97.43603955272097,9.360299618720703,0.9282319386975796,43.47802418987687,-68.58136013808334
1165,3,1165,142390000000.0,35.181733884059696,-97.43604063223857,9.357245373793134,0.9,43.57549076079953,-68.58077804120882
1166,3,1166,142400000000.0,35.181733889325635,-97.43604171175618,9.354191128865565,0.7949009294792377,43.672957331722195,-68.58019594433429
1167,3,1167,142410000000.0,35.18173389459158,-97.43604279127378,9.351136883937999,0.7070965842529229,43.77042390264485,-68.57961384667433
1168,3,1168,142420000000.0,35.18173389985752,-97.43604387079138,9.34808263901043,0.7193968624414963,43.86789047356751,-68.57903174979981
1169,3,1169,142430000000.0,35.1817339,-97.43604484571863,9.340368706186622,0.8320055121934053,43.955913879023136,-68.57901600027844
1170,3,1170,142440000000.0,35.1817339,-97.43604581773725,9.332525189559512,0.8377766508192708,44.04367467337861,-68.57901600027844
1171,3,1171,142450000000.0,35.1817339,-97.43604678975586,9.324681672932401,0.8,44.13143546645102,-68.57901600027844
1172,3,1172,142460000000.0,35.1817339,-97.43604776177449,9.316838156305293,0.8,44.2191962608065,-68.57901600027844
1173,3,1173,142470000000.0,35.1817339,-97.43604873379311,9.308994639678183,0.8,44.30695705516197,-68.57901600027844
1174,3,1174,142480000000.0,35.1817339,-97.43604970581174,9.301151123051072,0.8,44.39471784951744,-68.57901600027844
1175,3,1175,142490000000.0,35.1817339,-97.43605067783037,9.293307606423962,0.8108987346620556,44.48247864387291,-68.57901600027844
1176,3,1176,142500000000.0,35.1817339,-97.43605164984899,9.285464089796852,1.0214893424009712,44.570239438228384,-68.57901600027844
1177,3,1177,142510000000.0,35.1817339,-97.43605262186762,9.277620573169742,1.1,44.65800023258386,-68.57901600027844
1178,3,1178,142520000000.0,35.1817339,-97.43605359388624,9.269777056542631,1.1,44.745761026939334,-68.57901600027844
1179,3,1179,142530000000.0,35.1817339,-97.43605456590487,9.261933539915521,1.1,44.8335218212948,-68.57901600027844
1180,3,1180,142540000000.0,35.1817339,-97.4360555379235,9.254090023288413,1.1,44.92128261565028,-68.57901600027844
1181,3,1181,142550000000.0,35.1817339,-97.43605650994212,9.246246506661302,1.1,45.009043410005745,-68.57901600027844
1182,3,1182,142560000000.0,35.1817339,-97.43605748196075,9.238402990034192,1.1,45.09680420436121,-68.57901600027844
1183,3,1183,142570000000.0,35.1817339,-97.43605845397937,9.230559473407082,1.1,45.184564998716695,-68.57901600027844
1184,3,1184,142580000000.0,35.1817339,-97.436059425998,9.222715956779972,1.1,45.27232579307216,-68.57901600027844
1185,3,1185,142590000000.0,35.1817339,-97.43606039801662,9.214872440152861,1.1,45.36008658742764,-68.57901600027844
1186,3,1186,142600000000.0,35.1817339,-97.43606137003525,9.207028923525751,1.1,45.447847381783106,-68.57901600027844
1187,3,1187,142610000000.0,35.1817339,-97.43606234205386,9.199185406898643,1.1,45.53560817485552,-68.57901600027844
1188,3,1188,142620000000.0,35.1817339,-97.43606331407248,9.191341890271532,1.1,45.62336896921099,-68.57901600027844
1189,3,1189,142630000000.0,35.18173389902163,-97.43606429665199,9.18442276278569,1.1,45.712083275530475,-68.57912414903396
1190,3,1190,142640000000.0,35.18173389391127,-97.43606532383377,9.181407652088279,1.1,45.804824594174846,-68.57968904804693
1191,3,1191,142650000000.0,35.18173388880091,-97.43606635101555,9.178392541390865,1.1,45.89756591281922,-68.5802539470599
1192,3,1192,142660000000.0,35.18173388369056,-97.43606737819734,9.175377430693452,1.1,45.99030723146358,-68.58081884528744
1193,3,1193,142670000000.0,35.181733878580204,-97.43606840537912,9.17236231999604,1.1,46.08304855010795,-68.58138374430041
1194,3,1194,142680000000.0,35.181733873469845,-97.4360694325609,9.169347209298627,1.0485737594777038,46.17578986875232,-68.58194864331338
1195,3,1195,142690000000.0,35.18173386835949,-97.43607045974268,9.166332098601213,1.0,46.26853118739668,-68.58251354232635
1196,3,1196,142700000000.0,35.18173386324913,-97.43607148692446,9.1633169879038,1.0,46.36127250604105,-68.58307844133932
1197,3,1197,142710000000.0,35.18173385813878,-97.43607251410623,9.160301877206388,1.0,46.454013823402356,-68.58364333956686
1198,3,1198,142720000000.0,35.18173385302842,-97.43607354128801,9.157286766508975,1.0,46.54675514204673,-68.58420823857983
1199,3,1199,142730000000.0,35.18173384791806,-97.43607456846979,9.154271655811561,1.0,46.63949646069109,-68.5847731375928
1200,3,1200,142740000000.0,35.1817338428077,-97.43607559565157,9.151256545114148,1.0,46.73223777933546,-68.58533803660578
1201,3,1201,142750000000.0,35.18173383769735,-97.43607662283335,9.148241434416736,1.0,46.824979097979835,-68.58590293483331
1202,3,1202,142760000000.0,35.18173383258699,-97.43607765001514,9.145226323719323,1.0,46.9177204166242,-68.58646783384629
1203,3,1203,142770000000.0,35.181733827476634,-97.43607867719692,9.142211213021909,1.0,47.010461735268564,-68.58703273285926
1204,3,1204,142780000000.0,35.181733822366276,-97.4360797043787,9.139196102324496,1.0,47.103203053912935,-68.58759763187223
1205,3,1205,142790000000.0,35.18173381725592,-97.43608073156048,9.136180991627084,1.0,47.1959443725573,-68.5881625308852
1206,3,1206,142800000000.0,35.181733812145566,-97.43608175874226,9.13316588092967,1.0,47.288685691201664,-68.58872742911274
1207,3,1207,142810000000.0,35.18173380703521,-97.43608278592403,9.130150770232257,1.0,47.38142700856297,-68.58929232812571
1208,3,1208,142820000000.0,35.18173380192485,-97.43608381310581,9.127135659534844,1.0,47.474168327207344,-68.58985722713868
1209,3,1209,142830000000.0,35.18173380312399,-97.436084812302,9.120564257765782,1.0,47.56438290637931,-68.58972467416521
1210,3,1210,142840000000.0,35.181733808135654,-97.43608579458785,9.111843964903066,1.0,47.653070699596256,-68.58917068482967
1211,3,1211,142850000000.0,35.18173381314732,-97.43608677687372,9.103123672040349,1.0,47.74175849409627,-68.58861669549412
1212,3,1212,142860000000.0,35.18173381815898,-97.43608775915958,9.094403379177633,1.0,47.830446287313215,-68.58806270615858
1213,3,1213,142870000000.0,35.18173382317064,-97.43608874144545,9.085683086314917,1.0,47.919134081813226,-68.58750871760847
1214,3,1214,142880000000.0,35.1817338281823,-97.43608972373131,9.0769627934522,1.0,48.00782187631323,-68.58695472827293
1215,3,1215,142890000000.0,35.18173383319397,-97.43609070601717,9.068242500589484,1.0,48.09650966953019,-68.58640073893739
1216,3,1216,142900000000.0,35.18173383820563,-97.43609168830304,9.059522207726767,1.0,48.185197464030196,-68.58584674960184
1217,3,1217,142910000000.0,35.181733843217295,-97.43609267058889,9.050801914864051,1.0,48.273885257247144,-68.5852927602663
1218,3,1218,142920000000.0,35.18173384822895,-97.43609365287476,9.042081622001335,1.0,48.362573051747155,-68.58473877171619
1219,3,1219,142930000000.0,35.181733853240615,-97.43609463516063,9.033361329138618,1.0,48.451260846247166,-68.58418478238065
1220,3,1220,142940000000.0,35.18173385825228,-97.43609561744648,9.024641036275902,1.0,48.539948639464114,-68.5836307930451
1221,3,1221,142950000000.0,35.18173386326394,-97.43609659973235,9.015920743413185,1.0,48.628636433964125,-68.58307680370956
1222,3,1222,142960000000.0,35.1817338682756,-97.4360975820182,9.007200450550469,1.0,48.717324227181074,-68.58252281515945
1223,3,1223,142970000000.0,35.181733873287264,-97.43609856430407,8.998480157687753,1.0,48.806012021681084,-68.5819688258239
1224,3,1224,142980000000.0,35.18173387829893,-97.43609954658994,8.989759864825036,1.0,48.894699816181095,-68.58141483648836
1225,3,1225,142990000000.0,35.18173388331059,-97.4361005288758,8.98103957196232,1.0,48.983387609398044,-68.58086084715282
1226,3,1226,143000000000.0,35.18173388832225,-97.43610151116167,8.972319279099603,1.0,49.072075403898054,-68.58030685860271
1227,3,1227,143010000000.0,35.18173389333391,-97.43610249344752,8.963598986236887,1.0,49.160763197115,-68.57975286926717
1228,3,1228,143020000000.0,35.18173389834558,-97.43610347573339,8.954878693374171,1.0,49.249450991615014,-68.57919887993162
1229,3,1229,143030000000.0,35.18173390817769,-97.43610458505825,8.94508985193414,1.0,49.349608774599474,-68.5781120380733
1230,3,1230,143040000000.0,35.18173392038528,-97.43610575698689,8.934774438325729,1.0,49.4554188754427,-68.57676261151099
1231,3,1231,143050000000.0,35.18173393259287,-97.43610692891554,8.924459024717319,1.0,49.56122897628593,-68.57541318416324
1232,3,1232,143060000000.0,35.181733944800456,-97.43610810084418,8.914143611108907,1.0,49.667039077129154,-68.57406375760092
1233,3,1233,143070000000.0,35.18173395700805,-97.43610927277282,8.903828197500495,1.0,49.77284917797238,-68.57271433025318
1234,3,1234,143080000000.0,35.181733969215635,-97.43611044470147,8.893512783892085,1.0,49.87865927881561,-68.57136490369086
1235,3,1235,143090000000.0,35.18173398142323,-97.43611161663011,8.883197370283673,1.0,49.98446937965883,-68.57001547634312
1236,3,1236,143100000000.0,35.18173399363082,-97.43611278855876,8.872881956675263,1.0,50.09027948050206,-68.56866604899537
1237,3,1237,143110000000.0,35.18173400583841,-97.43611396048742,8.862566543066851,1.0,50.196089582628346,-68.56731662243305
1238,3,1238,143120000000.0,35.181734018046,-97.43611513241606,8.852251129458441,1.0,50.301899683471575,-68.5659671950853
1239,3,1239,143130000000.0,35.18173403025359,-97.43611630434471,8.84193571585003,1.0,50.4077097843148,-68.564617768523
1240,3,1240,143140000000.0,35.18173404246118,-97.43611747627335,8.831620302241618,1.0,50.51351988515803,-68.56326834117525
1241,3,1241,143150000000.0,35.18173405466877,-97.436118648202,8.821304888633207,1.0,50.619329986001254,-68.5619189138275
1242,3,1242,143160000000.0,35.18173406687636,-97.43611982013064,8.810989475024796,1.0,50.72514008684448,-68.56056948726518
1243,3,1243,143170000000.0,35.18173407908395,-97.43612099205929,8.800674061416386,1.0,50.83095018768771,-68.55922005991744
1244,3,1244,143180000000.0,35.18173409129154,-97.43612216398793,8.790358647807974,1.0,50.936760288530934,-68.55787063335512
1245,3,1245,143190000000.0,35.18173409718404,-97.4361232703323,8.78305631923077,0.9671247745352762,51.03664897199289,-68.55721927613033
1246,3,1246,143200000000.0,35.18173408735986,-97.43612421345387,8.783252802888498,0.9,51.12180073284367,-68.55830524144437
1247,3,1247,143210000000.0,35.18173407753567,-97.43612515657541,8.783449286546226,0.9,51.20695249241138,-68.55939120675842
1248,3,1248,143220000000.0,35.18173406771149,-97.43612609969698,8.783645770203952,0.9,51.29210425326216,-68.56047717207247
1249,3,1249,143230000000.0,35.181734057887304,-97.43612704281853,8.78384225386168,0.9,51.377256012829875,-68.56156313738651
1250,3,1250,143240000000.0,35.18173404806312,-97.43612798594009,8.784038737519406,0.9,51.46240777368066,-68.56264910270056
1251,3,1251,143250000000.0,35.18173403823894,-97.43612892906164,8.784235221177134,0.9,51.547559533248375,-68.56373506722917
1252,3,1252,143260000000.0,35.18173402841476,-97.4361298721832,8.784431704834862,0.9,51.63271129409915,-68.56482103254322
1253,3,1253,143270000000.0,35.181734018590575,-97.43613081530476,8.784628188492588,0.9,51.71786305494993,-68.56590699785727
1254,3,1254,143280000000.0,35.18173400876639,-97.43613175842631,8.784824672150316,0.9,51.80301481451765,-68.56699296317132
1255,3,1255,143290000000.0,35.181734,-97.43613267699877,8.783799481572917,0.9,51.88595010617124,-68.56796200014927
1256,3,1256,143300000000.0,35.181734,-97.4361333921215,8.77264971829085,0.9,51.9505165022144,-68.56796200014927
1257,3,1257,143310000000.0,35.181734,-97.43613410724426,8.761499955008784,0.9,52.01508289954062,-68.56796200014927
1258,3,1258,143320000000.0,35.181734,-97.43613482236701,8.750350191726715,0.9,52.07964929686685,-68.56796200014927
1259,3,1259,143330000000.0,35.181734,-97.43613553748976,8.739200428444649,0.9,52.14421569419307,-68.56796200014927
1260,3,1260,143340000000.0,35.181734,-97.4361362526125,8.728050665162582,0.9,52.208782090236234,-68.56796200014927
1261,3,1261,143350000000.0,35.181734,-97.43613696773525,8.716900901880514,0.9,52.27334848756246,-68.56796200014927
1262,3,1262,143360000000.0,35.181734,-97.436137682858,8.705751138598448,0.9,52.33791488488868,-68.56796200014927
1263,3,1263,143370000000.0,35.181734,-97.43613839798076,8.694601375316381,0.9,52.402481282214914,-68.56796200014927
1264,3,1264,143380000000.0,35.181734,-97.4361391131035,8.683451612034313,0.9,52.467047678258076,-68.56796200014927
1265,3,1265,143390000000.0,35.181734,-97.43613982822625,8.672301848752246,0.9,52.5316140755843,-68.56796200014927
1266,3,1266,143400000000.0,35.181734,-97.436140543349,8.66115208547018,0.9,52.59618047291052,-68.56796200014927
1267,3,1267,143410000000.0,35.181734,-97.43614125847175,8.650002322188113,0.9,52.66074687023675,-68.56796200014927
1268,3,1268,143420000000.0,35.181733999009275,-97.43614199362347,8.640128794200333,0.9,52.72712162564355,-68.5680715147744
1269,3,1269,143430000000.0,35.18173398938234,-97.43614290336917,8.641380296219362,0.9,52.809259975570676,-68.56913567644227
1270,3,1270,143440000000.0,35.1817339797554,-97.43614381311487,8.64263179823839,0.9,52.89139832421475,-68.57019983811014
1271,3,1271,143450000000.0,35.18173397012846,-97.43614472286056,8.64388330025742,0.9,52.97353667285881,-68.57126399977801
1272,3,1272,143460000000.0,35.18173396050152,-97.43614563260627,8.645134802276448,0.9,53.05567502278594,-68.57232816223132
1273,3,1273,143470000000.0,35.18173395087458,-97.43614654235196,8.646386304295477,0.9,53.137813371430006,-68.57339232389918
1274,3,1274,143480000000.0,35.18173394124764,-97.43614745209766,8.647637806314506,0.9,53.21995172007407,-68.57445648556705
1275,3,1275,143490000000.0,35.181733931620705,-97.43614836184337,8.648889308333535,0.9,53.3020900700012,-68.57552064723492
1276,3,1276,143500000000.0,35.18173392199377,-97.43614927158906,8.650140810352564,0.9,53.38422841864527,-68.5765848089028
1277,3,1277,143510000000.0,35.18173391236683,-97.43615018133475,8.651392312371593,0.8533971137184626,53.46636676728934,-68.57764897057066
1278,3,1278,143520000000.0,35.18173390273989,-97.43615109108046,8.652643814390622,0.8,53.548505117216465,-68.57871313223853
1279,3,1279,143530000000.0,35.181733893112956,-97.43615200082616,8.65389531640965,0.8,53.63064346586053,-68.5797772939064
1280,3,1280,143540000000.0,35.18173388348601,-97.43615291057185,8.65514681842868,0.8,53.7127818145046,-68.5808414563597
1281,3,1281,143550000000.0,35.18173387385907,-97.43615382031756,8.656398320447709,0.8,53.79492016443172,-68.58190561802758
1282,3,1282,143560000000.0,35.181733864232136,-97.43615473006325,8.657649822466738,0.8,53.877058513075795,-68.58296977969545
1283,3,1283,143570000000.0,35.1817338546052,-97.43615563980894,8.658901324485766,0.8,53.95919686171986,-68.58403394136332
1284,3,1284,143580000000.0,35.18173384497826,-97.43615654955465,8.660152826504795,0.8,54.04133521164699,-68.58509810303119
1285,3,1285,143590000000.0,35.181733835351324,-97.43615745930035,8.661404328523824,0.8,54.12347356029105,-68.58616226469906
1286,3,1286,143600000000.0,35.181733825724386,-97.43615836904604,8.662655830542853,0.8,54.205611908935126,-68.58722642636693
1287,3,1287,143610000000.0,35.18173381609744,-97.43615927879175,8.663907332561882,0.8,54.28775025886225,-68.58829058882023
1288,3,1288,143620000000.0,35.181733806470504,-97.43616018853744,8.665158834580911,0.8,54.36988860750632,-68.5893547504881
1289,3,1289,143630000000.0,35.18173379831043,-97.43616112101863,8.665645189934203,0.8,54.454079678968796,-68.59025676481707
1290,3,1290,143640000000.0,35.18173379315734,-97.4361621001062,8.66456304051399,0.8,54.542478708522246,-68.59082638742976
1291,3,1291,143650000000.0,35.181733788004244,-97.43616307919378,8.663480891093776,0.7582484365708461,54.63087773807571,-68.59139601082788
1292,3,1292,143660000000.0,35.181733782851154,-97.43616405828134,8.662398741673563,0.7,54.719276766346105,-68.59196563344057
1293,3,1293,143670000000.0,35.181733777698064,-97.43616503736891,8.66131659225335,0.7,54.80767579589956,-68.59253525605325
1294,3,1294,143680000000.0,35.181733772544966,-97.43616601645648,8.660234442833136,0.7,54.89607482545301,-68.59310487945137
1295,3,1295,143690000000.0,35.181733767391876,-97.43616699554406,8.659152293412921,0.7,54.98447385500648,-68.59367450206406
1296,3,1296,143700000000.0,35.181733762238785,-97.43616797463163,8.658070143992708,0.7,55.07287288455993,-68.59424412467675
1297,3,1297,143710000000.0,35.181733757085695,-97.43616895371919,8.656987994572495,0.7,55.16127191283033,-68.59481374728944
1298,3,1298,143720000000.0,35.1817337519326,-97.43616993280676,8.655905845152281,0.6819426143519006,55.249670942383794,-68.59538337068756
1299,3,1299,143730000000.0,35.18173374677951,-97.43617091189434,8.654823695732068,0.60205013684383,55.338069971937244,-68.59595299330024
1300,3,1300,143740000000.0,35.18173374162642,-97.43617189098191,8.653741546311855,0.6,55.426469001490695,-68.59652261591293
1301,3,1301,143750000000.0,35.18173373647332,-97.43617287006948,8.652659396891641,0.6,55.51486803104416,-68.59709223931105
1302,3,1302,143760000000.0,35.18173373132023,-97.43617384915706,8.651577247471428,0.6,55.60326706059762,-68.59766186192374
1303,3,1303,143770000000.0,35.18173372616714,-97.43617482824462,8.650495098051215,0.6,55.69166608886801,-68.59823148453643
1304,3,1304,143780000000.0,35.18173372101404,-97.43617580733219,8.649412948631001,0.6,55.78006511842146,-68.59880110793455
1305,3,1305,143790000000.0,35.18173371586095,-97.43617678641976,8.648330799210788,0.6,55.868464147974926,-68.59937073054724
1306,3,1306,143800000000.0,35.18173371070786,-97.43617776550734,8.647248649790573,0.6,55.95686317752838,-68.59994035315992
1307,3,1307,143810000000.0,35.18173370555476,-97.43617874459491,8.64616650037036,0.6,56.045262207081834,-68.60050997655804
1308,3,1308,143820000000.0,35.18173370040167,-97.43617972368249,8.645084350950146,0.6,56.1336612366353,-68.60107959917073
1309,3,1309,143830000000.0,35.18173369534378,-97.43618068468233,8.64518624891134,0.6,56.22042717634432,-68.60163869853949
1310,3,1310,143840000000.0,35.18173369029393,-97.43618164415311,8.645388242758266,0.6,56.30705506162023,-68.60219690879703
1311,3,1311,143850000000.0,35.18173368524409,-97.43618260362388,8.645590236605189,0.6,56.39368294561308,-68.60275511826913
1312,3,1312,143860000000.0,35.18173368019424,-97.43618356309464,8.645792230452113,0.6,56.48031082960593,-68.60331332852667
1313,3,1313,143870000000.0,35.18173367514439,-97.43618452256543,8.645994224299038,0.6,56.566938714881836,-68.6038715387842
1314,3,1314,143880000000.0,35.18173367009455,-97.4361854820362,8.646196218145962,0.6,56.65356659887469,-68.60442974825631
1315,3,1315,143890000000.0,35.1817336650447,-97.43618644150698,8.646398211992885,0.6,56.74019448415059,-68.60498795851385
1316,3,1316,143900000000.0,35.181733659994855,-97.43618740097774,8.646600205839809,0.6,56.826822368143446,-68.60554616877138
1317,3,1317,143910000000.0,35.181733654945006,-97.43618836044851,8.646802199686734,0.5777505733653053,56.91345025213629,-68.60610437902892
1318,3,1318,143920000000.0,35.181733649895165,-97.4361893199193,8.647004193533657,0.5,57.0000781374122,-68.60666258850102
1319,3,1319,143930000000.0,35.181733644845316,-97.43619027939006,8.647206187380581,0.5,57.08670602140505,-68.60722079875856
1320,3,1320,143940000000.0,35.18173363979547,-97.43619123886083,8.647408181227505,0.5,57.173333905397904,-68.6077790090161
1321,3,1321,143950000000.0,35.181733634745626,-97.43619219833161,8.64761017507443,0.5,57.259961790673806,-68.6083372184882
1322,3,1322,143960000000.0,35.18173362969578,-97.43619315780238,8.647812168921353,0.5,57.34658967466666,-68.60889542874574
1323,3,1323,143970000000.0,35.18173362464593,-97.43619411727315,8.648014162768277,0.5,57.43321755865951,-68.60945363900328
1324,3,1324,143980000000.0,35.18173361959609,-97.43619507674393,8.6482161566152,0.48295529622109085,57.51984544393542,-68.61001184847538
1325,3,1325,143990000000.0,35.18173361454624,-97.4361960362147,8.648418150462126,0.4051922830474143,57.606473327928256,-68.61057005873292
1326,3,1326,144000000000.0,35.18173360949639,-97.43619699568546,8.64862014430905,0.4,57.6931012119211,-68.61112826899046
1327,3,1327,144010000000.0,35.18173360444655,-97.43619795515625,8.648822138155973,0.4,57.77972909719701,-68.61168647846256
1328,3,1328,144020000000.0,35.18173359940965,-97.43619891039567,8.647890139775349,0.4,57.86597494565314,-68.61224325765946
1329,3,1329,144030000000.0,35.18173359446819,-97.43619983444853,8.638600196571245,0.4,57.949405047192414,-68.61278948612224
1330,3,1330,144040000000.0,35.18173358952673,-97.4362007585014,8.62931025336714,0.4,58.03283515001475,-68.61333571537045
1331,3,1331,144050000000.0,35.181733584585274,-97.43620168255426,8.620020310163037,0.4,58.11626525155402,-68.61388194383323
1332,3,1332,144060000000.0,35.18173357964381,-97.43620260660711,8.610730366958933,0.4,58.19969535309329,-68.61442817308145
1333,3,1333,144070000000.0,35.181733574702356,-97.43620353065998,8.601440423754829,0.4,58.28312545591562,-68.61497440154423
1334,3,1334,144080000000.0,35.181733569760894,-97.43620445471284,8.592150480550725,0.30703759691455246,58.36655555745491,-68.61552063079245
1335,3,1335,144090000000.0,35.18173356481944,-97.4362053787657,8.58286053734662,0.28625219989607736,58.449985660277235,-68.61606685925523
1336,3,1336,144100000000.0,35.181733559877976,-97.43620630281856,8.573570594142517,0.2,58.53341576181651,-68.61661308850344
1337,3,1337,144110000000.0,35.181733554936514,-97.43620722687142,8.564280650938414,0.2,58.61684586335578,-68.61715931775166
1338,3,1338,144120000000.0,35.18173354999506,-97.43620815092429,8.55499070773431,0.2,58.70027596617811,-68.61770554621444
1339,3,1339,144130000000.0,35.181733545053596,-97.43620907497714,8.545700764530206,0.2,58.78370606771738,-68.61825177546265
1340,3,1340,144140000000.0,35.18173354011214,-97.43620999903,8.536410821326102,0.18747065260277612,58.86713616925667,-68.61879800392543
1341,3,1341,144150000000.0,35.18173353517068,-97.43621092308287,8.527120878121998,0.1,58.950566272078994,-68.61934423317365
1342,3,1342,144160000000.0,35.181733530229224,-97.43621184713572,8.517830934917894,0.08695300382550268,59.033996373618265,-68.61989046163643
1343,3,1343,144170000000.0,35.18173352528776,-97.4362127711886,8.50854099171379,0.03415905012696155,59.1174264764406,-68.62043669088465
1344,3,1344,144180000000.0,35.181733520346306,-97.43621369524145,8.499251048509686,0.0,59.20085657797987,-68.62098291934743
1345,3,1345,144190000000.0,35.181733515404844,-97.4362146192943,8.489961105305584,0.0,59.28428667951914,-68.62152914859564
1346,3,1346,144200000000.0,35.18173351046338,-97.43621554334717,8.48067116210148,0.0,59.36771678234148,-68.62207537784386
1347,3,1347,144210000000.0,35.181733505521926,-97.43621646740003,8.471381218897376,0.0,59.45114688388075,-68.62262160630664
1348,3,1348,144220000000.0,35.181733500580464,-97.4362173914529,8.462091275693272,-0.061428581058675075,59.53457698670309,-68.62316783555485
1349,3,1349,144230000000.0,35.181733491184225,-97.43621831986695,8.461352630951048,-0.1,59.618400848359556,-68.62420649575355
1350,3,1350,144240000000.0,35.18173348119504,-97.43621924886152,8.461752198503083,-0.1834989303690921,59.702277122919554,-68.62531070041456
1351,3,1351,144250000000.0,35.181733471205845,-97.43622017785607,8.462151766055117,-0.3934887290271061,59.7861533961965,-68.626414905861
1352,3,1352,144260000000.0,35.18173346121666,-97.43622110685064,8.46255133360715,-0.4,59.870029670756495,-68.627519110522
1353,3,1353,144270000000.0,35.18173345122747,-97.43622203584519,8.462950901159184,-0.4,59.95390594403344,-68.628623315183
1354,3,1354,144280000000.0,35.18173344123828,-97.43622296483976,8.46335046871122,-0.3349850219929181,60.037782218593435,-68.62972752062944
1355,3,1355,144290000000.0,35.18173343124909,-97.43622389383431,8.463750036263253,-0.3,60.12165849187038,-68.63083172529045
1356,3,1356,144300000000.0,35.181733421259906,-97.43622482282888,8.464149603815287,-0.3014938354381224,60.205534766430375,-68.63193592995145
1357,3,1357,144310000000.0,35.18173341127071,-97.43622575182343,8.46454917136732,-0.3984552113588313,60.28941103970732,-68.63304013539789
1358,3,1358,144320000000.0,35.18173340128153,-97.43622668081798,8.464948738919356,-0.4,60.373287312984246,-68.6341443400589
1359,3,1359,144330000000.0,35.18173339129234,-97.43622760981255,8.46534830647139,-0.4,60.457163587544244,-68.6352485447199
1360,3,1360,144340000000.0,35.18173338130315,-97.4362285388071,8.465747874023423,-0.4,60.541039860821186,-68.63635275016634
1361,3,1361,144350000000.0,35.18173337131396,-97.43622946780167,8.466147441575457,-0.4,60.624916135381184,-68.63745695482734
1362,3,1362,144360000000.0,35.18173336132477,-97.43623039679622,8.466547009127492,-0.4,60.70879240865813,-68.63856116027378
1363,3,1363,144370000000.0,35.18173335133558,-97.43623132579079,8.466946576679526,-0.32594659551814675,60.792668683218125,-68.63966536493479
1364,3,1364,144380000000.0,35.181733341346394,-97.43623225478534,8.46734614423156,-0.3,60.87654495649507,-68.64076956959579
1365,3,1365,144390000000.0,35.1817333313572,-97.4362331837799,8.467745711783593,-0.3,60.960421231055065,-68.64187377504223
1366,3,1366,144400000000.0,35.181733321368014,-97.43623411277446,8.468145279335628,-0.3,61.04429750433201,-68.64297797970323
1367,3,1367,144410000000.0,35.18173331137883,-97.43623504176901,8.468544846887662,-0.380287061730582,61.12817377760895,-68.64408218436424
1368,3,1368,144420000000.0,35.181733301389635,-97.43623597076358,8.468944414439695,-0.4,61.21205005216895,-68.64518638981068
1369,3,1369,144430000000.0,35.1817333,-97.43623704522888,8.462336911245892,-0.4,61.30906046531653,-68.64534000026808
1370,3,1370,144440000000.0,35.1817333,-97.43623814320142,8.454597104725575,-0.4,61.408193280292345,-68.64534000026808
1371,3,1371,144450000000.0,35.1817333,-97.43623924117398,8.44685729820526,-0.4,61.50732609655124,-68.64534000026808
1372,3,1372,144460000000.0,35.1817333,-97.43624033914652,8.439117491684943,-0.3051693880597981,61.60645891152706,-68.64534000026808
1373,3,1373,144470000000.0,35.1817333,-97.43624143711908,8.431377685164625,-0.3,61.705591727785944,-68.64534000026808
1374,3,1374,144480000000.0,35.1817333,-97.43624253509164,8.423637878644309,-0.3725653153315756,61.80472454404482,-68.64534000026808
1375,3,1375,144490000000.0,35.1817333,-97.43624363306418,8.415898072123992,-0.4,61.90385735902064,-68.64534000026808
1376,3,1376,144500000000.0,35.1817333,-97.43624473103674,8.408158265603676,-0.4,62.002990175279535,-68.64534000026808
1377,3,1377,144510000000.0,35.1817333,-97.4362458290093,8.40041845908336,-0.4,62.102122991538415,-68.64534000026808
1378,3,1378,144520000000.0,35.1817333,-97.43624692698184,8.392678652563044,-0.32285982688539927,62.20125580651424,-68.64534000026808
1379,3,1379,144530000000.0,35.1817333,-97.4362480249544,8.384938846042726,-0.22308322317481294,62.30038862277311,-68.64534000026808
1380,3,1380,144540000000.0,35.1817333,-97.43624912292695,8.37719903952241,-0.2,62.39952143903199,-68.64534000026808
1381,3,1381,144550000000.0,35.1817333,-97.4362502208995,8.369459233002093,-0.2,62.49865425400782,-68.64534000026808
1382,3,1382,144560000000.0,35.1817333,-97.43625131887205,8.361719426481777,-0.29094744453356824,62.59778707026671,-68.64534000026808
1383,3,1383,144570000000.0,35.1817333,-97.43625241684461,8.35397961996146,-0.3,62.696919886525585,-68.64534000026808
1384,3,1384,144580000000.0,35.1817333,-97.43625351481715,8.346239813441143,-0.3,62.79605270150141,-68.64534000026808
1385,3,1385,144590000000.0,35.181733298591325,-97.43625453382396,8.3420284894306,-0.3,62.88805592457371,-68.645495714903
1386,3,1386,144600000000.0,35.18173329132272,-97.43625522434148,8.35249528153741,-0.3,62.95040078590823,-68.64629918633355
1387,3,1387,144610000000.0,35.18173328405411,-97.43625591485902,8.36296207364422,-0.21145930835734872,63.01274564852581,-68.64710265854953
1388,3,1388,144620000000.0,35.18173327678551,-97.43625660537656,8.373428865751027,-0.27369978513714033,63.07509051114338,-68.64790612998007
1389,3,1389,144630000000.0,35.181733269516904,-97.4362572958941,8.383895657857837,-0.22860594910686352,63.13743537376095,-68.64870960141062
1390,3,1390,144640000000.0,35.181733262248294,-97.43625798641163,8.394362449964644,-0.2,63.19978023637852,-68.6495130736266
1391,3,1391,144650000000.0,35.18173325497969,-97.43625867692916,8.404829242071454,-0.29793109793343825,63.26212509771304,-68.65031654505714
1392,3,1392,144660000000.0,35.18173324771109,-97.4362593674467,8.415296034178263,-0.20513914983418752,63.324469960330624,-68.65112001648768
1393,3,1393,144670000000.0,35.181733240442476,-97.43626005796423,8.425762826285071,-0.2,63.386814822948196,-68.65192348870366
1394,3,1394,144680000000.0,35.18173323317387,-97.43626074848177,8.43622961839188,-0.2,63.44915968556577,-68.6527269601342
1395,3,1395,144690000000.0,35.18173322590527,-97.43626143899931,8.44669641049869,-0.2,63.51150454818334,-68.65353043156475
1396,3,1396,144700000000.0,35.18173321863666,-97.43626212951683,8.457163202605498,-0.2,63.573849409517855,-68.65433390378072
1397,3,1397,144710000000.0,35.181733211368055,-97.43626282003437,8.467629994712308,-0.2,63.63619427213544,-68.65513737521127
1398,3,1398,144720000000.0,35.18173320409945,-97.43626351055191,8.478096786819115,-0.2,63.69853913475301,-68.65594084664181
1399,3,1399,144730000000.0,35.18173319344042,-97.43626430669345,8.483169120929347,-0.23772422600832244,63.770420487316215,-68.65711909573122
1400,3,1400,144740000000.0,35.181733178395724,-97.43626523946479,8.481263459026797,-0.3,63.85463775624905,-68.65878213664061
1401,3,1401,144750000000.0,35.181733163351026,-97.43626617223615,8.479357797124246,-0.23100238671710926,63.938855026464935,-68.66044517755
1402,3,1402,144760000000.0,35.18173314830633,-97.4362671050075,8.477452135221696,-0.2,64.02307229668084,-68.6621082184594
1403,3,1403,144770000000.0,35.18173313326163,-97.43626803777885,8.475546473319145,-0.2,64.10728956561366,-68.66377125936879
1404,3,1404,144780000000.0,35.18173311821693,-97.4362689705502,8.473640811416596,-0.2,64.19150683582956,-68.66543430027818
1405,3,1405,144790000000.0,35.18173310317223,-97.43626990332156,8.471735149514044,-0.2,64.27572410604544,-68.667097341973
1406,3,1406,144800000000.0,35.18173308812753,-97.4362708360929,8.469829487611495,-0.2,64.35994137497828,-68.6687603828824
1407,3,1407,144810000000.0,35.18173307308283,-97.43627176886426,8.467923825708944,-0.2,64.44415864519416,-68.67042342379179
1408,3,1408,144820000000.0,35.181733058038134,-97.43627270163562,8.466018163806394,-0.2,64.52837591541007,-68.67208646470118
1409,3,1409,144830000000.0,35.181733042993436,-97.43627363440696,8.464112501903843,-0.2,64.61259318434288,-68.67374950561057
1410,3,1410,144840000000.0,35.18173302794874,-97.43627456717832,8.462206840001294,-0.2,64.69681045455879,-68.67541254651996
1411,3,1411,144850000000.0,35.18173301290403,-97.43627549994967,8.460301178098742,-0.2,64.78102772477467,-68.67707558821479
1412,3,1412,144860000000.0,35.181732997859335,-97.43627643272102,8.458395516196193,-0.2,64.8652449937075,-68.67873862912418
1413,3,1413,144870000000.0,35.18173298281464,-97.43627736549237,8.456489854293642,-0.2,64.9494622639234,-68.68040167003358
1414,3,1414,144880000000.0,35.18173296776994,-97.43627829826373,8.454584192391092,-0.16247327916902513,65.03367953413928,-68.68206471094297
1415,3,1415,144890000000.0,35.18173295272524,-97.43627923103509,8.45267853048854,-0.1,65.11789680435518,-68.68372775185236
1416,3,1416,144900000000.0,35.18173293768054,-97.43628016380643,8.450772868585991,-0.1,65.20211407328802,-68.68539079276175
1417,3,1417,144910000000.0,35.181732922635845,-97.43628109657779,8.44886720668344,-0.03155768251011809,65.2863313435039,-68.68705383367114
1418,3,1418,144920000000.0,35.18173290759114,-97.43628202934914,8.44696154478089,0.0,65.37054861371979,-68.68871687536597
1419,3,1419,144930000000.0,35.181732905202395,-97.43628297862054,8.445141604464759,0.0,65.45625562545128,-68.68898092726056
1420,3,1420,144940000000.0,35.18173291570322,-97.43628394469658,8.443408968088082,0.0,65.54347988103828,-68.68782016585783
1421,3,1421,144950000000.0,35.18173292620405,-97.43628491077263,8.441676331711408,0.0,65.63070413662528,-68.6866594044551
1422,3,1422,144960000000.0,35.181732936704876,-97.43628587684867,8.439943695334732,0.0,65.71792839221231,-68.68549864305237
1423,3,1423,144970000000.0,35.1817329472057,-97.4362868429247,8.438211058958055,0.0,65.80515264651626,-68.68433788164964
1424,3,1424,144980000000.0,35.18173295770653,-97.43628780900075,8.43647842258138,0.0,65.89237690210327,-68.68317712024691
1425,3,1425,144990000000.0,35.181732968207356,-97.43628877507679,8.434745786204704,0.0,65.97960115769028,-68.68201635884418
1426,3,1426,145000000000.0,35.18173297870818,-97.43628974115283,8.43301314982803,0.0,66.0668254132773,-68.68085559744145
1427,3,1427,145010000000.0,35.18173298920901,-97.43629070722886,8.431280513451354,0.0,66.15404966758125,-68.67969483603872
1428,3,1428,145020000000.0,35.18173299970984,-97.43629167330491,8.429547877074679,0.0,66.24127392316827,-68.67853407463599
1429,3,1429,145030000000.0,35.181733010210664,-97.43629263938095,8.427815240698003,0.0,66.32849817875527,-68.67737331323326
1430,3,1430,145040000000.0,35.18173302071149,-97.436293605457,8.426082604321328,0.0,66.41572243434229,-68.67621255183053
1431,3,1431,145050000000.0,35.18173303121232,-97.43629457153303,8.424349967944652,0.0,66.50294668864625,-68.6750517904278
1432,3,1432,145060000000.0,35.181733041713144,-97.43629553760907,8.422617331567977,0.0,66.59017094423325,-68.67389102902507
1433,3,1433,145070000000.0,35.18173305221397,-97.43629650368511,8.420884695191301,0.0,66.67739519982027,-68.67273026762234
1434,3,1434,145080000000.0,35.1817330627148,-97.43629746976116,8.419152058814625,0.0,66.76461945540728,-68.67156950621961
1435,3,1435,145090000000.0,35.181733073215625,-97.43629843583719,8.41741942243795,0.0,66.85184370971123,-68.67040874481688
1436,3,1436,145100000000.0,35.18173308371645,-97.43629940191323,8.415686786061274,0.0,66.93906796529825,-68.66924798341415
1437,3,1437,145110000000.0,35.18173309421728,-97.43630036798928,8.4139541496846,0.0,67.02629222088525,-68.66808722201142
1438,3,1438,145120000000.0,35.181733097859116,-97.43630129178182,8.411116021860837,0.0,67.10969881937517,-68.66768465334346
1439,3,1439,145130000000.0,35.181733093094266,-97.43630216374976,8.406922952037037,0.0,67.18842632230137,-68.66821135984566
1440,3,1440,145140000000.0,35.181733088329416,-97.43630303571769,8.402729882213238,0.0,67.26715382394453,-68.66873806634786
1441,3,1441,145150000000.0,35.18173308356456,-97.43630390768561,8.39853681238944,0.0,67.34588132558768,-68.66926477363549
1442,3,1442,145160000000.0,35.18173307879971,-97.43630477965354,8.39434374256564,0.0,67.42460882723083,-68.66979148013769
1443,3,1443,145170000000.0,35.18173307403486,-97.43630565162147,8.390150672741841,0.0,67.50333632887398,-68.67031818663989
1444,3,1444,145180000000.0,35.18173306927,-97.4363065235894,8.38595760291804,0.0,67.58206383051713,-68.67084489392752
1445,3,1445,145190000000.0,35.18173306450515,-97.43630739555732,8.381764533094241,0.0,67.66079133216029,-68.67137160042972
1446,3,1446,145200000000.0,35.1817330597403,-97.43630826752525,8.377571463270442,0.0,67.73951883380343,-68.67189830693192
1447,3,1447,145210000000.0,35.181733054975446,-97.43630913949319,8.373378393446643,0.02069017243787498,67.81824633672964,-68.67242501421956
1448,3,1448,145220000000.0,35.181733050210596,-97.43631001146112,8.369185323622844,0.1728181828857845,67.8969738383728,-68.67295172072176
1449,3,1449,145230000000.0,35.181733045445746,-97.43631088342904,8.364992253799045,0.3653366953055067,67.97570134001596,-68.67347842722396
1450,3,1450,145240000000.0,35.18173304068089,-97.43631175539697,8.360799183975246,0.7,68.05442884165912,-68.67400513451159
1451,3,1451,145250000000.0,35.18173303591604,-97.4363126273649,8.356606114151447,0.6718858055337245,68.13315634330226,-68.67453184101379
1452,3,1452,145260000000.0,35.18173303115119,-97.43631349933283,8.352413044327648,0.6,68.21188384494542,-68.67505854751599
1453,3,1453,145270000000.0,35.18173302638634,-97.43631437130075,8.348219974503849,0.6485067549361044,68.29061134658856,-68.67558525401819
1454,3,1454,145280000000.0,35.18173302162148,-97.43631524326868,8.34402690468005,0.772195782661804,68.36933884823172,-68.67611196130582
1455,3,1455,145290000000.0,35.18173301685663,-97.43631611523662,8.339833834856249,0.9046934422701031,68.44806635115792,-68.67663866780802
1456,3,1456,145300000000.0,35.18173301209178,-97.43631698720455,8.33564076503245,1.0585493729496636,68.52679385280108,-68.67716537431022
1457,3,1457,145310000000.0,35.181733007326926,-97.43631785917248,8.33144769520865,1.2,68.60552135444422,-68.67769208159785
1458,3,1458,145320000000.0,35.181733002562076,-97.4363187311404,8.327254625384851,1.171037968729227,68.68424885608738,-68.67821878810005
1459,3,1459,145330000000.0,35.1817330071381,-97.4363196282859,8.322287522656804,1.1,68.76524956886765,-68.67771295450481
1460,3,1460,145340000000.0,35.1817330225786,-97.43632055471568,8.316420134008995,1.1,68.84889427590645,-68.67600616178322
1461,3,1461,145350000000.0,35.18173303801909,-97.43632148114547,8.310552745361184,1.129305437434037,68.93253898422832,-68.67429936984706
1462,3,1462,145360000000.0,35.18173305345959,-97.43632240757526,8.304685356713374,1.239303688121891,69.01618369255019,-68.67259257712547
1463,3,1463,145370000000.0,35.18173306890009,-97.43632333400504,8.298817968065563,1.3,69.09982839958899,-68.67088578440388
1464,3,1464,145380000000.0,35.18173308434058,-97.43632426043483,8.292950579417752,1.3,69.18347310791086,-68.66917899246772
1465,3,1465,145390000000.0,35.18173309978108,-97.43632518686461,8.287083190769943,1.3,69.26711781494966,-68.66747219974613
1466,3,1466,145400000000.0,35.181733115221576,-97.4363261132944,8.281215802122132,1.3,69.35076252327154,-68.66576540702454
1467,3,1467,145410000000.0,35.18173313066207,-97.43632703972419,8.275348413474322,1.3,69.4344072315934,-68.66405861508838
1468,3,1468,145420000000.0,35.181733146102566,-97.43632796615397,8.269481024826511,1.3,69.51805193863221,-68.66235182236679
1469,3,1469,145430000000.0,35.181733161543065,-97.43632889258376,8.263613636178702,1.3,69.60169664695407,-68.6606450296452
1470,3,1470,145440000000.0,35.181733176983556,-97.43632981901355,8.257746247530891,1.3,69.68534135527594,-68.65893823770904
1471,3,1471,145450000000.0,35.181733192424055,-97.43633074544333,8.25187885888308,1.3,69.76898606231475,-68.65723144498745
1472,3,1472,145460000000.0,35.18173320786455,-97.43633167187312,8.24601147023527,1.3,69.85263077063661,-68.65552465226585
1473,3,1473,145470000000.0,35.181733223305045,-97.43633259830291,8.24014408158746,1.3,69.93627547895848,-68.6538178603297
1474,3,1474,145480000000.0,35.181733238745544,-97.43633352473269,8.23427669293965,1.3,70.0199201859973,-68.6521110676081
1475,3,1475,145490000000.0,35.18173325418604,-97.43633445116248,8.228409304291839,1.3,70.10356489431916,-68.65040427488651
1476,3,1476,145500000000.0,35.181733269626534,-97.43633537759226,8.222541915644028,1.3,70.18720960135796,-68.64869748295035
1477,3,1477,145510000000.0,35.18173328506703,-97.43633630402205,8.216674526996218,1.3,70.27085430967983,-68.64699069022876
1478,3,1478,145520000000.0,35.18173330015965,-97.43633722841794,8.2108563137884,1.3,70.35431538294685,-68.64532235235288
1479,3,1479,145530000000.0,35.181733305016685,-97.43633809297081,8.206484979000837,1.3,70.43237340052383,-68.64478545563074
1480,3,1480,145540000000.0,35.18173330987373,-97.4363389575237,8.202113644213274,1.3,70.51043141938388,-68.64424855812317
1481,3,1481,145550000000.0,35.181733314730764,-97.43633982207658,8.19774230942571,1.3,70.58848943696086,-68.64371166140103
1482,3,1482,145560000000.0,35.181733319587806,-97.43634068662946,8.193370974638148,1.3,70.6665474558209,-68.64317476389346
1483,3,1483,145570000000.0,35.18173332444484,-97.43634155118234,8.188999639850584,1.3,70.74460547339788,-68.64263786717132
1484,3,1484,145580000000.0,35.181733329301885,-97.43634241573523,8.184628305063022,1.3,70.82266349225793,-68.64210096966374
1485,3,1485,145590000000.0,35.18173333415892,-97.4363432802881,8.180256970275458,1.3,70.90072150983492,-68.6415640729416
1486,3,1486,145600000000.0,35.181733339015956,-97.43634414484099,8.175885635487894,1.3,70.97877952869496,-68.64102717621947
1487,3,1487,145610000000.0,35.181733343873,-97.43634500939386,8.171514300700332,1.3,71.05683754627195,-68.6404902787119
1488,3,1488,145620000000.0,35.181733348730035,-97.43634587394675,8.167142965912769,1.3,71.13489556513198,-68.63995338198976
1489,3,1489,145630000000.0,35.18173335358708,-97.43634673849962,8.162771631125207,1.3,71.21295358270898,-68.63941648448218
1490,3,1490,145640000000.0,35.18173335844411,-97.43634760305251,8.158400296337643,1.3,71.29101160156901,-68.63887958776004
1491,3,1491,145650000000.0,35.181733363301156,-97.43634846760538,8.154028961550079,1.3,71.36906961914599,-68.63834269025247
1492,3,1492,145660000000.0,35.18173336815819,-97.43634933215827,8.149657626762517,1.3,71.44712763800604,-68.63780579353033
1493,3,1493,145670000000.0,35.18173337301523,-97.43635019671115,8.145286291974953,1.3,71.52518565558303,-68.6372688968082
1494,3,1494,145680000000.0,35.18173337787227,-97.43635106126403,8.140914957187391,1.3,71.60324367444308,-68.63673199930062
1495,3,1495,145690000000.0,35.181733382729306,-97.43635192581691,8.136543622399827,1.3,71.68130169202006,-68.63619510257848
1496,3,1496,145700000000.0,35.18173338758635,-97.43635279036978,8.132172287612264,1.3,71.75935970959704,-68.63565820507091
1497,3,1497,145710000000.0,35.181733392443384,-97.43635365492267,8.127800952824701,1.3018730101118283,71.83741772845708,-68.63512130834877
1498,3,1498,145720000000.0,35.18173339730043,-97.43635451947554,8.123429618037138,1.3795935294558825,71.91547574603406,-68.6345844108412
1499,3,1499,145730000000.0,35.181733402721655,-97.43635548445461,8.120129070386573,1.4,72.00260095855471,-68.63398514830791
1500,3,1500,145740000000.0,35.18173340884884,-97.43635657509424,8.118168369931237,1.4,72.10107170553736,-68.63330784898551
1501,3,1501,145750000000.0,35.18173341497603,-97.43635766573387,8.116207669475902,1.4,72.19954245252002,-68.6326305496631
1502,3,1502,145760000000.0,35.18173342110322,-97.4363587563735,8.114246969020565,1.4,72.29801319950269,-68.6319532503407
1503,3,1503,145770000000.0,35.18173342723041,-97.43635984701312,8.11228626856523,1.4,72.39648394648536,-68.63127595023286
1504,3,1504,145780000000.0,35.1817334333576,-97.43636093765274,8.110325568109893,1.4,72.49495469218498,-68.63059865091046
1505,3,1505,145790000000.0,35.18173343948479,-97.43636202829236,8.108364867654558,1.4,72.59342543916763,-68.62992135158805
1506,3,1506,145800000000.0,35.181733445611975,-97.436363118932,8.106404167199221,1.4,72.6918961861503,-68.62924405226565
1507,3,1507,145810000000.0,35.18173345173916,-97.43636420957162,8.104443466743886,1.4,72.79036693313296,-68.62856675294324
1508,3,1508,145820000000.0,35.18173345786636,-97.43636530021125,8.10248276628855,1.4659938968326833,72.88883768011561,-68.6278894528354
1509,3,1509,145830000000.0,35.181733463993545,-97.43636639085088,8.100522065833214,1.5,72.98730842709828,-68.627212153513
1510,3,1510,145840000000.0,35.18173347012073,-97.4363674814905,8.098561365377877,1.5,73.08577917408095,-68.6265348541906
1511,3,1511,145850000000.0,35.18173347624792,-97.43636857213014,8.096600664922542,1.5,73.18424992106362,-68.62585755486819
1512,3,1512,145860000000.0,35.18173348237511,-97.43636966276976,8.094639964467206,1.5850235207526642,73.28272066804628,-68.62518025554579
1513,3,1513,145870000000.0,35.1817334885023,-97.43637075340939,8.09267926401187,1.665160628052701,73.38119141502895,-68.62450295543795
1514,3,1514,145880000000.0,35.18173349462949,-97.43637184404902,8.090718563556534,1.7,73.47966216201162,-68.62382565611554
1515,3,1515,145890000000.0,35.18173349874835,-97.43637290764208,8.087022389711064,1.738859783997709,73.57569095140286,-68.62337035734001
1516,3,1516,145900000000.0,35.18173348861311,-97.43637377927244,8.071008715573907,1.9196600510645725,73.65438797529546,-68.62449070659565
1517,3,1517,145910000000.0,35.181733478477874,-97.4363746509028,8.05499504143675,2.0,73.73308499918807,-68.6256110558513
1518,3,1518,145920000000.0,35.181733468342635,-97.43637552253317,8.038981367299593,2.0,73.81178202308067,-68.62673140510694
1519,3,1519,145930000000.0,35.1817334582074,-97.43637639416353,8.022967693162435,2.039321193645224,73.89047904697325,-68.62785175436258
1520,3,1520,145940000000.0,35.181733448072166,-97.43637726579391,8.00695401902528,2.1,73.96917607214891,-68.62897210283279
1521,3,1521,145950000000.0,35.18173343793693,-97.43637813742427,7.990940344888122,2.1623883595387756,74.0478730960415,-68.63009245208843
1522,3,1522,145960000000.0,35.18173342780169,-97.43637900905463,7.974926670750965,2.2576684396954394,74.12657011993409,-68.63121280134408
1523,3,1523,145970000000.0,35.18173341766645,-97.436379880685,7.958912996613807,2.3935460377564963,74.20526714382669,-68.63233315059972
1524,3,1524,145980000000.0,35.18173340753122,-97.43638075231536,7.94289932247665,2.5301420485471673,74.28396416771929,-68.63345349906993
1525,3,1525,145990000000.0,35.18173340191269,-97.43638156449104,7.930081910445788,2.6369312227357895,74.35729319803725,-68.63407457153286
1526,3,1526,146000000000.0,35.18173340935715,-97.43638220471487,7.9265085681155725,2.843808314146934,74.4150971850387,-68.6332516606123
1527,3,1527,146010000000.0,35.18173341680161,-97.43638284493872,7.922935225785357,2.948900928882827,74.4729011733232,-68.63242874969174
1528,3,1528,146020000000.0,35.181733424246076,-97.43638348516255,7.919361883455142,3.039672206806521,74.53070516032463,-68.63160583877118
1529,3,1529,146030000000.0,35.18173343169054,-97.43638412538638,7.915788541124927,3.1505587394414225,74.58850914732606,-68.63078292785062
1530,3,1530,146040000000.0,35.181733439135,-97.43638476561021,7.912215198794712,3.335897204565448,74.6463131343275,-68.62996001693006
1531,3,1531,146050000000.0,35.181733446579464,-97.43638540583406,7.908641856464496,3.4481186965306563,74.704117122612,-68.6291371060095
1532,3,1532,146060000000.0,35.18173345402393,-97.43638604605789,7.905068514134281,3.7415680166322525,74.76192110961343,-68.62831419508893
1533,3,1533,146070000000.0,35.18173346146839,-97.43638668628172,7.901495171804066,4.0,74.81972509661487,-68.62749128416837
1534,3,1534,146080000000.0,35.18173346891285,-97.43638732650555,7.897921829473851,4.0,74.87752908361631,-68.62666837324781
1535,3,1535,146090000000.0,35.181733476357316,-97.43638796672938,7.894348487143636,4.0,74.93533307061774,-68.62584546232725
1536,3,1536,146100000000.0,35.18173348380178,-97.43638860695323,7.8907751448134205,4.021470912449422,74.99313705890224,-68.62502255140669
1537,3,1537,146110000000.0,35.18173349124624,-97.43638924717706,7.887201802483205,4.1,75.05094104590367,-68.62419964048613
1538,3,1538,146120000000.0,35.18173349869071,-97.43638988740089,7.883628460152989,4.138118434281005,75.10874503290512,-68.62337672878013
1539,3,1539,146130000000.0,35.1817335,-97.4363906932863,7.879009573073001,4.269968454882571,75.18150613188399,-68.62323200000972
1540,3,1540,146140000000.0,35.1817335,-97.43639153452514,7.874167558827355,4.303897623673454,75.25745919208406,-68.62323200000972
1541,3,1541,146150000000.0,35.1817335,-97.43639237576397,7.869325544581709,4.427150645585742,75.33341225100106,-68.62323200000972
1542,3,1542,146160000000.0,35.1817335,-97.43639321700282,7.864483530336063,4.5,75.40936531120113,-68.62323200000972
1543,3,1543,146170000000.0,35.1817335,-97.43639405824165,7.8596415160904165,4.524708431693477,75.48531837011814,-68.62323200000972
1544,3,1544,146180000000.0,35.1817335,-97.43639489948049,7.854799501844771,4.610428284910802,75.5612714303182,-68.62323200000972
1545,3,1545,146190000000.0,35.1817335,-97.43639574071933,7.8499574875991245,4.7277299799437555,75.63722449051826,-68.62323200000972
1546,3,1546,146200000000.0,35.1817335,-97.43639658195816,7.845115473353479,4.8,75.71317754943527,-68.62323200000972
1547,3,1547,146210000000.0,35.1817335,-97.43639742319701,7.8402734591078325,4.878173672855847,75.78913060963534,-68.62323200000972
1548,3,1548,146220000000.0,35.1817335,-97.43639826443585,7.835431444862186,5.100828747743781,75.8650836698354,-68.62323200000972
1549,3,1549,146230000000.0,35.1817335,-97.43639910567468,7.8305894306165404,5.3,75.94103672875241,-68.62323200000972
1550,3,1550,146240000000.0,35.1817335,-97.43639994691353,7.825747416370894,5.3,76.01698978895247,-68.62323200000972
1551,3,1551,146250000000.0,35.1817335,-97.43640078815237,7.8209054021252475,5.3,76.09294284915254,-68.62323200000972
1552,3,1552,146260000000.0,35.1817335,-97.4364016293912,7.816063387879602,5.3,76.16889590806954,-68.62323200000972
1553,3,1553,146270000000.0,35.1817335,-97.43640247063004,7.8112213736339555,5.563936259207305,76.24484896826961,-68.62323200000972
1554,3,1554,146280000000.0,35.1817335,-97.43640331186887,7.80637935938831,5.7,76.32080202718662,-68.62323200000972
1555,3,1555,146290000000.0,35.1817335,-97.43640415310772,7.8015373451426635,5.7,76.39675508738667,-68.62323200000972
1556,3,1556,146300000000.0,35.1817335,-97.43640499434656,7.796695330897017,5.7,76.47270814758674,-68.62323200000972
1557,3,1557,146310000000.0,35.1817335,-97.43640583558539,7.7918533166513715,5.843682163354934,76.54866120650375,-68.62323200000972
1558,3,1558,146320000000.0,35.1817335,-97.43640667682423,7.787011302405725,5.958086226217122,76.62461426670382,-68.62323200000972
1559,3,1559,146330000000.0,35.18173349620315,-97.4364075151386,7.779785495834868,6.051931597571246,76.70030328391142,-68.62365170370452
1560,3,1560,146340000000.0,35.18173348616093,-97.43640834864257,7.768638635492942,6.166366188979156,76.77555798483372,-68.62476177084446
1561,3,1561,146350000000.0,35.181733476118715,-97.43640918214655,7.757491775151016,6.275754535478838,76.85081268575603,-68.62587183719896
1562,3,1562,146360000000.0,35.1817334660765,-97.43641001565052,7.74634491480909,6.372108897530805,76.92606738667833,-68.62698190355346
1563,3,1563,146370000000.0,35.18173345603428,-97.43641084915448,7.735198054467165,6.454185092509878,77.00132208631757,-68.62809197069339
1564,3,1564,146380000000.0,35.181733445992066,-97.43641168265846,7.724051194125239,6.5,77.07657678723987,-68.62920203704789
1565,3,1565,146390000000.0,35.18173343594985,-97.43641251616243,7.712904333783313,6.561005096986562,77.15183148816216,-68.63031210340239
1566,3,1566,146400000000.0,35.18173342590763,-97.43641334966641,7.701757473441387,6.6,77.22708618908446,-68.63142217054232
1567,3,1567,146410000000.0,35.181733415865416,-97.43641418317037,7.690610613099462,6.73699271508617,77.3023408887237,-68.63253223689682
1568,3,1568,146420000000.0,35.1817334058232,-97.43641501667435,7.6794637527575365,6.8,77.377595589646,-68.63364230325132
1569,3,1569,146430000000.0,35.18173339578098,-97.43641585017832,7.668316892415611,6.891901554864504,77.4528502905683,-68.63475237039125
1570,3,1570,146440000000.0,35.18173338573877,-97.43641668368228,7.657170032073685,7.1,77.52810499020755,-68.63586243674575
1571,3,1571,146450000000.0,35.18173337569655,-97.43641751718626,7.646023171731759,7.1,77.60335969112985,-68.63697250310025
1572,3,1572,146460000000.0,35.18173336565433,-97.43641835069023,7.634876311389833,7.1,77.67861439205214,-68.63808257024019
1573,3,1573,146470000000.0,35.18173335561212,-97.43641918419421,7.6237294510479074,7.210595817465679,77.75386909297444,-68.63919263659469
1574,3,1574,146480000000.0,35.1817333455699,-97.43642001769817,7.612582590705982,7.3,77.82912379261367,-68.64030270294919
1575,3,1575,146490000000.0,35.18173333552768,-97.43642085120214,7.601435730364056,7.341512831664767,77.90437849353597,-68.64141277008912
1576,3,1576,146500000000.0,35.18173332548547,-97.43642168470612,7.590288870022131,7.4,77.97963319445827,-68.64252283644362
1577,3,1577,146510000000.0,35.18173331544325,-97.4364225182101,7.579142009680205,7.4,78.05488789538057,-68.64363290279812
1578,3,1578,146520000000.0,35.18173330540103,-97.43642335171405,7.567995149338279,7.4322767399127585,78.13014259501982,-68.64474296993805
1579,3,1579,146530000000.0,35.1817333,-97.43642418657636,7.5613712312290415,7.49219697170339,78.20551993572109,-68.64534000026808
1580,3,1580,146540000000.0,35.1817333,-97.43642502301937,7.560010751638419,7.630445512567961,78.28103999348681,-68.64534000026808
1581,3,1581,146550000000.0,35.1817333,-97.43642585946237,7.558650272047798,7.7,78.35656005125256,-68.64534000026808
1582,3,1582,146560000000.0,35.1817333,-97.43642669590538,7.557289792457176,7.7,78.43208010901832,-68.64534000026808
1583,3,1583,146570000000.0,35.1817333,-97.43642753234839,7.555929312866554,7.7,78.50760016678406,-68.64534000026808
1584,3,1584,146580000000.0,35.1817333,-97.4364283687914,7.554568833275932,7.7,78.5831202245498,-68.64534000026808
1585,3,1585,146590000000.0,35.1817333,-97.4364292052344,7.55320835368531,7.7,78.65864028231556,-68.64534000026808
1586,3,1586,146600000000.0,35.1817333,-97.43643004167741,7.551847874094689,7.7,78.73416034008129,-68.64534000026808
1587,3,1587,146610000000.0,35.1817333,-97.43643087812042,7.550487394504067,7.737683413036864,78.80968039784703,-68.64534000026808
1588,3,1588,146620000000.0,35.1817333,-97.43643171456343,7.549126914913445,7.8,78.88520045561279,-68.64534000026808
1589,3,1589,146630000000.0,35.1817333,-97.43643255100643,7.547766435322823,7.8,78.96072051337853,-68.64534000026808
1590,3,1590,146640000000.0,35.1817333,-97.43643338744944,7.546405955732201,7.8,79.03624057114428,-68.64534000026808
1591,3,1591,146650000000.0,35.1817333,-97.43643422389245,7.5450454761415795,7.8,79.11176062891003,-68.64534000026808
1592,3,1592,146660000000.0,35.1817333,-97.43643506033546,7.543684996550958,7.8,79.18728068667578,-68.64534000026808
1593,3,1593,146670000000.0,35.1817333,-97.43643589677846,7.542324516960336,7.8,79.2628007444415,-68.64534000026808
1594,3,1594,146680000000.0,35.1817333,-97.43643673322147,7.540964037369714,7.8,79.33832080220726,-68.64534000026808
1595,3,1595,146690000000.0,35.1817333,-97.43643756966448,7.539603557779092,7.8,79.413840859973,-68.64534000026808
1596,3,1596,146700000000.0,35.1817333,-97.43643840610748,7.53824307818847,7.8,79.48936091773875,-68.64534000026808
1597,3,1597,146710000000.0,35.1817333,-97.43643924255049,7.536882598597849,7.8,79.56488097550451,-68.64534000026808
1598,3,1598,146720000000.0,35.1817333,-97.4364400789935,7.535522119007227,7.8,79.64040103327025,-68.64534000026808
1599,3,1599,146730000000.0,35.18173328747335,-97.43644090106591,7.527546644517139,7.8,79.7146236105716,-68.64672469595604
1600,3,1600,146740000000.0,35.18173326714528,-97.43644171418853,7.515451445605215,7.8,79.78803813743367,-68.64897176040941
1601,3,1601,146750000000.0,35.18173324681722,-97.43644252731114,7.503356246693291,7.8,79.86145266301268,-68.65121882486278
1602,3,1602,146760000000.0,35.18173322648916,-97.43644334043375,7.491261047781367,7.8,79.93486718859171,-68.65346588853072
1603,3,1603,146770000000.0,35.18173320616109,-97.43644415355638,7.479165848869442,7.8,80.00828171545378,-68.65571295298409
1604,3,1604,146780000000.0,35.181733185833025,-97.43644496667899,7.467070649957519,7.8,80.08169624103279,-68.65796001743746
1605,3,1605,146790000000.0,35.18173316550496,-97.4364457798016,7.454975451045595,7.8,80.1551107666118,-68.66020708189083
1606,3,1606,146800000000.0,35.18173314517689,-97.43644659292423,7.442880252133671,7.8,80.22852529347387,-68.6624541463442
1607,3,1607,146810000000.0,35.181733124848826,-97.43644740604684,7.430785053221746,7.8,80.30193981905288,-68.66470121079757
1608,3,1608,146820000000.0,35.18173310452076,-97.43644821916945,7.4186898543098225,7.8,80.3753543446319,-68.66694827525095
1609,3,1609,146830000000.0,35.1817330841927,-97.43644903229207,7.406594655397899,7.8618876217016345,80.44876887149397,-68.66919533891888
1610,3,1610,146840000000.0,35.181733063864634,-97.43644984541469,7.394499456485974,7.9,80.52218339707298,-68.67144240337225
1611,3,1611,146850000000.0,35.18173304353657,-97.4364506585373,7.38240425757405,7.9,80.595597922652,-68.67368946782562
1612,3,1612,146860000000.0,35.1817330232085,-97.43645147165992,7.3703090586621265,7.989216012338134,80.66901244951407,-68.675936532279
1613,3,1613,146870000000.0,35.181733002880435,-97.43645228478253,7.358213859750202,8.206466918209577,80.74242697509308,-68.67818359673237
1614,3,1614,146880000000.0,35.18173298255237,-97.43645309790514,7.346118660838278,8.421907257289773,80.8158415006721,-68.68043066118574
1615,3,1615,146890000000.0,35.1817329622243,-97.43645391102777,7.334023461926354,8.646339993904125,80.88925602753417,-68.68267772563911
1616,3,1616,146900000000.0,35.18173294189624,-97.43645472415038,7.32192826301443,8.7,80.96267055311318,-68.68492478930705
1617,3,1617,146910000000.0,35.18173292156818,-97.436455537273,7.309833064102506,8.87306791574017,81.03608507997527,-68.68717185376042
1618,3,1618,146920000000.0,35.18173290124011,-97.43645635039562,7.297737865190582,9.222553326121865,81.10949960555428,-68.68941891821379
1619,3,1619,146930000000.0,35.18173288551095,-97.43645716791995,7.295357907025924,9.930370743586135,81.1833115505308,-68.69115761997463
1620,3,1620,146940000000.0,35.18173287008056,-97.43645798573026,7.293609130275972,10.3,81.2571493144757,-68.69286329502373
1621,3,1621,146950000000.0,35.18173285465018,-97.43645880354056,7.291860353526021,10.3,81.33098707842058,-68.69456896928739
1622,3,1622,146960000000.0,35.1817328392198,-97.43645962135086,7.29011157677607,10.3,81.40482484236547,-68.69627464355105
1623,3,1623,146970000000.0,35.18173282378941,-97.43646043916117,7.2883628000261185,10.700498994703047,81.47866260631037,-68.69798031860014
1624,3,1624,146980000000.0,35.18173280835903,-97.43646125697147,7.286614023276167,11.065176598425188,81.55250037025526,-68.6996859928638
1625,3,1625,146990000000.0,35.18173279292864,-97.43646207478177,7.284865246526215,11.424753622996676,81.62633813420014,-68.7013916679129
1626,3,1626,147000000000.0,35.18173277749826,-97.43646289259208,7.283116469776264,11.5,81.70017589814503,-68.70309734217656
1627,3,1627,147010000000.0,35.18173276206788,-97.43646371040238,7.281367693026313,11.842271588403053,81.77401366208993,-68.70480301644022
1628,3,1628,147020000000.0,35.18173274663749,-97.43646452821268,7.279618916276362,12.37927268216841,81.84785142603482,-68.70650869148932
1629,3,1629,147030000000.0,35.18173273120711,-97.43646534602298,7.27787013952641,12.866501377732614,81.92168918997972,-68.70821436575298
1630,3,1630,147040000000.0,35.181732715776725,-97.43646616383329,7.2761213627764585,13.0,81.99552695392461,-68.70992004080207
1631,3,1631,147050000000.0,35.181732700346345,-97.43646698164359,7.274372586026507,13.336055405924071,82.0693647178695,-68.71162571506574
1632,3,1632,147060000000.0,35.181732684915964,-97.4364677994539,7.272623809276556,13.640656955857493,82.1432024818144,-68.7133313893294
1633,3,1633,147070000000.0,35.18173266948558,-97.43646861726421,7.270875032526605,14.163584548894073,82.21704024704233,-68.71503706437849
1634,3,1634,147080000000.0,35.181732654055196,-97.43646943507451,7.269126255776653,14.641382695427367,82.29087801098723,-68.71674273864215
1635,3,1635,147090000000.0,35.181732638624815,-97.43647025288482,7.267377479026702,16.578153187261357,82.36471577493212,-68.71844841290581
1636,3,1636,147100000000.0,35.18173262319443,-97.43647107069512,7.26562870227675,17.1,82.43855353887702,-68.72015408795491
1637,3,1637,147110000000.0,35.18173260776405,-97.43647188850542,7.263879925526799,17.1,82.5123913028219,-68.72185976221857
1638,3,1638,147120000000.0,35.181732594383035,-97.4364727437397,7.261680014823784,17.1,82.58960797076536,-68.72333889926892
1639,3,1639,147130000000.0,35.181732583077526,-97.43647363687496,7.259023220052786,17.1,82.6702466111023,-68.72458861027994
1640,3,1640,147140000000.0,35.18173257177202,-97.43647453001023,7.256366425281787,17.1,82.75088525143924,-68.72583832129095
1641,3,1641,147150000000.0,35.18173256046651,-97.4364754231455,7.253709630510789,17.631710036155827,82.83152389177617,-68.72708803230196
1642,3,1642,147160000000.0,35.181732549161,-97.43647631628076,7.251052835739791,18.087028284681377,82.91216253211311,-68.72833774331298
1643,3,1643,147170000000.0,35.18173253785549,-97.43647720941603,7.248396040968792,18.923752147497872,82.99280117245006,-68.72958745432399
1644,3,1644,147180000000.0,35.18173252654998,-97.43647810255128,7.245739246197795,19.747954887960898,83.07343981150393,-68.730837165335
1645,3,1645,147190000000.0,35.18173251524447,-97.43647899568654,7.243082451426797,20.0,83.15407845184089,-68.73208687634602
1646,3,1646,147200000000.0,35.18173250393896,-97.43647988882181,7.240425656655798,20.669945002919953,83.23471709217782,-68.73333658735703
1647,3,1647,147210000000.0,35.18173249263345,-97.43648078195707,7.2377688618848,21.414787911309553,83.31535573251475,-68.73458629836804
1648,3,1648,147220000000.0,35.18173248132794,-97.43648167509234,7.235112067113802,21.94855456371462,83.3959943728517,-68.73583600937906
1649,3,1649,147230000000.0,35.18173247002243,-97.4364825682276,7.232455272342803,22.389065561724365,83.47663301318863,-68.73708572039007
1650,3,1650,147240000000.0,35.18173245871692,-97.43648346136287,7.229798477571805,23.008407958950105,83.55727165352558,-68.73833543140108
1651,3,1651,147250000000.0,35.18173244741141,-97.43648435449813,7.227141682800807,23.686594584953745,83.63791029386252,-68.7395851424121
1652,3,1652,147260000000.0,35.181732436105904,-97.43648524763339,7.224484888029808,25.040025033657347,83.71854893291639,-68.74083485342311
1653,3,1653,147270000000.0,35.181732424800394,-97.43648614076865,7.22182809325881,25.8,83.79918757325333,-68.74208456443412
1654,3,1654,147280000000.0,35.181732413494885,-97.43648703390392,7.219171298487812,25.8,83.87982621359026,-68.74333427544514
1655,3,1655,147290000000.0,35.181732402189375,-97.43648792703918,7.216514503716813,25.8,83.96046485392722,-68.74458398645615
1656,3,1656,147300000000.0,35.18173238735775,-97.43648858040557,7.206265466393312,26.070956294900498,84.0194554446863,-68.74622347455798
1657,3,1657,147310000000.0,35.18173237167927,-97.4364891761878,7.194193036769971,26.477935793135767,84.07324692689528,-68.74795657381853
1658,3,1658,147320000000.0,35.181732356000786,-97.43648977197005,7.182120607146631,26.789216731840266,84.12703840910427,-68.74968967307908
1659,3,1659,147330000000.0,35.181732340322306,-97.43649036775228,7.170048177523291,27.149402789663796,84.18082989131327,-68.75142277233962
1660,3,1660,147340000000.0,35.18173232464383,-97.43649096353452,7.15797574789995,27.60236755619412,84.23462137352226,-68.75315587081474
1661,3,1661,147350000000.0,35.18173230896535,-97.43649155931676,7.14590331827661,27.984529454812975,84.28841285573124,-68.75488897007529
1662,3,1662,147360000000.0,35.18173229328687,-97.436492155099,7.13383088865327,28.283814467870787,84.34220433794023,-68.75662206933583
1663,3,1663,147370000000.0,35.18173227760839,-97.43649275088124,7.121758459029929,28.535675123608076,84.39599582014922,-68.75835516859638
1664,3,1664,147380000000.0,35.18173226192991,-97.43649334666348,7.109686029406589,28.784681137615078,84.4497873023582,-68.76008826785693
1665,3,1665,147390000000.0,35.18173224625143,-97.43649394244572,7.097613599783249,29.080964122170187,84.5035787845672,-68.76182136711748
1666,3,1666,147400000000.0,35.18173223057295,-97.43649453822796,7.0855411701599085,29.307008673857876,84.55737026677619,-68.76355446637803
1667,3,1667,147410000000.0,35.18173221489447,-97.4364951340102,7.073468740536567,29.511589125935277,84.61116174898518,-68.76528756563857
1668,3,1668,147420000000.0,35.1817321979961,-97.43649573882554,7.061984970754636,29.858794516042543,84.66576880420024,-68.7671555113397
1669,3,1669,147430000000.0,35.1817321579226,-97.4364965152496,7.061684419509088,30.2,84.7358699220227,-68.77158523544878
1670,3,1670,147440000000.0,35.1817321178491,-97.43649729167365,7.06138386826354,30.2,84.8059710385621,-68.7760149603433
1671,3,1671,147450000000.0,35.1817320777756,-97.4364980680977,7.061083317017992,30.2,84.87607215638455,-68.78044468523782
1672,3,1672,147460000000.0,35.181732037702105,-97.43649884452175,7.060782765772445,30.319469726679312,84.94617327292397,-68.78487440934691
1673,3,1673,147470000000.0,35.1817319976286,-97.4364996209458,7.060482214526897,30.441474347456445,85.01627438946336,-68.78930413424143
1674,3,1674,147480000000.0,35.1817319575551,-97.43650039736985,7.06018166328135,30.52062408852657,85.08637550728584,-68.79373385913595
1675,3,1675,147490000000.0,35.181731917481606,-97.4365011737939,7.059881112035802,30.675941855746338,85.15647662382523,-68.79816358324504
1676,3,1676,147500000000.0,35.181731877408104,-97.43650195021796,7.059580560790254,30.85918687171571,85.22657774164769,-68.80259330813956
1677,3,1677,147510000000.0,35.1817318373346,-97.436502726642,7.059280009544707,31.021623430501602,85.2966788581871,-68.80702303303408
1678,3,1678,147520000000.0,35.18173179726111,-97.43650350306606,7.0589794582991585,31.23004724729922,85.36677997600955,-68.81145275714317
1679,3,1679,147530000000.0,35.181731757187606,-97.43650427949011,7.0586789070536105,31.44571739152684,85.43688109254896,-68.8158824820377
1680,3,1680,147540000000.0,35.181731717114104,-97.43650505591415,7.058378355808063,31.715891343261166,85.50698220908835,-68.82031220693221
1681,3,1681,147550000000.0,35.1817316770406,-97.43650583233821,7.058077804562515,32.08213034640834,85.57708332691082,-68.82474193182674
1682,3,1682,147560000000.0,35.18173163696711,-97.43650660876226,7.057777253316967,32.38526026740743,85.64718444345021,-68.82917165593582
1683,3,1683,147570000000.0,35.181731596893606,-97.43650738518632,7.05747670207142,32.63522763336331,85.71728556127267,-68.83360138083034
1684,3,1684,147580000000.0,35.181731556820104,-97.43650816161036,7.057176150825872,32.882948784361716,85.78738667781208,-68.83803110572487
1685,3,1685,147590000000.0,35.18173151674661,-97.43650893803442,7.056875599580325,33.5664371507481,85.85748779563454,-68.84246082983395
1686,3,1686,147600000000.0,35.18173147667311,-97.43650971445847,7.056575048334777,34.2,85.92758891217395,-68.84689055472847
1687,3,1687,147610000000.0,35.181731436599605,-97.43651049088251,7.056274497089229,34.2,85.99769002871335,-68.851320279623
1688,3,1688,147620000000.0,35.18173139568164,-97.43651126520724,7.055300425543947,34.37717213980995,86.0676016042837,-68.85584335177043
1689,3,1689,147630000000.0,35.1817313458666,-97.43651201741429,7.047230389748257,34.67134538494123,86.13551623668235,-68.86134990581141
1690,3,1690,147640000000.0,35.18173129605157,-97.43651276962133,7.039160353952567,35.01570589575458,86.20343086908099,-68.86685645985239
1691,3,1691,147650000000.0,35.18173124623653,-97.43651352182837,7.031090318156878,35.32301546262413,86.27134550147963,-68.87236301389336
1692,3,1692,147660000000.0,35.181731196421495,-97.4365142740354,7.023020282361188,35.5859326185665,86.33926013259523,-68.87786956793434
1693,3,1693,147670000000.0,35.18173114660646,-97.43651502624245,7.014950246565498,35.836857505180504,86.40717476499387,-68.88337612197532
1694,3,1694,147680000000.0,35.181731096791424,-97.43651577844949,7.006880210769808,36.08659992392545,86.47508939739252,-68.8888826760163
1695,3,1695,147690000000.0,35.18173104697639,-97.43651653065653,6.998810174974118,36.42408716572912,86.54300402979116,-68.89438923005727
1696,3,1696,147700000000.0,35.18173099716135,-97.43651728286356,6.990740139178428,36.682912134362965,86.61091866090675,-68.89989578409825
1697,3,1697,147710000000.0,35.18173094734632,-97.4365180350706,6.982670103382738,36.844528031803236,86.6788332933054,-68.90540233813923
1698,3,1698,147720000000.0,35.18173089753128,-97.43651878727765,6.974600067587048,37.04096118572415,86.74674792570404,-68.9109088921802
1699,3,1699,147730000000.0,35.181730847716246,-97.43651953948469,6.9665300317913585,37.15760937240184,86.81466255810268,-68.91641544622118
1700,3,1700,147740000000.0,35.18173079790121,-97.43652029169174,6.958459995995669,37.39353197243588,86.88257719050134,-68.92192200026216
1701,3,1701,147750000000.0,35.181730748086174,-97.43652104389876,6.950389960199979,37.65529520755798,86.95049182161692,-68.92742855430313
1702,3,1702,147760000000.0,35.18173069827114,-97.43652179610581,6.942319924404289,38.12482396944562,87.01840645401558,-68.93293510834411
1703,3,1703,147770000000.0,35.1817306484561,-97.43652254831285,6.934249888608599,38.7,87.0863210864142,-68.93844166238509
1704,3,1704,147780000000.0,35.18173059864107,-97.4365233005199,6.926179852812909,38.7,87.15423571881286,-68.94394821642607
1705,3,1705,147790000000.0,35.18173054882603,-97.43652405272692,6.918109817017219,38.7,87.22215034992846,-68.94945477046704
1706,3,1706,147800000000.0,35.181730499010996,-97.43652480493397,6.910039781221529,38.76878500527936,87.29006498232708,-68.95496132450802
1707,3,1707,147810000000.0,35.18173044919596,-97.43652555714101,6.9019697454258395,38.94781206823249,87.35797961472574,-68.960467878549
1708,3,1708,147820000000.0,35.18173039925737,-97.43652630915912,6.893915835029607,39.12287257703116,87.42587718887341,-68.96598809050076
1709,3,1709,147830000000.0,35.181730339500206,-97.43652704616409,6.887143357025719,39.39932912290014,87.49241926910668,-68.97259364727375
1710,3,1710,147840000000.0,35.18173027974305,-97.43652778316904,6.880370879021831,39.66336082945634,87.55896134805688,-68.97919920326132
1711,3,1711,147850000000.0,35.18173021998589,-97.43652852017401,6.873598401017944,39.95913386290166,87.62550342829016,-68.98580476003431
1712,3,1712,147860000000.0,35.18173016022873,-97.43652925717896,6.866825923014056,40.21401734831874,87.69204550724038,-68.99241031602187
1713,3,1713,147870000000.0,35.181730100471576,-97.43652999418393,6.860053445010168,40.463808279737485,87.75858758747366,-68.99901587200944
1714,3,1714,147880000000.0,35.18173004071441,-97.43653073118888,6.85328096700628,40.63522053271957,87.82512966642386,-69.00562142878243
1715,3,1715,147890000000.0,35.18172998095726,-97.43653146819385,6.846508489002392,41.008281979903145,87.89167174665712,-69.01222698477
1716,3,1716,147900000000.0,35.181729921200095,-97.4365322051988,6.839736010998505,41.36665736258828,87.95821382560733,-69.01883254154299
1717,3,1717,147910000000.0,35.18172986144294,-97.43653294220375,6.832963532994617,41.5985507590296,88.02475590455757,-69.02543809753055
1718,3,1718,147920000000.0,35.181729801685776,-97.43653367920872,6.826191054990729,42.124508771707895,88.09129798479083,-69.03204365430355
1719,3,1719,147930000000.0,35.18172974192862,-97.43653441621368,6.819418576986841,42.85430864112237,88.15784006374103,-69.03864921029111
1720,3,1720,147940000000.0,35.18172968217146,-97.43653515321864,6.812646098982953,43.1,88.22438214397431,-69.04525476706411
1721,3,1721,147950000000.0,35.1817296224143,-97.4365358902236,6.805873620979066,43.1,88.29092422292452,-69.05186032305167
1722,3,1722,147960000000.0,35.18172956265715,-97.43653662722856,6.799101142975178,43.187868045571086,88.35746630315779,-69.05846587903923
1723,3,1723,147970000000.0,35.181729502899984,-97.43653736423352,6.79232866497129,43.459003710162996,88.42400838210801,-69.06507143581223
1724,3,1724,147980000000.0,35.18172944314283,-97.43653810123848,6.785556186967402,43.62755044069914,88.49055046234128,-69.07167699179979
1725,3,1725,147990000000.0,35.181729383385665,-97.43653883824344,6.778783708963514,43.98142357554832,88.55709254129148,-69.07828254857279
1726,3,1726,148000000000.0,35.18172932362851,-97.43653957524839,6.7720112309596265,44.361220765848564,88.6236346202417,-69.08488810456035
1727,3,1727,148010000000.0,35.18172926387135,-97.43654031225336,6.765238752955739,44.594562735427466,88.69017670047498,-69.09149366133335
1728,3,1728,148020000000.0,35.18172920411419,-97.43654104925831,6.758466274951851,44.83823427949728,88.75671877942519,-69.09809921732091
1729,3,1729,148030000000.0,35.18172912239747,-97.4365418129732,6.7561084384225225,44.95828680247608,88.82567242289805,-69.10713218360513
1730,3,1730,148040000000.0,35.18172903905709,-97.43654257866301,6.754077016492281,45.197669827564276,88.89480437545362,-69.11634462939901
1731,3,1731,148050000000.0,35.1817289557167,-97.43654334435281,6.7520455945620395,45.45511206815954,88.96393632800918,-69.12555707597832
1732,3,1732,148060000000.0,35.18172887237631,-97.43654411004262,6.750014172631798,45.67671834261334,89.03306828056473,-69.13476952255763
1733,3,1733,148070000000.0,35.18172878903593,-97.43654487573242,6.747982750701557,45.81993003912116,89.1022002331203,-69.14398196835151
1734,3,1734,148080000000.0,35.18172870569554,-97.43654564142223,6.745951328771316,45.87559237668663,89.17133218567587,-69.15319441493082
1735,3,1735,148090000000.0,35.18172862235515,-97.43654640711203,6.743919906841074,45.98949485875892,89.24046413823142,-69.16240686151014
1736,3,1736,148100000000.0,35.18172853901476,-97.43654717280184,6.741888484910833,46.2,89.309596090787,-69.17161930808945
1737,3,1737,148110000000.0,35.18172845567438,-97.43654793849164,6.739857062980591,46.2,89.37872804334256,-69.18083175388333
1738,3,1738,148120000000.0,35.18172837233399,-97.43654870418145,6.73782564105035,46.26608900999339,89.44785999589811,-69.19004420046264
1739,3,1739,148130000000.0,35.181728288993604,-97.43654946987125,6.735794219120108,46.45144463081609,89.51699194845368,-69.19925664704195
1740,3,1740,148140000000.0,35.18172820565322,-97.43655023556106,6.733762797189867,46.5,89.58612390100924,-69.20846909283583
1741,3,1741,148150000000.0,35.18172812231283,-97.43655100125086,6.731731375259625,46.52522565143824,89.6552558535648,-69.21768153941514
1742,3,1742,148160000000.0,35.181728038972444,-97.43655176694067,6.7296999533293835,46.63272003341055,89.72438780612036,-69.22689398599445
1743,3,1743,148170000000.0,35.181727955632056,-97.43655253263047,6.727668531399142,46.71698502975779,89.79351975867593,-69.23610643257376
1744,3,1744,148180000000.0,35.181727872291674,-97.43655329832028,6.7256371094689005,46.77234835155709,89.86265171123148,-69.24531887836764
1745,3,1745,148190000000.0,35.181727788951285,-97.43655406401008,6.723605687538659,46.87899982481033,89.93178366378706,-69.25453132494695
1746,3,1746,148200000000.0,35.181727705610896,-97.43655482969989,6.721574265608417,47.03220944366994,90.00091561634262,-69.26374377152626
1747,3,1747,148210000000.0,35.181727622270515,-97.43655559538968,6.719542843678176,47.22971185451603,90.07004756761512,-69.27295621732014
1748,3,1748,148220000000.0,35.18172753754279,-97.4365563100672,6.721186002330979,47.36402965912779,90.1345737667463,-69.28232201987626
1749,3,1749,148230000000.0,35.181727452309154,-97.43655700614194,6.724169179781374,47.4,90.1974203728929,-69.29174374611435
1750,3,1750,148240000000.0,35.18172736707551,-97.43655770221669,6.727152357231769,47.48476338557994,90.26026698032258,-69.30116547313787
1751,3,1751,148250000000.0,35.181727281841866,-97.43655839829142,6.730135534682163,47.60301031088985,90.32311358646919,-69.3105872001614
1752,3,1752,148260000000.0,35.18172719660823,-97.43655909436616,6.7331187121325575,47.705837643465294,90.3859601926158,-69.32000892639948
1753,3,1753,148270000000.0,35.181727111374585,-97.4365597904409,6.736101889582953,48.00289605963151,90.4488067987624,-69.329430653423
1754,3,1754,148280000000.0,35.18172702614095,-97.43656048651563,6.739085067033347,48.1,90.51165340490901,-69.33885237966109
1755,3,1755,148290000000.0,35.1817269409073,-97.43656118259038,6.742068244483741,48.1,90.57450001233867,-69.34827410668461
1756,3,1756,148300000000.0,35.18172685567366,-97.43656187866512,6.745051421934137,48.1,90.63734661848528,-69.35769583370814
1757,3,1757,148310000000.0,35.18172677044002,-97.43656257473985,6.748034599384531,48.190195773123094,90.70019322463189,-69.36711755994622
1758,3,1758,148320000000.0,35.18172668520638,-97.43656327081459,6.751017776834925,48.27373921286089,90.7630398307785,-69.37653928696975
1759,3,1759,148330000000.0,35.181726599972734,-97.43656396688934,6.7540009542853205,48.48193899117676,90.82588643820816,-69.38596101399327
1760,3,1760,148340000000.0,35.1817265147391,-97.43656466296407,6.756984131735715,48.58796023984693,90.88873304435477,-69.39538274023136
1761,3,1761,148350000000.0,35.18172642950545,-97.43656535903881,6.759967309186109,48.69589067627037,90.95157965050137,-69.40480446725488
1762,3,1762,148360000000.0,35.181726344271816,-97.43656605511354,6.7629504866365036,48.807488608822865,91.01442625664798,-69.41422619349296
1763,3,1763,148370000000.0,35.18172625903817,-97.43656675118828,6.765933664086899,48.944775125714976,91.07727286279459,-69.42364792051649
1764,3,1764,148380000000.0,35.18172617380453,-97.43656744726303,6.768916841537293,49.06443912871882,91.14011947022425,-69.43306964754001
1765,3,1765,148390000000.0,35.18172608857089,-97.43656814333777,6.7719000189876875,49.1,91.20296607637086,-69.4424913737781
1766,3,1766,148400000000.0,35.181726003337246,-97.4365688394125,6.774883196438083,49.20998906835311,91.26581268251746,-69.45191310080162
1767,3,1767,148410000000.0,35.1817259181036,-97.43656953548724,6.777866373888477,49.513498387265294,91.32865928866407,-69.46133482782514
1768,3,1768,148420000000.0,35.181725832869965,-97.43657023156199,6.780849551338871,49.73891831451123,91.39150589609373,-69.47075655406323
1769,3,1769,148430000000.0,35.18172573550726,-97.4365709921815,6.778605644811023,49.8,91.4601800665233,-69.48151902781859
1770,3,1770,148440000000.0,35.18172563053083,-97.43657179331737,6.7730805698966705,49.88616381234248,91.53251234326956,-69.4931231223164
1771,3,1771,148450000000.0,35.181725525554405,-97.43657259445322,6.767555494982318,50.089192960071195,91.60484461873277,-69.50472721602878
1772,3,1772,148460000000.0,35.18172542057798,-97.4365733955891,6.762030420067965,50.303550592481855,91.67717689547905,-69.51633130974116
1773,3,1773,148470000000.0,35.18172531560156,-97.43657419672495,6.756505345153612,50.37591876643526,91.74950917094226,-69.52793540345354
1774,3,1774,148480000000.0,35.18172521062514,-97.43657499786082,6.75098027023926,50.79794597753935,91.82184144768853,-69.53953949716592
1775,3,1775,148490000000.0,35.18172510564872,-97.43657579899667,6.745455195324907,51.0,91.89417372315174,-69.5511435908783
1776,3,1776,148500000000.0,35.18172500067229,-97.43657660013254,6.739930120410555,51.0,91.966505999898,-69.56274768537611
1777,3,1777,148510000000.0,35.181724895695865,-97.4365774012684,6.734405045496202,51.089515102202135,92.03883827536121,-69.57435177908849
1778,3,1778,148520000000.0,35.18172479071944,-97.43657820240426,6.72887997058185,51.17447918274335,92.11117055210748,-69.58595587280087
1779,3,1779,148530000000.0,35.18172468574302,-97.43657900354013,6.723354895667497,51.337183139609685,92.18350282885376,-69.59755996651324
1780,3,1780,148540000000.0,35.1817245807666,-97.43657980467599,6.717829820753144,51.4,92.25583510431697,-69.60916406022562
1781,3,1781,148550000000.0,35.181724475790176,-97.43658060581186,6.712304745838791,51.501237285785045,92.32816738106324,-69.620768153938
1782,3,1782,148560000000.0,35.18172437081375,-97.43658140694771,6.706779670924439,51.69935516592373,92.40049965652646,-69.63237224843581
1783,3,1783,148570000000.0,35.181724265837325,-97.43658220808358,6.701254596010086,51.92723325715413,92.47283193327273,-69.64397634214819
1784,3,1784,148580000000.0,35.1817241608609,-97.43658300921943,6.695729521095734,52.0,92.54516420873594,-69.65558043586057
1785,3,1785,148590000000.0,35.18172405588448,-97.4365838103553,6.690204446181381,52.0,92.61749648548222,-69.66718452957295
1786,3,1786,148600000000.0,35.18172395090806,-97.43658461149116,6.684679371267029,52.1,92.68982876094542,-69.67878862328533
1787,3,1787,148610000000.0,35.181723818608425,-97.4365854633059,6.685944361148644,52.1,92.7667366893014,-69.693413024671
1788,3,1788,148620000000.0,35.18172366058263,-97.43658636283733,6.693602534147794,52.1,92.84795282103971,-69.71088119645586
1789,3,1789,148630000000.0,35.181723502556835,-97.43658726236877,6.701260707146943,52.1,92.92916895406108,-69.72834936745528
1790,3,1790,148640000000.0,35.18172334453104,-97.4365881619002,6.708918880146092,52.1,93.0103850857994,-69.7458175384547
1791,3,1791,148650000000.0,35.18172318650525,-97.43658906143163,6.716577053145241,52.1,93.09160121753771,-69.76328570945412
1792,3,1792,148660000000.0,35.18172302847946,-97.43658996096306,6.7242352261443905,52.1,93.17281734927603,-69.78075388045355
1793,3,1793,148670000000.0,35.18172287045367,-97.43659086049449,6.731893399143539,52.1,93.25403348101435,-69.79822205145297
1794,3,1794,148680000000.0,35.18172271242788,-97.43659176002593,6.739551572142688,52.1,93.33524961403572,-69.81569022245239
1795,3,1795,148690000000.0,35.181722575978455,-97.43659255723192,6.745021837766633,52.1,93.40722707274642,-69.83077334160754
1796,3,1796,148700000000.0,35.181722492728525,-97.43659310214056,6.745097519523604,52.095652813758115,93.45642532289028,-69.83997578882736
1797,3,1797,148710000000.0,35.181722409478596,-97.43659364704922,6.745173201280575,52.02340717511895,93.50562357431721,-69.84917823604718
1798,3,1798,148720000000.0,35.18172232622866,-97.43659419195787,6.745248883037545,52.0,93.55482182446107,-69.85838068405243
1799,3,1799,148730000000.0,35.18172224297873,-97.43659473686651,6.745324564794516,52.0,93.60402007460495,-69.86758313127226
1800,3,1800,148740000000.0,35.18172215972879,-97.43659528177517,6.745400246551487,52.0,93.65321832603186,-69.87678557927751
1801,3,1801,148750000000.0,35.18172207647886,-97.43659582668381,6.7454759283084575,51.921978995024205,93.70241657617572,-69.88598802649733
1802,3,1802,148760000000.0,35.181721993228926,-97.43659637159247,6.745551610065429,51.82473145723003,93.75161482760265,-69.89519047450258
1803,3,1803,148770000000.0,35.181721909979,-97.43659691650112,6.7456272918224,51.8,93.80081307774651,-69.9043929217224
1804,3,1804,148780000000.0,35.18172182672907,-97.43659746140976,6.7457029735793705,51.75528081194899,93.85001132789039,-69.91359536894223
1805,3,1805,148790000000.0,35.18172174347913,-97.43659800631842,6.745778655336341,51.7,93.8992095793173,-69.92279781694748
1806,3,1806,148800000000.0,35.1817216602292,-97.43659855122706,6.745854337093312,51.7,93.94840782946116,-69.9320002641673
1807,3,1807,148810000000.0,35.181721576979264,-97.43659909613572,6.745930018850283,51.485687696162444,93.99760608088809,-69.94120271217255
1808,3,1808,148820000000.0,35.181721489546746,-97.43659965652502,6.74588385269914,51.4,94.04820203497573,-69.95086750272492
1809,3,1809,148830000000.0,35.1817213507684,-97.43660040695609,6.744341871045884,51.4,94.11595631981521,-69.96620806120632
1810,3,1810,148840000000.0,35.181721211990045,-97.43660115738716,6.742799889392629,51.4,94.18371060465469,-69.98154862047315
1811,3,1811,148850000000.0,35.1817210732117,-97.43660190781823,6.741257907739373,51.324197837918604,94.25146488949417,-69.99688917895455
1812,3,1812,148860000000.0,35.18172093443335,-97.4366026582493,6.7397159260861175,51.3,94.31921917433365,-70.01222973743594
1813,3,1813,148870000000.0,35.181720795655,-97.43660340868037,6.738173944432861,51.3,94.38697345917313,-70.02757029591734
1814,3,1814,148880000000.0,35.18172065687665,-97.43660415911144,6.736631962779606,51.25332928700322,94.45472774401262,-70.04291085518418
1815,3,1815,148890000000.0,35.1817205180983,-97.43660490954251,6.73508998112635,51.2,94.5224820288521,-70.05825141366557
1816,3,1816,148900000000.0,35.181720379319955,-97.43660565997358,6.733547999473095,51.2,94.59023631369158,-70.07359197214697
1817,3,1817,148910000000.0,35.1817202405416,-97.43660641040465,6.732006017819839,51.121186438698494,94.65799059853106,-70.0889325314138
1818,3,1818,148920000000.0,35.181720101763254,-97.43660716083572,6.730464036166584,51.04320740797976,94.72574488337054,-70.1042730898952
1819,3,1819,148930000000.0,35.18171996298491,-97.43660791126679,6.728922054513328,50.95341358500199,94.79349916821003,-70.1196136483766
1820,3,1820,148940000000.0,35.18171982420656,-97.43660866169787,6.727380072860073,50.9,94.86125345433257,-70.134954206858
1821,3,1821,148950000000.0,35.181719685428206,-97.43660941212894,6.725838091206817,50.9,94.92900773917204,-70.15029476612483
1822,3,1822,148960000000.0,35.18171954664986,-97.43661016256002,6.724296109553562,50.83018740431572,94.99676202401153,-70.16563532460623
1823,3,1823,148970000000.0,35.18171940787151,-97.43661091299109,6.722754127900306,50.68527407868694,95.06451630885101,-70.18097588308763
1824,3,1824,148980000000.0,35.181719269093165,-97.43661166342216,6.72121214624705,50.6,95.13227059369049,-70.19631644156902
1825,3,1825,148990000000.0,35.18171913031481,-97.43661241385323,6.719670164593794,50.6,95.20002487852997,-70.21165700083586
1826,3,1826,149000000000.0,35.181718991536464,-97.4366131642843,6.718128182940539,50.6,95.26777916336945,-70.22699755931725
1827,3,1827,149010000000.0,35.18171885275812,-97.43661391471537,6.716586201287283,50.3893264003874,95.33553344820893,-70.24233811779865
1828,3,1828,149020000000.0,35.18171870973063,-97.43661463630194,6.7181363750341765,50.24477680531312,95.40068344557383,-70.25814837598688
1829,3,1829,149030000000.0,35.18171856409706,-97.43661534019753,6.721583036238419,50.15247036948749,95.46423617477983,-70.27424671092305
1830,3,1830,149040000000.0,35.18171841846349,-97.43661604409313,6.725029697442662,50.1,95.52778890398582,-70.29034504585923
1831,3,1831,149050000000.0,35.18171827282991,-97.43661674798874,6.728476358646905,50.02906002834965,95.59134163447487,-70.30644338158083
1832,3,1832,149060000000.0,35.18171812719634,-97.43661745188433,6.7319230198511475,50.0,95.65489436368087,-70.32254171651701
1833,3,1833,149070000000.0,35.18171798156277,-97.43661815577993,6.73536968105539,50.0,95.71844709288686,-70.33864005145318
1834,3,1834,149080000000.0,35.1817178359292,-97.43661885967553,6.738816342259632,50.0,95.7819998233759,-70.35473838638936
1835,3,1835,149090000000.0,35.18171769029563,-97.43661956357113,6.742263003463875,50.0,95.84555255258189,-70.37083672132553
1836,3,1836,149100000000.0,35.18171754466206,-97.43662026746672,6.745709664668118,50.0,95.90910528178789,-70.3869350562617
1837,3,1837,149110000000.0,35.181717399028486,-97.43662097136232,6.74915632587236,49.92718067904697,95.97265801099388,-70.40303339119788
1838,3,1838,149120000000.0,35.181717253394915,-97.43662167525792,6.752602987076603,49.84190075826957,96.03621074148293,-70.41913172613405
1839,3,1839,149130000000.0,35.18171710776134,-97.43662237915352,6.756049648280846,49.8,96.09976347068893,-70.43523006185566
1840,3,1840,149140000000.0,35.181716962127766,-97.43662308304911,6.759496309485089,49.8,96.16331619989492,-70.45132839679184
1841,3,1841,149150000000.0,35.181716816494195,-97.43662378694472,6.762942970689331,49.8,96.22686893038397,-70.46742673172801
1842,3,1842,149160000000.0,35.181716670860624,-97.43662449084032,6.766389631893573,49.8,96.29042165958997,-70.48352506666419
1843,3,1843,149170000000.0,35.18171652522705,-97.43662519473591,6.769836293097816,49.678427746965326,96.35397438879596,-70.49962340160036
1844,3,1844,149180000000.0,35.18171637959348,-97.4366258986315,6.773282954302059,49.51587867795474,96.41752711800196,-70.51572173653653
1845,3,1845,149190000000.0,35.18171623395991,-97.43662660252711,6.7767296155063015,49.30975133241026,96.481079848491,-70.53182007147271
1846,3,1846,149200000000.0,35.18171608832633,-97.43662730642271,6.780176276710544,49.2,96.54463257769699,-70.54791840719432
1847,3,1847,149210000000.0,35.18171594269276,-97.4366280103183,6.783622937914787,49.02077860295338,96.60818530690298,-70.56401674213049
1848,3,1848,149220000000.0,35.18171579674885,-97.43662871422379,6.786765307456879,48.78177435919975,96.67173892911708,-70.58014938246487
1849,3,1849,149230000000.0,35.18171563574652,-97.43662941860896,6.7751429522521045,48.67611295649921,96.73533586094094,-70.59794657959614
1850,3,1850,149240000000.0,35.1817154747442,-97.43663012299412,6.76352059704733,48.570741908472776,96.79893279148172,-70.61574377594198
1851,3,1851,149250000000.0,35.181715313741876,-97.43663082737928,6.7518982418425555,48.54725057542,96.8625297220225,-70.63354097307325
1852,3,1852,149260000000.0,35.18171515273956,-97.43663153176445,6.740275886637781,48.55234168482034,96.92612665384635,-70.65133816941909
1853,3,1853,149270000000.0,35.18171499173723,-97.4366322361496,6.7286535314330065,48.357744508742584,96.98972358438714,-70.66913536655036
1854,3,1854,149280000000.0,35.181714830734904,-97.43663294053478,6.717031176228232,48.05861975771945,97.05332051621097,-70.68693256368164
1855,3,1855,149290000000.0,35.181714669732585,-97.43663364491994,6.7054088210234575,47.76696303383847,97.11691744675177,-70.70472976002748
1856,3,1856,149300000000.0,35.18171450873026,-97.4366343493051,6.693786465818683,47.50772101509754,97.18051437729255,-70.72252695715875
1857,3,1857,149310000000.0,35.18171434772794,-97.43663505369027,6.682164110613909,47.34701785866829,97.24411130911639,-70.74032415350459
1858,3,1858,149320000000.0,35.181714186725614,-97.43663575807543,6.670541755409134,47.3,97.30770823965719,-70.75812135063586
1859,3,1859,149330000000.0,35.18171402572329,-97.43663646246058,6.65891940020436,47.3,97.37130517019797,-70.77591854776713
1860,3,1860,149340000000.0,35.18171386472097,-97.43663716684576,6.647297044999585,47.246190381736255,97.43490210202181,-70.79371574411297
1861,3,1861,149350000000.0,35.18171370371864,-97.43663787123091,6.635674689794811,46.955311678596765,97.4984990325626,-70.81151294124425
1862,3,1862,149360000000.0,35.181713542716324,-97.43663857561609,6.624052334590037,46.647407913030676,97.56209596438646,-70.82931013759008
1863,3,1863,149370000000.0,35.181713381714,-97.43663928000124,6.612429979385262,46.4628638451869,97.62569289492723,-70.84710733472136
1864,3,1864,149380000000.0,35.18171322071167,-97.4366399843864,6.600807624180488,46.38312158212237,97.68928982546802,-70.86490453185263
1865,3,1865,149390000000.0,35.18171305970935,-97.43664068877158,6.589185268975713,46.27600437262004,97.75288675729188,-70.88270172819847
1866,3,1866,149400000000.0,35.181712898707026,-97.43664139315673,6.577562913770939,46.2,97.81648368783264,-70.90049892532974
1867,3,1867,149410000000.0,35.18171273770471,-97.43664209754189,6.565940558566165,46.15300289543684,97.88008061837344,-70.91829612167558
1868,3,1868,149420000000.0,35.18171257697195,-97.43664280074772,6.556395794620799,45.991623652601014,97.94357107052898,-70.93606352101403
1869,3,1869,149430000000.0,35.1817124178325,-97.43664349698278,6.559131003840184,45.783235291119205,98.0064321521316,-70.95365479543119
1870,3,1870,149440000000.0,35.181712258693054,-97.43664419321786,6.56186621305957,45.68545102445473,98.06929323501726,-70.97124606984835
1871,3,1871,149450000000.0,35.181712099553614,-97.43664488945294,6.5646014222789555,45.51423632015905,98.13215431790292,-70.98883734348007
1872,3,1872,149460000000.0,35.18171194041417,-97.43664558568801,6.567336631498341,45.4,98.19501540078858,-71.00642861789723
1873,3,1873,149470000000.0,35.18171178127472,-97.43664628192309,6.570071840717727,45.21813742937697,98.25787648367424,-71.02401989231439
1874,3,1874,149480000000.0,35.181711622135275,-97.43664697815817,6.572807049937112,44.9,98.3207375665599,-71.04161116673154
1875,3,1875,149490000000.0,35.18171146299583,-97.43664767439324,6.5755422591564985,44.9,98.38359864944556,-71.0592024411487
1876,3,1876,149500000000.0,35.18171130385638,-97.4366483706283,6.578277468375884,44.9,98.44645973104817,-71.07679371556586
1877,3,1877,149510000000.0,35.18171114471694,-97.43664906686338,6.58101267759527,44.805740765832525,98.50932081393383,-71.09438498919758
1878,3,1878,149520000000.0,35.181710985577496,-97.43664976309846,6.583747886814655,44.66175727016749,98.57218189681949,-71.11197626361474
1879,3,1879,149530000000.0,35.18171082643805,-97.43665045933353,6.586483096034041,44.57709148136531,98.63504297970516,-71.12956753803189
1880,3,1880,149540000000.0,35.1817106672986,-97.43665115556861,6.589218305253427,44.446126257445584,98.69790406259082,-71.14715881244905
1881,3,1881,149550000000.0,35.181710508159156,-97.43665185180369,6.591953514472812,44.2520597018222,98.76076514547648,-71.1647500868662
1882,3,1882,149560000000.0,35.18171034901972,-97.43665254803875,6.594688723692198,44.14966069498604,98.82362622707909,-71.18234136049793
1883,3,1883,149570000000.0,35.18171018988027,-97.43665324427383,6.597423932911584,44.02720530792237,98.88648730996475,-71.19993263491509
1884,3,1884,149580000000.0,35.181710030740824,-97.4366539405089,6.60015914213097,43.88297001604358,98.94934839285041,-71.21752390933224
1885,3,1885,149590000000.0,35.18170987160138,-97.43665463674398,6.602894351350355,43.743864074037944,99.01220947573609,-71.2351151837494
1886,3,1886,149600000000.0,35.18170971246193,-97.43665533297906,6.605629560569741,43.51705763800204,99.07507055862175,-71.25270645816656
1887,3,1887,149610000000.0,35.181709553322484,-97.43665602921413,6.608364769789127,43.33739865076207,99.13793164150741,-71.27029773258371
1888,3,1888,149620000000.0,35.18170939307945,-97.43665672599883,6.611065464673553,43.15254317223699,99.20084234792934,-71.28801099745871
1889,3,1889,149630000000.0,35.181709203748156,-97.43665743727045,6.61285643641163,42.98634041290606,99.26506103792529,-71.30893967886664
1890,3,1890,149640000000.0,35.18170901441685,-97.4366581485421,6.6146474081497075,42.54491766164421,99.3292797292043,-71.32986836106
1891,3,1891,149650000000.0,35.18170882508556,-97.43665885981373,6.616438379887784,42.0,99.39349842048331,-71.35079704246792
1892,3,1892,149660000000.0,35.18170863575426,-97.43665957108536,6.618229351625861,42.0,99.45771711047928,-71.37172572387584
1893,3,1893,149670000000.0,35.18170844642296,-97.436660282357,6.6200203233639385,41.93489729230076,99.52193580175827,-71.3926544060692
1894,3,1894,149680000000.0,35.181708257091664,-97.43666099362862,6.621811295102016,41.76401493899102,99.58615449175423,-71.41358308747712
1895,3,1895,149690000000.0,35.18170806776037,-97.43666170490026,6.623602266840092,41.40921674442192,99.65037318303324,-71.43451176888505
1896,3,1896,149700000000.0,35.181707878429066,-97.4366624161719,6.6253932385781695,41.01173340481412,99.71459187431226,-71.4554404510784
1897,3,1897,149710000000.0,35.18170768909777,-97.43666312744352,6.627184210316247,40.72921937020935,99.7788105643082,-71.47636913248633
1898,3,1898,149720000000.0,35.18170749976647,-97.43666383871516,6.628975182054324,40.553054810901436,99.84302925558721,-71.49729781467968
1899,3,1899,149730000000.0,35.18170731043517,-97.43666454998679,6.6307661537924005,40.10920056637453,99.90724794558317,-71.5182264960876
1900,3,1900,149740000000.0,35.18170712110388,-97.43666526125843,6.632557125530478,39.562416814619624,99.97146663686219,-71.53915517749553
1901,3,1901,149750000000.0,35.181706931772574,-97.43666597253005,6.634348097268555,38.95943942592993,100.03568532685813,-71.56008385968889
1902,3,1902,149760000000.0,35.18170674244128,-97.43666668380169,6.636139069006632,38.466699395704154,100.09990401813714,-71.58101254109681
1903,3,1903,149770000000.0,35.18170655310998,-97.43666739507333,6.637930040744709,38.15625085421857,100.16412270941615,-71.60194122250473
1904,3,1904,149780000000.0,35.18170636377868,-97.43666810634495,6.639721012482786,37.44659207800035,100.22834139941212,-71.62286990469809
1905,3,1905,149790000000.0,35.181706174447385,-97.43666881761659,6.641511984220863,36.92715172600382,100.29256009069113,-71.64379858610602
1906,3,1906,149800000000.0,35.18170598511609,-97.43666952888822,6.643302955958941,36.09058314558487,100.35677878068707,-71.66472726751394
1907,3,1907,149810000000.0,35.18170579578479,-97.43667024015986,6.645093927697018,35.55519998479512,100.42099747196607,-71.6856559497073
1908,3,1908,149820000000.0,35.18170559168541,-97.43667100475454,6.648992903354648,33.521465944292345,100.49003054953582,-71.70821709508132
1909,3,1909,149830000000.0,35.18170537246458,-97.43667182394815,6.655050320853617,32.6,100.56399320759189,-71.73244976562216
1910,3,1910,149840000000.0,35.181705153243755,-97.43667264314176,6.661107738352586,32.6,100.63795586693102,-71.75668243537757
1911,3,1911,149850000000.0,35.18170493402293,-97.43667346233536,6.667165155851555,32.6,100.71191852498708,-71.78091510513298
1912,3,1912,149860000000.0,35.18170471480211,-97.43667428152897,6.6732225733505235,32.10688074691365,100.78588118304316,-71.80514777488838
1913,3,1913,149870000000.0,35.181704495581286,-97.43667510072257,6.679279990849492,31.712700173404315,100.85984384109923,-71.82938044464379
1914,3,1914,149880000000.0,35.18170427636046,-97.43667591991617,6.685337408348461,30.563889049344958,100.93380649915531,-71.8536131143992
1915,3,1915,149890000000.0,35.18170405713964,-97.43667673910979,6.691394825847429,30.1,101.00776915849443,-71.8778457841546
1916,3,1916,149900000000.0,35.18170383791881,-97.43667755830339,6.697452243346398,29.573337903242475,101.0817318165505,-71.90207845469544
1917,3,1917,149910000000.0,35.18170361869799,-97.43667837749699,6.703509660845367,28.812636600664487,101.15569447460658,-71.92631112445085
1918,3,1918,149920000000.0,35.181703399477165,-97.43667919669059,6.709567078344336,27.909043715172746,101.22965713266265,-71.95054379420625
1919,3,1919,149930000000.0,35.18170318025634,-97.43668001588419,6.715624495843305,27.163555105515798,101.30361979071873,-71.97477646396166
1920,3,1920,149940000000.0,35.18170296103552,-97.4366808350778,6.721681913342274,27.0,101.37758244877479,-71.99900913371707
1921,3,1921,149950000000.0,35.181702741814696,-97.43668165427141,6.727739330841243,26.324655420458907,101.45154510811392,-72.02324180347247
1922,3,1922,149960000000.0,35.18170252259387,-97.43668247346501,6.733796748340212,25.828827231711458,101.52550776617,-72.04747447322788
1923,3,1923,149970000000.0,35.181702303373044,-97.43668329265861,6.739854165839181,25.077515013256814,101.59947042422607,-72.07170714376872
1924,3,1924,149980000000.0,35.18170208415222,-97.43668411185222,6.745911583338149,24.17898447798165,101.67343308228214,-72.09593981352413
1925,3,1925,149990000000.0,35.18170187315825,-97.43668489528822,6.750812107727399,23.9,101.74416728895851,-72.11926308744239
1926,3,1926,150000000000.0,35.18170170536509,-97.4366854909539,6.749637555656465,23.9,101.79794824752894,-72.13781094264064
1927,3,1927,150010000000.0,35.18170153757194,-97.4366860866196,6.74846300358553,23.5270499508395,101.85172920738245,-72.15635879783889
1928,3,1928,150020000000.0,35.181701369778786,-97.4366866822853,6.747288451514596,22.948756408803348,101.90551016723593,-72.17490665303714
1929,3,1929,150030000000.0,35.18170120198563,-97.436687277951,6.746113899443661,22.558817588267413,101.95929112708944,-72.19345450823539
1930,3,1930,150040000000.0,35.18170103419248,-97.43668787361669,6.744939347372727,22.5,102.01307208694294,-72.21200236343364
1931,3,1931,150050000000.0,35.181700866399325,-97.43668846928237,6.743764795301792,22.326816907910803,102.06685304551338,-72.23055021863189
1932,3,1932,150060000000.0,35.18170069860617,-97.43668906494807,6.7425902432308575,22.112181089932886,102.12063400536688,-72.24909807383014
1933,3,1933,150070000000.0,35.181700530813025,-97.43668966061377,6.741415691159923,21.582802213205273,102.17441496522038,-72.26764592824296
1934,3,1934,150080000000.0,35.18170036301987,-97.43669025627946,6.7402411390889885,21.4,102.22819592507388,-72.2861937834412
1935,3,1935,150090000000.0,35.18170019522672,-97.43669085194516,6.739066587018054,21.221546363486983,102.28197688492737,-72.30474163863946
1936,3,1936,150100000000.0,35.181700027433564,-97.43669144761084,6.737892034947119,21.010879729413293,102.33575784349782,-72.3232894938377
1937,3,1937,150110000000.0,35.18169985277172,-97.436692056712,6.740370381515017,21.0,102.39075185349249,-72.34259661388805
1938,3,1938,150120000000.0,35.18169965642232,-97.43669270823503,6.754382589110924,20.789546859312363,102.4495760124332,-72.36430107703839
1939,3,1939,150130000000.0,35.18169946007291,-97.43669335975807,6.768394796706832,20.7,102.50840017265698,-72.38600554018873
1940,3,1940,150140000000.0,35.18169926372351,-97.43669401128109,6.782407004302739,20.09748850023933,102.56722433159769,-72.40771000333908
1941,3,1941,150150000000.0,35.1816990673741,-97.43669466280413,6.7964192118986455,19.8,102.62604849182145,-72.42941446727485
1942,3,1942,150160000000.0,35.18169887102469,-97.43669531432715,6.810431419494552,19.8,102.68487265076217,-72.4511189304252
1943,3,1943,150170000000.0,35.18169867467529,-97.43669596585018,6.82444362709046,19.564088143448277,102.74369680970287,-72.47282339357554
1944,3,1944,150180000000.0,35.181698478325885,-97.43669661737322,6.838455834686367,19.5,102.80252096992665,-72.49452785672588
1945,3,1945,150190000000.0,35.18169828197648,-97.43669726889624,6.852468042282274,19.5,102.86134512886736,-72.51623231987622
1946,3,1946,150200000000.0,35.18169808562707,-97.43669792041926,6.8664802498781805,19.31647461685169,102.92016928780806,-72.537936783812
1947,3,1947,150210000000.0,35.181697889277665,-97.4366985719423,6.880492457474088,19.038393104577008,102.97899344803184,-72.55964124696234
1948,3,1948,150220000000.0,35.1816976929512,-97.43669922608058,6.894401781798549,18.700320251284037,103.03805373063133,-72.58134317473193
1949,3,1949,150230000000.0,35.18169749723863,-97.43669995021709,6.905557398274208,18.354144459736602,103.1034339547222,-72.60297724179452
1950,3,1950,150240000000.0,35.18169730152606,-97.43670067435359,6.9167130147498685,18.1,103.16881417753004,-72.62461130964255
1951,3,1951,150250000000.0,35.181697105813484,-97.4367013984901,6.927868631225528,18.1,103.23419440162091,-72.64624537749057
1952,3,1952,150260000000.0,35.18169691010092,-97.43670212262661,6.939024247701187,18.041164312446732,103.29957462571178,-72.66787944455317
1953,3,1953,150270000000.0,35.181696714388345,-97.43670284676311,6.950179864176847,17.951284422690687,103.36495484851962,-72.68951351240119
1954,3,1954,150280000000.0,35.18169651867578,-97.43670357089962,6.961335480652506,17.86154900173653,103.4303350726105,-72.71114757946378
1955,3,1955,150290000000.0,35.181696322963205,-97.43670429503614,6.972491097128166,17.71345881747741,103.49571529670138,-72.73278164731181
1956,3,1956,150300000000.0,35.18169612725064,-97.43670501917263,6.983646713603825,17.484395745812428,103.56109551950921,-72.7544157143744
1957,3,1957,150310000000.0,35.181695931538066,-97.43670574330915,6.994802330079485,17.4,103.62647574360008,-72.77604978222243
1958,3,1958,150320000000.0,35.1816957358255,-97.43670646744566,7.005957946555144,17.4,103.69185596769097,-72.79768384928502
1959,3,1959,150330000000.0,35.181695540112926,-97.43670719158216,7.0171135630308035,17.36711713868242,103.75723619049879,-72.81931791713305
1960,3,1960,150340000000.0,35.18169534440036,-97.43670791571867,7.028269179506463,17.20954892982952,103.82261641458966,-72.84095198419564
1961,3,1961,150350000000.0,35.18169514868779,-97.43670863985518,7.039424795982122,17.033352933949548,103.88799663868056,-72.86258605204367
1962,3,1962,150360000000.0,35.18169495297522,-97.43670936399168,7.050580412457782,16.93199472845885,103.95337686148838,-72.88422011910626
1963,3,1963,150370000000.0,35.18169475726265,-97.4367100881282,7.061736028933442,16.798696866645315,104.01875708557927,-72.90585418695429
1964,3,1964,150380000000.0,35.18169456155008,-97.43671081226469,7.0728916454091015,16.733147596313355,104.08413730838708,-72.92748825401688
1965,3,1965,150390000000.0,35.18169436583751,-97.4367115364012,7.084047261884761,16.880667632887768,104.14951753247796,-72.9491223218649
1966,3,1966,150400000000.0,35.181694170124935,-97.43671226053772,7.09520287836042,16.87523192982526,104.21489775656885,-72.97075638971293
1967,3,1967,150410000000.0,35.18169397441237,-97.43671298467422,7.10635849483608,16.670266736496625,104.28027797937666,-72.99239045677552
1968,3,1968,150420000000.0,35.181693778699795,-97.43671370881073,7.117514111311739,16.6,104.34565820346755,-73.01402452462355
1969,3,1969,150430000000.0,35.18169356948856,-97.436714446167,7.121119806591115,16.6,104.41223200216808,-73.03715073473711
1970,3,1970,150440000000.0,35.18169335119846,-97.43671519241454,7.1196476175592815,16.6,104.47960856767665,-73.06128052207157
1971,3,1971,150450000000.0,35.181693132908364,-97.43671593866209,7.118175428527448,16.54328090080772,104.54698513446829,-73.08541030940603
1972,3,1972,150460000000.0,35.18169291461827,-97.43671668490963,7.116703239495616,16.43844027813407,104.61436169997685,-73.10954009674049
1973,3,1973,150470000000.0,35.18169269632817,-97.43671743115718,7.115231050463782,16.35088402488698,104.68173826676848,-73.13366988407495
1974,3,1974,150480000000.0,35.18169247803807,-97.43671817740471,7.113758861431949,16.26882900589722,104.74911483227704,-73.1577996714094
1975,3,1975,150490000000.0,35.181692259747976,-97.43671892365226,7.112286672400115,16.164304912190506,104.81649139906867,-73.18192945874387
1976,3,1976,150500000000.0,35.18169204145788,-97.4367196698998,7.110814483368282,16.038818718773786,104.88386796457723,-73.20605924607833
1977,3,1977,150510000000.0,35.18169182316778,-97.43672041614735,7.109342294336448,16.0,104.95124453136886,-73.23018903341278
1978,3,1978,150520000000.0,35.181691604877685,-97.4367211623949,7.107870105304615,16.0,105.0186210981605,-73.25431882074724
1979,3,1979,150530000000.0,35.18169138658759,-97.43672190864244,7.106397916272782,15.96831600498099,105.08599766366906,-73.2784486080817
1980,3,1980,150540000000.0,35.18169116829749,-97.43672265488999,7.104925727240949,15.800684180610896,105.15337423046068,-73.30257839541616
1981,3,1981,150550000000.0,35.18169095000739,-97.43672340113753,7.1034535382091155,15.573876037870063,105.22075079596925,-73.32670818275062
1982,3,1982,150560000000.0,35.181690731717296,-97.43672414738508,7.101981349177282,15.254996620645818,105.28812736276087,-73.35083797008508
1983,3,1983,150570000000.0,35.1816905134272,-97.43672489363261,7.100509160145449,15.1,105.35550392826944,-73.37496775741954
1984,3,1984,150580000000.0,35.181690295137095,-97.43672563988017,7.099036971113615,15.1,105.42288049506107,-73.39909754553943
1985,3,1985,150590000000.0,35.181690076847,-97.4367263861277,7.097564782081782,15.1,105.49025706056963,-73.42322733287389
1986,3,1986,150600000000.0,35.1816898585569,-97.43672713237525,7.096092593049949,15.1,105.55763362736126,-73.44735712020835
1987,3,1987,150610000000.0,35.181689640266804,-97.43672787862279,7.094620404018116,15.03408992693413,105.62501019286982,-73.47148690754281
1988,3,1988,150620000000.0,35.18168942197671,-97.43672862487034,7.093148214986282,14.948652740123663,105.69238675966145,-73.49561669487727
1989,3,1989,150630000000.0,35.18168918962323,-97.43672935351083,7.093984742340886,14.832905393540386,105.75817363474938,-73.52130104841052
1990,3,1990,150640000000.0,35.1816889556954,-97.43673008018027,7.095079723680065,14.61470145253243,105.82378254974628,-73.54715943054188
1991,3,1991,150650000000.0,35.181688721767564,-97.4367308068497,7.096174705019244,14.370927563036725,105.88939146346013,-73.57301781345868
1992,3,1992,150660000000.0,35.181688487839736,-97.43673153351914,7.097269686358423,14.3,105.95500037845703,-73.59887619559004
1993,3,1993,150670000000.0,35.1816882539119,-97.43673226018856,7.098364667697601,14.3,106.02060929217086,-73.62473457850683
1994,3,1994,150680000000.0,35.18168801998407,-97.436732986858,7.09945964903678,14.3,106.08621820716776,-73.65059296063819
1995,3,1995,150690000000.0,35.18168778605624,-97.43673371352743,7.100554630375959,14.263939569443522,106.1518271208816,-73.67645134355499
1996,3,1996,150700000000.0,35.18168755212841,-97.43673444019687,7.101649611715137,14.019592332420363,106.2174360358785,-73.70230972568635
1997,3,1997,150710000000.0,35.181687318200574,-97.4367351668663,7.102744593054316,13.638574153602402,106.28304494959235,-73.72816810860314
1998,3,1998,150720000000.0,35.181687084272745,-97.43673589353574,7.103839574393495,13.36836910891089,106.34865386458925,-73.7540264907345
1999,3,1999,150730000000.0,35.18168685034491,-97.43673662020517,7.104934555732674,13.167206135470689,106.4142627783031,-73.7798848736513
2000,3,2000,150740000000.0,35.18168661641708,-97.43673734687461,7.106029537071852,13.1,106.4798716933,-73.80574325578266
2001,3,2001,150750000000.0,35.18168638248925,-97.43673807354403,7.107124518411031,13.1,106.54548060701383,-73.83160163869945
2002,3,2002,150760000000.0,35.18168614856142,-97.43673880021348,7.10821949975021,13.023287257852905,106.61108952201073,-73.85746002083081
2003,3,2003,150770000000.0,35.18168591463358,-97.4367395268829,7.109314481089389,12.816582881611607,106.67669843572457,-73.88331840374761
2004,3,2004,150780000000.0,35.181685680705755,-97.43674025355234,7.110409462428567,12.58374806721008,106.74230735072148,-73.90917678587897
2005,3,2005,150790000000.0,35.18168544677792,-97.43674098022177,7.111504443767746,12.24971041444658,106.80791626443532,-73.93503516879576
2006,3,2006,150800000000.0,35.18168521285009,-97.43674170689121,7.112599425106925,12.036863154847842,106.87352517943222,-73.96089355092712
2007,3,2007,150810000000.0,35.181684978922256,-97.43674243356064,7.113694406446103,11.821560661157024,106.93913409314607,-73.98675193384392
2008,3,2008,150820000000.0,35.18168474499443,-97.43674316023008,7.114789387785282,11.622393914327587,107.00474300814297,-74.01261031597528
2009,3,2009,150830000000.0,35.18168451510928,-97.43674390397635,7.116027170660217,11.433867825741817,107.07189374139787,-74.03802181996838
2010,3,2010,150840000000.0,35.1816842861869,-97.43674465178947,7.117298961673698,11.393951182604845,107.13941165879763,-74.0633269000189
2011,3,2011,150850000000.0,35.18168405726451,-97.43674539960259,7.118570752687178,11.24057073598467,107.20692957619738,-74.08863198085484
2012,3,2012,150860000000.0,35.18168382834213,-97.4367461474157,7.11984254370066,10.992104022557514,107.27444749359715,-74.11393706090536
2013,3,2013,150870000000.0,35.18168359941975,-97.43674689522881,7.12111433471414,10.740734269732448,107.34196540971385,-74.13924214095587
2014,3,2014,150880000000.0,35.18168337049737,-97.43674764304193,7.122386125727622,10.587449439485404,107.40948332711362,-74.16454722100639
2015,3,2015,150890000000.0,35.181683141574986,-97.43674839085504,7.123657916741102,10.489723804108477,107.47700124451336,-74.1898523010569
2016,3,2016,150900000000.0,35.181682912652605,-97.43674913866816,7.124929707754584,10.244342229690485,107.54451916191313,-74.21515738110742
2017,3,2017,150910000000.0,35.18168268373022,-97.43674988648128,7.126201498768064,9.9,107.61203707931288,-74.24046246115793
2018,3,2018,150920000000.0,35.18168245480784,-97.4367506342944,7.127473289781546,9.9,107.67955499671265,-74.26576754120845
2019,3,2019,150930000000.0,35.18168222588546,-97.4367513821075,7.128745080795026,9.9,107.74707291282935,-74.29107262125896
2020,3,2020,150940000000.0,35.18168199696308,-97.43675212992062,7.1300168718085075,9.852988112110792,107.81459083022911,-74.31637770130948
2021,3,2021,150950000000.0,35.18168176804069,-97.43675287773374,7.131288662821988,9.627072189865508,107.88210874762888,-74.34168278214543
2022,3,2022,150960000000.0,35.18168153911831,-97.43675362554686,7.1325604538354686,9.461649808717915,107.94962666502863,-74.36698786219594
2023,3,2023,150970000000.0,35.18168131019593,-97.43675437335997,7.13383224484895,9.371752632596037,108.0171445824284,-74.39229294224646
2024,3,2024,150980000000.0,35.181681081273545,-97.43675512117309,7.1351040358624305,9.294880437859867,108.08466249982816,-74.41759802229697
2025,3,2025,150990000000.0,35.181680852351164,-97.4367558689862,7.136375826875912,9.2,108.15218041594485,-74.44290310234749
2026,3,2026,151000000000.0,35.18168062342878,-97.43675661679931,7.137647617889392,9.2,108.21969833334461,-74.468208182398
2027,3,2027,151010000000.0,35.1816803945064,-97.43675736461243,7.138919408902874,9.185401689718312,108.28721625074438,-74.49351326244852
2028,3,2028,151020000000.0,35.181680165105334,-97.43675811062351,7.141128508423534,8.962441468906542,108.3545714674573,-74.51887125639814
2029,3,2029,151030000000.0,35.181679932998925,-97.43675884645022,7.148634928400334,8.60734247821455,108.42100716553465,-74.54452829882243
2030,3,2030,151040000000.0,35.181679700892516,-97.4367595822769,7.156141348377133,8.4,108.48744286232893,-74.57018534124671
2031,3,2031,151050000000.0,35.181679468786115,-97.43676031810361,7.1636477683539335,8.343300121845873,108.55387856040628,-74.59584238288556
2032,3,2032,151060000000.0,35.181679236679706,-97.4367610539303,7.171154188330734,8.2,108.62031425720056,-74.62149942530985
2033,3,2033,151070000000.0,35.1816790045733,-97.436761789757,7.178660608307533,8.2,108.68674995527789,-74.64715646773413
2034,3,2034,151080000000.0,35.18167877246689,-97.43676252558369,7.186167028284333,8.2,108.75318565207219,-74.67281351015842
2035,3,2035,151090000000.0,35.18167854036048,-97.43676326141039,7.1936734482611335,8.199863456624934,108.81962135014953,-74.6984705525827
2036,3,2036,151100000000.0,35.18167830825408,-97.43676399723708,7.201179868237933,8.074713076199435,108.8860570469438,-74.72412759422156
2037,3,2037,151110000000.0,35.18167807614767,-97.43676473306377,7.208686288214733,7.968411368844356,108.95249274373809,-74.74978463664584
2038,3,2038,151120000000.0,35.18167784404126,-97.43676546889047,7.216192708191533,7.9,109.01892844181543,-74.77544167907013
2039,3,2039,151130000000.0,35.18167761193485,-97.43676620471716,7.223699128168333,7.9,109.0853641386097,-74.80109872149441
2040,3,2040,151140000000.0,35.18167737982844,-97.43676694054386,7.231205548145133,7.9,109.15179983668706,-74.8267557639187
2041,3,2041,151150000000.0,35.181677147722034,-97.43676767637055,7.238711968121933,7.9,109.21823553348133,-74.85241280634298
2042,3,2042,151160000000.0,35.18167691561563,-97.43676841219725,7.2462183880987325,7.9,109.28467123155868,-74.87806984798183
2043,3,2043,151170000000.0,35.181676683509224,-97.43676914802394,7.253724808075533,7.9,109.35110692835296,-74.90372689040612
2044,3,2044,151180000000.0,35.181676451402815,-97.43676988385064,7.261231228052333,7.9,109.4175426264303,-74.9293839328304
2045,3,2045,151190000000.0,35.181676219296406,-97.43677061967733,7.268737648029132,7.9,109.48397832322459,-74.95504097525469
2046,3,2046,151200000000.0,35.18167598719,-97.43677135550404,7.276244068005933,7.9,109.55041402130193,-74.98069801767898
2047,3,2047,151210000000.0,35.181675755083596,-97.43677209133072,7.283750487982733,7.9,109.6168497180962,-75.00635505931783
2048,3,2048,151220000000.0,35.18167552297719,-97.43677282715741,7.291256907959532,7.8813397290502065,109.68328541489049,-75.03201210174211
2049,3,2049,151230000000.0,35.18167523959149,-97.43677371920175,7.297587932506221,7.824484869386763,109.76382555874359,-75.06333755650658
2050,3,2050,151240000000.0,35.181674950571704,-97.43677462840984,7.303789815453278,7.8,109.84591536803508,-75.09528580383432
2051,3,2051,151250000000.0,35.18167466155192,-97.43677553761792,7.309991698400337,7.8,109.92800517732658,-75.12723405116205
2052,3,2052,151260000000.0,35.18167437253213,-97.436776446826,7.316193581347395,7.8,110.01009498661804,-75.15918229848978
2053,3,2053,151270000000.0,35.18167408351234,-97.43677735603409,7.322395464294453,7.8,110.09218479590953,-75.19113054581751
2054,3,2054,151280000000.0,35.18167379449255,-97.43677826524217,7.328597347241511,7.8,110.17427460520102,-75.22307879314525
2055,3,2055,151290000000.0,35.181673505472766,-97.43677917445025,7.334799230188569,7.8,110.2563644144925,-75.25502704047298
2056,3,2056,151300000000.0,35.18167321645298,-97.43678008365833,7.341001113135627,7.8,110.33845422378398,-75.28697528780071
2057,3,2057,151310000000.0,35.18167292743319,-97.43678099286642,7.347202996082686,7.8,110.42054403307547,-75.31892353512845
2058,3,2058,151320000000.0,35.1816726384134,-97.4367819020745,7.3534048790297435,7.8,110.50263384236693,-75.35087178245618
2059,3,2059,151330000000.0,35.181672349393615,-97.43678281128258,7.359606761976802,7.74036344858695,110.58472365165842,-75.38282002978391
2060,3,2060,151340000000.0,35.18167206037383,-97.43678372049067,7.3658086449238604,7.7,110.6668134609499,-75.41476827711165
2061,3,2061,151350000000.0,35.18167177135404,-97.43678462969875,7.372010527870918,7.6117686890650065,110.74890327024139,-75.44671652443938
2062,3,2062,151360000000.0,35.18167148233425,-97.43678553890683,7.3782124108179765,7.341255188987367,110.83099307953287,-75.47866477176711
2063,3,2063,151370000000.0,35.181671193314465,-97.43678644811492,7.384414293765035,7.098825353951165,110.91308288882433,-75.51061301909485
2064,3,2064,151380000000.0,35.18167090429468,-97.436787357323,7.390616176712093,6.801838661658708,110.99517269811584,-75.54256126642258
2065,3,2065,151390000000.0,35.18167064841619,-97.43678816372255,7.392734797724844,6.7,111.06798021811919,-75.57084607470188
2066,3,2066,151400000000.0,35.181670472450136,-97.43678872222348,7.38500759290447,6.354618477699923,111.118405676945,-75.59029736193736
2067,3,2067,151410000000.0,35.181670296484086,-97.43678928072443,7.377280388084096,5.4418287333492135,111.16883113705386,-75.60974864917284
2068,3,2068,151420000000.0,35.181670120518035,-97.43678983922537,7.369553183263721,5.1,111.21925659716274,-75.62919993640833
2069,3,2069,151430000000.0,35.181669944551984,-97.43679039772631,7.361825978443347,5.1,111.2696820572716,-75.64865122364381
2070,3,2070,151440000000.0,35.181669768585934,-97.43679095622726,7.354098773622973,4.949277063052334,111.32010751738046,-75.6681025108793
2071,3,2071,151450000000.0,35.18166959261988,-97.4367915147282,7.346371568802599,4.5172720641009185,111.37053297748932,-75.68755379811478
2072,3,2072,151460000000.0,35.18166941665383,-97.43679207322914,7.338644363982225,4.214710500203421,111.4209584375982,-75.70700508535026
2073,3,2073,151470000000.0,35.18166924068778,-97.43679263173009,7.33091715916185,4.0604474840471045,111.47138389770708,-75.72645637258574
2074,3,2074,151480000000.0,35.18166906472173,-97.43679319023103,7.323189954341476,3.989304716231707,111.52180935781594,-75.74590765982123
2075,3,2075,151490000000.0,35.18166888875568,-97.43679374873197,7.315462749521102,3.8607061407066467,111.57223481792481,-75.76535894705671
2076,3,2076,151500000000.0,35.18166871278963,-97.43679430723292,7.307735544700728,3.8,111.62266027803366,-75.7848102342922
2077,3,2077,151510000000.0,35.18166853682358,-97.43679486573384,7.300008339880354,3.8,111.67308573685948,-75.80426152152768
2078,3,2078,151520000000.0,35.181668347312645,-97.43679546451358,7.296494585068469,3.8,111.72714785441094,-75.82521006027648
2079,3,2079,151530000000.0,35.18166811045517,-97.43679620408895,7.307709061155046,3.828359759570954,111.79392200897317,-75.85139228546112
2080,3,2080,151540000000.0,35.1816678735977,-97.4367969436643,7.318923537241624,3.913373971539317,111.86069616225232,-75.87757450986032
2081,3,2081,151550000000.0,35.18166763674024,-97.43679768323967,7.3301380133282015,4.042851245508982,111.92747031681455,-75.90375673425953
2082,3,2082,151560000000.0,35.18166739988277,-97.43679842281503,7.341352489414779,4.1505907405441596,111.99424447009369,-75.92993895865874
2083,3,2083,151570000000.0,35.181667163025296,-97.4367991623904,7.352566965501357,4.2,112.06101862465592,-75.95612118384338
2084,3,2084,151580000000.0,35.18166692616783,-97.43679990196576,7.363781441587934,4.2,112.12779277793507,-75.98230340824259
2085,3,2085,151590000000.0,35.18166668931036,-97.43680064154113,7.374995917674512,4.2,112.19456693249728,-76.0084856326418
2086,3,2086,151600000000.0,35.18166645245289,-97.43680138111648,7.386210393761089,4.2,112.26134108577644,-76.03466785782643
2087,3,2087,151610000000.0,35.18166621559542,-97.43680212069185,7.397424869847667,4.151410767835561,112.32811524033866,-76.06085008222564
2088,3,2088,151620000000.0,35.18166597873795,-97.4368028602672,7.408639345934244,4.1,112.39488939361783,-76.08703230662485
2089,3,2089,151630000000.0,35.18166574188048,-97.43680359984258,7.419853822020821,4.1,112.46166354818003,-76.11321453180949
2090,3,2090,151640000000.0,35.18166550502301,-97.43680433941793,7.431068298107399,4.013054363341919,112.52843770145921,-76.1393967562087
2091,3,2091,151650000000.0,35.181665268165546,-97.4368050789933,7.442282774193976,3.8960786860123595,112.59521185602142,-76.1655789806079
2092,3,2092,151660000000.0,35.18166503130808,-97.43680581856866,7.453497250280554,3.800728977129323,112.66198600930058,-76.19176120500711
2093,3,2093,151670000000.0,35.181664794450604,-97.43680655814403,7.464711726367131,3.721151076793013,112.7287601638628,-76.21794343019175
2094,3,2094,151680000000.0,35.18166455759314,-97.43680729771938,7.475926202453708,3.6206905216767638,112.79553431714196,-76.24412565459096
2095,3,2095,151690000000.0,35.18166432073567,-97.43680803729475,7.487140678540286,3.599220007979003,112.86230847170417,-76.27030787899017
2096,3,2096,151700000000.0,35.181664083878196,-97.43680877687011,7.498355154626863,3.494476012061033,112.92908262498332,-76.29649010417481
2097,3,2097,151710000000.0,35.18166384702073,-97.43680951644548,7.509569630713441,3.3060282552913067,112.99585677954555,-76.32267232857401
2098,3,2098,151720000000.0,35.18166361016326,-97.43681025602083,7.5207841068000185,3.06793848357424,113.0626309328247,-76.34885455297322
2099,3,2099,151730000000.0,35.18166336273889,-97.43681102254891,7.529256587141391,2.622932606529957,113.13183857038278,-76.3762048433108
2100,3,2100,151740000000.0,35.18166310612637,-97.43681181251293,7.535344844870162,2.5,113.20316217266907,-76.40457079084328
2101,3,2101,151750000000.0,35.181662849513856,-97.43681260247695,7.541433102598932,2.5,113.27448577495534,-76.43293673837576
2102,3,2102,151760000000.0,35.18166259290134,-97.43681339244097,7.547521360327702,2.445869391088052,113.3458093772416,-76.46130268590824
2103,3,2103,151770000000.0,35.181662336288824,-97.43681418240499,7.5536096180564725,2.3210094471122877,113.41713297952789,-76.48966863344071
2104,3,2104,151780000000.0,35.18166207967631,-97.436814972369,7.559697875785242,2.1526050121870006,113.48845658181415,-76.5180345809732
2105,3,2105,151790000000.0,35.18166182306379,-97.43681576233303,7.565786133514012,1.9213064066993557,113.55978018410042,-76.54640052850567
2106,3,2106,151800000000.0,35.18166156645128,-97.43681655229705,7.571874391242783,1.7470307248080632,113.6311037863867,-76.57476647525272
2107,3,2107,151810000000.0,35.181661309838766,-97.43681734226107,7.577962648971553,1.5985445198172483,113.70242738867297,-76.6031324227852
2108,3,2108,151820000000.0,35.18166105322625,-97.43681813222508,7.584050906700323,1.4587549265240882,113.77375099095924,-76.63149837031767
2109,3,2109,151830000000.0,35.181660796613734,-97.4368189221891,7.590139164429093,1.374132529625513,113.8450745932455,-76.65986431785015
2110,3,2110,151840000000.0,35.18166054000122,-97.43681971215312,7.596227422157864,1.2772262428545462,113.9163981955318,-76.68823026538263
2111,3,2111,151850000000.0,35.1816602833887,-97.43682050211714,7.602315679886634,1.1668641868812335,113.98772179781805,-76.7165962129151
2112,3,2112,151860000000.0,35.181660026776186,-97.43682129208116,7.608403937615404,1.0587375352220998,114.05904540010432,-76.74496216044759
2113,3,2113,151870000000.0,35.18165977016367,-97.43682208204518,7.614492195344175,0.9108122516264402,114.13036900239061,-76.77332810798006
2114,3,2114,151880000000.0,35.18165951355115,-97.4368228720092,7.620580453072945,0.6709464325656228,114.20169260467688,-76.80169405551254
2115,3,2115,151890000000.0,35.18165925693864,-97.43682366197322,7.626668710801715,0.5915854465987866,114.27301620696315,-76.83006000304502
2116,3,2116,151900000000.0,35.18165900032612,-97.43682445193724,7.632756968530486,0.46641697026400697,114.3443398092494,-76.8584259505775
2117,3,2117,151910000000.0,35.181658743713605,-97.43682524190126,7.638845226259256,0.24792964340468143,114.4156634115357,-76.88679189810998
2118,3,2118,151920000000.0,35.18165848710109,-97.43682603186528,7.644933483988026,0.0,114.48698701382196,-76.91515784564245
2119,3,2119,151930000000.0,35.181658225021955,-97.43682682493414,7.646865401502098,0.0,114.55859094366792,-76.94412807306023
2120,3,2120,151940000000.0,35.181657960133876,-97.43682761959839,7.64666164143921,0.0,114.63033891597688,-76.97340880136494
2121,3,2121,151950000000.0,35.18165769524579,-97.43682841426264,7.646457881376322,-0.02474250089203483,114.70208688828586,-77.00268953045509
2122,3,2122,151960000000.0,35.18165743035771,-97.43682920892688,7.646254121313434,-0.13508801715199367,114.77383486059482,-77.0319702587598
2123,3,2123,151970000000.0,35.18165716546963,-97.43683000359113,7.646050361250546,-0.22489114074132788,114.84558283290377,-77.06125098706451
2124,3,2124,151980000000.0,35.181656900581544,-97.43683079825537,7.645846601187658,-0.3,114.91733080521274,-77.09053171615466
2125,3,2125,151990000000.0,35.181656635693464,-97.43683159291962,7.645642841124769,-0.3,114.98907877752173,-77.11981244445937
2126,3,2126,152000000000.0,35.181656370805385,-97.43683238758386,7.645439081061881,-0.3,115.06082674983068,-77.14909317276408
2127,3,2127,152010000000.0,35.1816561059173,-97.43683318224811,7.645235320998993,-0.3,115.13257472213964,-77.17837390185423
2128,3,2128,152020000000.0,35.18165584102922,-97.43683397691235,7.645031560936105,-0.3,115.20432269444859,-77.20765463015894
2129,3,2129,152030000000.0,35.18165557614114,-97.4368347715766,7.644827800873217,-0.3,115.27607066675756,-77.23693535846365
2130,3,2130,152040000000.0,35.18165531125305,-97.43683556624084,7.644624040810329,-0.3,115.34781863906655,-77.2662160875538
2131,3,2131,152050000000.0,35.18165504636497,-97.43683636090509,7.644420280747441,-0.3,115.4195666113755,-77.29549681585851
2132,3,2132,152060000000.0,35.181654781476894,-97.43683715556934,7.6442165206845525,-0.3,115.49131458368446,-77.32477754416323
2133,3,2133,152070000000.0,35.18165451658881,-97.43683795023358,7.644012760621664,-0.3,115.56306255599343,-77.35405827325337
2134,3,2134,152080000000.0,35.18165425170073,-97.43683874489783,7.643809000558776,-0.3,115.63481052830241,-77.38333900155808
2135,3,2135,152090000000.0,35.18165398681264,-97.43683953956207,7.643605240495888,-0.3,115.70655850061137,-77.41261973064823
2136,3,2136,152100000000.0,35.18165372192456,-97.43684033422632,7.643401480433,-0.3,115.77830647292032,-77.44190045895294
2137,3,2137,152110000000.0,35.18165345703648,-97.43684112889056,7.643197720370112,-0.3,115.85005444522928,-77.47118118725766
2138,3,2138,152120000000.0,35.18165319276469,-97.4368419232977,7.643266259377237,-0.3,115.92177920445991,-77.50039379094957
2139,3,2139,152130000000.0,35.18165294866832,-97.436842709288,7.652249005596568,-0.3,115.99274403047788,-77.52737620366545
2140,3,2140,152140000000.0,35.18165270457196,-97.43684349527828,7.6612317518159,-0.3,116.06370885521278,-77.5543586155959
2141,3,2141,152150000000.0,35.1816524604756,-97.43684428126858,7.670214498035231,-0.3,116.13467368123075,-77.58134102752635
2142,3,2142,152160000000.0,35.181652216379234,-97.43684506725887,7.6791972442545635,-0.3,116.20563850724872,-77.6083234394568
2143,3,2143,152170000000.0,35.181651972282864,-97.43684585324917,7.688179990473895,-0.3,116.27660333326669,-77.63530585217268
2144,3,2144,152180000000.0,35.1816517281865,-97.43684663923946,7.697162736693227,-0.3,116.34756815928466,-77.66228826410313
2145,3,2145,152190000000.0,35.18165148409014,-97.43684742522976,7.706145482912559,-0.3,116.41853298530262,-77.68927067603357
2146,3,2146,152200000000.0,35.18165123999377,-97.43684821122005,7.71512822913189,-0.3,116.48949781132059,-77.71625308874945
2147,3,2147,152210000000.0,35.18165099589741,-97.43684899721035,7.7241109753512225,-0.3,116.56046263733856,-77.7432355006799
2148,3,2148,152220000000.0,35.181650751801044,-97.43684978320064,7.733093721570554,-0.3,116.63142746335653,-77.77021791261035
2149,3,2149,152230000000.0,35.18165050770468,-97.43685056919094,7.742076467789886,-0.3,116.7023922893745,-77.7972003245408
2150,3,2150,152240000000.0,35.18165026360831,-97.43685135518123,7.751059214009217,-0.3,116.77335711539244,-77.82418273725668
2151,3,2151,152250000000.0,35.18165001951195,-97.43685214117153,7.760041960228549,-0.3,116.84432194141041,-77.85116514918712
2152,3,2152,152260000000.0,35.181649775415586,-97.43685292716182,7.7690247064478815,-0.3,116.91528676742838,-77.87814756111757
2153,3,2153,152270000000.0,35.181649531319216,-97.4368537131521,7.778007452667213,-0.3,116.98625159216331,-77.90512997383345
2154,3,2154,152280000000.0,35.181649287222854,-97.4368544991424,7.786990198886545,-0.5123917322383356,117.05721641818128,-77.9321123857639
2155,3,2155,152290000000.0,35.18164904312649,-97.4368552851327,7.795972945105876,-0.6,117.12818124419923,-77.95909479769435
2156,3,2156,152300000000.0,35.18164879903013,-97.43685607112299,7.804955691325208,-0.6,117.1991460702172,-77.9860772096248
2157,3,2157,152310000000.0,35.18164855493376,-97.43685685711328,7.8139384375445395,-0.7,117.27011089623517,-78.01305962234068
2158,3,2158,152320000000.0,35.181648310837396,-97.43685764310358,7.822921183763872,-0.7,117.34107572225314,-78.04004203427112
2159,3,2159,152330000000.0,35.18164805263901,-97.43685844486335,7.826555136650469,-0.7987813982356055,117.41346432907784,-78.06858328359013
2160,3,2160,152340000000.0,35.18164778271136,-97.4368592597393,7.825740260707131,-1.0270772462836224,117.48703715830523,-78.0984210864149
2161,3,2161,152350000000.0,35.1816475127837,-97.43686007461524,7.824925384763794,-1.2566204148738487,117.56060998753263,-78.12825889002511
2162,3,2162,152360000000.0,35.181647242856044,-97.43686088949119,7.824110508820456,-1.3,117.63418281676005,-78.15809669284988
2163,3,2163,152370000000.0,35.18164697292839,-97.43686170436712,7.8232956328771195,-1.5602079695862114,117.70775564470436,-78.18793449567465
2164,3,2164,152380000000.0,35.18164670300073,-97.43686251924306,7.822480756933782,-1.7,117.78132847393178,-78.21777229928486
2165,3,2165,152390000000.0,35.18164643307308,-97.43686333411901,7.8216658809904445,-1.951286179825235,117.85490130315917,-78.24761010210963
2166,3,2166,152400000000.0,35.18164616314542,-97.43686414899496,7.820851005047107,-2.1,117.92847413238657,-78.2774479049344
2167,3,2167,152410000000.0,35.18164589321776,-97.4368649638709,7.82003612910377,-2.189991214808488,118.00204696161398,-78.30728570854461
2168,3,2168,152420000000.0,35.18164562329011,-97.43686577874684,7.819221253160433,-2.471175311639199,118.0756197895583,-78.33712351136938
2169,3,2169,152430000000.0,35.181645353362455,-97.43686659362278,7.818406377217095,-2.7102336113105427,118.14919261878572,-78.36696131419416
2170,3,2170,152440000000.0,35.181645083434795,-97.43686740849873,7.817591501273758,-2.948118825979192,118.2227654480131,-78.39679911780436
2171,3,2171,152450000000.0,35.18164481350714,-97.43686822337467,7.81677662533042,-3.0806980224671174,118.29633827724051,-78.42663692062914
2172,3,2172,152460000000.0,35.18164454357948,-97.43686903825062,7.815961749387084,-3.1,118.36991110646792,-78.45647472423934
2173,3,2173,152470000000.0,35.18164427365183,-97.43686985312655,7.815146873443746,-3.2253390541078915,118.44348393441224,-78.48631252706411
2174,3,2174,152480000000.0,35.18164400372417,-97.4368706680025,7.814331997500409,-3.35621764674552,118.51705676363966,-78.51615032988889
2175,3,2175,152490000000.0,35.18164373379651,-97.43687148287844,7.813517121557071,-3.4,118.59062959286705,-78.5459881334991
2176,3,2176,152500000000.0,35.18164346386886,-97.43687229775439,7.8127022456137345,-3.4,118.66420242209443,-78.57582593632387
2177,3,2177,152510000000.0,35.181643193941206,-97.43687311263034,7.811887369670397,-3.4,118.73777525132185,-78.60566373914864
2178,3,2178,152520000000.0,35.181642924013545,-97.43687392750627,7.8110724937270595,-3.468583635209073,118.81134807926621,-78.63550154275885
2179,3,2179,152530000000.0,35.181642622998915,-97.43687486359161,7.805622920161221,-3.5,118.89586455980067,-78.66877569997129
2180,3,2180,152540000000.0,35.18164231894864,-97.43687581151306,7.7997207677255185,-3.5,118.98144968875718,-78.70238541734054
2181,3,2181,152550000000.0,35.181642014898365,-97.43687675943451,7.793818615289816,-3.4182658689647916,119.06703481771369,-78.73599513470978
2182,3,2182,152560000000.0,35.18164171084808,-97.43687770735596,7.787916462854115,-3.4,119.15261994667021,-78.76960485286446
2183,3,2183,152570000000.0,35.18164140679781,-97.43687865527743,7.782014310418413,-3.4,119.2382050769098,-78.8032145702337
2184,3,2184,152580000000.0,35.181641102747534,-97.43687960319888,7.776112157982712,-3.4,119.3237902058663,-78.83682428760295
2185,3,2185,152590000000.0,35.18164079869725,-97.43688055112032,7.77021000554701,-3.4,119.40937533482281,-78.87043400575763
2186,3,2186,152600000000.0,35.18164049464698,-97.43688149904177,7.7643078531113074,-3.4,119.49496046377932,-78.90404372312688
2187,3,2187,152610000000.0,35.1816401905967,-97.43688244696322,7.758405700675606,-3.4,119.58054559273586,-78.93765344049612
2188,3,2188,152620000000.0,35.18163988654642,-97.43688339488467,7.752503548239904,-3.4,119.66613072169237,-78.9712631586508
2189,3,2189,152630000000.0,35.181639582496146,-97.43688434280612,7.746601395804203,-3.4,119.75171585064888,-79.00487287602004
2190,3,2190,152640000000.0,35.18163927844587,-97.43688529072757,7.740699243368501,-3.4,119.83730097960537,-79.03848259338929
2191,3,2191,152650000000.0,35.18163897439559,-97.43688623864902,7.734797090932799,-3.4,119.92288610856191,-79.07209231154397
2192,3,2192,152660000000.0,35.181638670345315,-97.43688718657049,7.728894938497097,-3.4,120.00847123880146,-79.10570202891321
2193,3,2193,152670000000.0,35.18163836629504,-97.43688813449194,7.722992786061395,-3.4623972154242404,120.094056367758,-79.13931174628246
2194,3,2194,152680000000.0,35.18163806224476,-97.43688908241339,7.717090633625694,-3.5,120.17964149671451,-79.17292146443714
2195,3,2195,152690000000.0,35.18163776828692,-97.4368900030675,7.711458234894163,-3.5,120.26276473577958,-79.2054155640048
2196,3,2196,152700000000.0,35.18163753763862,-97.43689075267446,7.707517993214538,-3.5,120.33044461354193,-79.2309114267448
2197,3,2197,152710000000.0,35.18163730699033,-97.43689150228141,7.7035777515349135,-3.5,120.39812449130426,-79.25640728869936
2198,3,2198,152720000000.0,35.181637076342035,-97.43689225188837,7.699637509855289,-3.5628003222859363,120.46580436906662,-79.28190315143937
2199,3,2199,152730000000.0,35.181636845693745,-97.43689300149532,7.695697268175665,-3.6,120.53348424682896,-79.30739901339393
2200,3,2200,152740000000.0,35.18163661504545,-97.43689375110228,7.69175702649604,-3.6,120.60116412459132,-79.33289487613393
2201,3,2201,152750000000.0,35.18163638439716,-97.43689450070923,7.687816784816415,-3.6,120.66884400235365,-79.3583907380885
2202,3,2202,152760000000.0,35.18163615374886,-97.43689525031618,7.68387654313679,-3.676027093677356,120.736523880116,-79.3838866008285
2203,3,2203,152770000000.0,35.18163592310057,-97.43689599992314,7.6799363014571655,-3.9,120.80420375787835,-79.40938246278307
2204,3,2204,152780000000.0,35.181635692452275,-97.43689674953009,7.675996059777542,-3.9,120.87188363564069,-79.43487832552307
2205,3,2205,152790000000.0,35.181635461803985,-97.43689749913705,7.672055818097917,-3.9,120.93956351340302,-79.46037418747764
2206,3,2206,152800000000.0,35.181635250899305,-97.43689815303674,7.670025110836707,-3.933126002453381,120.99860225474823,-79.48368759084758
2207,3,2207,152810000000.0,35.1816350472216,-97.4368987719036,7.6686933719968975,-4.0,121.0544779819351,-79.50620212464443
2208,3,2208,152820000000.0,35.1816348435439,-97.43689939077048,7.667361633157088,-4.0,121.110353710405,-79.52871665765585
2209,3,2209,152830000000.0,35.18163463986619,-97.43690000963736,7.66602989431728,-4.0,121.1662294388749,-79.5512311914527
2210,3,2210,152840000000.0,35.18163443618848,-97.43690062850422,7.6646981554774705,-4.1,121.22210516606177,-79.57374572524955
2211,3,2211,152850000000.0,35.18163423251078,-97.4369012473711,7.663366416637661,-4.136032331485565,121.27798089453167,-79.59626025826097
2212,3,2212,152860000000.0,35.181634028833074,-97.43690186623797,7.662034677797852,-4.238329071330491,121.33385662300157,-79.61877479205782
2213,3,2213,152870000000.0,35.18163382515537,-97.43690248510484,7.6607029389580426,-4.399889022210327,121.38973235018842,-79.64128932506924
2214,3,2214,152880000000.0,35.181633621477665,-97.43690310397172,7.659371200118233,-4.626066896885481,121.44560807865834,-79.66380385886609
2215,3,2215,152890000000.0,35.181633417799965,-97.43690372283858,7.658039461278424,-5.0,121.5014838058452,-79.6863183918775
2216,3,2216,152900000000.0,35.18163321412226,-97.43690434170546,7.656707722438615,-4.9250136707882595,121.5573595343151,-79.70883292567436
2217,3,2217,152910000000.0,35.18163301044455,-97.43690496057233,7.655375983598805,-4.844908500333661,121.61323526278501,-79.73134745947121
2218,3,2218,152920000000.0,35.18163280676685,-97.4369055794392,7.654044244758997,-5.061201324551128,121.66911098997187,-79.75386199248263
2219,3,2219,152930000000.0,35.181632556527646,-97.43690634446357,7.65896309039472,-5.4,121.73818286207161,-79.78152343404645
2220,3,2220,152940000000.0,35.18163230468835,-97.43690711451063,7.664096737486878,-5.4,121.8077082193374,-79.80936174983555
2221,3,2221,152950000000.0,35.18163205284906,-97.43690788455768,7.669230384579035,-5.7131050694318635,121.87723357532015,-79.83720006483921
2222,3,2222,152960000000.0,35.18163180100977,-97.43690865460475,7.6743640316711925,-6.338029401361335,121.94675893258596,-79.86503837984287
2223,3,2223,152970000000.0,35.181631549170476,-97.43690942465182,7.67949767876335,-6.4323468822440635,122.01628428985175,-79.89287669563197
2224,3,2224,152980000000.0,35.18163129733119,-97.43691019469888,7.6846313258555075,-6.507916718200475,122.08580964711757,-79.92071501063563
2225,3,2225,152990000000.0,35.1816310454919,-97.43691096474595,7.689764972947665,-6.6,122.15533500438336,-79.9485533256393
2226,3,2226,153000000000.0,35.1816307936526,-97.436911734793,7.694898620039822,-6.7083809353307755,122.22486036036611,-79.97639164142839
2227,3,2227,153010000000.0,35.18163054181331,-97.43691250484007,7.700032267131981,-7.094843605332873,122.29438571763193,-80.00422995643206
2228,3,2228,153020000000.0,35.18163028997402,-97.43691327488713,7.705165914224138,-7.466573168014376,122.36391107489774,-80.03206827222115
2229,3,2229,153030000000.0,35.18163003813473,-97.4369140449342,7.710299561316296,-7.6,122.43343643216353,-80.05990658722482
2230,3,2230,153040000000.0,35.18162978629544,-97.43691481498126,7.715433208408453,-7.6,122.50296178942935,-80.08774490222848
2231,3,2231,153050000000.0,35.18162953445614,-97.43691558502833,7.720566855500611,-7.6336553244746215,122.57248714669514,-80.11558321801758
2232,3,2232,153060000000.0,35.18162928261685,-97.43691635507538,7.725700502592768,-7.7,122.64201250267789,-80.14342153302124
2233,3,2233,153070000000.0,35.181629030777565,-97.43691712512245,7.7308341496849255,-7.761054146371792,122.7115378599437,-80.1712598480249
2234,3,2234,153080000000.0,35.18162877893827,-97.43691789516951,7.735967796777083,-7.904412296895543,122.78106321720949,-80.199098163814
2235,3,2235,153090000000.0,35.18162852709898,-97.43691866521658,7.7411014438692405,-8.011147522768178,122.85058857447531,-80.22693647881766
2236,3,2236,153100000000.0,35.18162827525969,-97.43691943526365,7.746235090961398,-8.1,122.92011393174113,-80.25477479382133
2237,3,2237,153110000000.0,35.181628023420394,-97.4369202053107,7.751368738053555,-8.1,122.98963928772388,-80.28261310961042
2238,3,2238,153120000000.0,35.181627771581105,-97.43692097535776,7.756502385145713,-8.065343233581372,123.05916464498966,-80.31045142461409
2239,3,2239,153130000000.0,35.18162751722662,-97.43692176321933,7.758559743269011,-8.0,123.13029842275115,-80.33856776909474
2240,3,2240,153140000000.0,35.18162725749501,-97.43692258916587,7.754040413143446,-8.0,123.20487078465305,-80.36727850170564
2241,3,2241,153150000000.0,35.18162699776339,-97.43692341511242,7.749521083017881,-8.034425059512852,123.27944314655495,-80.39598923510198
2242,3,2242,153160000000.0,35.181626738031774,-97.43692424105895,7.745001752892317,-8.06502071500185,123.35401550717378,-80.42469996771288
2243,3,2243,153170000000.0,35.18162647830016,-97.43692506700549,7.7404824227667515,-8.0,123.42858786907568,-80.45341070032379
2244,3,2244,153180000000.0,35.18162621856854,-97.43692589295203,7.735963092641187,-8.0,123.50316023097758,-80.48212143372012
2245,3,2245,153190000000.0,35.181625958836925,-97.43692671889858,7.731443762515623,-8.0,123.57773259287949,-80.51083216633103
2246,3,2246,153200000000.0,35.18162569910531,-97.43692754484512,7.726924432390057,-8.0,123.65230495478139,-80.53954289894193
2247,3,2247,153210000000.0,35.18162543937369,-97.43692837079166,7.722405102264493,-8.0,123.72687731668329,-80.56825363233827
2248,3,2248,153220000000.0,35.181625179642076,-97.43692919673819,7.717885772138928,-8.0,123.80144967730213,-80.59696436494917
2249,3,2249,153230000000.0,35.18162491991046,-97.43693002268473,7.713366442013363,-8.0,123.87602203920403,-80.62567509756008
2250,3,2250,153240000000.0,35.18162466017884,-97.43693084863128,7.708847111887799,-8.0,123.95059440110593,-80.65438583095641
2251,3,2251,153250000000.0,35.18162440044723,-97.43693167457782,7.704327781762234,-8.0,124.02516676300783,-80.68309656356732
2252,3,2252,153260000000.0,35.181624140715606,-97.43693250052436,7.699808451636669,-8.0,124.09973912490973,-80.71180729696366
2253,3,2253,153270000000.0,35.18162388098399,-97.43693332647089,7.695289121511104,-7.8,124.17431148552859,-80.74051802957456
2254,3,2254,153280000000.0,35.18162362125238,-97.43693415241744,7.69076979138554,-7.8,124.24888384743046,-80.76922876218546
2255,3,2255,153290000000.0,35.18162336152076,-97.43693497836398,7.6862504612599745,-7.8,124.32345620933236,-80.7979394955818
2256,3,2256,153300000000.0,35.18162310178914,-97.43693580431052,7.68173113113441,-7.8,124.39802857123426,-80.8266502281927
2257,3,2257,153310000000.0,35.18162284205753,-97.43693663025707,7.677211801008846,-7.9,124.47260093313616,-80.85536096080361
2258,3,2258,153320000000.0,35.181622583533546,-97.43693745309591,7.672862219498869,-7.877746520045702,124.54689270958382,-80.88393820184749
2259,3,2259,153330000000.0,35.1816223415489,-97.43693823337293,7.6708374500197385,-7.7638242763060985,124.61734170025096,-80.9106871843818
2260,3,2260,153340000000.0,35.18162209956426,-97.43693901364995,7.668812680540608,-7.7,124.68779069091813,-80.93743616691611
2261,3,2261,153350000000.0,35.181621857579614,-97.43693979392697,7.666787911061477,-7.8,124.7582396815853,-80.96418514945043
2262,3,2262,153360000000.0,35.18162161559496,-97.43694057420399,7.6647631415823465,-7.8,124.82868867225247,-80.99093413277018
2263,3,2263,153370000000.0,35.18162137361032,-97.436941354481,7.662738372103216,-7.8,124.89913766163657,-81.0176831153045
2264,3,2264,153380000000.0,35.181621131625676,-97.43694213475801,7.660713602624085,-7.8,124.96958665230373,-81.04443209783881
2265,3,2265,153390000000.0,35.18162088964103,-97.43694291503503,7.6586888331449545,-7.8,125.04003564297088,-81.07118108037312
2266,3,2266,153400000000.0,35.18162064765639,-97.43694369531205,7.656664063665824,-7.8,125.11048463363805,-81.09793006290744
2267,3,2267,153410000000.0,35.181620405671744,-97.43694447558907,7.654639294186693,-7.8,125.18093362430521,-81.12467904544175
2268,3,2268,153420000000.0,35.18162016368709,-97.43694525586609,7.652614524707563,-7.8,125.25138261497239,-81.1514280287615
2269,3,2269,153430000000.0,35.18161992170245,-97.43694603614311,7.650589755228433,-7.8,125.32183160563953,-81.17817701129582
2270,3,2270,153440000000.0,35.181619679717805,-97.43694681642013,7.648564985749302,-7.8,125.3922805963067,-81.20492599383013
2271,3,2271,153450000000.0,35.18161943773316,-97.43694759669715,7.646540216270171,-7.8,125.46272958697386,-81.23167497636445
2272,3,2272,153460000000.0,35.18161919574852,-97.43694837697417,7.644515446791041,-7.8,125.53317857764104,-81.25842395889876
2273,3,2273,153470000000.0,35.18161895376387,-97.43694915725119,7.64249067731191,-7.8,125.60362756830818,-81.28517294143307
2274,3,2274,153480000000.0,35.18161871177922,-97.43694993752821,7.6404659078327795,-7.8,125.67407655897536,-81.31192192475282
2275,3,2275,153490000000.0,35.18161846979458,-97.43695071780523,7.638441138353649,-7.8,125.74452554964252,-81.33867090728714
2276,3,2276,153500000000.0,35.181618227809935,-97.43695149808224,7.636416368874518,-7.8,125.81497453902662,-81.36541988982145
2277,3,2277,153510000000.0,35.18161798582529,-97.43695227835926,7.6343915993953875,-7.8,125.8854235296938,-81.39216887235577
2278,3,2278,153520000000.0,35.18161774384065,-97.43695305863628,7.632366829916257,-7.8,125.95587252036096,-81.41891785489008
2279,3,2279,153530000000.0,35.18161750734748,-97.43695385020224,7.638140798967505,-7.8,126.02734075788285,-81.44505980930575
2280,3,2280,153540000000.0,35.18161727206934,-97.43695464426597,7.645640289663858,-7.8,126.09903451074318,-81.47106745530309
2281,3,2281,153550000000.0,35.1816170367912,-97.43695543832969,7.65313978036021,-7.7,126.1707282636035,-81.49707510051499
2282,3,2282,153560000000.0,35.18161680151306,-97.43695623239341,7.660639271056563,-7.7,126.24242201646382,-81.52308274651233
2283,3,2283,153570000000.0,35.18161656623492,-97.43695702645714,7.668138761752915,-7.784803028966361,126.31411576932413,-81.54909039172423
2284,3,2284,153580000000.0,35.181616330956786,-97.43695782052085,7.675638252449267,-7.617296409663122,126.38580952090142,-81.57509803693614
2285,3,2285,153590000000.0,35.18161609567864,-97.43695861458457,7.68313774314562,-7.5,126.45750327376173,-81.60110568293348
2286,3,2286,153600000000.0,35.181615860400505,-97.43695940864829,7.690637233841972,-7.696395869272892,126.52919702662206,-81.62711332814538
2287,3,2287,153610000000.0,35.18161562512236,-97.43696020271202,7.698136724538324,-7.7,126.60089077948237,-81.65312097414272
2288,3,2288,153620000000.0,35.181615389844225,-97.43696099677572,7.705636215234677,-7.7,126.67258453105966,-81.67912861935463
2289,3,2289,153630000000.0,35.18161515456609,-97.43696179083945,7.7131357059310295,-7.7,126.74427828391997,-81.70513626456653
2290,3,2290,153640000000.0,35.181614919287945,-97.43696258490317,7.720635196627382,-7.693169168120351,126.8159720367803,-81.73114391056387
2291,3,2291,153650000000.0,35.18161468400981,-97.4369633789669,7.728134687323735,-7.587664107246388,126.88766578964061,-81.75715155577578
2292,3,2292,153660000000.0,35.181614448731665,-97.43696417303062,7.735634178020087,-7.400669943988704,126.95935954250093,-81.78315920177312
2293,3,2293,153670000000.0,35.18161421345353,-97.43696496709433,7.743133668716439,-7.411383888197039,127.0310532940782,-81.80916684698502
2294,3,2294,153680000000.0,35.18161397817539,-97.43696576115805,7.750633159412792,-7.522079889303999,127.10274704693853,-81.83517449219693
2295,3,2295,153690000000.0,35.18161374289725,-97.43696655522177,7.758132650109144,-7.6,127.17444079979884,-81.86118213819427
2296,3,2296,153700000000.0,35.18161350761911,-97.4369673492855,7.765632140805496,-7.6,127.24613455265917,-81.88718978340617
2297,3,2297,153710000000.0,35.18161327234097,-97.43696814334922,7.773131631501849,-7.5,127.31782830551948,-81.91319742940351
2298,3,2298,153720000000.0,35.18161303706283,-97.43696893741293,7.780631122198201,-7.5,127.38952205709677,-81.93920507461542
2299,3,2299,153730000000.0,35.18161278935443,-97.43696977342877,7.78695934849929,-7.6,127.4650035474337,-81.96658676110388
2300,3,2300,153740000000.0,35.18161252429919,-97.43697066799022,7.791653035114745,-7.6,127.54577095414967,-81.99588596752747
2301,3,2301,153750000000.0,35.18161225924395,-97.43697156255166,7.796346721730201,-7.6,127.62653835958263,-82.02518517395106
2302,3,2302,153760000000.0,35.1816119941887,-97.43697245711311,7.8010404083456555,-7.6,127.70730576629862,-82.05448438116008
2303,3,2303,153770000000.0,35.18161172913346,-97.43697335167457,7.80573409496111,-7.6,127.78807317301464,-82.08378358758367
2304,3,2304,153780000000.0,35.181611464078216,-97.43697424623602,7.810427781576566,-7.6,127.86884057973062,-82.11308279400725
2305,3,2305,153790000000.0,35.18161119902297,-97.43697514079746,7.815121468192021,-7.6,127.94960798516357,-82.14238200121628
2306,3,2306,153800000000.0,35.181610933967725,-97.43697603535891,7.8198151548074755,-7.6,128.03037539187955,-82.17168120763986
2307,3,2307,153810000000.0,35.181610668912484,-97.43697692992036,7.824508841422931,-7.6,128.11114279859558,-82.20098041406345
2308,3,2308,153820000000.0,35.181610403857235,-97.43697782448181,7.829202528038386,-7.6527294684493015,128.19191020531156,-82.23027962127247
2309,3,2309,153830000000.0,35.18161013880199,-97.43697871904327,7.833896214653841,-7.7,128.27267761202756,-82.25957882769606
2310,3,2310,153840000000.0,35.18160987374675,-97.4369796136047,7.838589901269296,-7.7,128.3534450174605,-82.28887803411965
2311,3,2311,153850000000.0,35.1816096086915,-97.43698050816616,7.843283587884751,-7.7,128.43421242417648,-82.31817724132867
2312,3,2312,153860000000.0,35.18160934363626,-97.43698140272761,7.847977274500206,-7.7,128.5149798308925,-82.34747644775226
2313,3,2313,153870000000.0,35.18160907858102,-97.43698229728906,7.8526709611156615,-7.7,128.5957472376085,-82.37677565417584
2314,3,2314,153880000000.0,35.18160881352577,-97.4369831918505,7.857364647731116,-7.7,128.67651464304143,-82.40607486138487
2315,3,2315,153890000000.0,35.18160854847053,-97.43698408641195,7.862058334346571,-7.7,128.75728204975744,-82.43537406780845
2316,3,2316,153900000000.0,35.18160828341529,-97.4369849809734,7.866752020962027,-7.7,128.83804945647344,-82.46467327423204
2317,3,2317,153910000000.0,35.18160799932958,-97.43698590201127,7.869776287951191,-7.7,128.9212073432263,-82.49607610837742
2318,3,2318,153920000000.0,35.181607672489335,-97.43698688253198,7.869049976305899,-7.7,129.009735766574,-82.53220502892248
2319,3,2319,153930000000.0,35.1816073456491,-97.4369878630527,7.868323664660606,-7.7,129.09826419120475,-82.5683339486821
2320,3,2320,153940000000.0,35.181607018808855,-97.43698884357343,7.867597353015314,-7.7,129.1867926158355,-82.60446286922715
2321,3,2321,153950000000.0,35.18160669196862,-97.43698982409416,7.866871041370021,-7.7,129.27532104046622,-82.64059178898677
2322,3,2322,153960000000.0,35.181606365128374,-97.43699080461488,7.866144729724729,-7.7,129.363849465097,-82.67672070953182
2323,3,2323,153970000000.0,35.18160603828814,-97.43699178513559,7.865418418079437,-7.7,129.45237788844466,-82.71284962929144
2324,3,2324,153980000000.0,35.181605711447894,-97.43699276565631,7.864692106434144,-7.7,129.54090631307542,-82.7489785498365
2325,3,2325,153990000000.0,35.18160539195827,-97.43699372867052,7.8637622445017925,-7.775909724516949,129.62785412363507,-82.78429493268703
2326,3,2326,154000000000.0,35.1816052212006,-97.43699433745874,7.858713756821564,-7.8,129.68281987941808,-82.80317048584834
2327,3,2327,154010000000.0,35.181605050442926,-97.43699494624695,7.853665269141337,-7.8,129.73778563391795,-82.82204603900965
2328,3,2328,154020000000.0,35.18160487968525,-97.43699555503518,7.84861678146111,-7.8,129.79275138970092,-82.84092159217096
2329,3,2329,154030000000.0,35.18160470892759,-97.4369961638234,7.843568293780883,-7.8,129.84771714420086,-82.85979714454683
2330,3,2330,154040000000.0,35.181604538169914,-97.43699677261162,7.8385198061006545,-7.8,129.9026828999838,-82.87867269770814
2331,3,2331,154050000000.0,35.18160436741224,-97.43699738139983,7.833471318420427,-7.8,129.9576486544837,-82.89754825086945
2332,3,2332,154060000000.0,35.18160419665457,-97.43699799018806,7.8284228307402,-7.8,130.01261441026668,-82.91642380403076
2333,3,2333,154070000000.0,35.181604025896895,-97.43699859897627,7.823374343059973,-7.863895805764362,130.06758016476658,-82.93529935719206
2334,3,2334,154080000000.0,35.18160385513922,-97.4369992077645,7.8183258553797454,-7.9,130.12254592054953,-82.95417491035337
2335,3,2335,154090000000.0,35.18160368438155,-97.43699981655271,7.813277367699517,-7.9,130.17751167504946,-82.97305046351468
2336,3,2336,154100000000.0,35.181603513623884,-97.43700042534094,7.80822888001929,-7.9,130.2324774308324,-82.99192601589056
2337,3,2337,154110000000.0,35.18160334286621,-97.43700103412915,7.803180392339063,-7.9,130.2874431853323,-83.01080156905186
2338,3,2338,154120000000.0,35.18160317210854,-97.43700164291738,7.7981319046588355,-7.830264210255125,130.3424089411153,-83.02967712221317
2339,3,2339,154130000000.0,35.181602984901396,-97.43700236327187,7.793323957517228,-7.859584190133752,130.4074476973851,-83.05037099971557
2340,3,2340,154140000000.0,35.18160278567036,-97.4370031651768,7.78869183581627,-7.9,130.47984941064328,-83.07239399874206
2341,3,2341,154150000000.0,35.18160258643931,-97.43700396708175,7.784059714115311,-7.9,130.55225112518457,-83.09441699855398
2342,3,2342,154160000000.0,35.18160238720827,-97.43700476898668,7.779427592414352,-7.9,130.62465283844278,-83.11643999758047
2343,3,2343,154170000000.0,35.181602187977234,-97.43700557089163,7.774795470713394,-7.830979562996716,130.697054552984,-83.13846299660696
2344,3,2344,154180000000.0,35.181601988746195,-97.43700637279656,7.770163349012435,-7.8,130.76945626624226,-83.16048599563345
2345,3,2345,154190000000.0,35.18160178951515,-97.4370071747015,7.765531227311476,-7.8,130.84185798078352,-83.18250899544537
2346,3,2346,154200000000.0,35.18160159028411,-97.43700797660645,7.760899105610517,-7.8,130.91425969532477,-83.20453199447186
2347,3,2347,154210000000.0,35.18160139105307,-97.43700877851138,7.756266983909558,-7.8,130.986661408583,-83.22655499349835
2348,3,2348,154220000000.0,35.181601191822025,-97.43700958041633,7.7516348622086,-7.8,131.05906312312428,-83.24857799331028
2349,3,2349,154230000000.0,35.18160099259099,-97.43701038232126,7.747002740507641,-7.8,131.1314648363825,-83.27060099233677
2350,3,2350,154240000000.0,35.18160079335995,-97.43701118422621,7.7423706188066825,-7.8,131.20386655092375,-83.29262399136326
2351,3,2351,154250000000.0,35.18160059412891,-97.43701198613114,7.737738497105724,-7.8,131.27626826418197,-83.31464699038975
2352,3,2352,154260000000.0,35.18160039489786,-97.43701278803609,7.733106375404765,-7.8,131.34866997872325,-83.33666999020167
2353,3,2353,154270000000.0,35.181600195666825,-97.43701358994102,7.728474253703806,-7.8,131.42107169198144,-83.35869298922816
2354,3,2354,154280000000.0,35.181599996435786,-97.43701439184596,7.723842132002847,-7.8,131.4934734065227,-83.38071598825465
2355,3,2355,154290000000.0,35.18159979720474,-97.4370151937509,7.719210010301889,-7.8,131.56587511978094,-83.40273898806657
2356,3,2356,154300000000.0,35.1815995979737,-97.43701599565584,7.71457788860093,-7.8,131.63827683432217,-83.42476198709306
2357,3,2357,154310000000.0,35.18159939874266,-97.43701679756077,7.709945766899971,-7.8,131.7106785475804,-83.44678498611955
2358,3,2358,154320000000.0,35.18159919951162,-97.43701759946572,7.705313645199013,-7.8,131.78308026212167,-83.46880798514604
2359,3,2359,154330000000.0,35.18159898464767,-97.43701840373316,7.70360183825432,-7.8,131.855695279859,-83.49255904644522
2360,3,2360,154340000000.0,35.181598754183376,-97.43701921035817,7.704804260636415,-7.8,131.92852315557138,-83.51803456958791
2361,3,2361,154350000000.0,35.18159852371909,-97.43702001698318,7.706006683018509,-7.8,132.00135103128378,-83.54351009194517
2362,3,2362,154360000000.0,35.1815982932548,-97.43702082360821,7.7072091054006036,-7.8537556968487925,132.07417890827924,-83.56898561430242
2363,3,2363,154370000000.0,35.181598062790506,-97.43702163023322,7.708411527782698,-7.9,132.14700678399163,-83.59446113744511
2364,3,2364,154380000000.0,35.18159783232622,-97.43702243685823,7.709613950164793,-7.87170886182686,132.21983465970402,-83.61993665980236
2365,3,2365,154390000000.0,35.18159760186193,-97.43702324348325,7.710816372546888,-7.8,132.29266253669945,-83.64541218215962
2366,3,2366,154400000000.0,35.181597371397636,-97.43702405010826,7.712018794928983,-7.8,132.36549041241184,-83.6708877053023
2367,3,2367,154410000000.0,35.18159714093335,-97.43702485673327,7.713221217311077,-7.8,132.43831828812424,-83.69636322765956
2368,3,2368,154420000000.0,35.18159691046906,-97.4370256633583,7.714423639693171,-7.8,132.51114616511967,-83.72183875001681
2369,3,2369,154430000000.0,35.18159668000477,-97.43702646998331,7.715626062075266,-7.8,132.5839740408321,-83.74731427237407
2370,3,2370,154440000000.0,35.18159644954048,-97.43702727660832,7.716828484457361,-7.8,132.65680191654448,-83.77278979551676
2371,3,2371,154450000000.0,35.18159621907619,-97.43702808323334,7.718030906839456,-7.8,132.7296297935399,-83.79826531787401
2372,3,2372,154460000000.0,35.1815959886119,-97.43702888985835,7.7192333292215505,-7.8,132.80245766925233,-83.82374084023127
2373,3,2373,154470000000.0,35.18159575814761,-97.43702969648336,7.720435751603644,-7.8,132.8752855449647,-83.84921636337396
2374,3,2374,154480000000.0,35.18159552768332,-97.43703050310839,7.721638173985739,-7.8,132.94811342196013,-83.87469188573121
2375,3,2375,154490000000.0,35.18159529721903,-97.4370313097334,7.722840596367834,-7.8,133.02094129767255,-83.90016740808846
2376,3,2376,154500000000.0,35.181595066754745,-97.43703211635841,7.724043018749929,-7.84979996759955,133.09376917338494,-83.92564293044572
2377,3,2377,154510000000.0,35.18159483629045,-97.43703292298343,7.7252454411320235,-7.843458389715733,133.16659705038037,-83.9511184535884
2378,3,2378,154520000000.0,35.18159460582616,-97.43703372960844,7.726447863514118,-7.844669845760774,133.23942492609277,-83.97659397594566
2379,3,2379,154530000000.0,35.1815943839675,-97.43703453444726,7.725353957565466,-7.9,133.3120915317276,-84.0011182325533
2380,3,2380,154540000000.0,35.181594169415604,-97.4370353377695,7.722310314336097,-7.9,133.38462120945385,-84.0248347991647
2381,3,2381,154550000000.0,35.1815939548637,-97.43703614109172,7.719266671106727,-7.9,133.45715088589705,-84.04855136656153
2382,3,2382,154560000000.0,35.181593740311804,-97.43703694441396,7.716223027877358,-7.9573192163380675,133.5296805636233,-84.07226793317292
2383,3,2383,154570000000.0,35.1815935257599,-97.43703774773618,7.7131793846479875,-8.0,133.60221024006648,-84.09598450056976
2384,3,2384,154580000000.0,35.181593311208005,-97.43703855105842,7.710135741418618,-8.0,133.67473991779278,-84.11970106718115
2385,3,2385,154590000000.0,35.1815930966561,-97.43703935438064,7.707092098189248,-8.0,133.74726959423597,-84.14341763457799
2386,3,2386,154600000000.0,35.181592882104205,-97.43704015770288,7.704048454959878,-8.0,133.81979927196224,-84.16713420118938
2387,3,2387,154610000000.0,35.1815926675523,-97.4370409610251,7.701004811730509,-8.0,133.89232894840544,-84.19085076858622
2388,3,2388,154620000000.0,35.181592453000405,-97.43704176434733,7.697961168501139,-8.0,133.96485862484863,-84.21456733519761
2389,3,2389,154630000000.0,35.1815922384485,-97.43704256766956,7.694917525271769,-8.027067865963582,134.03738830257493,-84.23828390259445
2390,3,2390,154640000000.0,35.181592023896606,-97.43704337099179,7.691873882042399,-8.1,134.10991797901812,-84.26200046920584
2391,3,2391,154650000000.0,35.1815918093447,-97.43704417431402,7.68883023881303,-8.1554961688639,134.18244765674436,-84.28571703660268
2392,3,2392,154660000000.0,35.181591594792806,-97.43704497763625,7.68578659558366,-8.2,134.25497733318758,-84.30943360321407
2393,3,2393,154670000000.0,35.1815913802409,-97.43704578095848,7.682742952354291,-8.2,134.32750701091382,-84.3331501706109
2394,3,2394,154680000000.0,35.18159116568901,-97.43704658428071,7.679699309124921,-8.2,134.40003668735704,-84.3568667372223
2395,3,2395,154690000000.0,35.1815909511371,-97.43704738760295,7.6766556658955505,-8.241304241270939,134.4725663650833,-84.38058330461914
2396,3,2396,154700000000.0,35.18159073658521,-97.43704819092517,7.673612022666181,-8.35808074262751,134.5450960415265,-84.40429987123053
2397,3,2397,154710000000.0,35.181590522033304,-97.43704899424739,7.670568379436811,-8.4,134.6176257179697,-84.42801643862737
2398,3,2398,154720000000.0,35.18159030748141,-97.43704979756963,7.667524736207442,-8.47993848154671,134.69015539569597,-84.45173300523876
2399,3,2399,154730000000.0,35.18159010320691,-97.43705058475257,7.663217198441281,-8.6,134.76122790232418,-84.47431350841768
2400,3,2400,154740000000.0,35.18158990924924,-97.43705135573427,7.657640915626996,-8.6,134.8308376450062,-84.49575358900574
2401,3,2401,154750000000.0,35.18158971529158,-97.43705212671598,7.652064632812712,-8.6,134.90044738897126,-84.51719366880837
2402,3,2402,154760000000.0,35.18158952133391,-97.4370528976977,7.646488349998426,-8.769881995201695,134.9700571329363,-84.53863374939644
2403,3,2403,154770000000.0,35.18158932737625,-97.43705366867941,7.640912067184142,-9.030431933453173,135.03966687690138,-84.56007382919907
2404,3,2404,154780000000.0,35.18158913341859,-97.43705443966111,7.6353357843698575,-9.316651827466933,135.10927661958337,-84.5815139090017
2405,3,2405,154790000000.0,35.18158893946092,-97.43705521064282,7.629759501555572,-9.4,135.17888636354846,-84.60295398958976
2406,3,2406,154800000000.0,35.18158874550326,-97.43705598162454,7.624183218741288,-9.463996401645165,135.2484961075135,-84.6243940693924
2407,3,2407,154810000000.0,35.181588551545595,-97.43705675260625,7.618606935927002,-9.654471394072448,135.31810585147855,-84.64583414998046
2408,3,2408,154820000000.0,35.181588357587934,-97.43705752358795,7.613030653112718,-9.815691833561361,135.38771559416057,-84.66727422978309
2409,3,2409,154830000000.0,35.18158816363027,-97.43705829456967,7.607454370298433,-9.909958661892235,135.45732533812563,-84.68871430958572
2410,3,2410,154840000000.0,35.181587969672606,-97.43705906555138,7.601878087484148,-10.085746565086092,135.5269350820907,-84.71015439017378
2411,3,2411,154850000000.0,35.181587775714945,-97.4370598365331,7.596301804669864,-10.373231542589007,135.59654482605575,-84.73159446997641
2412,3,2412,154860000000.0,35.181587581757285,-97.43706060751481,7.590725521855579,-10.545909269573261,135.6661545700208,-84.75303454977904
2413,3,2413,154870000000.0,35.18158738779962,-97.43706137849651,7.585149239041294,-10.6,135.73576431270283,-84.77447463036711
2414,3,2414,154880000000.0,35.181587193841956,-97.43706214947822,7.579572956227009,-10.6,135.80537405666786,-84.79591471016974
2415,3,2415,154890000000.0,35.18158699988429,-97.43706292045994,7.573996673412725,-10.828933602437797,135.87498380063295,-84.8173547907578
2416,3,2416,154900000000.0,35.18158680592663,-97.43706369144165,7.5684203905984395,-11.4,135.944593544598,-84.83879487056043
2417,3,2417,154910000000.0,35.18158661196897,-97.43706446242335,7.562844107784155,-11.4,136.01420328728,-84.86023495036306
2418,3,2418,154920000000.0,35.1815864180113,-97.43706523340506,7.557267824969871,-11.4,136.08381303124506,-84.88167503095113
2419,3,2419,154930000000.0,35.18158622405364,-97.43706600438678,7.551691542155585,-11.40917248922401,136.15342277521012,-84.90311511075376
2420,3,2420,154940000000.0,35.18158604584479,-97.4370668209023,7.549866505801954,-11.653248847036783,136.2271436372097,-84.9228143170707
2421,3,2421,154950000000.0,35.18158586986553,-97.43706764386414,7.548572540644274,-11.8,136.30144651852098,-84.94226706442788
2422,3,2422,154960000000.0,35.18158569388626,-97.43706846682599,7.547278575486594,-11.880238742055868,136.3757494011153,-84.9617198125705
2423,3,2423,154970000000.0,35.181585517907,-97.43706928978783,7.545984610328914,-12.081513325685114,136.4500522824266,-84.98117255992767
2424,3,2424,154980000000.0,35.18158534192774,-97.43707011274967,7.544690645171235,-12.30802546111346,136.5243551637379,-85.00062530728485
2425,3,2425,154990000000.0,35.18158516594848,-97.4370709357115,7.543396680013555,-12.706771044151548,136.59865804504918,-85.02007805464203
2426,3,2426,155000000000.0,35.18158498996922,-97.43707175867335,7.542102714855876,-12.8,136.67296092764352,-85.03953080278464
2427,3,2427,155010000000.0,35.18158481398996,-97.43707258163519,7.540808749698195,-12.8,136.7472638089548,-85.05898355014182
2428,3,2428,155020000000.0,35.1815846380107,-97.43707340459703,7.539514784540516,-12.868611918197578,136.82156669026608,-85.078436297499
2429,3,2429,155030000000.0,35.18158446203144,-97.43707422755887,7.538220819382836,-13.0,136.89586957157735,-85.09788904485617
2430,3,2430,155040000000.0,35.18158428605217,-97.43707505052072,7.536926854225157,-12.991605429776493,136.9701724541717,-85.11734179299879
2431,3,2431,155050000000.0,35.18158411007291,-97.43707587348256,7.535632889067477,-12.937451238461268,137.04447533548299,-85.13679454035596
2432,3,2432,155060000000.0,35.18158393409365,-97.4370766964444,7.534338923909797,-13.26857491815267,137.11877821679425,-85.15624728771314
2433,3,2433,155070000000.0,35.18158375811439,-97.43707751940623,7.533044958752117,-13.6,137.19308109810555,-85.17570003507032
2434,3,2434,155080000000.0,35.181583582135126,-97.43707834236808,7.531750993594438,-13.6,137.2673839806999,-85.19515278321293
2435,3,2435,155090000000.0,35.181583406155866,-97.43707916532992,7.530457028436758,-13.6,137.3416868620112,-85.21460553057011
2436,3,2436,155100000000.0,35.18158323017661,-97.43707998829176,7.5291630632790785,-13.6,137.41598974332246,-85.23405827792729
2437,3,2437,155110000000.0,35.18158305419735,-97.4370808112536,7.527869098121398,-13.56360592668045,137.49029262463375,-85.25351102528447
2438,3,2438,155120000000.0,35.18158287821809,-97.43708163421545,7.5265751329637185,-13.46929535082794,137.56459550722806,-85.27296377264165
2439,3,2439,155130000000.0,35.18158270340248,-97.43708243054893,7.52028694697606,-13.387388222721034,137.63649419005048,-85.29228788948245
2440,3,2440,155140000000.0,35.181582529517925,-97.43708320557724,7.510002917380471,-13.3,137.70646928980327,-85.31150908855778
2441,3,2441,155150000000.0,35.18158235563337,-97.43708398060556,7.499718887784882,-13.368616858169954,137.77644439083915,-85.33073028763312
2442,3,2442,155160000000.0,35.18158218174881,-97.43708475563388,7.489434858189293,-13.605910973543606,137.84641949059196,-85.34995148670845
2443,3,2443,155170000000.0,35.18158200786425,-97.4370855306622,7.479150828593704,-13.825782532126942,137.9163945916278,-85.36917268578378
2444,3,2444,155180000000.0,35.18158183397969,-97.43708630569051,7.468866798998115,-13.890838873292008,137.98636969138065,-85.38839388485911
2445,3,2445,155190000000.0,35.181581660095134,-97.43708708071883,7.4585827694025255,-13.8,138.05634479113343,-85.40761508393445
2446,3,2446,155200000000.0,35.181581486210575,-97.43708785574715,7.448298739806937,-13.8,138.1263198921693,-85.42683628300978
2447,3,2447,155210000000.0,35.18158131232602,-97.43708863077546,7.438014710211347,-13.8,138.19629499192212,-85.44605748208511
2448,3,2448,155220000000.0,35.18158113844146,-97.43708940580379,7.427730680615759,-13.92665110101834,138.26627009295797,-85.46527868116044
2449,3,2449,155230000000.0,35.1815809645569,-97.4370901808321,7.417446651020169,-14.209094578288447,138.3362451927108,-85.48449988023577
2450,3,2450,155240000000.0,35.18158079067234,-97.43709095586041,7.407162621424581,-14.3,138.4062202924636,-85.5037210793111
2451,3,2451,155250000000.0,35.181580616787784,-97.43709173088874,7.396878591828991,-14.330300360758928,138.47619539349947,-85.52294227838644
2452,3,2452,155260000000.0,35.181580442903226,-97.43709250591705,7.386594562233403,-14.380117667103312,138.5461704932523,-85.54216347746177
2453,3,2453,155270000000.0,35.18158026901867,-97.43709328094536,7.376310532637813,-14.319785463510602,138.6161455930051,-85.5613846765371
2454,3,2454,155280000000.0,35.18158009513411,-97.43709405597369,7.3660265030422245,-14.3807676106568,138.68612069404097,-85.58060587561243
2455,3,2455,155290000000.0,35.18157992124955,-97.437094831002,7.355742473446636,-14.4,138.75609579379375,-85.59982707468777
2456,3,2456,155300000000.0,35.18157974736499,-97.43709560603033,7.345458443851046,-14.410054184681394,138.82607089482963,-85.6190482737631
2457,3,2457,155310000000.0,35.181579573480434,-97.43709638105864,7.335174414255458,-14.601597491053441,138.89604599458244,-85.63826947283843
2458,3,2458,155320000000.0,35.181579399595876,-97.43709715608695,7.324890384659868,-14.682055768528615,138.96602109433525,-85.65749067191376
2459,3,2459,155330000000.0,35.18157921718087,-97.43709796440419,7.318195471264638,-14.911321931735696,139.0390017565483,-85.67765482684763
2460,3,2460,155340000000.0,35.18157902332942,-97.43709881735056,7.316312342917672,-15.062185273610659,139.1160118560651,-85.69908316598372
2461,3,2461,155350000000.0,35.18157882947797,-97.43709967029693,7.314429214570706,-15.190299463585797,139.1930219555819,-85.72051150511982
2462,3,2462,155360000000.0,35.18157863562652,-97.4371005232433,7.3125460862237395,-15.2,139.2700320550987,-85.74193984425591
2463,3,2463,155370000000.0,35.18157844177508,-97.43710137618967,7.310662957876773,-15.2,139.34704215461554,-85.76336818260657
2464,3,2464,155380000000.0,35.18157824792363,-97.43710222913603,7.308779829529806,-15.260123140033562,139.42405225284932,-85.78479652174266
2465,3,2465,155390000000.0,35.18157805407218,-97.4371030820824,7.30689670118284,-16.005974342718627,139.50106235236612,-85.80622486087876
2466,3,2466,155400000000.0,35.181577860220735,-97.43710393502877,7.305013572835874,-16.2,139.57807245188295,-85.82765320001485
2467,3,2467,155410000000.0,35.181577666369286,-97.43710478797514,7.303130444488907,-16.114134831493573,139.65508255139974,-85.84908153915094
2468,3,2468,155420000000.0,35.18157747251784,-97.43710564092152,7.301247316141941,-16.10535609248033,139.73209265091654,-85.87050987828704
2469,3,2469,155430000000.0,35.18157727866639,-97.43710649386787,7.299364187794975,-16.162127737677757,139.8091027491503,-85.89193821742313
2470,3,2470,155440000000.0,35.18157708481494,-97.43710734681424,7.297481059448008,-16.2,139.88611284866712,-85.91336655655923
2471,3,2471,155450000000.0,35.1815768909635,-97.43710819976062,7.2955979311010415,-16.2,139.96312294818392,-85.93479489490988
2472,3,2472,155460000000.0,35.18157669711205,-97.43710905270699,7.293714802754075,-16.233036690542402,140.04013304770075,-85.95622323404598
2473,3,2473,155470000000.0,35.1815765032606,-97.43710990565336,7.291831674407109,-16.45400149210165,140.11714314721758,-85.97765157318207
2474,3,2474,155480000000.0,35.18157630940915,-97.43711075859973,7.289948546060143,-16.746723676728337,140.19415324673437,-85.99907991231817
2475,3,2475,155490000000.0,35.181576115557704,-97.43711161154609,7.2880654177131765,-16.999222901772303,140.27116334496813,-86.02050825145426
2476,3,2476,155500000000.0,35.181575921706255,-97.43711246449246,7.286182289366209,-17.0,140.34817344448493,-86.04193659059035
2477,3,2477,155510000000.0,35.18157576230678,-97.43711323872374,7.2843717796296525,-17.0,140.41807658266842,-86.05955660874798
2478,3,2478,155520000000.0,35.181575661026486,-97.43711388016557,7.282683774795409,-17.020354368955225,140.4759905392549,-86.07075213229166
2479,3,2479,155530000000.0,35.18157555974619,-97.43711452160741,7.280995769961166,-17.211399145074626,140.5339044971244,-86.08194765583534
2480,3,2480,155540000000.0,35.18157545846591,-97.43711516304926,7.279307765126922,-17.3,140.5918184549939,-86.09314317859358
2481,3,2481,155550000000.0,35.181575357185615,-97.43711580449109,7.277619760292679,-17.6,140.64973241158035,-86.10433870213726
2482,3,2482,155560000000.0,35.18157525590532,-97.43711644593293,7.275931755458436,-17.6,140.70764636944986,-86.11553422568093
2483,3,2483,155570000000.0,35.18157515462504,-97.43711708737476,7.274243750624192,-17.627170464400848,140.7655603260363,-86.12672974843917
2484,3,2484,155580000000.0,35.181575053344744,-97.4371177288166,7.2725557457899495,-18.08059645727908,140.82347428390582,-86.13792527198285
2485,3,2485,155590000000.0,35.18157495206445,-97.43711837025843,7.270867740955706,-18.3,140.8813882404923,-86.14912079552653
2486,3,2486,155600000000.0,35.181574850784166,-97.43711901170028,7.269179736121463,-18.30085860615341,140.9393021983618,-86.16031631828477
2487,3,2487,155610000000.0,35.18157474950387,-97.4371196531421,7.267491731287219,-18.47885971599033,140.99721615494826,-86.17151184182845
2488,3,2488,155620000000.0,35.18157464822359,-97.43712029458395,7.265803726452976,-18.73373408839434,141.05513011281778,-86.18270736458669
2489,3,2489,155630000000.0,35.18157451918755,-97.43712101214348,7.262683376490066,-19.042982534266272,141.11991651988217,-86.19697100830933
2490,3,2490,155640000000.0,35.18157436492413,-97.4371217988869,7.258261158592704,-19.2,141.1909493441045,-86.21402328653943
2491,3,2491,155650000000.0,35.18157421066072,-97.43712258563032,7.253838940695343,-19.201844588282874,141.26198216704378,-86.23107556398409
2492,3,2492,155660000000.0,35.1815740563973,-97.43712337237373,7.249416722797981,-19.33024123066171,141.33301498998304,-86.24812784221419
2493,3,2493,155670000000.0,35.18157390213389,-97.43712415911715,7.244994504900619,-19.507256490442153,141.4040478129223,-86.26518011965885
2494,3,2494,155680000000.0,35.18157374787047,-97.43712494586057,7.240572287003258,-19.62172788386923,141.47508063714463,-86.28223239788895
2495,3,2495,155690000000.0,35.18157359360706,-97.43712573260399,7.236150069105896,-19.7,141.5461134600839,-86.29928467533361
2496,3,2496,155700000000.0,35.181573439343644,-97.4371265193474,7.231727851208534,-19.992670241977645,141.61714628302317,-86.3163369535637
2497,3,2497,155710000000.0,35.181573285080226,-97.43712730609082,7.227305633311173,-20.33943410621472,141.68817910596243,-86.3333892317938
2498,3,2498,155720000000.0,35.181573130816815,-97.43712809283423,7.222883415413811,-20.8,141.7592119289017,-86.35044150923846
2499,3,2499,155730000000.0,35.1815729765534,-97.43712887957766,7.21846119751645,-20.8,141.83024475312402,-86.36749378746856
2500,3,2500,155740000000.0,35.181572822289986,-97.43712966632107,7.214038979619088,-20.8,141.90127757606328,-86.38454606491322
2501,3,2501,155750000000.0,35.18157266802657,-97.43713045306448,7.209616761721726,-20.99619824480314,141.97231039900257,-86.40159834314332
2502,3,2502,155760000000.0,35.18157251376316,-97.4371312398079,7.205194543824365,-21.150476735336984,142.04334322194183,-86.41865062058798
2503,3,2503,155770000000.0,35.18157235949974,-97.43713202655132,7.200772325927003,-21.50759523189668,142.11437604616415,-86.43570289881808
2504,3,2504,155780000000.0,35.18157220523632,-97.43713281329474,7.196350108029641,-21.86202554160751,142.1854088691034,-86.45275517704818
2505,3,2505,155790000000.0,35.18157205097291,-97.43713360003815,7.19192789013228,-22.07075957386834,142.25644169204267,-86.46980745449284
2506,3,2506,155800000000.0,35.18157189670949,-97.43713438678157,7.187505672234918,-22.1,142.32747451498196,-86.48685973272293
2507,3,2507,155810000000.0,35.18157174244608,-97.43713517352498,7.183083454337556,-22.18291315785833,142.39850733792122,-86.5039120101676
2508,3,2508,155820000000.0,35.181571587862834,-97.4371359584101,7.1791858503144805,-22.44868728245005,142.46937238054855,-86.5209996423502
2509,3,2509,155830000000.0,35.18157142942436,-97.43713672089525,7.181611939435151,-22.6,142.53821499463083,-86.53851343135287
2510,3,2510,155840000000.0,35.18157127098589,-97.4371374833804,7.184038028555822,-22.731003199698172,142.60705760743002,-86.5560272195701
2511,3,2511,155850000000.0,35.18157111254742,-97.43713824586555,7.1864641176764925,-22.952418387897378,142.67590022151225,-86.57354100857276
2512,3,2512,155860000000.0,35.18157095410894,-97.43713900835071,7.188890206797163,-23.0,142.74474283559454,-86.59105479757542
2513,3,2513,155870000000.0,35.18157079567047,-97.43713977083586,7.191316295917834,-23.133541232723196,142.81358544839372,-86.60856858657809
2514,3,2514,155880000000.0,35.181570637232,-97.43714053332101,7.1937423850385045,-23.2,142.88242806247598,-86.62608237479532
2515,3,2515,155890000000.0,35.181570478793525,-97.43714129580616,7.196168474159175,-23.32186018924495,142.9512706752752,-86.64359616379798
2516,3,2516,155900000000.0,35.18157032035505,-97.43714205829131,7.198594563279846,-23.4,143.02011328935745,-86.66110995280064
2517,3,2517,155910000000.0,35.181570161916575,-97.43714282077647,7.2010206524005165,-23.4,143.0889559034397,-86.6786237418033
2518,3,2518,155920000000.0,35.18157000347811,-97.43714358326162,7.203446741521187,-23.466803501706234,143.1577985162389,-86.69613753002054
2519,3,2519,155930000000.0,35.18156984503963,-97.43714434574677,7.205872830641858,-23.5,143.22664113032116,-86.7136513190232
2520,3,2520,155940000000.0,35.18156968660116,-97.43714510823192,7.2082989197625285,-23.5,143.29548374312034,-86.73116510802586
2521,3,2521,155950000000.0,35.18156952816269,-97.43714587071707,7.210725008883199,-23.5,143.3643263572026,-86.74867889624309
2522,3,2522,155960000000.0,35.181569369724215,-97.43714663320223,7.213151098003871,-23.5,143.43316897128486,-86.76619268524576
2523,3,2523,155970000000.0,35.18156921128574,-97.43714739568738,7.215577187124541,-23.5,143.50201158408407,-86.78370647424842
2524,3,2524,155980000000.0,35.181569052847266,-97.43714815817253,7.218003276245212,-23.556308356195554,143.57085419816633,-86.80122026325108
2525,3,2525,155990000000.0,35.1815688944088,-97.43714892065768,7.220429365365883,-23.66214878316956,143.63969681096552,-86.81873405146831
2526,3,2526,156000000000.0,35.18156873597032,-97.43714968314283,7.222855454486553,-23.7,143.7085394250478,-86.83624784047097
2527,3,2527,156010000000.0,35.18156857753185,-97.43715044562799,7.225281543607224,-23.7,143.77738203913003,-86.85376162947364
2528,3,2528,156020000000.0,35.181568419093374,-97.43715120811314,7.227707632727895,-23.767012166213906,143.84622465192922,-86.8712754184763
2529,3,2529,156030000000.0,35.18156825495109,-97.43715201164623,7.233484662052351,-24.03930633013791,143.91877336766436,-86.88941970672005
2530,3,2530,156040000000.0,35.181568090027255,-97.4371528208038,7.239720844591662,-24.2,143.99182990092328,-86.90765038719917
2531,3,2531,156050000000.0,35.181567925103415,-97.43715362996137,7.245957027130971,-24.979510130339342,144.0648864341822,-86.92588106846372
2532,3,2532,156060000000.0,35.18156776017958,-97.43715443911894,7.25219320967028,-25.1,144.1379429674411,-86.94411174894284
2533,3,2533,156070000000.0,35.18156759525574,-97.43715524827651,7.25842939220959,-25.1,144.2109995007,-86.9623424302074
2534,3,2534,156080000000.0,35.18156743033191,-97.43715605743408,7.264665574748899,-25.1,144.28405603395893,-86.98057311068652
2535,3,2535,156090000000.0,35.18156726540808,-97.43715686659165,7.270901757288208,-25.1,144.35711256721785,-86.99880379116564
2536,3,2536,156100000000.0,35.18156710048424,-97.43715767574922,7.277137939827518,-25.370916836185078,144.43016910047675,-87.0170344724302
2537,3,2537,156110000000.0,35.181566935560404,-97.43715848490679,7.283374122366827,-25.820647130722783,144.50322563373567,-87.03526515290932
2538,3,2538,156120000000.0,35.181566770636564,-97.43715929406436,7.2896103049061365,-26.30220208175251,144.5762821669946,-87.05349583417387
2539,3,2539,156130000000.0,35.18156660571273,-97.43716010322193,7.295846487445446,-26.61189570199242,144.64933870025348,-87.071726514653
2540,3,2540,156140000000.0,35.18156644078889,-97.4371609123795,7.302082669984755,-26.7,144.7223952335124,-87.08995719591755
2541,3,2541,156150000000.0,35.18156627586506,-97.43716172153707,7.308318852524065,-26.86158991219351,144.7954517667713,-87.10818787639667
2542,3,2542,156160000000.0,35.181566110941226,-97.43716253069464,7.314555035063375,-26.9,144.86850830003024,-87.12641855687579
2543,3,2543,156170000000.0,35.181565946017386,-97.4371633398522,7.320791217602684,-27.11268746007666,144.94156483328914,-87.14464923814035
2544,3,2544,156180000000.0,35.18156578109355,-97.43716414900977,7.3270274001419935,-27.2,145.01462136654806,-87.16287991861947
2545,3,2545,156190000000.0,35.18156561616971,-97.43716495816734,7.333263582681303,-27.5751385812357,145.08767789980695,-87.18111059988402
2546,3,2546,156200000000.0,35.18156545124588,-97.43716576732491,7.339499765220612,-27.8,145.16073443306587,-87.19934128036314
2547,3,2547,156210000000.0,35.18156528632204,-97.43716657648248,7.345735947759922,-27.96133530570526,145.2337909663248,-87.2175719616277
2548,3,2548,156220000000.0,35.18156511984707,-97.43716736540306,7.3475855365395955,-28.250209684415744,145.3050203588227,-87.23597410469225
2549,3,2549,156230000000.0,35.18156495166861,-97.43716813209899,7.34461768134948,-28.4,145.3742431518573,-87.25456455161677
2550,3,2550,156240000000.0,35.18156478349015,-97.43716889879491,7.341649826159366,-28.4,145.44346594360889,-87.27315499854129
2551,3,2551,156250000000.0,35.181564615311686,-97.43716966549084,7.338681970969252,-28.4,145.5126887366435,-87.29174544625124
2552,3,2552,156260000000.0,35.181564447133226,-97.43717043218676,7.335714115779138,-28.563296185700466,145.58191152839507,-87.31033589317576
2553,3,2553,156270000000.0,35.18156427895477,-97.43717119888268,7.332746260589023,-28.69833615476878,145.6511343201466,-87.32892634010028
2554,3,2554,156280000000.0,35.18156411077631,-97.43717196557861,7.329778405398908,-28.8,145.72035711318122,-87.3475167870248
2555,3,2555,156290000000.0,35.18156394259785,-97.43717273227453,7.326810550208794,-28.8,145.7895799049328,-87.36610723394932
2556,3,2556,156300000000.0,35.18156377441938,-97.43717349897045,7.32384269501868,-28.8,145.85880269668434,-87.38469768165928
2557,3,2557,156310000000.0,35.18156360624092,-97.43717426566639,7.320874839828565,-28.8,145.92802548971898,-87.4032881285838
2558,3,2558,156320000000.0,35.18156343806246,-97.4371750323623,7.317906984638451,-28.75649304227074,145.99724828147052,-87.42187857550832
2559,3,2559,156330000000.0,35.181563269884,-97.43717579905822,7.314939129448336,-28.7,146.0664710732221,-87.44046902243284
2560,3,2560,156340000000.0,35.18156310170554,-97.43717656575416,7.311971274258222,-28.7,146.13569386625667,-87.45905946935736
2561,3,2561,156350000000.0,35.181562933527076,-97.43717733245008,7.309003419068107,-28.7,146.20491665800824,-87.47764991706731
2562,3,2562,156360000000.0,35.181562765348616,-97.43717809914601,7.306035563877993,-28.7,146.27413945104288,-87.49624036399183
2563,3,2563,156370000000.0,35.181562597170156,-97.43717886584193,7.303067708687879,-28.7,146.34336224279443,-87.51483081091635
2564,3,2564,156380000000.0,35.1815624289917,-97.43717963253785,7.300099853497764,-28.7,146.412585034546,-87.53342125784087
2565,3,2565,156390000000.0,35.18156226081324,-97.43718039923378,7.297131998307649,-28.7,146.4818078275806,-87.55201170476539
2566,3,2566,156400000000.0,35.18156209263478,-97.4371811659297,7.294164143117535,-28.64968375858896,146.55103061933218,-87.57060215168991
2567,3,2567,156410000000.0,35.18156192445631,-97.43718193262562,7.291196287927421,-28.6,146.62025341108372,-87.58919259939987
2568,3,2568,156420000000.0,35.181561761028995,-97.43718269736928,7.289326853578441,-28.55461481170983,146.68929993894642,-87.60725785492426
2569,3,2569,156430000000.0,35.18156161112593,-97.43718345655576,7.290584105066534,-28.5,146.75784472456314,-87.6238281398355
2570,3,2570,156440000000.0,35.18156146122287,-97.43718421574223,7.2918413565546265,-28.5,146.82638951017987,-87.6403984239613
2571,3,2571,156450000000.0,35.181561311319804,-97.43718497492871,7.293098608042719,-28.5,146.8949342957966,-87.65696870887254
2572,3,2572,156460000000.0,35.181561161416745,-97.43718573411518,7.294355859530811,-28.5,146.96347908013027,-87.67353899299835
2573,3,2573,156470000000.0,35.181561011513686,-97.43718649330165,7.295613111018904,-28.5,147.032023865747,-87.69010927712415
2574,3,2574,156480000000.0,35.18156086161062,-97.43718725248813,7.296870362506996,-28.5,147.1005686513637,-87.70667956203539
2575,3,2575,156490000000.0,35.18156071170756,-97.4371880116746,7.2981276139950895,-28.5,147.1691134369804,-87.7232498461612
2576,3,2576,156500000000.0,35.181560561804496,-97.43718877086108,7.299384865483182,-28.5,147.23765822259713,-87.73982013107243
2577,3,2577,156510000000.0,35.18156041190144,-97.43718953004756,7.300642116971274,-28.5,147.30620300821386,-87.75639041519824
2578,3,2578,156520000000.0,35.18156026199837,-97.43719028923404,7.301899368459367,-28.5,147.37474779383058,-87.77296070010948
2579,3,2579,156530000000.0,35.18156011209531,-97.4371910484205,7.303156619947459,-28.5,147.44329257816423,-87.78953098423528
2580,3,2580,156540000000.0,35.181559962192246,-97.43719180760698,7.3044138714355515,-28.53760142897682,147.51183736378096,-87.80610126914652
2581,3,2581,156550000000.0,35.18155981228919,-97.43719256679346,7.305671122923645,-28.6,147.58038214939768,-87.82267155327233
2582,3,2582,156560000000.0,35.18155966238612,-97.43719332597993,7.306928374411737,-28.6,147.6489269350144,-87.83924183818357
2583,3,2583,156570000000.0,35.18155951248306,-97.43719408516641,7.30818562589983,-28.6,147.71747172063112,-87.85581212230937
2584,3,2584,156580000000.0,35.18155936258,-97.43719484435289,7.309442877387922,-28.629768832070962,147.78601650624785,-87.87238240643518
2585,3,2585,156590000000.0,35.18155921267694,-97.43719560353937,7.3107001288760145,-28.7,147.85456129186457,-87.88895269134642
2586,3,2586,156600000000.0,35.18155906277388,-97.43719636272583,7.311957380364107,-28.7,147.92310607619822,-87.90552297547222
2587,3,2587,156610000000.0,35.18155891287081,-97.4371971219123,7.3132146318522,-28.7,147.99165086181495,-87.92209326038346
2588,3,2588,156620000000.0,35.181558762967754,-97.43719788109878,7.314471883340293,-28.7,148.06019564743167,-87.93866354450927
2589,3,2589,156630000000.0,35.18155860148861,-97.43719874011416,7.316120991633964,-28.7,148.13775369979746,-87.95651344897053
2590,3,2590,156640000000.0,35.18155843162484,-97.43719967143616,7.318053924124738,-28.7,148.2218401122504,-87.97529018982956
2591,3,2591,156650000000.0,35.18155826176108,-97.43720060275818,7.319986856615514,-28.7,148.30592652598637,-87.99406692990317
2592,3,2592,156660000000.0,35.181558091897315,-97.4372015340802,7.321919789106288,-28.755962461205534,148.39001293972237,-88.01284367076221
2593,3,2593,156670000000.0,35.181557922033555,-97.43720246540222,7.323852721597063,-28.84110195494356,148.47409935345834,-88.03162041083581
2594,3,2594,156680000000.0,35.18155775216979,-97.43720339672424,7.325785654087837,-28.923283140547596,148.55818576719432,-88.05039715169485
2595,3,2595,156690000000.0,35.18155758230603,-97.43720432804626,7.327718586578612,-29.0,148.6422721809303,-88.06917389176846
2596,3,2596,156700000000.0,35.18155741244226,-97.43720525936828,7.329651519069387,-29.0,148.72635859466627,-88.0879506326275
2597,3,2597,156710000000.0,35.1815572425785,-97.4372061906903,7.331584451560161,-29.0,148.81044500840224,-88.1067273727011
2598,3,2598,156720000000.0,35.18155707271473,-97.43720712201231,7.333517384050936,-29.0,148.89453142085517,-88.12550411356014
2599,3,2599,156730000000.0,35.18155690285097,-97.43720805333433,7.335450316541711,-29.027575720137037,148.97861783459115,-88.14428085363375
2600,3,2600,156740000000.0,35.181556732987204,-97.43720898465635,7.337383249032485,-29.13840383014504,149.06270424832712,-88.16305759449278
2601,3,2601,156750000000.0,35.181556563123436,-97.43720991597837,7.33931618152326,-29.255323732115674,149.1467906620631,-88.18183433535182
2602,3,2602,156760000000.0,35.181556393259676,-97.43721084730039,7.341249114014035,-29.411470452309025,149.2308770757991,-88.20061107542543
2603,3,2603,156770000000.0,35.18155622339591,-97.43721177862241,7.343182046504809,-29.5,149.31496348953507,-88.21938781628447
2604,3,2604,156780000000.0,35.18155605353215,-97.43721270994443,7.345114978995584,-29.5,149.39904990327105,-88.23816455635807
2605,3,2605,156790000000.0,35.18155588366838,-97.43721364126645,7.347047911486358,-29.5,149.48313631700702,-88.25694129721711
2606,3,2606,156800000000.0,35.18155576482244,-97.43721439705493,7.343387831380241,-29.5,149.55137430686852,-88.27007852734866
2607,3,2607,156810000000.0,35.18155569549863,-97.43721498245601,7.334298709373175,-29.618160467742854,149.60422850394315,-88.27774158138254
2608,3,2608,156820000000.0,35.18155562617482,-97.4372155678571,7.325209587366108,-29.7,149.65708270101777,-88.28540463541643
2609,3,2609,156830000000.0,35.18155555685101,-97.43721615325816,7.316120465359042,-29.70031556602549,149.70993689680935,-88.29306768945031
2610,3,2610,156840000000.0,35.18155548752719,-97.43721673865925,7.307031343351975,-29.821697250908855,149.76279109388398,-88.30073074426963
2611,3,2611,156850000000.0,35.18155541820338,-97.43721732406033,7.297942221344908,-29.9,149.8156452909586,-88.30839379830351
2612,3,2612,156860000000.0,35.18155534887957,-97.4372179094614,7.2888530993378415,-29.9,149.86849948675015,-88.3160568523374
2613,3,2613,156870000000.0,35.18155527955576,-97.43721849486248,7.2797639773307745,-29.9,149.92135368382478,-88.32371990637128
2614,3,2614,156880000000.0,35.18155521023195,-97.43721908026356,7.270674855323708,-29.9,149.9742078808994,-88.33138296040516
2615,3,2615,156890000000.0,35.18155514090814,-97.43721966566463,7.261585733316641,-30.0,150.02706207669098,-88.33904601443905
2616,3,2616,156900000000.0,35.18155507158433,-97.43722025106571,7.252496611309575,-30.0,150.07991627376558,-88.34670906847293
2617,3,2617,156910000000.0,35.18155500226052,-97.43722083646679,7.243407489302508,-30.0,150.1327704708402,-88.35437212250682
2618,3,2618,156920000000.0,35.1815549329367,-97.43722142186786,7.234318367295441,-30.0,150.18562466663178,-88.36203517732613
2619,3,2619,156930000000.0,35.18155485265459,-97.43722213446372,7.227827681367232,-30.0,150.24996291835146,-88.37090956135611
2620,3,2620,156940000000.0,35.18155476245332,-97.4372229621931,7.223689034489552,-30.0,150.32469624752935,-88.38088041038105
2621,3,2621,156950000000.0,35.18155467225204,-97.43722378992247,7.219550387611871,-30.0,150.3994295754242,-88.39085125940599
2622,3,2622,156960000000.0,35.181554582050765,-97.43722461765185,7.215411740734191,-30.02869614082547,150.47416290460208,-88.40082210843093
2623,3,2623,156970000000.0,35.18155449184948,-97.43722544538123,7.21127309385651,-30.120517691914642,150.54889623377997,-88.4107929582413
2624,3,2624,156980000000.0,35.18155440164821,-97.4372262731106,7.20713444697883,-30.196396224951926,150.6236295616748,-88.42076380726624
2625,3,2625,156990000000.0,35.18155431144693,-97.43722710083998,7.2029958001011485,-30.316110892250283,150.69836289085268,-88.43073465629118
2626,3,2626,157000000000.0,35.18155422124565,-97.43722792856936,7.198857153223468,-30.422582094398294,150.77309622003057,-88.44070550610155
2627,3,2627,157010000000.0,35.18155413104437,-97.43722875629874,7.1947185063457875,-30.522818572398457,150.84782954920848,-88.45067635512649
2628,3,2628,157020000000.0,35.181554040843096,-97.4372295840281,7.190579859468107,-30.6,150.9225628771033,-88.46064720415143
2629,3,2629,157030000000.0,35.18155395064181,-97.43723041175748,7.1864412125904265,-30.601208531335025,150.99729620628122,-88.4706180539618
2630,3,2630,157040000000.0,35.18155386044054,-97.43723123948686,7.182302565712746,-30.792950639733164,151.07202953545908,-88.48058890298674
2631,3,2631,157050000000.0,35.18155377023926,-97.43723206721623,7.1781639188350645,-30.923758178052875,151.1467628633539,-88.49055975201168
2632,3,2632,157060000000.0,35.18155368003798,-97.43723289494561,7.174025271957384,-31.06773332437184,151.22149619253182,-88.50053060182205
2633,3,2633,157070000000.0,35.1815535898367,-97.43723372267499,7.1698866250797035,-31.248735550962348,151.2962295217097,-88.51050145084699
2634,3,2634,157080000000.0,35.18155349963543,-97.43723455040437,7.165747978202023,-31.392592954900127,151.3709628508876,-88.52047229987193
2635,3,2635,157090000000.0,35.181553409434144,-97.43723537813374,7.1616093313243425,-31.603829314633703,151.44569617878244,-88.5304431496823
2636,3,2636,157100000000.0,35.18155331923287,-97.43723620586312,7.157470684446662,-32.1,151.52042950796033,-88.54041399870724
2637,3,2637,157110000000.0,35.18155322903159,-97.4372370335925,7.153332037568981,-32.1,151.5951628371382,-88.55038484773218
2638,3,2638,157120000000.0,35.18155313938761,-97.43723782194009,7.1489693802111995,-32.146369249677235,151.66634049675312,-88.56029409360232
2639,3,2639,157130000000.0,35.18155305000812,-97.43723859159678,7.144500405820116,-32.306825682051276,151.7358306084263,-88.57017410247948
2640,3,2640,157140000000.0,35.18155296062863,-97.43723936125348,7.1400314314290325,-32.499887522171946,151.80532072009944,-88.58005411135665
2641,3,2641,157150000000.0,35.181552871249146,-97.43724013091018,7.135562457037949,-32.776072344133865,151.87481083305568,-88.58993411944837
2642,3,2642,157160000000.0,35.181552781869655,-97.43724090056688,7.1310934826468655,-33.050686463628054,151.9443009447288,-88.59981412832553
2643,3,2643,157170000000.0,35.181552692490165,-97.43724167022359,7.126624508255782,-33.28642771980871,152.013791057685,-88.6096941372027
2644,3,2644,157180000000.0,35.18155260311068,-97.43724243988028,7.1221555338646985,-33.65309884030725,152.0832811693582,-88.61957414529442
2645,3,2645,157190000000.0,35.18155251373119,-97.43724320953699,7.117686559473615,-33.737982989611965,152.1527712823144,-88.62945415417158
2646,3,2646,157200000000.0,35.1815524243517,-97.43724397919368,7.113217585082532,-34.04760432726342,152.22226139398757,-88.63933416304874
2647,3,2647,157210000000.0,35.18155233497222,-97.43724474885039,7.108748610691449,-34.24492259102737,152.29175150694377,-88.64921417114047
2648,3,2648,157220000000.0,35.18155224559273,-97.43724551850708,7.104279636300365,-34.49284153872052,152.3612416186169,-88.65909418001763
2649,3,2649,157230000000.0,35.181552156213236,-97.43724628816378,7.099810661909282,-34.69741567366843,152.4307317302901,-88.6689741888948
2650,3,2650,157240000000.0,35.18155206683375,-97.43724705782049,7.095341687518198,-35.03236709805235,152.5002218432463,-88.67885419698652
2651,3,2651,157250000000.0,35.18155197745426,-97.43724782747718,7.090872713127115,-35.24910385689663,152.56971195491946,-88.68873420586368
2652,3,2652,157260000000.0,35.18155188807477,-97.43724859713389,7.086403738736031,-35.55510860080747,152.63920206787566,-88.69861421474084
2653,3,2653,157270000000.0,35.18155179869529,-97.43724936679058,7.081934764344948,-36.0,152.70869217954882,-88.70849422283257
2654,3,2654,157280000000.0,35.1815517093158,-97.43725013644729,7.077465789953864,-36.0,152.77818229250505,-88.71837423170973
2655,3,2655,157290000000.0,35.18155161993631,-97.43725090610398,7.072996815562781,-36.0,152.84767240417818,-88.72825424058689
2656,3,2656,157300000000.0,35.18155153055682,-97.43725167576068,7.068527841171697,-36.154066105812326,152.91716251585135,-88.73813424946405
2657,3,2657,157310000000.0,35.181551441177334,-97.43725244541739,7.064058866780614,-36.29229932589741,152.98665262880755,-88.74801425755578
2658,3,2658,157320000000.0,35.18155136044055,-97.43725319559444,7.056356185897545,-36.508720501689844,153.05438397899218,-88.75693890150359
2659,3,2659,157330000000.0,35.18155128708692,-97.43725392913076,7.045891067832969,-36.6,153.12061288539087,-88.7650474120403
2660,3,2660,157340000000.0,35.18155121373329,-97.43725466266707,7.035425949768392,-36.74339440299001,153.18684179050646,-88.77315592179158
2661,3,2661,157350000000.0,35.18155114037966,-97.43725539620338,7.024960831703815,-36.8,153.25307069562209,-88.7812644323283
2662,3,2662,157360000000.0,35.18155106702603,-97.4372561297397,7.0144957136392385,-36.89134385158041,153.3192996007377,-88.78937294286501
2663,3,2663,157370000000.0,35.181550993672396,-97.437256863276,7.004030595574662,-37.04991499157617,153.38552850585333,-88.79748145340173
2664,3,2664,157380000000.0,35.18155092031876,-97.43725759681232,6.993565477510085,-37.151295572998436,153.45175741096895,-88.80558996393844
2665,3,2665,157390000000.0,35.18155084696514,-97.43725833034864,6.983100359445508,-37.24729072387592,153.51798631736762,-88.81369847368973
2666,3,2666,157400000000.0,35.181550773611505,-97.43725906388495,6.972635241380932,-37.3,153.58421522248324,-88.82180698422644
2667,3,2667,157410000000.0,35.18155070025787,-97.43725979742126,6.962170123316355,-37.43016838003102,153.65044412759886,-88.82991549476316
2668,3,2668,157420000000.0,35.18155062690424,-97.43726053095757,6.951705005251778,-37.55263183911373,153.71667303271448,-88.83802400529987
2669,3,2669,157430000000.0,35.18155055355061,-97.43726126449388,6.941239887187201,-37.6,153.7829019378301,-88.84613251583659
2670,3,2670,157440000000.0,35.181550480196975,-97.4372619980302,6.930774769122624,-37.6,153.8491308429457,-88.8542410263733
2671,3,2671,157450000000.0,35.18155040684335,-97.43726273156652,6.920309651058047,-37.6,153.9153597493444,-88.86234953612458
2672,3,2672,157460000000.0,35.18155033348972,-97.43726346510283,6.90984453299347,-37.67618042938501,153.98158865445998,-88.8704580466613
2673,3,2673,157470000000.0,35.181550260136085,-97.43726419863914,6.899379414928894,-37.75678238029973,154.0478175595756,-88.87856655719801
2674,3,2674,157480000000.0,35.18155018678245,-97.43726493217545,6.888914296864317,-37.8,154.11404646469123,-88.88667506773473
2675,3,2675,157490000000.0,35.18155011342882,-97.43726566571176,6.87844917879974,-37.8,154.18027536980682,-88.89478357827144
2676,3,2676,157500000000.0,35.181550040075194,-97.43726639924807,6.867984060735163,-37.85040533311342,154.24650427492244,-88.90289208802272
2677,3,2677,157510000000.0,35.18154996672156,-97.4372671327844,6.857518942670587,-37.9,154.31273318132114,-88.91100059855944
2678,3,2678,157520000000.0,35.1815498932304,-97.43726786814737,6.848031591496181,-37.9,154.37912701066242,-88.9191243119555
2679,3,2679,157530000000.0,35.181549818355556,-97.43726862188741,6.848381007407303,-37.9,154.44718005290116,-88.92740097682989
2680,3,2680,157540000000.0,35.181549743480716,-97.43726937562745,6.8487304233184245,-37.9,154.51523309513988,-88.93567764170427
2681,3,2681,157550000000.0,35.18154966860588,-97.43727012936748,6.849079839229546,-37.9,154.58328613609555,-88.94395430579323
2682,3,2682,157560000000.0,35.18154959373104,-97.43727088310752,6.849429255140668,-37.9,154.6513391783343,-88.95223097066761
2683,3,2683,157570000000.0,35.1815495188562,-97.43727163684756,6.84977867105179,-37.9,154.719392220573,-88.960507635542
2684,3,2684,157580000000.0,35.18154944398137,-97.4372723905876,6.850128086962911,-37.9,154.78744526281173,-88.96878429963095
2685,3,2685,157590000000.0,35.18154936910653,-97.43727314432763,6.850477502874034,-37.9,154.85549830505047,-88.97706096450534
2686,3,2686,157600000000.0,35.18154929423169,-97.43727389806766,6.850826918785155,-37.9,154.92355134600612,-88.98533762937973
2687,3,2687,157610000000.0,35.18154921935685,-97.4372746518077,6.851176334696277,-37.9,154.99160438824487,-88.99361429346868
2688,3,2688,157620000000.0,35.18154914448201,-97.43727540554774,6.851525750607399,-37.87270711133631,155.0596574304836,-89.00189095834307
2689,3,2689,157630000000.0,35.18154906960717,-97.43727615928778,6.8518751665185205,-37.8,155.12771047272233,-89.01016762321746
2690,3,2690,157640000000.0,35.18154899473233,-97.43727691302782,6.852224582429642,-37.8,155.19576351496107,-89.01844428809184
2691,3,2691,157650000000.0,35.1815489198575,-97.43727766676786,6.852573998340763,-37.764485033196614,155.26381655719982,-89.0267209521808
2692,3,2692,157660000000.0,35.18154884498266,-97.43727842050788,6.852923414251886,-37.7,155.33186959815546,-89.03499761705518
2693,3,2693,157670000000.0,35.18154877010782,-97.43727917424792,6.853272830163007,-37.66958612483143,155.3999226403942,-89.04327428192957
2694,3,2694,157680000000.0,35.18154869523298,-97.43727992798796,6.853622246074129,-37.6,155.46797568263293,-89.05155094601852
2695,3,2695,157690000000.0,35.18154862035814,-97.437280681728,6.853971661985251,-37.6,155.53602872487164,-89.05982761089291
2696,3,2696,157700000000.0,35.1815485454833,-97.43728143546804,6.854321077896373,-37.492798730187275,155.6040817671104,-89.0681042757673
2697,3,2697,157710000000.0,35.18154847060847,-97.43728218920808,6.854670493807494,-37.36082877883749,155.67213480934913,-89.07638093985625
2698,3,2698,157720000000.0,35.18154839584167,-97.43728294075157,6.854578623259256,-37.18663011354554,155.7399895319386,-89.08464566142214
2699,3,2699,157730000000.0,35.18154832286303,-97.43728365594227,6.8471834540640115,-37.105853305601045,155.80456206356328,-89.09271272068267
2700,3,2700,157740000000.0,35.181548249884386,-97.43728437113298,6.839788284868768,-36.87105232536533,155.869134596471,-89.1007797799432
2701,3,2701,157750000000.0,35.18154817690574,-97.43728508632368,6.832393115673525,-36.682401439732146,155.93370712937875,-89.10884683920372
2702,3,2702,157760000000.0,35.1815481039271,-97.43728580151439,6.82499794647828,-36.497187562309755,155.99827966228648,-89.11691389846425
2703,3,2703,157770000000.0,35.181548030948456,-97.43728651670509,6.817602777283037,-36.2,156.06285219391114,-89.12498095772477
2704,3,2704,157780000000.0,35.18154795796981,-97.4372872318958,6.810207608087794,-36.2,156.12742472681887,-89.1330480169853
2705,3,2705,157790000000.0,35.18154788499117,-97.4372879470865,6.802812438892549,-35.98545050645935,156.1919972597266,-89.14111507624582
2706,3,2706,157800000000.0,35.181547812012525,-97.4372886622772,6.795417269697306,-35.7442216512404,156.2565697913513,-89.14918213550635
2707,3,2707,157810000000.0,35.18154773903389,-97.4372893774679,6.7880221005020625,-35.545160910990326,156.32114232425903,-89.15724919398144
2708,3,2708,157820000000.0,35.181547666055245,-97.43729009265861,6.780626931306819,-35.39958871314038,156.38571485716676,-89.16531625324197
2709,3,2709,157830000000.0,35.1815475930766,-97.43729080784932,6.773231762111575,-35.26118126717872,156.4502873900745,-89.1733833125025
2710,3,2710,157840000000.0,35.18154752009796,-97.43729152304002,6.765836592916331,-35.09739396420213,156.51485992169916,-89.18145037176302
2711,3,2711,157850000000.0,35.181547447119314,-97.43729223823073,6.758441423721088,-34.93351029258427,156.5794324546069,-89.18951743102355
2712,3,2712,157860000000.0,35.18154737414067,-97.43729295342143,6.751046254525844,-34.82907357253616,156.64400498751462,-89.19758449028407
2713,3,2713,157870000000.0,35.18154730116203,-97.43729366861214,6.7436510853306,-34.74356968176296,156.70857752042238,-89.2056515495446
2714,3,2714,157880000000.0,35.18154722818338,-97.43729438380284,6.736255916135357,-34.657878706280854,156.77315005204704,-89.21371860880512
2715,3,2715,157890000000.0,35.18154715520474,-97.43729509899354,6.7288607469401125,-34.52057040065294,156.83772258495478,-89.22178566806565
2716,3,2716,157900000000.0,35.181547082226096,-97.43729581418425,6.721465577744869,-34.31025274571134,156.9022951178625,-89.22985272732618
2717,3,2717,157910000000.0,35.18154700924745,-97.43729652937496,6.714070408549626,-34.100822906021314,156.96686765077024,-89.2379197865867
2718,3,2718,157920000000.0,35.18154693626881,-97.43729724456566,6.706675239354381,-34.0,157.0314401823949,-89.24598684584723
2719,3,2719,157930000000.0,35.181546869130024,-97.43729797043973,6.698755378040576,-34.0,157.09697728594023,-89.25340836716302
2720,3,2720,157940000000.0,35.18154680776093,-97.43729870686882,6.6903171281534455,-34.0,157.16346737154674,-89.26019210669423
2721,3,2721,157950000000.0,35.181546746391845,-97.43729944329789,6.681878878266314,-33.90724711710948,157.22995745587022,-89.26697584544002
2722,3,2722,157960000000.0,35.18154668502275,-97.43730017972698,6.673440628379184,-33.69957915883036,157.29644754147677,-89.27375958497123
2723,3,2723,157970000000.0,35.18154662365366,-97.43730091615606,6.665002378492053,-33.55955115705772,157.3629376270833,-89.28054332450245
2724,3,2724,157980000000.0,35.181546562284574,-97.43730165258513,6.656564128604923,-33.45068709869268,157.42942771140676,-89.28732706324823
2725,3,2725,157990000000.0,35.18154650091548,-97.43730238901422,6.648125878717791,-33.3,157.49591779701328,-89.29411080277944
2726,3,2726,158000000000.0,35.181546439546395,-97.43730312544331,6.639687628830661,-33.35894269913039,157.56240788261982,-89.30089454152522
2727,3,2727,158010000000.0,35.1815463781773,-97.43730386187238,6.63124937894353,-33.5,157.6288979669433,-89.30767828105644
2728,3,2728,158020000000.0,35.18154631680821,-97.43730459830147,6.622811129056399,-33.404434459653444,157.69538805254984,-89.31446202058765
2729,3,2729,158030000000.0,35.18154625543912,-97.43730533473054,6.614372879169268,-33.08261506819699,157.76187813687332,-89.32124575933344
2730,3,2730,158040000000.0,35.18154619407003,-97.43730607115963,6.605934629282138,-32.88947219223078,157.82836822247984,-89.32802949886465
2731,3,2731,158050000000.0,35.181546132700944,-97.43730680758871,6.597496379395007,-32.8,157.89485830808636,-89.33481323761043
2732,3,2732,158060000000.0,35.18154607133185,-97.43730754401778,6.589058129507876,-32.83349959743234,157.96134839240983,-89.34159697714165
2733,3,2733,158070000000.0,35.18154600996276,-97.43730828044687,6.580619879620746,-32.874943129219005,158.02783847801638,-89.34838071667286
2734,3,2734,158080000000.0,35.18154594859367,-97.43730901687596,6.572181629733615,-32.8,158.09432856362292,-89.35516445541865
2735,3,2735,158090000000.0,35.18154588722458,-97.43730975330503,6.563743379846484,-32.79029131513246,158.1608186479464,-89.36194819494986
2736,3,2736,158100000000.0,35.181545825855494,-97.43731048973412,6.555305129959353,-32.6,158.2273087335529,-89.36873193369564
2737,3,2737,158110000000.0,35.1815457644864,-97.4373112261632,6.546866880072223,-32.6,158.29379881915943,-89.37551567322686
2738,3,2738,158120000000.0,35.18154570311731,-97.43731196259228,6.538428630185092,-32.6,158.3602889034829,-89.38229941275807
2739,3,2739,158130000000.0,35.181545661420145,-97.43731267997,6.531103850422255,-32.6,158.4250588963913,-89.38690861716225
2740,3,2740,158140000000.0,35.18154562077571,-97.4373133963282,6.523838657371799,-32.6,158.4897368376142,-89.39140145324473
2741,3,2741,158150000000.0,35.18154558013127,-97.4373141126864,6.516573464321343,-32.7,158.55441478012023,-89.3958942893272
2742,3,2742,158160000000.0,35.181545539486834,-97.43731482904458,6.509308271270887,-32.7,158.61909272134315,-89.40038712540968
2743,3,2743,158170000000.0,35.1815454988424,-97.43731554540278,6.5020430782204315,-32.7,158.68377066384915,-89.40487996149216
2744,3,2744,158180000000.0,35.18154545819796,-97.43731626176098,6.4947778851699765,-32.7,158.74844860635514,-89.40937279757463
2745,3,2745,158190000000.0,35.18154541755352,-97.43731697811917,6.4875126921195205,-32.6,158.81312654757807,-89.41386563365711
2746,3,2746,158200000000.0,35.181545376909085,-97.43731769447737,6.480247499069065,-32.6,158.87780449008406,-89.41835846973959
2747,3,2747,158210000000.0,35.18154533626465,-97.43731841083557,6.472982306018609,-32.60901909045174,158.94248243259003,-89.42285130582206
2748,3,2748,158220000000.0,35.18154529562021,-97.43731912719376,6.465717112968153,-32.7,159.00716037381298,-89.42734414190454
2749,3,2749,158230000000.0,35.181545254975774,-97.43731984355196,6.458451919917698,-32.7,159.07183831631895,-89.43183697798702
2750,3,2750,158240000000.0,35.18154521433134,-97.43732055991015,6.451186726867242,-32.7,159.1365162575419,-89.4363298140695
2751,3,2751,158250000000.0,35.1815451736869,-97.43732127626835,6.443921533816786,-32.69882261374399,159.2011942000479,-89.44082265015197
2752,3,2752,158260000000.0,35.18154513304246,-97.43732199262655,6.43665634076633,-32.6,159.2658721425539,-89.44531548623445
2753,3,2753,158270000000.0,35.181545092398025,-97.43732270898474,6.429391147715874,-32.6,159.3305500837768,-89.44980832231693
2754,3,2754,158280000000.0,35.181545051753595,-97.43732342534294,6.422125954665419,-32.6,159.3952280262828,-89.45430115761397
2755,3,2755,158290000000.0,35.18154501110916,-97.43732414170114,6.414860761614963,-32.6,159.4599059687888,-89.45879399369645
2756,3,2756,158300000000.0,35.18154497046472,-97.43732485805933,6.407595568564507,-32.6,159.52458391001173,-89.46328682977892
2757,3,2757,158310000000.0,35.181544929820284,-97.43732557441753,6.400330375514051,-32.6,159.58926185251772,-89.4677796658614
2758,3,2758,158320000000.0,35.181544892848656,-97.4373262644809,6.393462461148231,-32.6,159.65156570989703,-89.47186650956937
2759,3,2759,158330000000.0,35.181544865995534,-97.43732688210271,6.387689039949335,-32.6,159.70732902455717,-89.47483485371862
2760,3,2760,158340000000.0,35.18154483914241,-97.43732749972452,6.381915618750439,-32.6,159.7630923392173,-89.47780319786787
2761,3,2761,158350000000.0,35.18154481228929,-97.43732811734631,6.376142197551543,-32.6,159.81885565259438,-89.48077154201712
2762,3,2762,158360000000.0,35.18154478543617,-97.43732873496812,6.370368776352646,-32.6,159.87461896725452,-89.48373988616638
2763,3,2763,158370000000.0,35.181544758583044,-97.43732935258991,6.36459535515375,-32.6,159.9303822806316,-89.48670823031563
2764,3,2764,158380000000.0,35.18154473172992,-97.43732997021172,6.358821933954854,-32.6,159.98614559529173,-89.48967657446488
2765,3,2765,158390000000.0,35.1815447048768,-97.43733058783353,6.353048512755958,-32.56079590919874,160.04190890995187,-89.49264491861413
2766,3,2766,158400000000.0,35.18154467802368,-97.43733120545532,6.347275091557061,-32.5,160.09767222332897,-89.49561326276338
2767,3,2767,158410000000.0,35.18154465117056,-97.43733182307713,6.3415016703581655,-32.5,160.15343553798908,-89.4985816061272
2768,3,2768,158420000000.0,35.18154462431744,-97.43733244069892,6.335728249159269,-32.5,160.20919885136615,-89.50154995027646
2769,3,2769,158430000000.0,35.18154459746432,-97.43733305832073,6.329954827960372,-32.5,160.26496216602632,-89.50451829442571
2770,3,2770,158440000000.0,35.181544570611194,-97.43733367594254,6.324181406761476,-32.5,160.32072548068643,-89.50748663857496
2771,3,2771,158450000000.0,35.18154454375807,-97.43733429356433,6.31840798556258,-32.5,160.3764887940635,-89.51045498272421
2772,3,2772,158460000000.0,35.18154451690495,-97.43733491118614,6.312634564363684,-32.5,160.43225210872367,-89.51342332687346
2773,3,2773,158470000000.0,35.18154449005183,-97.43733552880794,6.306861143164787,-32.5,160.48801542210074,-89.51639167102272
2774,3,2774,158480000000.0,35.181544463198705,-97.43733614642974,6.301087721965891,-32.5,160.54377873676086,-89.51936001517197
2775,3,2775,158490000000.0,35.18154443634558,-97.43733676405155,6.295314300766995,-32.5,160.59954205142103,-89.52232835932122
2776,3,2776,158500000000.0,35.18154440949246,-97.43733738167334,6.289540879568099,-32.5,160.6553053647981,-89.52529670347047
2777,3,2777,158510000000.0,35.18154438263934,-97.43733799929515,6.283767458369202,-32.5,160.7110686794582,-89.52826504761973
2778,3,2778,158520000000.0,35.181544355786215,-97.43733861691695,6.2779940371703065,-32.5,160.7668319928353,-89.53123339176898
2779,3,2779,158530000000.0,35.18154432893309,-97.43733923453875,6.27222061597141,-32.47851500861103,160.82259530749545,-89.53420173591823
2780,3,2780,158540000000.0,35.18154430207998,-97.43733985216056,6.266447194772513,-32.4,160.8783586221556,-89.53717007928205
2781,3,2781,158550000000.0,35.18154427924133,-97.4373406057947,6.262678613132847,-32.4,160.94640210304897,-89.53969466346578
2782,3,2782,158560000000.0,35.18154425673975,-97.43734137084857,6.2590783596299975,-32.33695980969709,161.0154766387763,-89.54218198823426
2783,3,2783,158570000000.0,35.18154423423816,-97.43734213590244,6.255478106127148,-32.3,161.08455117450367,-89.54466931378818
2784,3,2784,158580000000.0,35.18154421173658,-97.43734290095631,6.251877852624298,-32.3,161.153625710231,-89.54715663855666
2785,3,2785,158590000000.0,35.18154418923499,-97.43734366601018,6.248277599121448,-32.3,161.22270024595835,-89.54964396411057
2786,3,2786,158600000000.0,35.18154416673341,-97.43734443106405,6.244677345618598,-32.3,161.29177478168572,-89.55213128887905
2787,3,2787,158610000000.0,35.18154414423183,-97.43734519611792,6.241077092115749,-32.23074617956048,161.36084931741306,-89.55461861364753
2788,3,2788,158620000000.0,35.18154412173024,-97.4373459611718,6.237476838612899,-32.01186615751986,161.42992385442346,-89.55710593920145
2789,3,2789,158630000000.0,35.18154409922866,-97.43734672622567,6.233876585110049,-31.86787720263685,161.49899839015083,-89.55959326396993
2790,3,2790,158640000000.0,35.18154407672707,-97.43734749127954,6.230276331607199,-31.942798610565355,161.56807292587817,-89.56208058952384
2791,3,2791,158650000000.0,35.18154405422549,-97.43734825633341,6.226676078104349,-32.35447394439289,161.6371474616055,-89.56456791429233
2792,3,2792,158660000000.0,35.1815440317239,-97.43734902138728,6.2230758246015,-32.25797508957261,161.70622199733285,-89.56705523984624
2793,3,2793,158670000000.0,35.18154400922232,-97.43734978644115,6.21947557109865,-31.91650427400853,161.77529653306019,-89.56954256461472
2794,3,2794,158680000000.0,35.18154398672073,-97.43735055149502,6.2158753175958,-31.669131678259184,161.84437106878752,-89.57202989016864
2795,3,2795,158690000000.0,35.18154396421915,-97.43735131654888,6.2122750640929505,-31.481211967274366,161.9134456045149,-89.57451721493712
2796,3,2796,158700000000.0,35.181543941717564,-97.43735208160275,6.208674810590101,-31.080236066356413,161.98252014024223,-89.57700454049103
2797,3,2797,158710000000.0,35.18154391921598,-97.43735284665662,6.205074557087251,-30.7756294327865,162.05159467596957,-89.57949186525951
2798,3,2798,158720000000.0,35.181543896422205,-97.43735359516938,6.20046154760104,-30.746569939590675,162.11917576214483,-89.58201148942791
2799,3,2799,158730000000.0,35.18154387191952,-97.4373542469408,6.1899253931324685,-30.848776271180977,162.17802234764957,-89.58472001595695
2800,3,2800,158740000000.0,35.18154384741683,-97.43735489871221,6.179389238663898,-30.916051908864283,162.23686893315434,-89.58742854327141
2801,3,2801,158750000000.0,35.18154382291415,-97.43735555048363,6.168853084195327,-30.08841899020347,162.29571551865908,-89.59013706980045
2802,3,2802,158760000000.0,35.18154379841147,-97.43735620225505,6.158316929726755,-29.6,162.3545621041638,-89.59284559632948
2803,3,2803,158770000000.0,35.18154377390878,-97.43735685402646,6.147780775258185,-29.6,162.41340868966856,-89.59555412364395
2804,3,2804,158780000000.0,35.181543749406096,-97.43735750579788,6.137244620789613,-29.6,162.4722552751733,-89.59826265017298
2805,3,2805,158790000000.0,35.18154372490341,-97.43735815756929,6.126708466321043,-29.52187730644815,162.53110186067804,-89.60097117670202
2806,3,2806,158800000000.0,35.181543700400724,-97.43735880934071,6.116172311852472,-29.25244472225383,162.5899484461828,-89.60367970401649
2807,3,2807,158810000000.0,35.18154367589804,-97.43735946111212,6.1056361573839,-28.9866589018158,162.64879503168754,-89.60638823054552
2808,3,2808,158820000000.0,35.18154365139536,-97.43736011288354,6.09510000291533,-28.74502517538643,162.70764161719225,-89.60909675707455
2809,3,2809,158830000000.0,35.181543626892676,-97.43736076465495,6.084563848446758,-28.598636139733966,162.766488202697,-89.61180528360359
2810,3,2810,158840000000.0,35.181543602389986,-97.43736141642637,6.074027693978187,-28.00686784104579,162.82533478820176,-89.61451381091806
2811,3,2811,158850000000.0,35.181543577887304,-97.4373620681978,6.0634915395096165,-27.099549796833138,162.88418137498954,-89.61722233744709
2812,3,2812,158860000000.0,35.18154355338462,-97.43736271996922,6.052955385041045,-26.45143745419227,162.94302796049428,-89.61993086397612
2813,3,2813,158870000000.0,35.18154352888193,-97.43736337174063,6.042419230572475,-26.115406249412924,163.00187454599904,-89.62263939129059
2814,3,2814,158880000000.0,35.18154350437925,-97.43736402351205,6.031883076103903,-25.863090259232546,163.06072113150378,-89.62534791781962
2815,3,2815,158890000000.0,35.18154347987657,-97.43736467528346,6.021346921635332,-25.38985765051134,163.11956771700852,-89.62805644434866
2816,3,2816,158900000000.0,35.18154345537388,-97.43736532705488,6.010810767166761,-24.520508050512877,163.17841430251326,-89.63076497166313
2817,3,2817,158910000000.0,35.181543430871194,-97.43736597882629,6.00027461269819,-23.072925698391938,163.237260888018,-89.63347349819216
2818,3,2818,158920000000.0,35.18154340636851,-97.43736663059771,5.989738458229619,-21.0,163.29610747352274,-89.6361820247212
2819,3,2819,158930000000.0,35.18154339236508,-97.43736730390474,5.986885476196645,-21.0,163.35689844815934,-89.63772996421383
2820,3,2820,158940000000.0,35.18154338204887,-97.43736798477482,5.986730732994872,-21.0,163.41837226990714,-89.6388703176865
2821,3,2821,158950000000.0,35.18154337173266,-97.43736866564491,5.9865759897930975,-20.828186963875417,163.47984609165493,-89.6400106719446
2822,3,2822,158960000000.0,35.181543361416445,-97.437369346515,5.986421246591323,-20.330101040285907,163.54131991340276,-89.64115102620269
2823,3,2823,158970000000.0,35.18154335110023,-97.43737002738509,5.986266503389549,-19.90105515801982,163.60279373515056,-89.64229138046079
2824,3,2824,158980000000.0,35.18154334078402,-97.43737070825517,5.986111760187775,-19.383495409773015,163.66426755689835,-89.64343173471889
2825,3,2825,158990000000.0,35.181543330467804,-97.43737138912526,5.985957016986001,-18.56294539864112,163.72574137864615,-89.64457208897699
2826,3,2826,159000000000.0,35.18154332015159,-97.43737206999536,5.985802273784228,-17.678848788016722,163.78721520167704,-89.64571244323508
2827,3,2827,159010000000.0,35.18154330983538,-97.43737275086545,5.985647530582454,-16.933999335119584,163.8486890234248,-89.64685279749318
2828,3,2828,159020000000.0,35.18154329951916,-97.43737343173554,5.98549278738068,-16.15918769161548,163.91016284517264,-89.64799315175128
2829,3,2829,159030000000.0,35.18154328920295,-97.43737411260562,5.9853380441789055,-15.597274829894928,163.97163666692043,-89.64913350600938
2830,3,2830,159040000000.0,35.181543278886735,-97.43737479347571,5.985183300977131,-15.277829885649025,164.03311048866826,-89.65027386026748
2831,3,2831,159050000000.0,35.18154326857052,-97.4373754743458,5.985028557775358,-14.655034846679747,164.09458431041602,-89.65141421452557
2832,3,2832,159060000000.0,35.18154325825431,-97.43737615521589,5.984873814573584,-14.02669618719278,164.15605813216385,-89.65255456878367
2833,3,2833,159070000000.0,35.181543247938095,-97.43737683608597,5.98471907137181,-13.163867404702836,164.21753195391165,-89.65369492304177
2834,3,2834,159080000000.0,35.18154323762188,-97.43737751695606,5.984564328170036,-12.040555767623177,164.27900577565947,-89.65483527729987
2835,3,2835,159090000000.0,35.18154322730567,-97.43737819782615,5.984409584968262,-11.4,164.34047959740724,-89.65597563155796
2836,3,2836,159100000000.0,35.18154321698945,-97.43737887869624,5.984254841766488,-11.4,164.40195341915506,-89.65711598581606
2837,3,2837,159110000000.0,35.18154320667324,-97.43737955956632,5.984100098564714,-11.242122911017157,164.4634272409029,-89.65825634007416
2838,3,2838,159120000000.0,35.18154319653009,-97.43738022380919,5.98110262527346,-10.863694194772155,164.52339983776946,-89.65937756351778
2839,3,2839,159130000000.0,35.18154318670397,-97.43738085759416,5.972897812028347,-10.586325957817442,164.58062247906443,-89.66046374325529
2840,3,2840,159140000000.0,35.181543176877845,-97.43738149137914,5.964692998783236,-10.2687560805413,164.63784512035943,-89.6615499229928
2841,3,2841,159150000000.0,35.18154316705172,-97.43738212516412,5.956488185538125,-9.892438471185413,164.6950677616544,-89.66263610273032
2842,3,2842,159160000000.0,35.1815431572256,-97.43738275894908,5.948283372293013,-9.548515349684273,164.75229040166633,-89.66372228246783
2843,3,2843,159170000000.0,35.18154314739947,-97.43738339273406,5.940078559047901,-9.239693698467432,164.80951304296133,-89.66480846220534
2844,3,2844,159180000000.0,35.18154313757335,-97.43738402651904,5.93187374580279,-9.1,164.86673568425633,-89.66589464194286
2845,3,2845,159190000000.0,35.181543127747226,-97.43738466030402,5.923668932557678,-9.1,164.92395832555133,-89.66698082168037
2846,3,2846,159200000000.0,35.1815431179211,-97.437385294089,5.915464119312567,-9.066400130460105,164.9811809668463,-89.66806700141788
2847,3,2847,159210000000.0,35.18154310809498,-97.43738592787396,5.907259306067455,-9.0,165.03840360685822,-89.6691531811554
2848,3,2848,159220000000.0,35.181543098268854,-97.43738656165894,5.899054492822343,-9.0,165.09562624815322,-89.67023936089291
2849,3,2849,159230000000.0,35.18154308844273,-97.43738719544392,5.890849679577232,-9.0,165.1528488894482,-89.67132554063042
2850,3,2850,159240000000.0,35.181543078616606,-97.4373878292289,5.882644866332121,-9.0,165.2100715307432,-89.67241172036793
2851,3,2851,159250000000.0,35.18154306879048,-97.43738846301387,5.8744400530870085,-9.0,165.26729417203816,-89.67349790010545
2852,3,2852,159260000000.0,35.18154305896436,-97.43738909679884,5.866235239841897,-9.0,165.32451681205012,-89.67458407984296
2853,3,2853,159270000000.0,35.181543049138234,-97.43738973058382,5.858030426596786,-9.029275158840898,165.38173945334512,-89.67567025958047
2854,3,2854,159280000000.0,35.18154303931211,-97.4373903643688,5.849825613351674,-9.104845688281417,165.4389620946401,-89.67675643931798
2855,3,2855,159290000000.0,35.18154302948599,-97.43739099815377,5.841620800106562,-9.208353510129644,165.4961847359351,-89.6778426190555
2856,3,2856,159300000000.0,35.18154301965986,-97.43739163193875,5.833415986861451,-9.3,165.55340737723006,-89.67892879879301
2857,3,2857,159310000000.0,35.18154300983374,-97.43739226572372,5.825211173616339,-9.3,165.610630017242,-89.68001497853052
2858,3,2858,159320000000.0,35.181543000007615,-97.4373928995087,5.817006360371228,-9.3043720895052,165.667852658537,-89.68110115826804
2859,3,2859,159330000000.0,35.181542982953715,-97.43739361026186,5.810181486110716,-9.354797554364955,165.732024538742,-89.68298629633267
2860,3,2860,159340000000.0,35.1815429658942,-97.43739432107475,5.8033576824088025,-9.4,165.79620181035514,-89.68487205489012
2861,3,2861,159350000000.0,35.1815429488347,-97.43739503188765,5.79653387870689,-9.501163279615481,165.86037908325133,-89.68675781266214
2862,3,2862,159360000000.0,35.18154293177518,-97.43739574270053,5.789710075004976,-9.611953328022272,165.92455635486445,-89.68864357121959
2863,3,2863,159370000000.0,35.18154291471568,-97.43739645351341,5.782886271303062,-9.708362339320527,165.98873362647757,-89.6905293289916
2864,3,2864,159380000000.0,35.181542897656165,-97.4373971643263,5.7760624676011485,-9.810315106948199,166.0529108980907,-89.69241508754905
2865,3,2865,159390000000.0,35.18154288059666,-97.43739787513918,5.769238663899236,-9.9,166.1170881697038,-89.69430084532107
2866,3,2866,159400000000.0,35.18154286353715,-97.43739858595207,5.762414860197322,-9.9,166.18126544131692,-89.69618660309308
2867,3,2867,159410000000.0,35.18154284647764,-97.43739929676495,5.755591056495408,-9.9,166.24544271293004,-89.69807236165053
2868,3,2868,159420000000.0,35.181542829418134,-97.43740000757784,5.7487672527934945,-9.920551894503882,166.3096199845432,-89.69995811942255
2869,3,2869,159430000000.0,35.18154281235862,-97.43740071839072,5.741943449091581,-10.081190877826181,166.3737972561563,-89.70184387798
2870,3,2870,159440000000.0,35.181542795299116,-97.4374014292036,5.735119645389668,-10.2,166.43797452776943,-89.70372963575201
2871,3,2871,159450000000.0,35.1815427782396,-97.43740214001649,5.728295841687754,-10.268043048282586,166.50215179938255,-89.70561539430946
2872,3,2872,159460000000.0,35.1815427611801,-97.43740285082939,5.721472037985841,-10.394847149516249,166.56632907227873,-89.70750115208148
2873,3,2873,159470000000.0,35.181542744120584,-97.43740356164227,5.714648234283927,-10.532765741296174,166.63050634389188,-89.70938691063893
2874,3,2874,159480000000.0,35.18154272706108,-97.43740427245515,5.707824430582014,-10.781854372697993,166.69468361550497,-89.71127266841094
2875,3,2875,159490000000.0,35.181542710001565,-97.43740498326804,5.7010006268801,-10.9,166.7588608871181,-89.71315842696839
2876,3,2876,159500000000.0,35.18154270320778,-97.4374055924669,5.692894039546964,-11.1193311462206,166.8138637181339,-89.71390941177589
2877,3,2877,159510000000.0,35.1815427109612,-97.43740605767202,5.682969663601802,-11.38243014370818,166.8558657638721,-89.71305234861674
2878,3,2878,159520000000.0,35.181542718714624,-97.43740652287714,5.673045287656641,-11.62906995569168,166.8978678096103,-89.7121952854576
2879,3,2879,159530000000.0,35.18154272646804,-97.43740698808227,5.66312091171148,-11.955142150358084,166.93986985663156,-89.71133822308389
2880,3,2880,159540000000.0,35.18154273422146,-97.43740745328739,5.653196535766319,-12.2,166.98187190236976,-89.71048115992474
2881,3,2881,159550000000.0,35.18154274197488,-97.43740791849251,5.643272159821158,-12.2,167.023873948108,-89.7096240967656
2882,3,2882,159560000000.0,35.181542749728294,-97.43740838369763,5.633347783875997,-12.413751785530145,167.0658759938462,-89.70876703439188
2883,3,2883,159570000000.0,35.181542757481715,-97.43740884890275,5.623423407930836,-12.62285558707677,167.10787803958442,-89.70790997123274
2884,3,2884,159580000000.0,35.181542765235136,-97.43740931410788,5.613499031985675,-12.823195222861317,167.1498800866057,-89.70705290807359
2885,3,2885,159590000000.0,35.18154277298855,-97.437409779313,5.6035746560405135,-13.0,167.1918821323439,-89.70619584569988
2886,3,2886,159600000000.0,35.18154278074197,-97.43741024451812,5.5936502800953525,-13.204916918443788,167.2338841780821,-89.70533878254074
2887,3,2887,159610000000.0,35.18154278849539,-97.43741070972324,5.583725904150191,-13.36152313641537,167.27588622382032,-89.70448171938159
2888,3,2888,159620000000.0,35.181542796248806,-97.43741117492837,5.5738015282050295,-13.516784638427898,167.31788827084156,-89.70362465700788
2889,3,2889,159630000000.0,35.1815428,-97.43741172646776,5.5676620173775655,-13.718286461742336,167.36768519181885,-89.70320999972614
2890,3,2890,159640000000.0,35.1815428,-97.4374123589263,5.565069974196366,-13.9,167.42478807251618,-89.70320999972614
2891,3,2891,159650000000.0,35.1815428,-97.43741299138483,5.562477931015166,-14.061300403097723,167.4818909532135,-89.70320999972614
2892,3,2892,159660000000.0,35.1815428,-97.43741362384337,5.559885887833966,-14.20735520412871,167.5389938339108,-89.70320999972614
2893,3,2893,159670000000.0,35.1815428,-97.4374142563019,5.557293844652766,-14.301332145920359,167.59609671460814,-89.70320999972614
2894,3,2894,159680000000.0,35.1815428,-97.43741488876044,5.554701801471566,-14.381281847963809,167.65319959530544,-89.70320999972614
2895,3,2895,159690000000.0,35.1815428,-97.43741552121898,5.552109758290366,-14.4,167.7103024760028,-89.70320999972614
2896,3,2896,159700000000.0,35.1815428,-97.43741615367752,5.549517715109166,-14.4,167.7674053567001,-89.70320999972614
2897,3,2897,159710000000.0,35.1815428,-97.43741678613605,5.5469256719279665,-14.598300671095343,167.82450823739742,-89.70320999972614
2898,3,2898,159720000000.0,35.1815428,-97.43741741859459,5.544333628746767,-14.6,167.88161111809472,-89.70320999972614
2899,3,2899,159730000000.0,35.1815428,-97.43741805105313,5.541741585565567,-14.6,167.93871399879205,-89.70320999972614
2900,3,2900,159740000000.0,35.1815428,-97.43741868351167,5.539149542384367,-14.6,167.99581687948938,-89.70320999972614
2901,3,2901,159750000000.0,35.1815428,-97.4374193159702,5.536557499203167,-14.6,168.0529197601867,-89.70320999972614
2902,3,2902,159760000000.0,35.1815428,-97.43741994842873,5.533965456021967,-14.586861347792409,168.11002263960097,-89.70320999972614
2903,3,2903,159770000000.0,35.1815428,-97.43742058088726,5.531373412840767,-14.5,168.16712552029827,-89.70320999972614
2904,3,2904,159780000000.0,35.1815428,-97.4374212133458,5.528781369659567,-14.5,168.2242284009956,-89.70320999972614
2905,3,2905,159790000000.0,35.1815428,-97.43742184580434,5.5261893264783675,-14.277646523324872,168.28133128169293,-89.70320999972614
2906,3,2906,159800000000.0,35.1815428,-97.43742247826287,5.523597283297168,-14.2,168.33843416239023,-89.70320999972614
2907,3,2907,159810000000.0,35.1815428,-97.43742311072141,5.521005240115968,-14.2,168.39553704308756,-89.70320999972614
2908,3,2908,159820000000.0,35.18154279888577,-97.43742373036515,5.51604728509129,-14.2,168.45148291246804,-89.70333316676403
2909,3,2909,159830000000.0,35.181542793963956,-97.43742430621779,5.503004468857665,-14.144039569891321,168.5034750077353,-89.7038772242874
2910,3,2910,159840000000.0,35.18154278904213,-97.43742488207043,5.489961652624041,-13.987671093206728,168.55546710300254,-89.7044212825962
2911,3,2911,159850000000.0,35.18154278412032,-97.43742545792307,5.476918836390416,-13.9,168.60745919826977,-89.70496534011957
2912,3,2912,159860000000.0,35.1815427791985,-97.43742603377572,5.463876020156792,-13.642569300545833,168.6594512948201,-89.70550939764294
2913,3,2913,159870000000.0,35.181542774276686,-97.43742660962836,5.450833203923167,-13.473097199777467,168.7114433900873,-89.70605345516631
2914,3,2914,159880000000.0,35.18154276935486,-97.437427185481,5.437790387689542,-13.4,168.7634354853546,-89.70659751347512
2915,3,2915,159890000000.0,35.18154276443305,-97.43742776133364,5.424747571455917,-13.4,168.81542758062184,-89.70714157099849
2916,3,2916,159900000000.0,35.18154275951123,-97.43742833718628,5.411704755222293,-13.4,168.86741967588907,-89.70768562852186
2917,3,2917,159910000000.0,35.181542754589415,-97.43742891303893,5.398661938988669,-13.256002468536439,168.9194117724394,-89.70822968604523
2918,3,2918,159920000000.0,35.18154274966759,-97.43742948889157,5.385619122755044,-13.081606943688199,168.9714038677066,-89.70877374435403
2919,3,2919,159930000000.0,35.18154274474578,-97.4374300647442,5.372576306521419,-12.905079121467478,169.02339596297386,-89.7093178018774
2920,3,2920,159940000000.0,35.18154273982396,-97.43743064059684,5.359533490287794,-12.8,169.07538805824112,-89.70986185940077
2921,3,2921,159950000000.0,35.181542734902145,-97.43743121644948,5.34649067405417,-12.632659582825443,169.12738015350834,-89.71040591692415
2922,3,2922,159960000000.0,35.18154272998033,-97.43743179230214,5.333447857820546,-12.6,169.17937225005866,-89.71094997444752
2923,3,2923,159970000000.0,35.181542725058506,-97.43743236815477,5.320405041586921,-12.541842777077504,169.23136434532591,-89.71149403275632
2924,3,2924,159980000000.0,35.18154272013669,-97.43743294400741,5.307362225353296,-12.5,169.28335644059317,-89.71203809027969
2925,3,2925,159990000000.0,35.181542715214874,-97.43743351986005,5.294319409119671,-12.445356920570491,169.33534853586042,-89.71258214780306
2926,3,2926,160000000000.0,35.18154271029306,-97.43743409571269,5.281276592886047,-12.4,169.38734063112764,-89.71312620532643
2927,3,2927,160010000000.0,35.181542705371236,-97.43743467156534,5.268233776652423,-12.253358691229552,169.43933272767796,-89.71367026363524
2928,3,2928,160020000000.0,35.18154270044942,-97.43743524741798,5.255190960418798,-12.2,169.4913248229452,-89.71421432115861
2929,3,2929,160030000000.0,35.18154270873254,-97.43743579338843,5.24932809190142,-12.2,169.54061894058785,-89.71329870468466
2930,3,2930,160040000000.0,35.181542718342584,-97.4374363363561,5.244186716597653,-12.2,169.58964194559059,-89.7122364107787
2931,3,2931,160050000000.0,35.18154272795263,-97.43743687932377,5.239045341293886,-12.2,169.63866495059335,-89.7111741160873
2932,3,2932,160060000000.0,35.18154273756268,-97.43743742229145,5.233903965990119,-12.2,169.68768795687916,-89.71011182139591
2933,3,2933,160070000000.0,35.18154274717273,-97.43743796525912,5.228762590686352,-12.136678069507177,169.73671096188187,-89.70904952670452
2934,3,2934,160080000000.0,35.181542756782775,-97.43743850822679,5.223621215382585,-12.051900185160653,169.78573396688464,-89.70798723201312
2935,3,2935,160090000000.0,35.18154276639282,-97.43743905119446,5.218479840078818,-12.0,169.83475697188737,-89.70692493732173
2936,3,2936,160100000000.0,35.18154277600287,-97.43743959416213,5.213338464775052,-12.0,169.88377997689014,-89.70586264263034
2937,3,2937,160110000000.0,35.18154278561292,-97.43744013712981,5.208197089471285,-12.0,169.93280298317592,-89.70480034793894
2938,3,2938,160120000000.0,35.18154279522296,-97.43744068009748,5.203055714167517,-12.0,169.98182598817868,-89.70373805403298
2939,3,2939,160130000000.0,35.18154280483301,-97.43744122306515,5.19791433886375,-11.932882128153102,170.03084899318142,-89.70267575934159
2940,3,2940,160140000000.0,35.181542814443056,-97.43744176603282,5.1927729635599835,-11.766951913717907,170.0798719981842,-89.7016134646502
2941,3,2941,160150000000.0,35.1815428240531,-97.43744230900049,5.187631588256217,-11.7,170.1288950031869,-89.7005511699588
2942,3,2942,160160000000.0,35.18154283366315,-97.43744285196817,5.18249021295245,-11.535964009641921,170.17791800947273,-89.6994888752674
2943,3,2943,160170000000.0,35.1815428432732,-97.43744339493584,5.177348837648682,-11.249779606395997,170.22694101447547,-89.69842658057601
2944,3,2944,160180000000.0,35.18154285288325,-97.43744393790351,5.1722074623449155,-11.1,170.27596401947824,-89.69736428588462
2945,3,2945,160190000000.0,35.181542862493295,-97.43744448087118,5.167066087041149,-11.040818428753358,170.32498702448095,-89.69630199119322
2946,3,2946,160200000000.0,35.18154287210334,-97.43744502383886,5.161924711737382,-10.62398913560302,170.37401003076675,-89.69523969650183
2947,3,2947,160210000000.0,35.18154288171338,-97.43744556680653,5.156783336433615,-10.5,170.42303303576952,-89.69417740259587
2948,3,2948,160220000000.0,35.18154289132343,-97.4374461097742,5.151641961129848,-10.5,170.4720560407723,-89.69311510790448
2949,3,2949,160230000000.0,35.181542901471026,-97.43744665197644,5.145254375881094,-10.395071965669542,170.52100993772584,-89.69199339277921
2950,3,2950,160240000000.0,35.18154291661502,-97.43744718706424,5.127283502799592,-10.235100668829048,170.56932149113092,-89.6903193754305
2951,3,2951,160250000000.0,35.18154293175902,-97.43744772215204,5.109312629718091,-10.2,170.61763304581908,-89.6886453580818
2952,3,2952,160260000000.0,35.18154294690301,-97.43744825723984,5.09134175663659,-10.2,170.66594459922416,-89.68697134151853
2953,3,2953,160270000000.0,35.181542962047004,-97.43744879232763,5.073370883555088,-10.141954611384168,170.71425615262925,-89.68529732416982
2954,3,2954,160280000000.0,35.181542977191,-97.43744932741542,5.055400010473587,-10.1,170.76256770603433,-89.68362330682112
2955,3,2955,160290000000.0,35.181542992335,-97.43744986250321,5.037429137392086,-9.938437557441924,170.81087925943942,-89.68194928947241
2956,3,2956,160300000000.0,35.181543007478986,-97.43745039759101,5.019458264310584,-9.8,170.85919081284453,-89.68027527290914
2957,3,2957,160310000000.0,35.18154302262298,-97.4374509326788,5.001487391229082,-9.700150539394393,170.90750236624962,-89.67860125556044
2958,3,2958,160320000000.0,35.18154303776698,-97.43745146776659,4.983516518147581,-9.625513662632075,170.9558139196547,-89.67692723821173
2959,3,2959,160330000000.0,35.181543052910975,-97.43745200285439,4.965545645066079,-9.7,171.0041254730598,-89.67525322086303
2960,3,2960,160340000000.0,35.181543068054964,-97.43745253794218,4.947574771984578,-9.655199308672216,171.05243702646487,-89.67357920429976
2961,3,2961,160350000000.0,35.18154308319896,-97.43745307302997,4.929603898903077,-9.6,171.10074857986996,-89.67190518695105
2962,3,2962,160360000000.0,35.18154309834296,-97.43745360811776,4.911633025821575,-9.6,171.14906013327507,-89.67023116960235
2963,3,2963,160370000000.0,35.181543113486946,-97.43745414320556,4.893662152740074,-9.557956970586366,171.19737168668016,-89.66855715303907
2964,3,2964,160380000000.0,35.18154312863094,-97.43745467829336,4.8756912796585725,-9.5,171.2456832413683,-89.66688313569037
2965,3,2965,160390000000.0,35.18154314377494,-97.43745521338116,4.857720406577071,-9.456217797023006,171.2939947947734,-89.66520911834166
2966,3,2966,160400000000.0,35.181543158918934,-97.43745574846895,4.83974953349557,-9.4,171.34230634817848,-89.66353510099296
2967,3,2967,160410000000.0,35.181543174062924,-97.43745628355674,4.821778660414068,-9.4,171.39061790158357,-89.66186108442969
2968,3,2968,160420000000.0,35.18154318920692,-97.43745681864453,4.803807787332567,-9.4,171.43892945498865,-89.66018706708098
2969,3,2969,160430000000.0,35.18154319849615,-97.43745735188863,4.788187804554795,-9.4,171.487074545782,-89.65916023551742
2970,3,2970,160440000000.0,35.18154319326179,-97.43745788055917,4.778399548096614,-9.354975300033683,171.53480670372824,-89.65973884192351
2971,3,2971,160450000000.0,35.181543188027426,-97.4374584092297,4.768611291638432,-9.3,171.58253886167444,-89.66031744832961
2972,3,2972,160460000000.0,35.181543182793064,-97.43745893790023,4.75882303518025,-9.249101937101239,171.6302710183376,-89.6608960547357
2973,3,2973,160470000000.0,35.1815431775587,-97.43745946657077,4.749034778722068,-9.2,171.6780031762838,-89.6614746611418
2974,3,2974,160480000000.0,35.181543172324346,-97.43745999524131,4.739246522263887,-9.2,171.72573533423005,-89.66205326676246
2975,3,2975,160490000000.0,35.181543167089984,-97.43746052391184,4.729458265805706,-9.2,171.77346749089318,-89.66263187316855
2976,3,2976,160500000000.0,35.18154316185562,-97.43746105258238,4.7196700093475235,-9.2,171.8211996488394,-89.66321047957464
2977,3,2977,160510000000.0,35.18154315662126,-97.43746158125292,4.709881752889341,-9.2,171.8689318067856,-89.66378908598074
2978,3,2978,160520000000.0,35.1815431513869,-97.43746210992344,4.70009349643116,-9.2,171.9166639634488,-89.66436769238683
2979,3,2979,160530000000.0,35.181543146152535,-97.43746263859398,4.690305239972979,-9.182836037822327,171.964396121395,-89.66494629879293
2980,3,2980,160540000000.0,35.18154314091817,-97.43746316726453,4.680516983514797,-9.062202070082117,172.0121282793412,-89.66552490519902
2981,3,2981,160550000000.0,35.18154313568381,-97.43746369593505,4.670728727056615,-8.95114064151887,172.05986043600439,-89.66610351160512
2982,3,2982,160560000000.0,35.18154313044945,-97.43746422460559,4.660940470598433,-8.9,172.10759259395059,-89.66668211801121
2983,3,2983,160570000000.0,35.181543125215086,-97.43746475327613,4.651152214140252,-8.861110726151296,172.1553247518968,-89.6672607244173
2984,3,2984,160580000000.0,35.181543119980724,-97.43746528194667,4.64136395768207,-8.8,172.203056909843,-89.6678393308234
2985,3,2985,160590000000.0,35.18154311474636,-97.4374658106172,4.6315757012238885,-8.8,172.2507890665062,-89.66841793722949
2986,3,2986,160600000000.0,35.181543109512,-97.43746633928774,4.621787444765706,-8.756013900695724,172.2985212244524,-89.66899654363559
2987,3,2987,160610000000.0,35.18154310427764,-97.43746686795828,4.611999188307525,-8.654230294656706,172.34625338239863,-89.66957515004168
2988,3,2988,160620000000.0,35.1815430991223,-97.43746738513664,4.601726763853692,-8.56376134202131,172.39294794448318,-89.67014502085149
2989,3,2989,160630000000.0,35.18154309432029,-97.43746785093181,4.589289552682111,-8.5,172.43500326405655,-89.6706758351732
2990,3,2990,160640000000.0,35.18154308951828,-97.43746831672698,4.576852341510529,-8.5,172.47705858362994,-89.6712066494949
2991,3,2991,160650000000.0,35.18154308471627,-97.43746878252215,4.564415130338948,-8.450858548044234,172.51911390320333,-89.67173746381661
2992,3,2992,160660000000.0,35.181543079914256,-97.43746924831731,4.551977919167366,-8.4,172.56116922277673,-89.67226827813832
2993,3,2993,160670000000.0,35.18154307511224,-97.43746971411248,4.539540707995785,-8.361590294696033,172.60322454235012,-89.67279909324546
2994,3,2994,160680000000.0,35.18154307031023,-97.43747017990765,4.527103496824203,-8.3,172.6452798619235,-89.67332990756717
2995,3,2995,160690000000.0,35.181543065508215,-97.43747064570282,4.5146662856526225,-8.3,172.6873351814969,-89.67386072188887
2996,3,2996,160700000000.0,35.181543060706204,-97.43747111149798,4.502229074481041,-8.3,172.7293905010703,-89.67439153621058
2997,3,2997,160710000000.0,35.18154305590419,-97.43747157729315,4.48979186330946,-8.255423682467335,172.7714458206437,-89.67492235053228
2998,3,2998,160720000000.0,35.18154305110218,-97.43747204308832,4.477354652137878,-8.2,172.81350114021708,-89.67545316485399
2999,3,2999,160730000000.0,35.18154304630017,-97.43747250888349,4.464917440966297,-8.2,172.85555645979048,-89.6759839791757
3000,3,3000,160740000000.0,35.18154304149816,-97.43747297467866,4.452480229794715,-8.2,172.89761177936387,-89.6765147934974
3001,3,3001,160750000000.0,35.18154303669615,-97.43747344047382,4.440043018623134,-8.2,172.93966709893726,-89.67704560781911
3002,3,3002,160760000000.0,35.18154303189413,-97.43747390626899,4.4276058074515525,-8.045080989315093,172.98172241851066,-89.67757642292625
3003,3,3003,160770000000.0,35.18154302709212,-97.43747437206416,4.415168596279972,-7.9,173.02377773808405,-89.67810723724796
3004,3,3004,160780000000.0,35.18154302229011,-97.43747483785933,4.40273138510839,-7.8762177304334315,173.06583305765741,-89.67863805156966
3005,3,3005,160790000000.0,35.181543017488096,-97.4374753036545,4.390294173936809,-7.8,173.10788837723084,-89.67916886589137
3006,3,3006,160800000000.0,35.181543012686085,-97.43747576944966,4.377856962765227,-7.8,173.1499436968042,-89.67969968021308
3007,3,3007,160810000000.0,35.18154300788407,-97.43747623524483,4.365419751593646,-7.8,173.19199901637762,-89.68023049453478
3008,3,3008,160820000000.0,35.18154300308206,-97.43747670104,4.352982540422064,-7.8,173.234054335951,-89.68076130885649
3009,3,3009,160830000000.0,35.181543,-97.43747716048645,4.340934343100377,-7.8,173.27553644825238,-89.68110200025322
3010,3,3010,160840000000.0,35.181543,-97.43747760855638,4.32958323855078,-7.8,173.31599140621498,-89.68110200025322
3011,3,3011,160850000000.0,35.181543,-97.43747805662629,4.318232134001183,-7.8,173.3564463628945,-89.68110200025322
3012,3,3012,160860000000.0,35.181543,-97.4374785046962,4.306881029451586,-7.8,173.39690131957403,-89.68110200025322
3013,3,3013,160870000000.0,35.181543,-97.43747895276613,4.295529924901988,-7.8,173.4373562775366,-89.68110200025322
3014,3,3014,160880000000.0,35.181543,-97.43747940083604,4.284178820352391,-7.8,173.47781123421612,-89.68110200025322
3015,3,3015,160890000000.0,35.181543,-97.43747984890595,4.272827715802793,-7.8,173.51826619089562,-89.68110200025322
3016,3,3016,160900000000.0,35.181543,-97.43748029697588,4.2614766112531965,-7.8,173.5587211488582,-89.68110200025322
3017,3,3017,160910000000.0,35.181543,-97.43748074504579,4.250125506703599,-7.8,173.59917610553774,-89.68110200025322
3018,3,3018,160920000000.0,35.181543,-97.43748119311572,4.238774402154001,-7.8,173.63963106350033,-89.68110200025322
3019,3,3019,160930000000.0,35.181543,-97.43748164118563,4.227423297604404,-7.8,173.68008602017983,-89.68110200025322
3020,3,3020,160940000000.0,35.181543,-97.43748208925554,4.216072193054806,-7.8,173.72054097685935,-89.68110200025322
3021,3,3021,160950000000.0,35.181543,-97.43748253732547,4.2047210885052095,-7.8,173.76099593482195,-89.68110200025322
3022,3,3022,160960000000.0,35.181543,-97.43748298539538,4.193369983955612,-7.8,173.80145089150147,-89.68110200025322
3023,3,3023,160970000000.0,35.181543,-97.43748343346529,4.182018879406015,-7.8,173.841905848181,-89.68110200025322
3024,3,3024,160980000000.0,35.181543,-97.43748388153521,4.170667774856417,-7.8,173.88236080614354,-89.68110200025322
3025,3,3025,160990000000.0,35.181543,-97.43748432960513,4.159316670306819,-7.8,173.92281576282306,-89.68110200025322
3026,3,3026,161000000000.0,35.181543,-97.43748477767504,4.1479655657572225,-7.8,173.96327071950262,-89.68110200025322
3027,3,3027,161010000000.0,35.181543,-97.43748522574496,4.136614461207625,-7.8,174.00372567746518,-89.68110200025322
3028,3,3028,161020000000.0,35.181543,-97.43748567381488,4.125263356658028,-7.8,174.0441806341447,-89.68110200025322
3029,3,3029,161030000000.0,35.18154300276663,-97.43748611758205,4.112988377438228,-7.8,174.08424710920605,-89.68079617662539
3030,3,3030,161040000000.0,35.181543012937276,-97.43748654983432,4.098240947041941,-7.8,174.12327393551354,-89.67967191355243
3031,3,3031,161050000000.0,35.18154302310792,-97.43748698208658,4.083493516645656,-7.8,174.16230076182103,-89.67854765047946
3032,3,3032,161060000000.0,35.18154303327856,-97.43748741433886,4.06874608624937,-7.8,174.20132758941156,-89.67742338819193
3033,3,3033,161070000000.0,35.1815430434492,-97.43748784659113,4.053998655853085,-7.8,174.24035441571908,-89.67629912511896
3034,3,3034,161080000000.0,35.18154305361984,-97.4374882788434,4.039251225456799,-7.8,174.27938124330964,-89.67517486283143
3035,3,3035,161090000000.0,35.181543063790485,-97.43748871109567,4.024503795060513,-7.8,174.3184080696171,-89.67405059975846
3036,3,3036,161100000000.0,35.18154307396112,-97.43748914334793,4.009756364664227,-7.8,174.3574348959246,-89.67292633747093
3037,3,3037,161110000000.0,35.18154308413177,-97.43748957560021,3.9950089342679416,-7.8,174.39646172351516,-89.67180207439796
3038,3,3038,161120000000.0,35.18154309430241,-97.43749000785247,3.9802615038716556,-7.8,174.43548854982265,-89.67067781132499
3039,3,3039,161130000000.0,35.18154310447305,-97.43749044010475,3.96551407347537,-7.8,174.4745153774132,-89.66955354903746
3040,3,3040,161140000000.0,35.181543114643695,-97.43749087235702,3.950766643079084,-7.8,174.51354220372068,-89.66842928596449
3041,3,3041,161150000000.0,35.18154312481433,-97.43749130460928,3.9360192126827984,-7.8,174.55256903002817,-89.66730502367696
3042,3,3042,161160000000.0,35.18154313498498,-97.43749173686156,3.9212717822865124,-7.8,174.59159585761873,-89.66618076060399
3043,3,3043,161170000000.0,35.18154314515562,-97.43749216911382,3.906524351890227,-7.8,174.63062268392622,-89.66505649753103
3044,3,3044,161180000000.0,35.18154315532626,-97.4374926013661,3.891776921493941,-7.8,174.66964951151678,-89.6639322352435
3045,3,3045,161190000000.0,35.181543165496905,-97.43749303361837,3.8770294910976553,-7.8,174.70867633782427,-89.66280797217053
3046,3,3046,161200000000.0,35.18154317566754,-97.43749346587063,3.8622820607013693,-7.8,174.74770316413174,-89.661683709883
3047,3,3047,161210000000.0,35.18154318583819,-97.43749389812291,3.8475346303050837,-7.8,174.7867299917223,-89.66055944681003
3048,3,3048,161220000000.0,35.181543196008825,-97.43749433037517,3.8327871999087977,-7.8,174.8257568180298,-89.6594351845225
3049,3,3049,161230000000.0,35.1815432,-97.43749475127679,3.8187619380724036,-7.8,174.86375882644637,-89.65899399999486
3050,3,3050,161240000000.0,35.1815432,-97.43749516484729,3.8052031077446378,-7.8,174.90109892981815,-89.65899399999486
3051,3,3051,161250000000.0,35.1815432,-97.4374955784178,3.7916442774168724,-7.8,174.9384390331899,-89.65899399999486
3052,3,3052,161260000000.0,35.1815432,-97.4374959919883,3.778085447089107,-7.8,174.97577913656164,-89.65899399999486
3053,3,3053,161270000000.0,35.1815432,-97.43749640555879,3.764526616761341,-7.8,175.01311923865035,-89.65899399999486
3054,3,3054,161280000000.0,35.1815432,-97.4374968191293,3.7509677864335758,-7.8,175.05045934202212,-89.65899399999486
3055,3,3055,161290000000.0,35.1815432,-97.4374972326998,3.73740895610581,-7.8,175.08779944539387,-89.65899399999486
3056,3,3056,161300000000.0,35.1815432,-97.43749764627029,3.7238501257780445,-7.8,175.12513954748255,-89.65899399999486
3057,3,3057,161310000000.0,35.1815432,-97.43749805984079,3.710291295450279,-7.8,175.16247965085432,-89.65899399999486
3058,3,3058,161320000000.0,35.1815432,-97.4374984734113,3.6967324651225133,-7.8,175.19981975422607,-89.65899399999486
3059,3,3059,161330000000.0,35.1815432,-97.4374988869818,3.683173634794748,-7.8,175.23715985759782,-89.65899399999486
3060,3,3060,161340000000.0,35.1815432,-97.43749930055229,3.6696148044669825,-7.8,175.27449995968652,-89.65899399999486
3061,3,3061,161350000000.0,35.1815432,-97.4374997141228,3.6560559741392167,-7.8,175.31184006305827,-89.65899399999486
3062,3,3062,161360000000.0,35.1815432,-97.4375001276933,3.6424971438114513,-7.8,175.34918016643002,-89.65899399999486
3063,3,3063,161370000000.0,35.1815432,-97.4375005412638,3.6289383134836855,-7.8,175.38652026980176,-89.65899399999486
3064,3,3064,161380000000.0,35.1815432,-97.43750095483429,3.61537948315592,-7.8,175.4238603718905,-89.65899399999486
3065,3,3065,161390000000.0,35.1815432,-97.4375013684048,3.6018206528281547,-7.8,175.46120047526225,-89.65899399999486
3066,3,3066,161400000000.0,35.1815432,-97.4375017819753,3.588261822500389,-7.8,175.49854057863396,-89.65899399999486
3067,3,3067,161410000000.0,35.1815432,-97.4375021955458,3.5747029921726234,-7.8,175.53588068200574,-89.65899399999486
3068,3,3068,161420000000.0,35.181543202364296,-97.43750257022924,3.5605524704567384,-7.8,175.56970978289922,-89.65873265077846
3069,3,3069,161430000000.0,35.18154320704018,-97.4375029068926,3.5458234486868236,-7.8,175.60010615937648,-89.65821577869463
3070,3,3070,161440000000.0,35.181543211716054,-97.43750324355595,3.5310944269169084,-7.8,175.63050253457064,-89.65769890739622
3071,3,3071,161450000000.0,35.18154321639194,-97.43750358021931,3.5163654051469937,-7.8,175.66089891104784,-89.65718203531239
3072,3,3072,161460000000.0,35.18154322106781,-97.43750391688266,3.5016363833770785,-7.8,175.69129528624202,-89.65666516401399
3073,3,3073,161470000000.0,35.181543225743695,-97.43750425354602,3.4869073616071637,-7.734248927299129,175.72169166271922,-89.65614829193015
3074,3,3074,161480000000.0,35.18154323041958,-97.43750459020937,3.4721783398372486,-7.7,175.75208803791338,-89.65563141984632
3075,3,3075,161490000000.0,35.181543235095454,-97.43750492687273,3.457449318067334,-7.7,175.78248441439064,-89.65511454854791
3076,3,3076,161500000000.0,35.18154323977134,-97.43750526353608,3.4427202962974186,-7.7,175.8128807895848,-89.65459767646408
3077,3,3077,161510000000.0,35.18154324444721,-97.43750560019944,3.4279912745275034,-7.7,175.843277166062,-89.65408080516568
3078,3,3078,161520000000.0,35.181543249123095,-97.43750593686279,3.4132622527575887,-7.7,175.87367354125618,-89.65356393308184
3079,3,3079,161530000000.0,35.18154325379898,-97.43750627352615,3.3985332309876735,-7.7,175.90406991773338,-89.653047060998
3080,3,3080,161540000000.0,35.18154325847485,-97.4375066101895,3.3838042092177587,-7.7,175.93446629292754,-89.6525301896996
3081,3,3081,161550000000.0,35.181543263150736,-97.43750694685286,3.3690751874478435,-7.7,175.9648626694048,-89.65201331761577
3082,3,3082,161560000000.0,35.18154326782661,-97.43750728351621,3.3543461656779288,-7.7,175.99525904459895,-89.65149644631737
3083,3,3083,161570000000.0,35.181543272502495,-97.43750762017957,3.3396171439080136,-7.7,176.02565542107615,-89.65097957423353
3084,3,3084,161580000000.0,35.18154327717838,-97.43750795684292,3.3248881221380984,-7.7,176.0560517962703,-89.6504627021497
3085,3,3085,161590000000.0,35.18154328185425,-97.43750829350627,3.3101591003681836,-7.7,176.0864481714645,-89.6499458308513
3086,3,3086,161600000000.0,35.181543286530136,-97.43750863016963,3.2954300785982684,-7.7,176.1168445479417,-89.64942895876746
3087,3,3087,161610000000.0,35.18154329120601,-97.43750896683298,3.2807010568283537,-7.7,176.14724092313585,-89.64891208746906
3088,3,3088,161620000000.0,35.181543295881895,-97.43750930349634,3.2659720350584385,-7.7,176.1776372996131,-89.64839521538522
3089,3,3089,161630000000.0,35.18154330060501,-97.43750963872023,3.250761486566844,-7.7,176.2079037100524,-89.64787312252199
3090,3,3090,161640000000.0,35.18154330567682,-97.4375099633164,3.231995770882236,-7.7,176.2372105743077,-89.64731248448814
3091,3,3091,161650000000.0,35.18154331074864,-97.43751028791256,3.2132300551976285,-7.7,176.26651743728,-89.64675184566886
3092,3,3092,161660000000.0,35.18154331582045,-97.43751061250872,3.1944643395130203,-7.7,176.29582430025224,-89.64619120763501
3093,3,3093,161670000000.0,35.18154332089227,-97.43751093710489,3.1756986238284126,-7.7,176.32513116450758,-89.64563056881573
3094,3,3094,161680000000.0,35.18154332596408,-97.43751126170105,3.156932908143805,-7.7,176.35443802747983,-89.64506993078189
3095,3,3095,161690000000.0,35.1815433310359,-97.4375115862972,3.138167192459197,-7.7,176.3837448904521,-89.6445092919626
3096,3,3096,161700000000.0,35.18154333610771,-97.43751191089338,3.1194014767745895,-7.7,176.41305175470742,-89.64394865392876
3097,3,3097,161710000000.0,35.18154334117953,-97.43751223548954,3.1006357610899813,-7.7,176.4423586176797,-89.64338801510948
3098,3,3098,161720000000.0,35.18154334625134,-97.43751256008571,3.0818700454053736,-7.7,176.47166548193502,-89.64282737707563
3099,3,3099,161730000000.0,35.18154335132316,-97.43751288468187,3.063104329720766,-7.7,176.5009723449073,-89.64226673825635
3100,3,3100,161740000000.0,35.18154335639497,-97.43751320927802,3.044338614036158,-7.7,176.53027920787957,-89.6417061002225
3101,3,3101,161750000000.0,35.18154336146679,-97.4375135338742,3.02557289835155,-7.7,176.5595860721349,-89.64114546140323
3102,3,3102,161760000000.0,35.1815433665386,-97.43751385847035,3.0068071826669422,-7.7,176.58889293510717,-89.64058482336938
3103,3,3103,161770000000.0,35.18154337161042,-97.43751418306651,2.9880414669823345,-7.7,176.61819979807942,-89.6400241845501
3104,3,3104,161780000000.0,35.18154337668223,-97.43751450766268,2.969275751297727,-7.7,176.64750666233476,-89.63946354651625
3105,3,3105,161790000000.0,35.18154338175405,-97.43751483225884,2.9505100356131186,-7.7,176.67681352530704,-89.63890290769697
3106,3,3106,161800000000.0,35.181543386825865,-97.43751515685501,2.931744319928511,-7.7,176.70612038956236,-89.6383422688777
3107,3,3107,161810000000.0,35.18154339189768,-97.43751548145117,2.912978604243903,-7.7,176.7354272525346,-89.63778163084385
3108,3,3108,161820000000.0,35.181543396969495,-97.43751580604733,2.8942128885592955,-7.7,176.76473411550688,-89.63722099202457
3109,3,3109,161830000000.0,35.1815434041727,-97.43751612309453,2.8785143519014764,-7.7,176.7933594041611,-89.63642474972801
3110,3,3110,161840000000.0,35.18154341454016,-97.43751642893457,2.8673693335551693,-7.7,176.8209728312402,-89.63527873092033
3111,3,3111,161850000000.0,35.181543424907616,-97.4375167347746,2.856224315208862,-7.7,176.84858625703623,-89.63413271211266
3112,3,3112,161860000000.0,35.181543435275074,-97.43751704061465,2.845079296862555,-7.7,176.8761996841153,-89.63298669330499
3113,3,3113,161870000000.0,35.18154344564253,-97.43751734645468,2.833934278516248,-7.7,176.90381310991137,-89.63184067449731
3114,3,3114,161880000000.0,35.18154345600999,-97.43751765229472,2.822789260169941,-7.7,176.9314265357074,-89.63069465568964
3115,3,3115,161890000000.0,35.18154346637745,-97.43751795813476,2.8116442418236334,-7.7,176.9590399627865,-89.62954863688196
3116,3,3116,161900000000.0,35.181543476744906,-97.4375182639748,2.8004992234773263,-7.7,176.98665338858254,-89.62840261807429
3117,3,3117,161910000000.0,35.181543487112364,-97.43751856981483,2.789354205131019,-7.7,177.01426681437857,-89.62725659926662
3118,3,3118,161920000000.0,35.18154349747983,-97.43751887565487,2.778209186784712,-7.7,177.04188024145768,-89.62611057967351
3119,3,3119,161930000000.0,35.18154350784729,-97.4375191814949,2.767064168438405,-7.7,177.0694936672537,-89.62496456086583
3120,3,3120,161940000000.0,35.181543518214745,-97.43751948733495,2.755919150092098,-7.7,177.0971070943328,-89.62381854205816
3121,3,3121,161950000000.0,35.1815435285822,-97.43751979317499,2.7447741317457908,-7.7,177.12472052012885,-89.62267252325049
3122,3,3122,161960000000.0,35.18154353894966,-97.43752009901502,2.7336291133994837,-7.7,177.15233394592485,-89.62152650444281
3123,3,3123,161970000000.0,35.18154354931712,-97.43752040485506,2.7224840950531766,-7.7,177.17994737300398,-89.62038048563514
3124,3,3124,161980000000.0,35.18154355968458,-97.4375207106951,2.711339076706869,-7.7,177.20756079880002,-89.61923446682746
3125,3,3125,161990000000.0,35.181543570052035,-97.43752101653514,2.700194058360562,-7.7,177.23517422587912,-89.61808844801979
3126,3,3126,162000000000.0,35.18154358041949,-97.43752132237518,2.689049040014255,-7.7,177.26278765167515,-89.61694242921212
3127,3,3127,162010000000.0,35.18154359078695,-97.43752162821521,2.6779040216679477,-7.7,177.29040107747116,-89.61579641040444
3128,3,3128,162020000000.0,35.1815436,-97.43752192845002,2.665567800886355,-7.7,177.31750842428653,-89.61477800026358
3129,3,3129,162030000000.0,35.1815436,-97.43752218395124,2.643724951331526,-7.7,177.34057690204156,-89.61477800026358
3130,3,3130,162040000000.0,35.1815436,-97.43752243945248,2.6218821017766976,-7.7,177.36364538107964,-89.61477800026358
3131,3,3131,162050000000.0,35.1815436,-97.4375226949537,2.600039252221869,-7.7,177.38671385883467,-89.61477800026358
3132,3,3132,162060000000.0,35.1815436,-97.43752295045492,2.5781964026670403,-7.7,177.4097823365897,-89.61477800026358
3133,3,3133,162070000000.0,35.1815436,-97.43752320595614,2.5563535531122112,-7.7,177.43285081434473,-89.61477800026358
3134,3,3134,162080000000.0,35.1815436,-97.43752346145736,2.5345107035573826,-7.7,177.4559192920998,-89.61477800026358
3135,3,3135,162090000000.0,35.1815436,-97.43752371695858,2.512667854002554,-7.7,177.47898776985483,-89.61477800026358
3136,3,3136,162100000000.0,35.1815436,-97.4375239724598,2.4908250044477254,-7.7,177.50205624760986,-89.61477800026358
3137,3,3137,162110000000.0,35.1815436,-97.43752422796103,2.4689821548928967,-7.7,177.52512472664793,-89.61477800026358
3138,3,3138,162120000000.0,35.1815436,-97.43752448346225,2.447139305338068,-7.7,177.54819320440296,-89.61477800026358
3139,3,3139,162130000000.0,35.1815436,-97.43752473896348,2.425296455783239,-7.7,177.571261682158,-89.61477800026358
3140,3,3140,162140000000.0,35.1815436,-97.4375249944647,2.4034536062284104,-7.7,177.59433015991306,-89.61477800026358
3141,3,3141,162150000000.0,35.1815436,-97.43752524996592,2.381610756673582,-7.7,177.6173986376681,-89.61477800026358
3142,3,3142,162160000000.0,35.1815436,-97.43752550546714,2.359767907118753,-7.7,177.64046711542312,-89.61477800026358
3143,3,3143,162170000000.0,35.1815436,-97.43752576096837,2.3379250575639245,-7.7,177.6635355944612,-89.61477800026358
3144,3,3144,162180000000.0,35.1815436,-97.43752601646959,2.316082208009096,-7.7,177.68660407221623,-89.61477800026358
3145,3,3145,162190000000.0,35.1815436,-97.43752627197081,2.2942393584542673,-7.7,177.70967254997126,-89.61477800026358
3146,3,3146,162200000000.0,35.1815436,-97.43752652747203,2.2723965088994382,-7.7,177.73274102772632,-89.61477800026358
3147,3,3147,162210000000.0,35.1815436,-97.43752678297325,2.2505536593446096,-7.7,177.75580950548135,-89.61477800026358
3148,3,3148,162220000000.0,35.1815436014538,-97.43752703198362,2.229971947484678,-7.7,177.7782919428221,-89.6146172973377
3149,3,3149,162230000000.0,35.1815436111082,-97.43752724438043,2.2165040592963217,-7.7,177.79746864637391,-89.61355009996765
3150,3,3150,162240000000.0,35.181543620762596,-97.43752745677723,2.203036171107965,-7.7,177.81664534864268,-89.6124829025976
3151,3,3151,162250000000.0,35.181543630416996,-97.43752766917403,2.1895682829196086,-7.7,177.83582205091145,-89.61141570522756
3152,3,3152,162260000000.0,35.181543640071396,-97.43752788157084,2.176100394731252,-7.7600816756413495,177.85499875446325,-89.61034850785751
3153,3,3153,162270000000.0,35.1815436497258,-97.43752809396764,2.162632506542896,-7.8,177.874175456732,-89.60928130970203
3154,3,3154,162280000000.0,35.1815436593802,-97.43752830636444,2.1491646183545394,-7.8,177.89335215900073,-89.60821411233198
3155,3,3155,162290000000.0,35.1815436690346,-97.43752851876124,2.135696730166183,-7.8,177.9125288612695,-89.60714691496193
3156,3,3156,162300000000.0,35.181543678689,-97.43752873115805,2.1222288419778264,-7.8466865196512225,177.9317055648213,-89.60607971759188
3157,3,3157,162310000000.0,35.1815436883434,-97.43752894355485,2.10876095378947,-7.9,177.95088226709007,-89.60501252022183
3158,3,3158,162320000000.0,35.1815436979978,-97.43752915595165,2.0952930656011133,-7.938307672811455,177.97005896935883,-89.60394532285179
3159,3,3159,162330000000.0,35.1815437076522,-97.43752936834845,2.0818251774127567,-7.998310296126147,177.9892356716276,-89.60287812548174
3160,3,3160,162340000000.0,35.1815437173066,-97.43752958074526,2.0683572892244,-8.0,178.0084123751794,-89.60181092811169
3161,3,3161,162350000000.0,35.181543726961,-97.43752979314206,2.0548894010360437,-8.0,178.02758907744814,-89.60074373074164
3162,3,3162,162360000000.0,35.1815437366154,-97.43753000553886,2.041421512847687,-8.034937451759289,178.04676577971688,-89.59967653337159
3163,3,3163,162370000000.0,35.1815437462698,-97.43753021793567,2.0279536246593306,-8.1,178.0659424832687,-89.59860933600154
3164,3,3164,162380000000.0,35.1815437559242,-97.43753043033247,2.014485736470974,-8.1,178.08511918553745,-89.5975421386315
3165,3,3165,162390000000.0,35.1815437655786,-97.43753064272927,2.0010178482826175,-8.1,178.10429588780622,-89.59647494126145
3166,3,3166,162400000000.0,35.181543775233,-97.43753085512607,1.9875499600942612,-8.126840178231898,178.12347259007498,-89.5954077438914
3167,3,3167,162410000000.0,35.1815437848874,-97.43753106752288,1.9740820719059047,-8.216732212894822,178.1426492936268,-89.59434054652135
3168,3,3168,162420000000.0,35.1815437945418,-97.43753127991968,1.9606141837175481,-8.329098348775592,178.16182599589553,-89.5932733491513
3169,3,3169,162430000000.0,35.18154380223706,-97.4375314827712,1.944275466984246,-8.4,178.18014088247875,-89.59242271555439
3170,3,3170,162440000000.0,35.18154380738397,-97.43753167320675,1.924202530993411,-8.4,178.197334765474,-89.59185377626923
3171,3,3171,162450000000.0,35.181543812530876,-97.4375318636423,1.904129595002576,-8.4,178.21452864975234,-89.59128483698407
3172,3,3172,162460000000.0,35.18154381767778,-97.43753205407785,1.8840566590117411,-8.432221672233217,178.2317225327476,-89.59071589848435
3173,3,3173,162470000000.0,35.181543822824686,-97.43753224451339,1.863983723020906,-8.529509237300154,178.24891641574285,-89.59014695919919
3174,3,3174,162480000000.0,35.181543827971595,-97.43753243494895,1.843910787030071,-8.606207985683549,178.26611030002115,-89.58957801991403
3175,3,3175,162490000000.0,35.1815438331185,-97.43753262538449,1.8238378510392361,-8.70332625839201,178.28330418301644,-89.58900908062887
3176,3,3176,162500000000.0,35.181543838265405,-97.43753281582003,1.8037649150484012,-8.824965127000382,178.3004980660117,-89.58844014212914
3177,3,3177,162510000000.0,35.181543843412314,-97.43753300625558,1.7836919790575663,-8.925513415729583,178.31769194900696,-89.58787120284398
3178,3,3178,162520000000.0,35.18154384855922,-97.43753319669113,1.7636190430667313,-9.024819735452208,178.33488583328526,-89.58730226355883
3179,3,3179,162530000000.0,35.181543853706124,-97.43753338712668,1.7435461070758962,-9.099603563449405,178.35207971628054,-89.5867333250591
3180,3,3180,162540000000.0,35.18154385885303,-97.43753357756222,1.7234731710850613,-9.30742164918247,178.36927359927577,-89.58616438577394
3181,3,3181,162550000000.0,35.18154386399994,-97.43753376799778,1.7034002350942263,-9.453636970242508,178.3864674835541,-89.58559544648878
3182,3,3182,162560000000.0,35.18154386914685,-97.43753395843332,1.6833272991033914,-9.66295593334267,178.40366136654936,-89.58502650720362
3183,3,3183,162570000000.0,35.18154387429375,-97.43753414886886,1.6632543631125563,-9.829991713485859,178.42085524954462,-89.5844575687039
3184,3,3184,162580000000.0,35.18154387944066,-97.4375343393044,1.6431814271217213,-9.89117482568713,178.43804913253987,-89.58388862941874
3185,3,3185,162590000000.0,35.18154388458757,-97.43753452973996,1.6231084911308864,-9.8,178.45524301681817,-89.58331969013358
3186,3,3186,162600000000.0,35.18154388973448,-97.4375347201755,1.6030355551400515,-9.8,178.47243689981346,-89.58275075084842
3187,3,3187,162610000000.0,35.18154389488138,-97.43753491061105,1.5829626191492165,-9.8,178.48963078280872,-89.5821818123487
3188,3,3188,162620000000.0,35.181543900027194,-97.43753510084304,1.5629483303723144,-9.8,178.5068062872867,-89.58161299402036
3189,3,3189,162630000000.0,35.181543904975435,-97.4375352542385,1.5535466731639704,-9.8,178.52065592680177,-89.58106601546817
3190,3,3190,162640000000.0,35.181543909923676,-97.43753540763396,1.5441450159556267,-9.8,178.53450556631685,-89.58051903691597
3191,3,3191,162650000000.0,35.18154391487192,-97.43753556102942,1.5347433587472827,-9.8,178.54835520583194,-89.57997205836378
3192,3,3192,162660000000.0,35.18154391982016,-97.43753571442487,1.525341701538939,-9.8,178.56220484406396,-89.57942507981159
3193,3,3193,162670000000.0,35.1815439247684,-97.43753586782033,1.515940044330595,-9.858981189271649,178.57605448357904,-89.57887810125939
3194,3,3194,162680000000.0,35.18154392971664,-97.43753602121579,1.5065383871222513,-10.014988546802666,178.5899041230941,-89.5783311227072
3195,3,3195,162690000000.0,35.18154393466488,-97.43753617461125,1.4971367299139073,-10.204789482169444,178.60375376260916,-89.577784144155
3196,3,3196,162700000000.0,35.18154393961312,-97.43753632800671,1.4877350727055636,-10.5,178.61760340212425,-89.57723716560281
3197,3,3197,162710000000.0,35.18154394456136,-97.43753648140218,1.4783334154972196,-10.5,178.6314530416393,-89.57669018705062
3198,3,3198,162720000000.0,35.1815439495096,-97.43753663479764,1.4689317582888757,-10.528394468704724,178.6453026811544,-89.57614320849842
3199,3,3199,162730000000.0,35.181543954457844,-97.4375367881931,1.459530101080532,-10.601167889950093,178.65915232066948,-89.57559622994623
3200,3,3200,162740000000.0,35.181543959406085,-97.43753694158855,1.4501284438721882,-10.714645104320848,178.6730019589015,-89.57504925139403
3201,3,3201,162750000000.0,35.181543964354326,-97.43753709498401,1.4407267866638442,-10.834421321852407,178.68685159841658,-89.57450227284184
3202,3,3202,162760000000.0,35.18154396930257,-97.43753724837947,1.4313251294555003,-10.934893582963074,178.70070123793164,-89.57395529428965
3203,3,3203,162770000000.0,35.18154397425081,-97.43753740177493,1.4219234722471565,-11.026333920551098,178.7145508774467,-89.57340831573745
3204,3,3204,162780000000.0,35.18154397919905,-97.4375375551704,1.4125218150388126,-11.1,178.72840051696178,-89.57286133718526
3205,3,3205,162790000000.0,35.18154398414729,-97.43753770856586,1.4031201578304688,-11.1,178.74225015647684,-89.57231435863307
3206,3,3206,162800000000.0,35.18154398909553,-97.43753786196132,1.3937185006221249,-11.123951748457447,178.75609979599193,-89.57176738008087
3207,3,3207,162810000000.0,35.18154399404377,-97.43753801535676,1.3843168434137811,-11.215659893166993,178.76994943422395,-89.57122040152868
3208,3,3208,162820000000.0,35.18154399899201,-97.43753816875223,1.3749151862054372,-11.375406378730846,178.78379907373903,-89.57067342297648
3209,3,3209,162830000000.0,35.181544,-97.43753829988705,1.3612532828958355,-11.54504715928879,178.79563886380583,-89.57056199974687
3210,3,3210,162840000000.0,35.181544,-97.43753842532718,1.34650152502569,-11.6,178.80696449547818,-89.57056199974687
3211,3,3211,162850000000.0,35.181544,-97.43753855076729,1.3317497671555443,-11.7,178.81829012586743,-89.57056199974687
3212,3,3212,162860000000.0,35.181544,-97.43753867620741,1.3169980092853986,-11.819323366070043,178.82961575753978,-89.57056199974687
3213,3,3213,162870000000.0,35.181544,-97.43753880164752,1.302246251415253,-12.004840928313472,178.84094138792904,-89.57056199974687
3214,3,3214,162880000000.0,35.181544,-97.43753892708764,1.2874944935451074,-12.083533969110148,178.85226701960136,-89.57056199974687
3215,3,3215,162890000000.0,35.181544,-97.43753905252777,1.2727427356749619,-12.277857274676618,178.86359265127368,-89.57056199974687
3216,3,3216,162900000000.0,35.181544,-97.43753917796788,1.2579909778048162,-12.512770562353296,178.87491828166296,-89.57056199974687
3217,3,3217,162910000000.0,35.181544,-97.437539303408,1.2432392199346705,-12.619645711947673,178.88624391333528,-89.57056199974687
3218,3,3218,162920000000.0,35.181544,-97.43753942884811,1.228487462064525,-12.808987518479409,178.89756954372456,-89.57056199974687
3219,3,3219,162930000000.0,35.181544,-97.43753955428824,1.2137357041943793,-12.879385265751496,178.90889517539688,-89.57056199974687
3220,3,3220,162940000000.0,35.181544,-97.43753967972835,1.1989839463242338,-13.085162811681185,178.92022080578613,-89.57056199974687
3221,3,3221,162950000000.0,35.181544,-97.43753980516847,1.184232188454088,-13.7,178.93154643745848,-89.57056199974687
3222,3,3222,162960000000.0,35.181544,-97.43753993060858,1.1694804305839426,-13.7,178.94287206784773,-89.57056199974687
3223,3,3223,162970000000.0,35.181544,-97.4375400560487,1.1547286727137969,-13.706795195022723,178.95419769952008,-89.57056199974687
3224,3,3224,162980000000.0,35.181544,-97.43754018148881,1.1399769148436514,-13.780313908733428,178.96552332990933,-89.57056199974687
3225,3,3225,162990000000.0,35.181544,-97.43754030692894,1.1252251569735057,-13.985963225396825,178.97684896158168,-89.57056199974687
3226,3,3226,163000000000.0,35.181544,-97.43754043236906,1.11047339910336,-14.123505349889484,178.988174593254,-89.57056199974687
3227,3,3227,163010000000.0,35.181544,-97.43754055780917,1.0957216412332145,-14.2838989815245,178.99950022364328,-89.57056199974687
3228,3,3228,163020000000.0,35.181544,-97.4375406832493,1.0809698833630688,-14.545696670200654,179.01082585531557,-89.57056199974687
3229,3,3229,163030000000.0,35.181543995683576,-97.43754077337928,1.0644968013832345,-14.75617836387107,179.0189634352433,-89.57103913751311
3230,3,3230,163040000000.0,35.18154399070192,-97.43754085806744,1.0477584368954045,-14.8,179.02660968750368,-89.57158980996113
3231,3,3231,163050000000.0,35.18154398572026,-97.43754094275559,1.0310200724075742,-15.08784735636239,179.03425593976402,-89.57214048240914
3232,3,3232,163060000000.0,35.1815439807386,-97.43754102744374,1.0142817079197441,-15.323728109109435,179.0419021920244,-89.57269115485715
3233,3,3233,163070000000.0,35.18154397575695,-97.4375411121319,0.9975433434319141,-15.616207617318064,179.04954844428477,-89.57324182651973
3234,3,3234,163080000000.0,35.181543970775294,-97.43754119682005,0.9808049789440839,-15.756279481187823,179.05719469654514,-89.57379249896775
3235,3,3235,163090000000.0,35.18154396579364,-97.4375412815082,0.9640666144562539,-16.03713010408106,179.0648409488055,-89.57434317141576
3236,3,3236,163100000000.0,35.18154396081198,-97.43754136619636,0.9473282499684237,-16.405598768544294,179.07248720106588,-89.57489384386378
3237,3,3237,163110000000.0,35.18154395583033,-97.43754145088451,0.9305898854805936,-16.946529667574243,179.08013345332625,-89.57544451552636
3238,3,3238,163120000000.0,35.18154395084867,-97.43754153557266,0.9138515209927636,-17.9,179.08777970558663,-89.57599518797437
3239,3,3239,163130000000.0,35.18154394586701,-97.43754162026082,0.8971131565049334,-17.9,179.09542595784697,-89.57654586042239
3240,3,3240,163140000000.0,35.181543940885355,-97.43754170494897,0.8803747920171033,-17.9,179.10307221010734,-89.5770965328704
3241,3,3241,163150000000.0,35.1815439359037,-97.43754178963712,0.8636364275292732,-18.343335619715663,179.1107184623677,-89.57764720531841
3242,3,3242,163160000000.0,35.18154393092205,-97.43754187432528,0.8468980630414431,-18.756380513314074,179.1183647146281,-89.578197876981
3243,3,3243,163170000000.0,35.18154392594039,-97.43754195901343,0.830159698553613,-19.23800090244944,179.12601096688846,-89.57874854942901
3244,3,3244,163180000000.0,35.18154392095873,-97.43754204370158,0.8134213340657829,-19.52354098831563,179.13365721914883,-89.57929922187702
3245,3,3245,163190000000.0,35.18154391597707,-97.43754212838974,0.7966829695779527,-20.098730679921285,179.1413034714092,-89.57984989432504
3246,3,3246,163200000000.0,35.18154391099542,-97.43754221307789,0.7799446050901226,-20.667049486525663,179.14894972366957,-89.58040056598762
3247,3,3247,163210000000.0,35.181543906013765,-97.43754229776604,0.7632062406022926,-21.259706437425972,179.15659597592997,-89.58095123843563
3248,3,3248,163220000000.0,35.18154390103211,-97.4375423824542,0.7464678761144625,-21.754927435590133,179.16424222819032,-89.58150191088365
3249,3,3249,163230000000.0,35.1815439,-97.43754245061696,0.7349402230859385,-22.41974108530224,179.17039644996032,-89.58161599987605
3250,3,3250,163240000000.0,35.1815439,-97.43754251446126,0.7247742457773035,-22.8,179.17616076976736,-89.58161599987605
3251,3,3251,163250000000.0,35.1815439,-97.43754257830555,0.7146082684686685,-23.38813073179795,179.1819250895744,-89.58161599987605
3252,3,3252,163260000000.0,35.1815439,-97.43754264214986,0.7044422911600334,-24.369202367068276,179.18768941066452,-89.58161599987605
3253,3,3253,163270000000.0,35.1815439,-97.43754270599416,0.6942763138513984,-26.5,179.19345373047156,-89.58161599987605
3254,3,3254,163280000000.0,35.1815439,-97.43754276983847,0.6841103365427634,-26.5,179.19921805156167,-89.58161599987605
3255,3,3255,163290000000.0,35.1815439,-97.43754283368277,0.6739443592341284,-26.5,179.20498237136871,-89.58161599987605
3256,3,3256,163300000000.0,35.1815439,-97.43754289752707,0.6637783819254934,-26.518257571516965,179.21074669117576,-89.58161599987605
3257,3,3257,163310000000.0,35.1815439,-97.43754296137138,0.6536124046168584,-27.26087563839449,179.21651101226587,-89.58161599987605
3258,3,3258,163320000000.0,35.1815439,-97.43754302521567,0.6434464273082234,-27.895186795017402,179.2222753320729,-89.58161599987605
3259,3,3259,163330000000.0,35.1815439,-97.43754308905997,0.6332804499995884,-28.653420749153813,179.22803965187993,-89.58161599987605
3260,3,3260,163340000000.0,35.1815439,-97.43754315290428,0.6231144726909534,-29.469690001257916,179.23380397297004,-89.58161599987605
3261,3,3261,163350000000.0,35.1815439,-97.43754321674858,0.6129484953823184,-30.4000101327128,179.2395682927771,-89.58161599987605
3262,3,3262,163360000000.0,35.1815439,-97.43754328059289,0.6027825180736834,-30.5,179.24533261386722,-89.58161599987605
3263,3,3263,163370000000.0,35.1815439,-97.43754334443719,0.5926165407650484,-31.360217300391813,179.25109693367423,-89.58161599987605
3264,3,3264,163380000000.0,35.1815439,-97.43754340828148,0.5824505634564134,-32.20085961732125,179.25686125348128,-89.58161599987605
3265,3,3265,163390000000.0,35.1815439,-97.4375434721258,0.5722845861477784,-32.5,179.2626255745714,-89.58161599987605
3266,3,3266,163400000000.0,35.1815439,-97.4375435359701,0.5621186088391434,-32.976125978974444,179.26838989437843,-89.58161599987605
3267,3,3267,163410000000.0,35.1815439,-97.43754359981439,0.5519526315305084,-33.773896224016646,179.2741542141855,-89.58161599987605
3268,3,3268,163420000000.0,35.1815439,-97.4375436636587,0.5417866542218734,-34.81751179548848,179.27991853527558,-89.58161599987605
3269,3,3269,163430000000.0,35.18154390237017,-97.4375437260719,0.5350756332752968,-36.248605745958955,179.28555364476563,-89.58135400110578
3270,3,3270,163440000000.0,35.18154390787219,-97.43754378659406,0.5329298470517142,-37.6,179.29101801906208,-89.5807458081886
3271,3,3271,163450000000.0,35.181543913374206,-97.43754384711623,0.5307840608281317,-37.6,179.29648239335853,-89.58013761527141
3272,3,3272,163460000000.0,35.18154391887622,-97.43754390763841,0.528638274604549,-38.07404809769771,179.30194676893802,-89.57952942235423
3273,3,3273,163470000000.0,35.18154392437824,-97.43754396816058,0.5264924883809665,-38.72775433294511,179.30741114323448,-89.57892122943704
3274,3,3274,163480000000.0,35.181543929880256,-97.43754402868277,0.524346702157384,-39.373155493676435,179.312875518814,-89.57831303651986
3275,3,3275,163490000000.0,35.181543935382265,-97.43754408920493,0.5222009159338014,-40.22622538769962,179.31833989311045,-89.57770484438811
3276,3,3276,163500000000.0,35.18154394088428,-97.43754414972712,0.5200551297102188,-41.022797516467904,179.32380426868994,-89.57709665147092
3277,3,3277,163510000000.0,35.1815439463863,-97.43754421024929,0.5179093434866362,-41.70734449583091,179.3292686429864,-89.57648845855374
3278,3,3278,163520000000.0,35.181543951888315,-97.43754427077147,0.5157635572630537,-42.380190010567894,179.33473301856588,-89.57588026563656
3279,3,3279,163530000000.0,35.18154395739033,-97.43754433129364,0.513617771039471,-42.98966183207761,179.34019739286234,-89.57527207271937
3280,3,3280,163540000000.0,35.18154396289235,-97.43754439181582,0.5114719848158885,-43.51843656554791,179.34566176844183,-89.57466387980219
3281,3,3281,163550000000.0,35.181543968394365,-97.43754445233799,0.5093261985923059,-44.51630183480646,179.35112614273828,-89.574055686885
3282,3,3282,163560000000.0,35.18154397389638,-97.43754451286016,0.5071804123687234,-45.3364273637572,179.35659051703473,-89.57344749396782
3283,3,3283,163570000000.0,35.1815439793984,-97.43754457338234,0.5050346261451408,-46.069575963406784,179.36205489261422,-89.57283930105064
3284,3,3284,163580000000.0,35.181543984900415,-97.43754463390451,0.5028888399215582,-46.75816227910382,179.3675192669107,-89.57223110813345
3285,3,3285,163590000000.0,35.18154399040243,-97.43754469442669,0.5007430536979757,-47.55997449084679,179.3729836424902,-89.57162291521627
3286,3,3286,163600000000.0,35.18154399590444,-97.43754475494886,0.49859726747439304,-49.5707253050131,179.37844801678662,-89.57101472308452
3287,3,3287,163610000000.0,35.181543997811374,-97.43754481532041,0.49877279070783515,-51.5,179.38389879195543,-89.57080393067997
3288,3,3288,163620000000.0,35.181543989249526,-97.43754487525334,0.5057078861513156,-51.5,179.38930996555098,-89.57175035737109
3289,3,3289,163630000000.0,35.18154398068768,-97.43754493518625,0.512642981594796,-51.5,179.39472113786348,-89.5726967840622
3290,3,3290,163640000000.0,35.18154397212583,-97.43754499511918,0.5195780770382765,-51.5,179.40013231145903,-89.57364321075332
3291,3,3291,163650000000.0,35.18154396356399,-97.43754505505211,0.526513172481757,-52.56294689880208,179.40554348505458,-89.574589636659
3292,3,3292,163660000000.0,35.18154395500214,-97.43754511498503,0.5334482679252375,-53.48145410671671,179.41095465736709,-89.57553606335011
3293,3,3293,163670000000.0,35.18154394644029,-97.43754517491796,0.540383363368718,-54.543474356094904,179.4163658309626,-89.57648249004123
3294,3,3294,163680000000.0,35.181543937878445,-97.43754523485087,0.5473184588121984,-56.00569866832308,179.4217770032751,-89.57742891673234
3295,3,3295,163690000000.0,35.181543929316604,-97.4375452947838,0.5542535542556789,-56.6,179.42718817687066,-89.57837534263803
3296,3,3296,163700000000.0,35.181543920754756,-97.43754535471672,0.5611886496991594,-56.80167715688675,179.43259934918316,-89.57932176932914
3297,3,3297,163710000000.0,35.18154391219291,-97.43754541464965,0.5681237451426399,-57.63323502231036,179.43801052277868,-89.58026819602026
3298,3,3298,163720000000.0,35.18154390363106,-97.43754547458258,0.5750588405861203,-58.37301968069107,179.44342169637426,-89.58121462271137
3299,3,3299,163730000000.0,35.18154390569166,-97.43754555122494,0.5851430342941474,-58.97899659766685,179.45034151733933,-89.580986843727
3300,3,3300,163740000000.0,35.1815439155747,-97.43754564017226,0.5975462436141817,-60.2146100116156,179.45837231736323,-89.57989437266363
3301,3,3301,163750000000.0,35.18154392545773,-97.43754572911958,0.6099494529342161,-60.7,179.46640311738713,-89.57880190238569
3302,3,3302,163760000000.0,35.18154393534077,-97.4375458180669,0.6223526622542505,-61.58624480659751,179.47443391741103,-89.57770943132232
3303,3,3303,163770000000.0,35.1815439452238,-97.43754590701423,0.6347558715742848,-64.9,179.482464718718,-89.57661696104438
3304,3,3304,163780000000.0,35.18154395510684,-97.43754599596154,0.6471590808943192,-64.9,179.4904955187419,-89.575524489981
3305,3,3305,163790000000.0,35.18154396498988,-97.43754608490886,0.6595622902143535,-64.9,179.4985263187658,-89.57443201891763
3306,3,3306,163800000000.0,35.18154397487291,-97.43754617385618,0.6719654995343879,-64.96790362345043,179.50655711878971,-89.5733395486397
3307,3,3307,163810000000.0,35.18154398475595,-97.4375462628035,0.6843687088544224,-65.78431886748328,179.51458791881362,-89.57224707757632
3308,3,3308,163820000000.0,35.18154399463898,-97.43754635175081,0.6967719181744567,-67.31182556859788,179.52261871883752,-89.57115460729838
3309,3,3309,163830000000.0,35.18154400452202,-97.43754644069813,0.7091751274944911,-67.76253286925125,179.53064951886142,-89.57006213623501
3310,3,3310,163840000000.0,35.18154401440505,-97.43754652964545,0.7215783368145254,-68.83498514879372,179.53868031888533,-89.56896966595707
3311,3,3311,163850000000.0,35.18154402428809,-97.43754661859276,0.7339815461345598,-69.96340027339433,179.54671111890923,-89.5678771948937
3312,3,3312,163860000000.0,35.181544034171125,-97.43754670754008,0.7463847554545942,-70.5,179.55474191893313,-89.56678472383032
3313,3,3313,163870000000.0,35.18154404405416,-97.4375467964874,0.7587879647746285,-71.84111714393052,179.56277271895704,-89.56569225355238
3314,3,3314,163880000000.0,35.181544053937195,-97.43754688543471,0.7711911740946629,-73.19242994262864,179.57080351898094,-89.56459978248901
3315,3,3315,163890000000.0,35.181544063820226,-97.43754697438203,0.7835943834146972,-73.7,179.57883431900484,-89.56350731221107
3316,3,3316,163900000000.0,35.181544073703265,-97.43754706332936,0.7959975927347316,-74.53001019047741,179.5868651203118,-89.5624148411477
3317,3,3317,163910000000.0,35.1815440835863,-97.43754715227668,0.8084008020547659,-75.5815299151095,179.59489592033572,-89.56132237008433
3318,3,3318,163920000000.0,35.181544093469334,-97.437547241224,0.8208040113748004,-77.14755340035339,179.60292672035962,-89.56022989980639
3319,3,3319,163930000000.0,35.18154410332554,-97.4375473399065,0.8339550569260322,-79.5959410118978,179.611836482851,-89.55914039454157
3320,3,3320,163940000000.0,35.1815441131295,-97.43754745755392,0.8485629448178456,-81.3,179.62245853320107,-89.55805666535795
3321,3,3321,163950000000.0,35.181544122933445,-97.43754757520134,0.863170832709659,-81.3,179.63308058355116,-89.55697293695977
3322,3,3322,163960000000.0,35.1815441327374,-97.43754769284877,0.8777787206014724,-81.9522673752042,179.6437026351843,-89.55588920777615
3323,3,3323,163970000000.0,35.18154414254135,-97.43754781049618,0.8923866084932858,-82.97544318501127,179.65432468553436,-89.55480547937796
3324,3,3324,163980000000.0,35.1815441523453,-97.4375479281436,0.9069944963850992,-84.03500381686199,179.66494673588443,-89.55372175019434
3325,3,3325,163990000000.0,35.18154416214925,-97.43754804579102,0.9216023842769125,-85.58212695260546,179.67556878623452,-89.55263802179616
3326,3,3326,164000000000.0,35.181544171953206,-97.43754816343844,0.936210272168726,-86.98923819477147,179.6861908365846,-89.55155429261254
3327,3,3327,164010000000.0,35.181544181757154,-97.43754828108585,0.9508181600605394,-88.15764325613442,179.69681288693465,-89.55047056421435
3328,3,3328,164020000000.0,35.18154419156111,-97.43754839873328,0.9654260479523528,-89.30518859875124,179.70743493856781,-89.54938683503073
3329,3,3329,164030000000.0,35.18154420136506,-97.4375485163807,0.9800339358441662,-90.5432560853804,179.71805698891785,-89.54830310663255
3330,3,3330,164040000000.0,35.18154421116901,-97.43754863402812,0.9946418237359795,-91.86166160172613,179.72867903926794,-89.54721937744893
3331,3,3331,164050000000.0,35.18154422097296,-97.43754875167554,1.009249711627793,-93.17439899928613,179.739301089618,-89.54613564905074
3332,3,3332,164060000000.0,35.181544230776915,-97.43754886932295,1.0238575995196064,-94.71011487785714,179.7499231399681,-89.54505191986712
3333,3,3333,164070000000.0,35.18154424058086,-97.43754898697037,1.0384654874114196,-95.96750326454499,179.76054519031814,-89.54396819146893
3334,3,3334,164080000000.0,35.18154425038482,-97.43754910461779,1.053073375303233,-97.02539136591652,179.77116724066823,-89.54288446228531
3335,3,3335,164090000000.0,35.181544260188765,-97.43754922226522,1.0676812631950465,-98.5476218673669,179.78178929230137,-89.54180073388713
3336,3,3336,164100000000.0,35.18154426999272,-97.43754933991264,1.08228915108686,-101.25666413479304,179.79241134265143,-89.54071700470351
3337,3,3337,164110000000.0,35.18154427979667,-97.43754945756005,1.0968970389786734,-103.8,179.8030333930015,-89.53963327630532
3338,3,3338,164120000000.0,35.18154428960062,-97.43754957520747,1.1115049268704866,-103.8,179.8136554433516,-89.5385495471217
3339,3,3339,164130000000.0,35.18154429940457,-97.43754969285489,1.1261128147623,-103.96790103428829,179.82427749370166,-89.53746581872352
3340,3,3340,164140000000.0,35.18154430978601,-97.43754984189724,1.1358563448594425,-105.32130565138304,179.8377341031593,-89.53631825418185
3341,3,3341,164150000000.0,35.1815443202048,-97.43754999296961,1.1452853439493098,-106.80074557104712,179.85137399739708,-89.5351665613994
3342,3,3342,164160000000.0,35.18154433062358,-97.43755014404196,1.1547143430391769,-108.13554510024407,179.86501389035183,-89.53401486940237
3343,3,3343,164170000000.0,35.18154434104237,-97.43755029511432,1.1641433421290441,-109.39961982650141,179.87865378330653,-89.53286317661991
3344,3,3344,164180000000.0,35.18154435146115,-97.43755044618669,1.1735723412189112,-110.3715672555098,179.89229367754433,-89.53171148462289
3345,3,3345,164190000000.0,35.181544361879936,-97.43755059725905,1.1830013403087785,-111.89072901168872,179.90593357049903,-89.53055979184043
3346,3,3346,164200000000.0,35.18154437229872,-97.4375507483314,1.1924303393986455,-113.43572313055579,179.91957346345376,-89.52940809984341
3347,3,3347,164210000000.0,35.1815443827175,-97.43755089940377,1.2018593384885128,-114.59621840551719,179.93321335769156,-89.52825640784638
3348,3,3348,164220000000.0,35.181544393136285,-97.43755105047613,1.2112883375783798,-115.54103832402174,179.94685325064626,-89.52710471506393
3349,3,3349,164230000000.0,35.181544403555066,-97.43755120154849,1.220717336668247,-116.82399234317687,179.96049314360098,-89.5259530230669
3350,3,3350,164240000000.0,35.18154441397385,-97.43755135262086,1.2301463357581142,-118.05192920930556,179.97413303783875,-89.52480133028445
3351,3,3351,164250000000.0,35.181544424392634,-97.43755150369321,1.2395753348479814,-119.34990462400441,179.98777293079348,-89.52364963828742
3352,3,3352,164260000000.0,35.18154443481142,-97.43755165476557,1.2490043339378485,-120.99172312290419,180.0014128237482,-89.52249794550497
3353,3,3353,164270000000.0,35.1815444452302,-97.43755180583794,1.2584333330277158,-127.3,180.015052717986,-89.52134625350794
3354,3,3354,164280000000.0,35.18154445564899,-97.4375519569103,1.2678623321175828,-127.3,180.0286926109407,-89.52019456072549
3355,3,3355,164290000000.0,35.18154446606777,-97.43755210798265,1.27729133120745,-127.3,180.04233250389544,-89.51904286872846
3356,3,3356,164300000000.0,35.18154447648655,-97.43755225905502,1.2867203302973171,-127.3,180.0559723981332,-89.51789117673144
3357,3,3357,164310000000.0,35.18154448690534,-97.43755241012738,1.2961493293871844,-127.3,180.06961229108794,-89.51673948394898
3358,3,3358,164320000000.0,35.18154449732412,-97.43755256119974,1.3055783284770515,-128.67766851379434,180.08325218404266,-89.51558779195196
3359,3,3359,164330000000.0,35.18154451913507,-97.43755273011848,1.3179119669314707,-129.9238574465085,180.09850337667436,-89.51317680900615
3360,3,3360,164340000000.0,35.18154454488306,-97.4375529052048,1.3312494235129,-131.48572810152734,180.11431142144264,-89.51033062653934
3361,3,3361,164350000000.0,35.18154457063105,-97.4375530802911,1.344586880094329,-133.3959966135806,180.13011946492787,-89.50748444407253
3362,3,3362,164360000000.0,35.18154459637903,-97.4375532553774,1.3579243366757583,-134.5,180.1459275084131,-89.50463826239115
3363,3,3363,164370000000.0,35.181544622127014,-97.4375534304637,1.3712617932571876,-136.1696769878144,180.16173555189835,-89.50179207992434
3364,3,3364,164380000000.0,35.181544647875,-97.43755360555,1.3845992498386168,-138.09148143893654,180.17754359538358,-89.49894589745753
3365,3,3365,164390000000.0,35.18154467362299,-97.4375537806363,1.397936706420046,-139.75630657638652,180.1933516401519,-89.49609971499072
3366,3,3366,164400000000.0,35.181544699370974,-97.4375539557226,1.4112741630014751,-140.4,180.20915968363713,-89.49325353252391
3367,3,3367,164410000000.0,35.181544725118954,-97.4375541308089,1.4246116195829044,-141.64540280945548,180.22496772712236,-89.49040735084253
3368,3,3368,164420000000.0,35.18154475086694,-97.4375543058952,1.4379490761643337,-143.54724684598847,180.2407757706076,-89.48756116837572
3369,3,3369,164430000000.0,35.18154477661493,-97.43755448098152,1.451286532745763,-145.39455387313723,180.25658381537588,-89.48471498590891
3370,3,3370,164440000000.0,35.181544802362914,-97.43755465606782,1.4646239893271922,-146.3,180.2723918588611,-89.4818688034421
3371,3,3371,164450000000.0,35.1815448281109,-97.43755483115412,1.4779614459086214,-148.50518746467793,180.28819990234635,-89.47902262097529
3372,3,3372,164460000000.0,35.18154485385889,-97.43755500624042,1.4912989024900507,-150.340076495084,180.3040079458316,-89.47617643850847
3373,3,3373,164470000000.0,35.18154487960687,-97.43755518132673,1.5046363590714797,-151.46972033797343,180.3198159905999,-89.4733302568271
3374,3,3374,164480000000.0,35.181544905354855,-97.43755535641303,1.517973815652909,-152.1,180.33562403408513,-89.47048407436029
3375,3,3375,164490000000.0,35.18154493110284,-97.43755553149933,1.5313112722343383,-153.50308252397622,180.35143207757037,-89.46763789189347
3376,3,3376,164500000000.0,35.18154495685083,-97.43755570658563,1.5446487288157675,-154.8,180.3672401210556,-89.46479170942666
3377,3,3377,164510000000.0,35.181544982598815,-97.43755588167193,1.5579861853971968,-156.68810467876747,180.3830481645408,-89.46194552695985
3378,3,3378,164520000000.0,35.181545009674245,-97.43755606288258,1.5709986873323567,-158.14570791266013,180.39940915838446,-89.45895260893892
3379,3,3379,164530000000.0,35.1815450395171,-97.43755625686111,1.5833337324035421,-159.4150281526896,180.41692292817177,-89.45565378010699
3380,3,3380,164540000000.0,35.18154506935995,-97.43755645083965,1.5956687774747274,-160.4155020803713,180.43443669795906,-89.45235495127505
3381,3,3381,164550000000.0,35.18154509920279,-97.43755664481817,1.6080038225459128,-161.36154460781907,180.4519504664633,-89.44905612322856
3382,3,3382,164560000000.0,35.181545129045645,-97.43755683879671,1.620338867617098,-162.59674845816141,180.4694642362506,-89.44575729439663
3383,3,3383,164570000000.0,35.1815451588885,-97.43755703277525,1.6326739126882834,-163.65992013447544,180.48697800603787,-89.4424584655647
3384,3,3384,164580000000.0,35.18154518873135,-97.43755722675377,1.6450089577594686,-165.0040447136373,180.50449177454212,-89.43915963673277
3385,3,3385,164590000000.0,35.1815452185742,-97.4375574207323,1.657344002830654,-167.4,180.5220055443294,-89.43586080790084
3386,3,3386,164600000000.0,35.18154524841705,-97.43755761471083,1.6696790479018393,-167.4,180.53951931283362,-89.43256197906891
3387,3,3387,164610000000.0,35.181545278259904,-97.43755780868936,1.6820140929730247,-167.9077310176752,180.55703308262093,-89.42926315023698
3388,3,3388,164620000000.0,35.181545308102756,-97.4375580026679,1.69434913804421,-168.7376020887974,180.57454685240822,-89.42596432140505
3389,3,3389,164630000000.0,35.18154533794561,-97.43755819664642,1.7066841831153954,-169.48242759370177,180.59206062091243,-89.42266549257312
3390,3,3390,164640000000.0,35.18154536778845,-97.43755839062496,1.7190192281865806,-170.44508485999094,180.60957439069975,-89.41936666452662
3391,3,3391,164650000000.0,35.181545397631304,-97.4375585846035,1.731354273257766,-171.54495991973943,180.62708816048703,-89.41606783569469
3392,3,3392,164660000000.0,35.181545427474155,-97.43755877858202,1.7436893183289512,-172.48341990946702,180.64460192899125,-89.41276900686276
3393,3,3393,164670000000.0,35.18154545731701,-97.43755897256055,1.7560243634001367,-173.27698214939747,180.66211569877854,-89.40947017803083
3394,3,3394,164680000000.0,35.18154548715986,-97.43755916653909,1.768359408471322,-174.02058588225276,180.67962946856582,-89.4061713491989
3395,3,3395,164690000000.0,35.18154551700271,-97.43755936051761,1.7806944535425073,-175.09731251919052,180.69714323707007,-89.40287252036697
3396,3,3396,164700000000.0,35.18154554684556,-97.43755955449615,1.7930294986136925,-176.27216248640372,180.71465700685735,-89.39957369153504
3397,3,3397,164710000000.0,35.181545576688414,-97.43755974847467,1.805364543684878,-177.35666817805887,180.7321707753616,-89.39627486270311
3398,3,3398,164720000000.0,35.18154561053117,-97.43755995660501,1.817738103397903,-178.37303154599186,180.75096227165827,-89.39253388483067
3399,3,3399,164730000000.0,35.181545658650506,-97.43756021524645,1.8302491307708098,-179.3853911919086,180.77431427050337,-89.38721477302863
3400,3,3400,164740000000.0,35.18154570676984,-97.43756047388788,1.8427601581437167,-180.6915998163389,180.7976662693485,-89.38189566201203
3401,3,3401,164750000000.0,35.18154575488918,-97.4375607325293,1.8552711855166235,-183.60341782822778,180.82101826691056,-89.37657655020999
3402,3,3402,164760000000.0,35.18154580300851,-97.43756099117074,1.8677822128895305,-185.5,180.84437026575566,-89.37125743919339
3403,3,3403,164770000000.0,35.18154585112785,-97.43756124981218,1.8802932402624373,-185.5,180.8677222646008,-89.36593832739135
3404,3,3404,164780000000.0,35.18154589924718,-97.43756150845361,1.8928042676353443,-185.82879813361876,180.89107426344592,-89.36061921637474
3405,3,3405,164790000000.0,35.18154594736652,-97.43756176709503,1.905315295008251,-187.18022896314142,180.91442626100797,-89.3553001045727
3406,3,3406,164800000000.0,35.181545995485855,-97.43756202573647,1.917826322381158,-188.85561544328428,180.9377782598531,-89.3499809935561
3407,3,3407,164810000000.0,35.181546043605195,-97.4375622843779,1.9303373497540648,-190.26591908125178,180.9611302586982,-89.34466188175406
3408,3,3408,164820000000.0,35.18154609172453,-97.43756254301933,1.9428483771269718,-191.4567261906769,180.98448225626026,-89.33934277073746
3409,3,3409,164830000000.0,35.18154613984387,-97.43756280166076,1.9553594044998786,-192.64708161232812,181.00783425510537,-89.33402365893542
3410,3,3410,164840000000.0,35.1815461879632,-97.4375630603022,1.9678704318727855,-194.2821088037967,181.03118625395052,-89.32870454791882
3411,3,3411,164850000000.0,35.18154623608254,-97.43756331894363,1.9803814592456923,-195.83157580690556,181.05453825279565,-89.32338543611678
3412,3,3412,164860000000.0,35.18154628420187,-97.43756357758505,1.9928924866185993,-196.75605912308532,181.07789025035768,-89.31806632510018
3413,3,3413,164870000000.0,35.18154633232121,-97.43756383622649,2.005403513991506,-198.80754021357498,181.1012422492028,-89.31274721329814
3414,3,3414,164880000000.0,35.181546380440544,-97.43756409486792,2.017914541364413,-199.9387396673414,181.1245942480479,-89.30742810228153
3415,3,3415,164890000000.0,35.181546427024564,-97.43756432038212,2.0295595976428533,-201.63679315060375,181.14495528306236,-89.30227870468897
3416,3,3416,164900000000.0,35.1815464725571,-97.43756452320889,2.040611586866593,-203.70506409829932,181.1632679345592,-89.29724553796717
3417,3,3417,164910000000.0,35.18154651808964,-97.43756472603566,2.051663576090332,-206.45127182318987,181.18158058605607,-89.29221237124537
3418,3,3418,164920000000.0,35.181546563622184,-97.43756492886243,2.0627155653140714,-210.0,181.19989323755294,-89.28717920373813
3419,3,3419,164930000000.0,35.18154660915472,-97.4375651316892,2.0737675545378105,-210.0,181.21820588904978,-89.28214603701633
3420,3,3420,164940000000.0,35.18154665468726,-97.43756533451597,2.08481954376155,-210.3070238332777,181.23651854054665,-89.27711287029453
3421,3,3421,164950000000.0,35.1815467002198,-97.43756553734273,2.095871532985289,-212.12202766398525,181.25483119204353,-89.27207970357273
3422,3,3422,164960000000.0,35.18154674575234,-97.4375657401695,2.106923522209028,-213.72166466600922,181.2731438435404,-89.2670465360655
3423,3,3423,164970000000.0,35.18154679128488,-97.43756594299627,2.1179755114327676,-215.42805314019088,181.29145649503727,-89.26201336934369
3424,3,3424,164980000000.0,35.18154683681742,-97.43756614582304,2.1290275006565067,-216.3573373961641,181.30976914653414,-89.25698020262189
3425,3,3425,164990000000.0,35.18154688234996,-97.43756634864981,2.140079489880246,-218.307339296226,181.32808179803098,-89.25194703511465
3426,3,3426,165000000000.0,35.1815469278825,-97.43756655147658,2.1511314791039853,-220.5164643430986,181.34639444952785,-89.24691386839285
3427,3,3427,165010000000.0,35.18154697341504,-97.43756675430335,2.162183468327725,-222.26336794496368,181.3647071010247,-89.24188070167105
3428,3,3428,165020000000.0,35.181547018947576,-97.43756695713012,2.173235457551464,-223.88963404280733,181.38301975252156,-89.23684753494925
3429,3,3429,165030000000.0,35.18154706448012,-97.43756715995688,2.1842874467752034,-225.1158580993325,181.40133240401843,-89.23181436744201
3430,3,3430,165040000000.0,35.18154711001266,-97.43756736278365,2.1953394359989424,-226.47951642422166,181.4196450555153,-89.22678120072021
3431,3,3431,165050000000.0,35.181547155545196,-97.43756756561042,2.206391425222682,-228.40023568925844,181.43795770701217,-89.22174803399841
3432,3,3432,165060000000.0,35.18154720107774,-97.43756776843719,2.217443414446421,-229.89535764037214,181.45627035850904,-89.21671486649117
3433,3,3433,165070000000.0,35.18154724661028,-97.43756797126396,2.2284954036701605,-231.3826811056949,181.4745830100059,-89.21168169976937
3434,3,3434,165080000000.0,35.18154729214282,-97.43756817409073,2.2395473928938996,-232.38769122471106,181.49289566150276,-89.20664853304757
3435,3,3435,165090000000.0,35.181547337675354,-97.4375683769175,2.250599382117639,-236.1216086204287,181.51120831299963,-89.20161536632577
3436,3,3436,165100000000.0,35.1815473832079,-97.43756857974427,2.261651371341378,-236.6,181.52952096449647,-89.19658219881853
3437,3,3437,165110000000.0,35.18154742874044,-97.43756878257103,2.2727033605651177,-236.95392156832926,181.54783361599334,-89.19154903209673
3438,3,3438,165120000000.0,35.181547474272975,-97.4375689853978,2.2837553497888567,-238.19390030885427,181.56614626749018,-89.18651586537493
3439,3,3439,165130000000.0,35.181547532578286,-97.43756921293807,2.2953862768671476,-239.23544182004918,181.58669023059474,-89.18007079631892
3440,3,3440,165140000000.0,35.18154760747521,-97.43756947258072,2.3077692342029663,-240.39017242935603,181.61013262598098,-89.17179169031584
3441,3,3441,165150000000.0,35.18154768237213,-97.43756973222338,2.320152191538785,-242.07972878164134,181.63357502265026,-89.1635125850982
3442,3,3442,165160000000.0,35.181547757269044,-97.43756999186603,2.332535148874604,-243.302937558503,181.6570174180365,-89.15523347988056
3443,3,3443,165170000000.0,35.18154783216597,-97.43757025150867,2.3449181062104225,-244.51360341739013,181.68045981342274,-89.14695437387749
3444,3,3444,165180000000.0,35.181547907062885,-97.43757051115134,2.3573010635462412,-245.32201828119977,181.70390221009205,-89.13867526865985
3445,3,3445,165190000000.0,35.1815479819598,-97.43757077079398,2.36968402088206,-246.51044460799204,181.7273446054783,-89.13039616344221
3446,3,3446,165200000000.0,35.18154805685672,-97.43757103043664,2.3820669782178787,-247.93584655839229,181.75078700214758,-89.12211705822457
3447,3,3447,165210000000.0,35.181548131753644,-97.43757129007929,2.3944499355536975,-248.98716065342333,181.77422939753382,-89.1138379522215
3448,3,3448,165220000000.0,35.18154820665056,-97.43757154972195,2.406832892889516,-249.98538649337235,181.79767179420313,-89.10555884700386
3449,3,3449,165230000000.0,35.18154828154748,-97.4375718093646,2.419215850225335,-250.81175193831527,181.82111418958937,-89.09727974178622
3450,3,3450,165240000000.0,35.1815483564444,-97.43757206900726,2.4315988075611537,-251.73430591891415,181.84455658625865,-89.08900063578315
3451,3,3451,165250000000.0,35.18154843134132,-97.4375723286499,2.4439817648969724,-253.45601326877002,181.8679989816449,-89.08072153056551
3452,3,3452,165260000000.0,35.18154850623824,-97.43757258829255,2.4563647222327907,-255.7,181.89144137703113,-89.07244242534787
3453,3,3453,165270000000.0,35.181548581135154,-97.43757284793521,2.4687476795686094,-255.7,181.9148837737004,-89.06416332013023
3454,3,3454,165280000000.0,35.18154865603208,-97.43757310757786,2.481130636904428,-255.7,181.93832616908668,-89.05588421412716
3455,3,3455,165290000000.0,35.181548730928995,-97.43757336722052,2.493513594240247,-256.58347449912384,181.96176856575596,-89.04760510890952
3456,3,3456,165300000000.0,35.18154880582591,-97.43757362686317,2.5058965515760656,-257.8870727746045,181.98521096114217,-89.03932600369188
3457,3,3457,165310000000.0,35.181548880722836,-97.43757388650583,2.5182795089118843,-258.8260651183398,182.00865335781148,-89.03104689768881
3458,3,3458,165320000000.0,35.18154895561975,-97.43757414614848,2.530662466247703,-259.6118039868733,182.03209575319772,-89.02276779247117
3459,3,3459,165330000000.0,35.181549043987395,-97.43757441729973,2.5428386139728563,-260.35682456732184,182.05657722766026,-89.01299963331425
3460,3,3460,165340000000.0,35.18154915194545,-97.43757470518786,2.5547139995373223,-261.2309302789169,182.08256982707653,-89.00106595031389
3461,3,3461,165350000000.0,35.1815492599035,-97.437574993076,2.5665893851017887,-262.333116843023,182.10856242777587,-88.98913226731352
3462,3,3462,165360000000.0,35.18154936786155,-97.43757528096414,2.578464770666255,-262.9938794732254,182.1345550284752,-88.97719858431316
3463,3,3463,165370000000.0,35.1815494758196,-97.43757556885227,2.5903401562307216,-264.0789598658795,182.1605476278915,-88.96526490131279
3464,3,3464,165380000000.0,35.18154958377765,-97.43757585674041,2.602215541795188,-265.30908211714404,182.18654022859084,-88.95333121831243
3465,3,3465,165390000000.0,35.181549691735704,-97.43757614462854,2.6140909273596544,-265.9,182.21253282800714,-88.94139753531206
3466,3,3466,165400000000.0,35.181549799693755,-97.43757643251668,2.625966312924121,-266.7785753871694,182.23852542870645,-88.9294638523117
3467,3,3467,165410000000.0,35.1815499076518,-97.4375767204048,2.6378416984885873,-267.81655997066025,182.26451802812275,-88.91753017009677
3468,3,3468,165420000000.0,35.18155001560985,-97.43757700829295,2.6497170840530537,-270.28090725255623,182.29051062882212,-88.9055964870964
3469,3,3469,165430000000.0,35.1815501235679,-97.43757729618108,2.66159246961752,-270.6,182.3165032282384,-88.89366280409604
3470,3,3470,165440000000.0,35.181550231525954,-97.43757758406922,2.6734678551819866,-270.6,182.34249582893773,-88.88172912109567
3471,3,3471,165450000000.0,35.181550339484005,-97.43757787195734,2.6853432407464526,-271.6150275485351,182.368488428354,-88.86979543809531
3472,3,3472,165460000000.0,35.181550447442056,-97.43757815984549,2.697218626310919,-272.54600436851564,182.39448102905337,-88.85786175509494
3473,3,3473,165470000000.0,35.18155055540011,-97.43757844773363,2.7090940118753855,-273.5488796145879,182.4204736297527,-88.84592807209458
3474,3,3474,165480000000.0,35.18155066335816,-97.43757873562176,2.720969397439852,-274.44426604620924,182.446466229169,-88.83399438909422
3475,3,3475,165490000000.0,35.18155077131621,-97.4375790235099,2.7328447830043183,-276.31608020767345,182.47245882986832,-88.82206070609385
3476,3,3476,165500000000.0,35.18155087927426,-97.43757931139803,2.7447201685687848,-277.0,182.49845142928461,-88.81012702309349
3477,3,3477,165510000000.0,35.18155098723231,-97.43757959928617,2.756595554133251,-278.10751299505574,182.52444402998395,-88.79819334009312
3478,3,3478,165520000000.0,35.18155109519036,-97.4375798871743,2.7684709396977176,-279.3221864758719,182.55043662940025,-88.78625965787819
3479,3,3479,165530000000.0,35.181551227936176,-97.43758017008747,2.7805616392341834,-280.2116450135398,182.57598005472406,-88.77158593516825
3480,3,3480,165540000000.0,35.1815513618378,-97.43758045276869,2.7926623785035565,-281.43101250484324,182.60150253669843,-88.75678444984644
3481,3,3481,165550000000.0,35.18155149573942,-97.43758073544988,2.8047631177729295,-283.0026372675736,182.62702501738974,-88.74198296452462
3482,3,3482,165560000000.0,35.18155162964104,-97.43758101813108,2.8168638570423026,-284.1174310172595,182.65254749808108,-88.72718147920281
3483,3,3483,165570000000.0,35.181551763542664,-97.4375813008123,2.828964596311676,-285.4833132137112,182.67806998005543,-88.712379993881
3484,3,3484,165580000000.0,35.18155189744429,-97.4375815834935,2.841065335581049,-289.06331367932825,182.70359246074676,-88.69757850855919
3485,3,3485,165590000000.0,35.18155203134591,-97.4375818661747,2.853166074850422,-290.6,182.72911494143807,-88.68277702323738
3486,3,3486,165600000000.0,35.18155216524753,-97.43758214885591,2.8652668141197952,-290.6,182.75463742341245,-88.66797553791557
3487,3,3487,165610000000.0,35.18155229914916,-97.43758243153711,2.8773675533891683,-290.6,182.78015990410375,-88.65317405180832
3488,3,3488,165620000000.0,35.18155243305078,-97.43758271421832,2.8894682926585413,-291.7481474296219,182.80568238607813,-88.63837256648651
3489,3,3489,165630000000.0,35.181552566952405,-97.43758299689952,2.901569031927915,-293.5322537798863,182.83120486676947,-88.6235710811647
3490,3,3490,165640000000.0,35.18155270085403,-97.43758327958072,2.913669771197288,-294.3,182.85672734746078,-88.60876959584289
3491,3,3491,165650000000.0,35.18155283475565,-97.43758356226193,2.925770510466661,-295.5589043003565,182.88224982943515,-88.59396811052108
3492,3,3492,165660000000.0,35.18155296865727,-97.43758384494313,2.937871249736034,-296.5735256228163,182.90777231012646,-88.57916662519926
3493,3,3493,165670000000.0,35.181553102558894,-97.43758412762433,2.949971989005407,-297.8968612028447,182.93329479081777,-88.56436513987745
3494,3,3494,165680000000.0,35.18155323646052,-97.43758441030555,2.96207272827478,-299.2169887876946,182.95881727279215,-88.5495636537702
3495,3,3495,165690000000.0,35.181553370362145,-97.43758469298675,2.974173467544153,-300.1,182.98433975348345,-88.5347621684484
3496,3,3496,165700000000.0,35.18155350426377,-97.43758497566795,2.9862742068135266,-300.9758266105936,183.0098622341748,-88.51996068312658
3497,3,3497,165710000000.0,35.18155363816539,-97.43758525834916,2.9983749460828997,-302.2365204604027,183.03538471614917,-88.50515919780477
3498,3,3498,165720000000.0,35.18155377206701,-97.43758554103036,3.0104756853522727,-303.2334946437562,183.0609071968405,-88.49035771248296
3499,3,3499,165730000000.0,35.181553923861344,-97.43758582062802,3.020083320283431,-304.63220985100634,183.08615127327548,-88.47357836704902
3500,3,3500,165740000000.0,35.18155408037213,-97.43758609941285,3.0290337809509253,-306.76372053896364,183.11132196266414,-88.45627766470344
3501,3,3501,165750000000.0,35.18155423688292,-97.4375863781977,3.0379842416184193,-307.3,183.13649265205282,-88.43897696235786
3502,3,3502,165760000000.0,35.181554393393704,-97.43758665698253,3.0469347022859132,-307.3,183.16166334144145,-88.42167626001228
3503,3,3503,165770000000.0,35.18155454990449,-97.43758693576737,3.0558851629534076,-308.153021924152,183.1868340308301,-88.4043755576667
3504,3,3504,165780000000.0,35.18155470641528,-97.43758721455221,3.0648356236209016,-309.36970756561345,183.2120047202188,-88.38707485532112
3505,3,3505,165790000000.0,35.18155486292606,-97.43758749333705,3.0737860842883955,-309.9,183.23717540960743,-88.36977415297554
3506,3,3506,165800000000.0,35.18155501943685,-97.43758777212189,3.0827365449558894,-310.6172378465642,183.26234609899612,-88.35247345062996
3507,3,3507,165810000000.0,35.18155517594764,-97.43758805090674,3.091687005623384,-311.41437691723945,183.28751678966785,-88.33517274749894
3508,3,3508,165820000000.0,35.18155533245843,-97.43758832969158,3.1006374662908778,-312.1802390551352,183.31268747905648,-88.31787204515336
3509,3,3509,165830000000.0,35.18155548896922,-97.43758860847642,3.1095879269583717,-313.1971576496658,183.33785816844517,-88.30057134280779
3510,3,3510,165840000000.0,35.18155564548,-97.43758888726126,3.118538387625866,-313.7,183.36302885783383,-88.2832706404622
3511,3,3511,165850000000.0,35.18155580199079,-97.4375891660461,3.12748884829336,-314.3774564068032,183.38819954722246,-88.26596993811663
3512,3,3512,165860000000.0,35.181555958501576,-97.43758944483093,3.136439308960854,-315.3115771842403,183.41337023661114,-88.24866923577105
3513,3,3513,165870000000.0,35.18155611501236,-97.43758972361577,3.145389769628348,-315.99551751087154,183.4385409259998,-88.23136853342547
3514,3,3514,165880000000.0,35.18155627152315,-97.43759000240061,3.1543402302958423,-316.523512242177,183.46371161538846,-88.21406783107989
3515,3,3515,165890000000.0,35.181556428033936,-97.43759028118545,3.1632906909633363,-317.17391341417283,183.48888230477712,-88.19676712873431
3516,3,3516,165900000000.0,35.18155658454473,-97.43759055997029,3.17224115163083,-317.98354415028825,183.51405299416578,-88.1794664256033
3517,3,3517,165910000000.0,35.181556741055516,-97.43759083875513,3.181191612298324,-319.7719285729204,183.53922368355444,-88.16216572325771
3518,3,3518,165920000000.0,35.1815568975663,-97.43759111753997,3.1901420729658185,-320.4,183.5643943729431,-88.14486502091214
3519,3,3519,165930000000.0,35.18155706479652,-97.43759139807041,3.19787384541835,-320.4,183.58972266799682,-88.12637939250322
3520,3,3520,165940000000.0,35.181557252331665,-97.43759168190738,3.203297159018965,-320.4,183.61534949976385,-88.10564925779929
3521,3,3521,165950000000.0,35.18155743986681,-97.43759196574436,3.2087204726195804,-320.68976320325703,183.64097633281395,-88.08491912309535
3522,3,3522,165960000000.0,35.18155762740195,-97.43759224958133,3.2141437862201956,-321.2209650519307,183.666603164581,-88.06418898839141
3523,3,3523,165970000000.0,35.181557814937094,-97.43759253341831,3.219567099820811,-321.64872742774213,183.6922299976311,-88.04345885368747
3524,3,3524,165980000000.0,35.18155800247224,-97.43759281725528,3.224990413421426,-322.0952529340486,183.71785682939816,-88.02272871898353
3525,3,3525,165990000000.0,35.18155819000738,-97.43759310109225,3.230413727022041,-322.4896284116068,183.7434836611652,-88.00199858427959
3526,3,3526,166000000000.0,35.18155837754252,-97.43759338492923,3.2358370406226564,-322.9426655001127,183.76911049421528,-87.98126844957565
3527,3,3527,166010000000.0,35.181558565077665,-97.4375936687662,3.2412603542232716,-323.4793305311747,183.79473732598234,-87.96053831487171
3528,3,3528,166020000000.0,35.18155875261281,-97.43759395260318,3.246683667823887,-323.8143504739743,183.82036415903244,-87.93980818016777
3529,3,3529,166030000000.0,35.18155894014795,-97.43759423644015,3.252106981424502,-324.10927766812654,183.8459909907995,-87.91907804546383
3530,3,3530,166040000000.0,35.181559127683094,-97.43759452027712,3.2575302950251173,-324.3929019839627,183.87161782256652,-87.8983479107599
3531,3,3531,166050000000.0,35.18155931521824,-97.4375948041141,3.2629536086257325,-324.6234079221371,183.89724465561662,-87.87761777605596
3532,3,3532,166060000000.0,35.18155950275338,-97.43759508795107,3.2683769222263477,-324.8176040158783,183.92287148738367,-87.85688764135202
3533,3,3533,166070000000.0,35.18155969028853,-97.43759537178805,3.2738002358269633,-324.9463629647478,183.94849832043377,-87.83615750586264
3534,3,3534,166080000000.0,35.18155987782367,-97.43759565562502,3.2792235494275785,-325.0,183.9741251522008,-87.8154273711587
3535,3,3535,166090000000.0,35.181560065358816,-97.43759593946199,3.2846468630281938,-325.0,183.99975198396785,-87.79469723645477
3536,3,3536,166100000000.0,35.18156025289396,-97.43759622329897,3.290070176628809,-325.0,184.02537881701795,-87.77396710175083
3537,3,3537,166110000000.0,35.1815604404291,-97.43759650713594,3.295493490229424,-325.0,184.051005648785,-87.75323696704689
3538,3,3538,166120000000.0,35.181560627964245,-97.43759679097292,3.3009168038300394,-325.0,184.0766324818351,-87.73250683234295
3539,3,3539,166130000000.0,35.18156086045836,-97.43759708435641,3.3129689025175195,-325.0,184.10312124219675,-87.70680693271572
3540,3,3540,166140000000.0,35.18156112099292,-97.437597383694,3.329155304860827,-325.0,184.1301475806035,-87.67800744292785
3541,3,3541,166150000000.0,35.18156138152748,-97.43759768303157,3.3453417072041347,-325.0,184.15717391772725,-87.64920795235454
3542,3,3542,166160000000.0,35.181561642062036,-97.43759798236916,3.3615281095474425,-325.0,184.18420025613398,-87.62040846256667
3543,3,3543,166170000000.0,35.18156190259659,-97.43759828170673,3.3777145118907503,-325.0,184.21122659325772,-87.5916089727788
3544,3,3544,166180000000.0,35.181562163131154,-97.4375985810443,3.3939009142340577,-325.0,184.23825293038144,-87.5628094822055
3545,3,3545,166190000000.0,35.18156242366571,-97.43759888038188,3.4100873165773655,-325.0,184.2652792687882,-87.53400999241762
3546,3,3546,166200000000.0,35.181562684200266,-97.43759917971946,3.4262737189206733,-325.0,184.2923056059119,-87.50521050262975
3547,3,3547,166210000000.0,35.18156294473483,-97.43759947905704,3.4424601212639807,-325.0,184.31933194431866,-87.47641101205645
3548,3,3548,166220000000.0,35.181563205269384,-97.43759977839461,3.4586465236072885,-325.0,184.34635828144238,-87.44761152226857
3549,3,3549,166230000000.0,35.18156346580394,-97.43760007773218,3.4748329259505963,-325.04505477129817,184.3733846185661,-87.4188120324807
3550,3,3550,166240000000.0,35.1815637263385,-97.43760037706977,3.491019328293904,-325.1,184.40041095697285,-87.3900125419074
3551,3,3551,166250000000.0,35.18156398687306,-97.43760067640734,3.5072057306372115,-325.1,184.42743729409656,-87.36121305211952
3552,3,3552,166260000000.0,35.181564247407614,-97.43760097574493,3.5233921329805193,-325.1,184.45446363250335,-87.33241356233165
3553,3,3553,166270000000.0,35.18156450794218,-97.4376012750825,3.539578535323827,-325.1,184.48148996962703,-87.30361407175835
3554,3,3554,166280000000.0,35.18156476847673,-97.43760157442007,3.555764937667135,-325.14747171616176,184.50851630675075,-87.27481458197047
3555,3,3555,166290000000.0,35.18156502901129,-97.43760187375766,3.5719513400104423,-325.2,184.53554264515753,-87.2460150921826
3556,3,3556,166300000000.0,35.18156528954585,-97.43760217309523,3.58813774235375,-325.2730235204314,184.56256898228125,-87.2172156016093
3557,3,3557,166310000000.0,35.18156556283183,-97.43760247640115,3.595814159168211,-325.4667724898395,184.58995361067747,-87.1870065697162
3558,3,3558,166320000000.0,35.18156584550243,-97.43760278262764,3.597227512166938,-325.55419814782965,184.61760192794227,-87.15576016102347
3559,3,3559,166330000000.0,35.18156612817303,-97.43760308885412,3.598640865165665,-325.65050930809406,184.64525024520705,-87.12451375311616
3560,3,3560,166340000000.0,35.18156641084363,-97.4376033950806,3.6000542181643915,-325.7938445177389,184.67289856247183,-87.09326734520886
3561,3,3561,166350000000.0,35.181566693514235,-97.43760370130708,3.6014675711631186,-325.9881163475315,184.7005468797366,-87.06202093651612
3562,3,3562,166360000000.0,35.18156697618483,-97.43760400753357,3.6028809241618456,-326.18288820463016,184.7281951970014,-87.03077452860882
3563,3,3563,166370000000.0,35.18156725885543,-97.43760431376005,3.6042942771605726,-326.3256406149562,184.75584351426622,-86.99952812070151
3564,3,3564,166380000000.0,35.181567541526036,-97.43760461998653,3.6057076301592996,-326.5335260723152,184.783491831531,-86.96828171200877
3565,3,3565,166390000000.0,35.18156781753878,-97.43760491623961,3.607889930266997,-326.7256461872497,184.81023967843353,-86.93777126355769
3566,3,3566,166400000000.0,35.18156802243073,-97.43760510595438,3.6182862997454994,-326.9703484921396,184.82736848474661,-86.91512250695482
3567,3,3567,166410000000.0,35.18156822732268,-97.43760529566914,3.628682669224002,-327.1696889464985,184.8444972910597,-86.89247375113737
3568,3,3568,166420000000.0,35.18156843221463,-97.43760548538391,3.639079038702504,-327.36061974613546,184.86162609737278,-86.8698249945345
3569,3,3569,166430000000.0,35.18156863710659,-97.4376056750987,3.6494754081810066,-327.527525752977,184.87875490496893,-86.84717623793162
3570,3,3570,166440000000.0,35.18156884199854,-97.43760586481346,3.659871777659509,-327.7153310766297,184.895883711282,-86.82452748132874
3571,3,3571,166450000000.0,35.181569046890495,-97.43760605452823,3.670268147138011,-327.9136119681744,184.9130125175951,-86.80187872472587
3572,3,3572,166460000000.0,35.18156925178245,-97.437606244243,3.6806645166165137,-328.1,184.9301413239082,-86.77922996812299
3573,3,3573,166470000000.0,35.181569456674396,-97.43760643395778,3.6910608860950163,-328.1,184.94727013150435,-86.75658121230555
3574,3,3574,166480000000.0,35.18156966156635,-97.43760662367255,3.7014572555735183,-328.11257559358296,184.96439893781744,-86.73393245570267
3575,3,3575,166490000000.0,35.181569866458304,-97.43760681338732,3.711853625052021,-328.2,184.98152774413055,-86.7112836990998
3576,3,3576,166500000000.0,35.18157007135026,-97.43760700310209,3.7222499945305234,-328.2,184.99865655044363,-86.68863494249692
3577,3,3577,166510000000.0,35.18157027624221,-97.43760719281687,3.732646364009026,-328.2,185.01578535803978,-86.66598618589404
3578,3,3578,166520000000.0,35.181570481134166,-97.43760738253164,3.743042733487528,-328.2,185.03291416435283,-86.64333742929117
3579,3,3579,166530000000.0,35.181570769010705,-97.43760761429667,3.755079593414884,-328.2,185.05383956893843,-86.61151555671353
3580,3,3580,166540000000.0,35.181571065303125,-97.43760785032622,3.7672828236611537,-328.2,185.07515000500027,-86.5787633926142
3581,3,3581,166550000000.0,35.181571361595545,-97.43760808635578,3.7794860539074233,-328.2,185.09646044234518,-86.54601122851489
3582,3,3582,166560000000.0,35.18157165788797,-97.43760832238533,3.791689284153693,-328.23518702200033,185.117770878407,-86.51325906363013
3583,3,3583,166570000000.0,35.18157195418039,-97.4376085584149,3.8038925143999625,-328.3,185.1390813157519,-86.48050689953081
3584,3,3584,166580000000.0,35.18157225047281,-97.43760879444444,3.816095744646232,-328.3,185.16039175181373,-86.44775473543149
3585,3,3585,166590000000.0,35.18157254676523,-97.43760903047401,3.8282989748925016,-328.3,185.18170218915864,-86.41500257133217
3586,3,3586,166600000000.0,35.18157284305765,-97.43760926650356,3.8405022051387716,-328.3,185.20301262522045,-86.38225040723285
3587,3,3587,166610000000.0,35.18157313935008,-97.4376095025331,3.852705435385041,-328.33157282799874,185.2243230612823,-86.34949824234809
3588,3,3588,166620000000.0,35.1815734356425,-97.43760973856267,3.8649086656313107,-328.4,185.2456334986272,-86.31674607824877
3589,3,3589,166630000000.0,35.18157373193492,-97.43760997459222,3.8771118958775803,-328.4,185.266943934689,-86.28399391414945
3590,3,3590,166640000000.0,35.18157402822734,-97.43761021062178,3.88931512612385,-328.4,185.28825437203392,-86.25124175005013
3591,3,3591,166650000000.0,35.181574324519765,-97.43761044665133,3.9015183563701195,-328.4,185.30956480809576,-86.21848958516537
3592,3,3592,166660000000.0,35.181574620812185,-97.4376106826809,3.913721586616389,-328.4,185.33087524544064,-86.18573742106605
3593,3,3593,166670000000.0,35.181574917104605,-97.43761091871045,3.9259248168626586,-328.4,185.35218568150248,-86.15298525696673
3594,3,3594,166680000000.0,35.181575213397025,-97.43761115474,3.938128047108928,-328.4,185.37349611756431,-86.12023309286741
3595,3,3595,166690000000.0,35.181575509689445,-97.43761139076956,3.9503312773551977,-328.4,185.39480655490922,-86.08748092876809
3596,3,3596,166700000000.0,35.18157580598187,-97.43761162679911,3.9625345076014677,-328.4,185.41611699097103,-86.05472876388333
3597,3,3597,166710000000.0,35.18157610227429,-97.43761186282867,3.9747377378477373,-328.4,185.43742742831594,-86.02197659978401
3598,3,3598,166720000000.0,35.18157639856671,-97.43761209885822,3.986940968094007,-328.4,185.45873786437778,-85.98922443568469
3599,3,3599,166730000000.0,35.181576733738254,-97.4376123022656,3.992916269073471,-328.4,185.47710293775958,-85.95217457342358
3600,3,3600,166740000000.0,35.18157706909878,-97.43761250551441,3.9988612966232115,-328.4,185.49545369350145,-85.91510382097596
3601,3,3601,166750000000.0,35.18157740445931,-97.43761270876321,4.004806324172952,-328.4,185.5138044492433,-85.8780330677429
3602,3,3602,166760000000.0,35.181577739819836,-97.43761291201201,4.010751351722693,-328.4,185.5321552049852,-85.84096231529529
3603,3,3603,166770000000.0,35.18157807518037,-97.43761311526083,4.016696379272433,-328.4,185.55050596201013,-85.80389156206223
3604,3,3604,166780000000.0,35.181578410540894,-97.43761331850963,4.022641406822173,-328.4,185.568856717752,-85.76682080961461
3605,3,3605,166790000000.0,35.181578745901426,-97.43761352175844,4.028586434371913,-328.4,185.5872074734939,-85.72975005638156
3606,3,3606,166800000000.0,35.18157908126195,-97.43761372500724,4.034531461921654,-328.4,185.60555822923578,-85.69267930393394
3607,3,3607,166810000000.0,35.18157941662248,-97.43761392825604,4.040476489471394,-328.4,185.62390898497765,-85.65560855070089
3608,3,3608,166820000000.0,35.18157975198301,-97.43761413150486,4.046421517021135,-328.4,185.64225974200258,-85.61853779825327
3609,3,3609,166830000000.0,35.18158008734354,-97.43761433475366,4.052366544570875,-328.4,185.66061049774447,-85.58146704502022
3610,3,3610,166840000000.0,35.181580422704066,-97.43761453800246,4.0583115721206156,-328.4,185.6789612534863,-85.5443962925726
3611,3,3611,166850000000.0,35.1815807580646,-97.43761474125127,4.064256599670356,-328.36958581911193,185.6973120092282,-85.50732553933955
3612,3,3612,166860000000.0,35.18158109342513,-97.43761494450007,4.070201627220096,-328.2742261158803,185.7156627649701,-85.4702547861065
3613,3,3613,166870000000.0,35.181581428785655,-97.43761514774889,4.076146654769837,-328.21399006888294,185.734013521995,-85.43318403365888
3614,3,3614,166880000000.0,35.18158176414619,-97.43761535099769,4.082091682319577,-328.2,185.7523642777369,-85.39611328042582
3615,3,3615,166890000000.0,35.18158209950671,-97.43761555424649,4.088036709869318,-328.0407739009656,185.77071503347878,-85.3590425279782
3616,3,3616,166900000000.0,35.181582434867245,-97.4376157574953,4.093981737419058,-327.8912602362925,185.78906578922064,-85.32197177474515
3617,3,3617,166910000000.0,35.18158277022777,-97.4376159607441,4.0999267649687985,-327.67349699397647,185.8074165449625,-85.28490102229753
3618,3,3618,166920000000.0,35.18158310602202,-97.43761615006595,4.105649231322172,-327.35492178473265,185.82450987601564,-85.24778232617678
3619,3,3619,166930000000.0,35.18158344276008,-97.43761630908115,4.11088737900633,-327.13446357115413,185.8388669057963,-85.21055930086575
3620,3,3620,166940000000.0,35.18158377949815,-97.43761646809635,4.116125526690488,-326.86565090227896,185.85322393557698,-85.1733362747693
3621,3,3621,166950000000.0,35.181584116236216,-97.43761662711154,4.1213636743746465,-326.35197001999614,185.8675809640746,-85.13611324867284
3622,3,3622,166960000000.0,35.18158445297428,-97.43761678612674,4.126601822058804,-325.0,185.88193799385525,-85.09889022336182
3623,3,3623,166970000000.0,35.181584789712346,-97.43761694514194,4.131839969742963,-325.0,185.8962950236359,-85.06166719726536
3624,3,3624,166980000000.0,35.18158512645041,-97.43761710415714,4.13707811742712,-325.0,185.91065205341658,-85.02444417195434
3625,3,3625,166990000000.0,35.181585463188476,-97.43761726317233,4.142316265111279,-324.5065939289006,185.92500908191417,-84.98722114585789
3626,3,3626,167000000000.0,35.18158579992654,-97.43761742218753,4.1475544127954365,-323.825524779556,185.93936611169485,-84.94999812054687
3627,3,3627,167010000000.0,35.181586136664606,-97.43761758120273,4.152792560479595,-323.1700202648536,185.9537231414755,-84.91277509445041
3628,3,3628,167020000000.0,35.18158647340267,-97.43761774021793,4.158030708163753,-322.4956809563031,185.9680801712562,-84.87555206913939
3629,3,3629,167030000000.0,35.181586810140736,-97.43761789923312,4.163268855847911,-321.9038213489531,185.98243719975378,-84.83832904304293
3630,3,3630,167040000000.0,35.181587146878805,-97.43761805824832,4.168507003532069,-321.28240584387896,185.99679422953446,-84.80110601694648
3631,3,3631,167050000000.0,35.181587483616866,-97.43761821726352,4.173745151216227,-320.3064192784185,186.0111512593151,-84.76388299163546
3632,3,3632,167060000000.0,35.181587820354935,-97.43761837627872,4.178983298900385,-319.47555791913607,186.02550828909577,-84.726659965539
3633,3,3633,167070000000.0,35.181588157092996,-97.43761853529391,4.1842214465845435,-318.6397947136448,186.03986531759338,-84.68943694022798
3634,3,3634,167080000000.0,35.181588493831065,-97.43761869430911,4.189459594268701,-318.06806198040215,186.05422234737406,-84.65221391413152
3635,3,3635,167090000000.0,35.181588830569126,-97.43761885332431,4.19469774195286,-317.22582690397985,186.06857937715472,-84.6149908888205
3636,3,3636,167100000000.0,35.181589167307195,-97.43761901233951,4.199935889637017,-315.9563305919765,186.08293640693537,-84.57776786272404
3637,3,3637,167110000000.0,35.181589504045256,-97.4376191713547,4.205174037321176,-314.7535996074102,186.097293435433,-84.54054483741302
3638,3,3638,167120000000.0,35.181589840783325,-97.4376193303699,4.2104121850053335,-312.0,186.11165046521367,-84.50332181131657
3639,3,3639,167130000000.0,35.181590177521386,-97.4376194893851,4.215650332689492,-312.0,186.12600749499433,-84.46609878600555
3640,3,3640,167140000000.0,35.18159056017444,-97.43761963446512,4.223155465589511,-312.0,186.13910635719589,-84.42380031720546
3641,3,3641,167150000000.0,35.18159094611175,-97.43761977854838,4.230822753303053,-310.7001367011872,186.15211522445335,-84.38113880748588
3642,3,3642,167160000000.0,35.181591332049045,-97.43761992263164,4.238490041016593,-309.6759873398895,186.16512409171082,-84.33847729855174
3643,3,3643,167170000000.0,35.18159171798634,-97.4376200667149,4.246157328730134,-308.5473877664634,186.1781329589683,-84.29581578961759
3644,3,3644,167180000000.0,35.18159210392365,-97.43762021079816,4.253824616443675,-307.56381055516044,186.19114182622576,-84.25315427989801
3645,3,3645,167190000000.0,35.18159248986095,-97.43762035488142,4.261491904157216,-306.37175105625386,186.20415069348323,-84.21049277096387
3646,3,3646,167200000000.0,35.18159287579825,-97.43762049896468,4.269159191870757,-304.83452393457634,186.2171595607407,-84.16783126124429
3647,3,3647,167210000000.0,35.18159326173555,-97.43762064304794,4.276826479584297,-303.4200037456486,186.23016842799817,-84.12516975231014
3648,3,3648,167220000000.0,35.18159364767285,-97.4376207871312,4.284493767297839,-302.0814465969219,186.24317729525563,-84.082508243376
3649,3,3649,167230000000.0,35.18159403361015,-97.43762093121445,4.29216105501138,-301.0466214029199,186.2561861625131,-84.03984673365642
3650,3,3650,167240000000.0,35.18159441954745,-97.43762107529771,4.29982834272492,-299.7158718016011,186.26919502977057,-83.99718522472227
3651,3,3651,167250000000.0,35.18159480548475,-97.43762121938097,4.307495630438462,-297.92339142379984,186.28220389702804,-83.95452371578813
3652,3,3652,167260000000.0,35.181595191422055,-97.43762136346423,4.315162918152002,-296.57243933748447,186.2952127642855,-83.91186220606855
3653,3,3653,167270000000.0,35.18159557735935,-97.43762150754749,4.322830205865543,-295.0623655121811,186.308221631543,-83.8692006971344
3654,3,3654,167280000000.0,35.18159596329666,-97.43762165163075,4.3304974935790845,-291.34157926539774,186.32123049880045,-83.82653918741482
3655,3,3655,167290000000.0,35.181596349233956,-97.43762179571401,4.338164781292625,-290.7,186.33423936605791,-83.78387767848068
3656,3,3656,167300000000.0,35.181596735171254,-97.43762193979727,4.345832069006166,-290.7,186.34724823331538,-83.74121616954653
3657,3,3657,167310000000.0,35.18159712110856,-97.43762208388053,4.3534993567197064,-288.90187327910184,186.36025710057288,-83.69855465982695
3658,3,3658,167320000000.0,35.18159750704586,-97.43762222796379,4.361166644433248,-287.3292225257342,186.37326596783032,-83.65589315089281
3659,3,3659,167330000000.0,35.18159791040634,-97.43762234415935,4.371390118573293,-286.00825792215494,186.38375693459932,-83.61130568332129
3660,3,3660,167340000000.0,35.18159833118739,-97.43762243247143,4.384169394718313,-284.2754759613062,186.3917303806648,-83.56479254615209
3661,3,3661,167350000000.0,35.18159875196843,-97.43762252078349,4.396948670863333,-281.87937256332475,186.39970382544726,-83.51827940976833
3662,3,3662,167360000000.0,35.18159917274947,-97.43762260909557,4.409727947008353,-280.1029825863597,186.40767727151277,-83.47176627338456
3663,3,3663,167370000000.0,35.181599593530514,-97.43762269740765,4.422507223153372,-277.7880194198605,186.41565071757827,-83.4252531370008
3664,3,3664,167380000000.0,35.18160001431156,-97.43762278571971,4.435286499298392,-276.6,186.42362416236074,-83.3787399998316
3665,3,3665,167390000000.0,35.181600435092605,-97.43762287403179,4.448065775443411,-274.0369338672703,186.43159760842624,-83.33222686344783
3666,3,3666,167400000000.0,35.18160085587365,-97.43762296234385,4.460845051588431,-272.6,186.4395710532087,-83.28571372706406
3667,3,3667,167410000000.0,35.18160127665469,-97.43762305065593,4.473624327733451,-270.7032628126593,186.44754449927422,-83.2392005906803
3668,3,3668,167420000000.0,35.18160169743574,-97.437623138968,4.486403603878471,-267.5624966588368,186.45551794405668,-83.1926874535111
3669,3,3669,167430000000.0,35.18160211821678,-97.43762322728007,4.499182880023491,-265.0636584710492,186.4634913901222,-83.14617431712733
3670,3,3670,167440000000.0,35.18160253899782,-97.43762331559213,4.511962156168511,-264.1,186.47146483490465,-83.09966118074357
3671,3,3671,167450000000.0,35.18160295977887,-97.43762340390421,4.52474143231353,-260.3028208931136,186.47943828097016,-83.05314804357437
3672,3,3672,167460000000.0,35.18160338055991,-97.43762349221628,4.537520708458549,-259.7,186.4874117257526,-83.0066349071906
3673,3,3673,167470000000.0,35.181603801340955,-97.43762358052835,4.550299984603569,-256.9389224013732,186.49538517181813,-82.96012177080684
3674,3,3674,167480000000.0,35.181604222122,-97.43762366884042,4.563079260748589,-255.1,186.50335861660056,-82.91360863442307
3675,3,3675,167490000000.0,35.18160464290305,-97.4376237571525,4.575858536893609,-252.44543162854785,186.5113320626661,-82.86709549725387
3676,3,3676,167500000000.0,35.18160506368409,-97.43762384546456,4.588637813038629,-250.4,186.51930550744854,-82.8205823608701
3677,3,3677,167510000000.0,35.18160548446513,-97.43762393377663,4.601417089183649,-248.23570452578838,186.52727895351407,-82.77406922448634
3678,3,3678,167520000000.0,35.18160590891331,-97.43762401237652,4.614217893226247,-245.8714535242713,186.5343755130993,-82.72715072250435
3679,3,3679,167530000000.0,35.18160634435579,-97.43762406185861,4.627083239303735,-242.3537801850632,186.538843110729,-82.67901691073249
3680,3,3680,167540000000.0,35.18160677979827,-97.43762411134071,4.639948585381223,-240.5,186.54331070835872,-82.63088309896062
3681,3,3681,167550000000.0,35.18160721524076,-97.4376241608228,4.652813931458711,-238.41831009724095,186.54777830598843,-82.58274928640333
3682,3,3682,167560000000.0,35.18160765068324,-97.43762421030492,4.665679277536198,-235.73493891701423,186.55224590490116,-82.53461547463147
3683,3,3683,167570000000.0,35.18160808612572,-97.43762425978701,4.6785446236136865,-231.92732493386103,186.55671350253087,-82.4864816628596
3684,3,3684,167580000000.0,35.18160852156821,-97.43762430926911,4.691409969691175,-228.7724215233141,186.56118110016055,-82.4383478503023
3685,3,3685,167590000000.0,35.18160895701069,-97.43762435875121,4.704275315768662,-227.6,186.56564869779027,-82.39021403853044
3686,3,3686,167600000000.0,35.18160939245317,-97.43762440823332,4.71714066184615,-225.65413082195647,186.57011629670305,-82.34208022675858
3687,3,3687,167610000000.0,35.181609827895656,-97.43762445771542,4.730006007923638,-217.102718411626,186.57458389433273,-82.29394641420129
3688,3,3688,167620000000.0,35.181610263338136,-97.43762450719751,4.742871354001126,-215.2,186.57905149196242,-82.24581260242942
3689,3,3689,167630000000.0,35.18161069878062,-97.43762455667961,4.7557367000786135,-215.2,186.58351908959213,-82.19767879065756
3690,3,3690,167640000000.0,35.181611134223104,-97.43762460616172,4.768602046156102,-215.2,186.58798668850488,-82.14954497810027
3691,3,3691,167650000000.0,35.181611569665584,-97.43762465564382,4.78146739223359,-213.57742276160323,186.5924542861346,-82.1014111663284
3692,3,3692,167660000000.0,35.18161200510807,-97.43762470512591,4.794332738311078,-210.4963189629183,186.5969218837643,-82.05327735377111
3693,3,3693,167670000000.0,35.18161244055055,-97.43762475460801,4.807198084388565,-206.75112252341304,186.601389481394,-82.00514354199925
3694,3,3694,167680000000.0,35.18161287599303,-97.43762480409012,4.820063430466053,-205.0,186.60585708030675,-81.95700973022738
3695,3,3695,167690000000.0,35.18161331143552,-97.43762485357222,4.832928776543541,-202.0263972788192,186.61032467793643,-81.90887591767009
3696,3,3696,167700000000.0,35.181613746878,-97.43762490305431,4.8457941226210295,-200.0,186.61479227556615,-81.86074210589823
3697,3,3697,167710000000.0,35.18161418232048,-97.43762495253641,4.858659468698517,-197.94553533371717,186.61925987319586,-81.81260829412636
3698,3,3698,167720000000.0,35.18161461867855,-97.43762500143681,4.871344834703152,-195.39089296684932,186.62367495142826,-81.76437327290785
3699,3,3699,167730000000.0,35.18161507656574,-97.4376250366589,4.879798136703046,-191.94451553973616,186.62685505334792,-81.71375842298076
3700,3,3700,167740000000.0,35.18161553445293,-97.43762507188099,4.888251438702941,-189.9,186.63003515526756,-81.66314357305367
3701,3,3701,167750000000.0,35.18161599234013,-97.43762510710309,4.896704740702837,-187.80191332767598,186.6332152584703,-81.61252872234115
3702,3,3702,167760000000.0,35.18161645022732,-97.43762514232517,4.905158042702731,-185.38643919733136,186.63639536038994,-81.56191387241407
3703,3,3703,167770000000.0,35.181616908114506,-97.43762517754726,4.913611344702626,-178.74828902754004,186.6395754623096,-81.51129902248698
3704,3,3704,167780000000.0,35.1816173660017,-97.43762521276936,4.922064646702521,-174.7,186.64275556551232,-81.46068417177446
3705,3,3705,167790000000.0,35.18161782388889,-97.43762524799145,4.930517948702415,-174.7,186.64593566743196,-81.41006932184737
3706,3,3706,167800000000.0,35.18161828177608,-97.43762528321353,4.93897125070231,-174.7,186.64911576935162,-81.35945447192029
3707,3,3707,167810000000.0,35.18161873966327,-97.43762531843564,4.947424552702205,-172.5601139864505,186.65229587255436,-81.3088396219932
3708,3,3708,167820000000.0,35.18161919755047,-97.43762535365772,4.955877854702099,-168.60270692287048,186.655475974474,-81.25822477128068
3709,3,3709,167830000000.0,35.18161965543766,-97.43762538887982,4.964331156701994,-165.33196416699795,186.6586560776767,-81.2076099213536
3710,3,3710,167840000000.0,35.18162011332485,-97.43762542410191,4.972784458701889,-162.26875584544624,186.66183617959638,-81.15699507142651
3711,3,3711,167850000000.0,35.181620571212044,-97.437625459324,4.9812377607017835,-161.3,186.66501628151602,-81.10638022071399
3712,3,3712,167860000000.0,35.18162102909923,-97.4376254945461,4.989691062701678,-159.14575760775395,186.66819638471875,-81.0557653707869
3713,3,3713,167870000000.0,35.18162148698642,-97.43762552976818,4.998144364701573,-156.0070799906101,186.6713764866384,-81.00515052085981
3714,3,3714,167880000000.0,35.18162194487362,-97.43762556499027,5.0065976667014676,-152.76585733280777,186.67455658855806,-80.9545356701473
3715,3,3715,167890000000.0,35.18162240276081,-97.43762560021237,5.015050968701362,-149.67597352499288,186.67773669176077,-80.90392082022021
3716,3,3716,167900000000.0,35.181622860648,-97.43762563543446,5.023504270701257,-146.16208199094189,186.68091679368044,-80.85330597029312
3717,3,3717,167910000000.0,35.18162331853519,-97.43762567065654,5.031957572701152,-143.23045775441008,186.6840968956001,-80.80269112036603
3718,3,3718,167920000000.0,35.181623774379815,-97.43762570159956,5.040359630973809,-140.73761158220972,186.68689065219252,-80.75230205520654
3719,3,3719,167930000000.0,35.181624220028894,-97.43762571118341,5.048505904502912,-138.28789754912466,186.68775595137944,-80.70304000606598
3720,3,3720,167940000000.0,35.18162466567798,-97.43762572076727,5.0566521780320155,-133.20609687272727,186.6886212505664,-80.65377795613998
3721,3,3721,167950000000.0,35.18162511132706,-97.43762573035112,5.064798451561119,-128.4,186.68948654847028,-80.60451590699941
3722,3,3722,167960000000.0,35.18162555697614,-97.43762573993497,5.072944725090223,-128.4,186.69035184765724,-80.55525385785884
3723,3,3723,167970000000.0,35.18162600262522,-97.43762574951882,5.0810909986193264,-127.4134249206944,186.69121714556113,-80.50599180793284
3724,3,3724,167980000000.0,35.1816264482743,-97.43762575910267,5.08923727214843,-125.38316245694281,186.69208244474808,-80.45672975879228
3725,3,3725,167990000000.0,35.18162689392338,-97.43762576868653,5.097383545677533,-122.14027081644537,186.692947743935,-80.40746770965171
3726,3,3726,168000000000.0,35.181627339572465,-97.43762577827037,5.1055298192066365,-119.30005322550251,186.6938130418389,-80.35820565972571
3727,3,3727,168010000000.0,35.18162778522154,-97.43762578785423,5.11367609273574,-116.84961441994497,186.69467834102585,-80.30894361058515
3728,3,3728,168020000000.0,35.18162823087062,-97.43762579743807,5.121822366264843,-114.7563545444806,186.69554363892973,-80.25968156144458
3729,3,3729,168030000000.0,35.18162867651971,-97.43762580702193,5.129968639793947,-112.74536947686799,186.6964089381167,-80.21041951151858
3730,3,3730,168040000000.0,35.181629122168786,-97.43762581660577,5.13811491332305,-110.29306668455794,186.69727423602058,-80.16115746237801
3731,3,3731,168050000000.0,35.18162956781787,-97.43762582618963,5.146261186852154,-107.56900570863716,186.69813953520753,-80.11189541245201
3732,3,3732,168060000000.0,35.18163001346695,-97.43762583577349,5.1544074603812575,-105.13906318297933,186.6990048343945,-80.06263336331145
3733,3,3733,168070000000.0,35.18163045911603,-97.43762584535733,5.162553733910361,-103.18966796341967,186.69987013229837,-80.01337131417088
3734,3,3734,168080000000.0,35.181630904765115,-97.43762585494119,5.170700007439464,-101.45154769935836,186.70073543148533,-79.96410926424488
3735,3,3735,168090000000.0,35.18163135041419,-97.43762586452503,5.178846280968568,-99.21004480893203,186.7016007293892,-79.91484721510432
3736,3,3736,168100000000.0,35.18163179606327,-97.43762587410889,5.186992554497671,-96.59203505213787,186.70246602857617,-79.86558516596375
3737,3,3737,168110000000.0,35.18163224171236,-97.43762588369273,5.195138828026774,-92.19159246210975,186.70333132648005,-79.81632311603775
3738,3,3738,168120000000.0,35.181632687361436,-97.43762589327659,5.203285101555878,-89.7,186.704196625667,-79.76706106689718
3739,3,3739,168130000000.0,35.18163314610024,-97.43762590442728,5.213383007258349,-89.7,186.70520338965423,-79.71635207957064
3740,3,3740,168140000000.0,35.181633635606175,-97.4376259192608,5.2280681852990005,-88.98504769978061,186.70654266572038,-79.6622420933798
3741,3,3741,168150000000.0,35.18163412511211,-97.4376259340943,5.242753363339651,-86.64519597110542,186.70788194050348,-79.60813210718896
3742,3,3742,168160000000.0,35.18163461461804,-97.43762594892782,5.257438541380302,-84.76964653935993,186.70922121656963,-79.55402212178356
3743,3,3743,168170000000.0,35.18163510412398,-97.43762596376133,5.272123719420954,-83.18855530832732,186.7105604926358,-79.49991213559272
3744,3,3744,168180000000.0,35.18163559362991,-97.43762597859485,5.286808897461604,-81.71613546049178,186.71189976870198,-79.44580214940189
3745,3,3745,168190000000.0,35.18163608313585,-97.43762599342836,5.301494075502256,-79.65494897617474,186.7132390434851,-79.39169216321105
3746,3,3746,168200000000.0,35.181636572641786,-97.43762600826187,5.316179253542907,-77.58923470981333,186.71457831955124,-79.33758217702021
3747,3,3747,168210000000.0,35.181637062147715,-97.43762602309539,5.330864431583557,-75.78068237914185,186.7159175956174,-79.2834721916148
3748,3,3748,168220000000.0,35.18163755165365,-97.4376260379289,5.345549609624209,-74.31641711377702,186.71725687040052,-79.22936220542397
3749,3,3749,168230000000.0,35.18163804115959,-97.43762605276241,5.36023478766486,-72.98488970097314,186.71859614646667,-79.17525221923313
3750,3,3750,168240000000.0,35.18163853066552,-97.43762606759593,5.3749199657055104,-71.21416141506829,186.71993542253284,-79.12114223304229
3751,3,3751,168250000000.0,35.18163902017146,-97.43762608242943,5.389605143746162,-69.3651205471511,186.72127469731592,-79.06703224685145
3752,3,3752,168260000000.0,35.18163950967739,-97.43762609726295,5.404290321786813,-65.38500322377459,186.7226139733821,-79.01292226144605
3753,3,3753,168270000000.0,35.181639999183325,-97.43762611209647,5.418975499827464,-62.6,186.72395324944824,-78.95881227525521
3754,3,3754,168280000000.0,35.18164048868926,-97.43762612692997,5.433660677868115,-62.6,186.72529252423135,-78.90470228906437
3755,3,3755,168290000000.0,35.1816409781952,-97.43762614176349,5.448345855908766,-62.6,186.72663180029753,-78.85059230287354
3756,3,3756,168300000000.0,35.181641467701134,-97.437626156597,5.4630310339494175,-61.8849738181807,186.7279710763637,-78.7964823166827
3757,3,3757,168310000000.0,35.18164195720706,-97.43762617143051,5.477716211990068,-58.88566708150352,186.7293103511468,-78.7423723312773
3758,3,3758,168320000000.0,35.181642446713,-97.43762618626403,5.49240139003072,-57.2,186.73064962721296,-78.68826234508646
3759,3,3759,168330000000.0,35.18164294102231,-97.43762620039068,5.507195507368452,-57.2,186.73192508271035,-78.6336213937706
3760,3,3760,168340000000.0,35.18164349544681,-97.43762620567092,5.5233530211195125,-56.824287291863726,186.73240182072954,-78.5723353100218
3761,3,3761,168350000000.0,35.181644049871295,-97.43762621095115,5.5395105348705735,-55.29996199490868,186.73287855746568,-78.51104922705844
3762,3,3762,168360000000.0,35.18164460429578,-97.4376262162314,5.5556680486216345,-53.95519714279121,186.7333552954849,-78.44976314409507
3763,3,3763,168370000000.0,35.18164515872028,-97.43762622151162,5.571825562372695,-53.02081341260178,186.73383203222102,-78.38847706034628
3764,3,3764,168380000000.0,35.18164571314477,-97.43762622679185,5.587983076123756,-52.394922038970506,186.73430876895716,-78.32719097738291
3765,3,3765,168390000000.0,35.18164626756926,-97.43762623207209,5.604140589874816,-51.1048681440499,186.73478550697635,-78.26590489363412
3766,3,3766,168400000000.0,35.18164682199375,-97.43762623735232,5.620298103625877,-49.625320714005376,186.7352622437125,-78.20461881067075
3767,3,3767,168410000000.0,35.18164737641825,-97.43762624263256,5.636455617376938,-48.307580592926016,186.73573898173169,-78.14333272692195
3768,3,3768,168420000000.0,35.181647930842736,-97.43762624791279,5.652613131127998,-47.31926534248451,186.73621571846786,-78.08204664395859
3769,3,3769,168430000000.0,35.181648485267225,-97.43762625319302,5.668770644879059,-46.51877713200211,186.73669245520398,-78.02076056099523
3770,3,3770,168440000000.0,35.18164903969172,-97.43762625847326,5.684928158630119,-45.40644544634806,186.7371691932232,-77.95947447724643
3771,3,3771,168450000000.0,35.18164959411621,-97.43762626375349,5.70108567238118,-44.0972566668205,186.7376459299593,-77.89818839428307
3772,3,3772,168460000000.0,35.181650148540704,-97.43762626903373,5.717243186132241,-43.03425241157116,186.73812266797853,-77.83690231053427
3773,3,3773,168470000000.0,35.18165070296519,-97.43762627431396,5.733400699883301,-41.927219061948236,186.73859940471465,-77.77561622757091
3774,3,3774,168480000000.0,35.18165125738968,-97.43762627959418,5.749558213634362,-40.97303005771698,186.7390761414508,-77.71433014460754
3775,3,3775,168490000000.0,35.18165181181418,-97.43762628487443,5.765715727385422,-40.3,186.73955287946998,-77.65304406085875
3776,3,3776,168500000000.0,35.181652366238666,-97.43762629015465,5.781873241136483,-39.36835062925898,186.74002961620616,-77.59175797789538
3777,3,3777,168510000000.0,35.18165292066316,-97.4376262954349,5.798030754887544,-38.04999468203066,186.74050635422535,-77.53047189414659
3778,3,3778,168520000000.0,35.18165347274564,-97.4376263,5.814468155424522,-37.253707374877145,186.74091852493626,-77.46944469727879
3779,3,3779,168530000000.0,35.18165400987739,-97.4376263,5.832692268546618,-36.526635689535155,186.74091852493626,-77.41007015317109
3780,3,3780,168540000000.0,35.181654547009146,-97.4376263,5.850916381668714,-35.647746108616616,186.74091852493626,-77.3506956090634
3781,3,3781,168550000000.0,35.1816550841409,-97.4376263,5.86914049479081,-34.607051132020636,186.74091852493626,-77.2913210649557
3782,3,3782,168560000000.0,35.181655621272654,-97.4376263,5.8873646079129065,-33.84213525986943,186.74091852493626,-77.231946520848
3783,3,3783,168570000000.0,35.18165615840441,-97.4376263,5.905588721035002,-33.09445937376746,186.74091852493626,-77.1725719767403
3784,3,3784,168580000000.0,35.18165669553616,-97.4376263,5.923812834157099,-32.583938771503036,186.74091852493626,-77.1131974326326
3785,3,3785,168590000000.0,35.18165723266792,-97.4376263,5.9420369472791945,-31.946434117719058,186.74091852493626,-77.05382288773947
3786,3,3786,168600000000.0,35.18165776979968,-97.4376263,5.960261060401291,-31.177580474945657,186.74091852493626,-76.99444834363177
3787,3,3787,168610000000.0,35.18165830693143,-97.4376263,5.978485173523387,-30.567398378072067,186.74091852493626,-76.93507379952408
3788,3,3788,168620000000.0,35.181658844063186,-97.4376263,5.996709286645483,-29.939319683457295,186.74091852493626,-76.87569925541638
3789,3,3789,168630000000.0,35.18165938119494,-97.4376263,6.014933399767579,-29.491783590828007,186.74091852493626,-76.81632471130868
3790,3,3790,168640000000.0,35.181659918326694,-97.4376263,6.033157512889676,-27.5,186.74091852493626,-76.75695016720098
3791,3,3791,168650000000.0,35.18166045545845,-97.4376263,6.051381626011771,-27.5,186.74091852493626,-76.69757562309329
3792,3,3792,168660000000.0,35.1816609925902,-97.4376263,6.069605739133868,-27.5,186.74091852493626,-76.63820107898559
3793,3,3793,168670000000.0,35.18166152972196,-97.4376263,6.087829852255964,-27.402986352897987,186.74091852493626,-76.57882653487789
3794,3,3794,168680000000.0,35.18166206685372,-97.4376263,6.10605396537806,-27.126959714947294,186.74091852493626,-76.51945198998476
3795,3,3795,168690000000.0,35.18166260398547,-97.4376263,6.124278078500156,-26.712697387326735,186.74091852493626,-76.46007744587706
3796,3,3796,168700000000.0,35.18166314111723,-97.4376263,6.142502191622253,-26.119536656671272,186.74091852493626,-76.40070290176936
3797,3,3797,168710000000.0,35.18166367824898,-97.4376263,6.160726304744349,-25.773937698526435,186.74091852493626,-76.34132835766167
3798,3,3798,168720000000.0,35.181664215380735,-97.4376263,6.178950417866445,-25.38327679164104,186.74091852493626,-76.28195381355397
3799,3,3799,168730000000.0,35.18166477029835,-97.43762629853191,6.195670223037816,-25.001959740850833,186.74078597482028,-76.22061322068973
3800,3,3800,168740000000.0,35.18166537006988,-97.43762629336148,6.208596333630753,-24.535699538900573,186.74031915098726,-76.154314475543
3801,3,3801,168750000000.0,35.18166596984141,-97.43762628819103,6.221522444223691,-24.1925057104191,186.7398523258712,-76.08801573039628
3802,3,3802,168760000000.0,35.18166656961294,-97.43762628302058,6.234448554816629,-23.891167022559316,186.7393855007551,-76.02171698524955
3803,3,3803,168770000000.0,35.181667169384475,-97.43762627785014,6.247374665409566,-23.62528536720232,186.7389186769221,-75.95541824010283
3804,3,3804,168780000000.0,35.18166776915601,-97.4376262726797,6.260300776002504,-23.408950591733298,186.73845185180602,-75.8891194949561
3805,3,3805,168790000000.0,35.18166836892754,-97.43762626750924,6.273226886595442,-23.102962638951652,186.73798502668996,-75.82282074980938
3806,3,3806,168800000000.0,35.181668968699064,-97.43762626233881,6.286152997188379,-22.715830989564456,186.73751820285693,-75.75652200544809
3807,3,3807,168810000000.0,35.181669568470596,-97.43762625716836,6.299079107781318,-22.330838896424414,186.73705137774087,-75.69022326030137
3808,3,3808,168820000000.0,35.18167016824213,-97.43762625199791,6.312005218374256,-21.2,186.73658455262478,-75.62392451515464
3809,3,3809,168830000000.0,35.18167076801366,-97.43762624682746,6.324931328967193,-21.2,186.7361177275087,-75.55762577000792
3810,3,3810,168840000000.0,35.18167136778519,-97.43762624165703,6.337857439560131,-21.2,186.7356509036757,-75.49132702486119
3811,3,3811,168850000000.0,35.181671967556724,-97.43762623648658,6.350783550153069,-21.120902620665905,186.73518407855963,-75.42502827971447
3812,3,3812,168860000000.0,35.181672567328256,-97.43762623131613,6.363709660746006,-20.71124594786403,186.73471725344356,-75.35872953456774
3813,3,3813,168870000000.0,35.18167316709979,-97.4376262261457,6.376635771338944,-20.254294208627886,186.7342504296105,-75.29243078942102
3814,3,3814,168880000000.0,35.18167376687132,-97.43762622097525,6.389561881931883,-19.85667884711625,186.73378360449448,-75.2261320442743
3815,3,3815,168890000000.0,35.18167436664285,-97.4376262158048,6.40248799252482,-19.6,186.73331677937838,-75.15983329912757
3816,3,3816,168900000000.0,35.181674966414384,-97.43762621063436,6.415414103117758,-19.33470680989258,186.73284995554536,-75.09353455398085
3817,3,3817,168910000000.0,35.181675566185916,-97.43762620546391,6.428340213710696,-18.849946107155116,186.73238313042927,-75.02723580883412
3818,3,3818,168920000000.0,35.18167616595745,-97.43762620029347,6.441266324303633,-18.36892791800901,186.7319163053132,-74.9609370636874
3819,3,3819,168930000000.0,35.18167677188072,-97.43762619523433,6.450625867556671,-18.078311641492274,186.73145953038744,-74.893958305544
3820,3,3820,168940000000.0,35.18167737817417,-97.43762619018187,6.459770793811631,-17.673141722218173,186.73100335849873,-74.82693862707777
3821,3,3821,168950000000.0,35.181677984467626,-97.43762618512943,6.468915720066593,-17.06772113131283,186.73054718789308,-74.75991894861153
3822,3,3822,168960000000.0,35.18167859076108,-97.43762618007699,6.478060646321554,-16.569161309809523,186.7300910172874,-74.69289927014529
3823,3,3823,168970000000.0,35.181679197054535,-97.43762617502455,6.4872055725765145,-15.963155015316836,186.72963484668176,-74.62587959167905
3824,3,3824,168980000000.0,35.18167980334799,-97.4376261699721,6.496350498831475,-15.671412687100737,186.72917867607612,-74.55885991321281
3825,3,3825,168990000000.0,35.181680409641444,-97.43762616491965,6.505495425086437,-15.6,186.7287225041874,-74.49184023474658
3826,3,3826,169000000000.0,35.1816810159349,-97.43762615986721,6.514640351341398,-15.6,186.72826633358176,-74.42482055628034
3827,3,3827,169010000000.0,35.181681622228346,-97.43762615481477,6.5237852775963585,-15.339787433264886,186.7278101629761,-74.35780087859953
3828,3,3828,169020000000.0,35.1816822285218,-97.43762614976232,6.532930203851319,-13.350592925388993,186.72735399237047,-74.2907812001333
3829,3,3829,169030000000.0,35.181682834815255,-97.43762614470987,6.542075130106281,-12.918583752970244,186.72689782048175,-74.22376152166706
3830,3,3830,169040000000.0,35.18168344110871,-97.43762613965743,6.551220056361242,-12.317679991419588,186.7264416498761,-74.15674184320082
3831,3,3831,169050000000.0,35.181684047402165,-97.43762613460498,6.5603649826162025,-11.58247981719693,186.72598547927046,-74.08972216473458
3832,3,3832,169060000000.0,35.18168465369562,-97.43762612955254,6.569509908871164,-11.087424615367043,186.7255293086648,-74.02270248626834
3833,3,3833,169070000000.0,35.181685259989074,-97.4376261245001,6.578654835126125,-10.437719794454386,186.72507313805917,-73.9556828078021
3834,3,3834,169080000000.0,35.18168586628253,-97.43762611944764,6.587799761381086,-10.086104925814888,186.72461696617046,-73.88866312933587
3835,3,3835,169090000000.0,35.181686472575976,-97.4376261143952,6.5969446876360465,-9.618471803124859,186.7241607955648,-73.82164345165506
3836,3,3836,169100000000.0,35.18168707886943,-97.43762610934276,6.606089613891008,-8.993711657455874,186.72370462495914,-73.75462377318883
3837,3,3837,169110000000.0,35.181687685162885,-97.43762610429032,6.615234540145969,-8.493409571661255,186.7232484543535,-73.68760409472259
3838,3,3838,169120000000.0,35.181688293970126,-97.4376260992542,6.6256475708605125,-8.059873324653168,186.72279375798107,-73.62030654229528
3839,3,3839,169130000000.0,35.181688916928266,-97.43762609431009,6.643199169259611,-7.772529904368518,186.7223473681236,-73.55144474947934
3840,3,3840,169140000000.0,35.181689539886406,-97.43762608936598,6.660750767658709,-7.470789441625528,186.72190097826615,-73.4825829566634
3841,3,3841,169150000000.0,35.181690162844546,-97.43762608442186,6.678302366057808,-7.4,186.72145458840868,-73.41372116384747
3842,3,3842,169160000000.0,35.18169078580269,-97.43762607947775,6.695853964456906,-7.4,186.72100819855123,-73.34485937103153
3843,3,3843,169170000000.0,35.18169140876083,-97.43762607453364,6.713405562856004,-6.67915959457607,186.72056180869376,-73.2759975782156
3844,3,3844,169180000000.0,35.18169203171897,-97.43762606958953,6.730957161255103,-6.533942128516296,186.72011541883631,-73.20713578539966
3845,3,3845,169190000000.0,35.18169265467711,-97.43762606464541,6.748508759654201,-6.5,186.71966902897884,-73.13827399258372
3846,3,3846,169200000000.0,35.18169327763525,-97.4376260597013,6.766060358053299,-6.394267529892627,186.71922263912137,-73.06941219976778
3847,3,3847,169210000000.0,35.18169390059339,-97.43762605475719,6.783611956452398,-6.3,186.71877624926393,-73.00055040695185
3848,3,3848,169220000000.0,35.18169452355153,-97.43762604981308,6.801163554851496,-6.3,186.71832985940645,-72.93168861413591
3849,3,3849,169230000000.0,35.18169514650967,-97.43762604486896,6.8187151532505945,-6.3,186.71788346954898,-72.86282682131997
3850,3,3850,169240000000.0,35.18169576946781,-97.43762603992485,6.836266751649693,-6.3,186.7174370796915,-72.79396502850403
3851,3,3851,169250000000.0,35.18169639242595,-97.43762603498074,6.853818350048791,-6.3,186.71699068983406,-72.7251032356881
3852,3,3852,169260000000.0,35.18169701538409,-97.43762603003663,6.8713699484478905,-6.3,186.7165442999766,-72.65624144287216
3853,3,3853,169270000000.0,35.18169763834223,-97.43762602509251,6.888921546846989,-6.3,186.71609791011915,-72.58737965005622
3854,3,3854,169280000000.0,35.18169826130037,-97.4376260201484,6.906473145246087,-6.3,186.71565152026167,-72.51851785724028
3855,3,3855,169290000000.0,35.18169888425851,-97.43762601520429,6.924024743645186,-6.3,186.71520513040423,-72.44965606442435
3856,3,3856,169300000000.0,35.18169950721665,-97.43762601026017,6.941576342044284,-6.293434116013187,186.71475874054676,-72.38079427160841
3857,3,3857,169310000000.0,35.18170013017479,-97.43762600531606,6.959127940443382,-6.194597187958067,186.7143123506893,-72.31193247879247
3858,3,3858,169320000000.0,35.18170075313293,-97.43762600037195,6.976679538842481,-6.1,186.71386596083184,-72.24307068597653
3859,3,3859,169330000000.0,35.18170140468176,-97.437626,6.991616879372385,-6.1,186.71383237808186,-72.1710484782102
3860,3,3860,169340000000.0,35.18170205855655,-97.437626,7.006341540659879,-6.1,186.71383237808186,-72.09876915864356
3861,3,3861,169350000000.0,35.18170271243134,-97.437626,7.021066201947372,-5.9991426372761385,186.71383237808186,-72.02648983986236
3862,3,3862,169360000000.0,35.18170336630613,-97.437626,7.035790863234865,-5.9,186.71383237808186,-71.95421052029573
3863,3,3863,169370000000.0,35.18170402018092,-97.437626,7.050515524522359,-5.882287876305207,186.71383237808186,-71.8819312007291
3864,3,3864,169380000000.0,35.18170467405571,-97.437626,7.065240185809851,-5.766365449969997,186.71383237808186,-71.8096518819479
3865,3,3865,169390000000.0,35.1817053279305,-97.437626,7.079964847097345,-5.7,186.71383237808186,-71.73737256238127
3866,3,3866,169400000000.0,35.18170598180529,-97.437626,7.094689508384838,-5.6117302604616,186.71383237808186,-71.66509324360007
3867,3,3867,169410000000.0,35.18170663568008,-97.437626,7.109414169672331,-5.524960128966962,186.71383237808186,-71.59281392403344
3868,3,3868,169420000000.0,35.181707289554865,-97.437626,7.124138830959825,-5.413821734056708,186.71383237808186,-71.52053460525224
3869,3,3869,169430000000.0,35.18170794342966,-97.437626,7.138863492247318,-5.275987434669511,186.71383237808186,-71.4482552856856
3870,3,3870,169440000000.0,35.18170859730444,-97.437626,7.153588153534812,-5.2,186.71383237808186,-71.3759759669044
3871,3,3871,169450000000.0,35.181709251179235,-97.437626,7.168312814822305,-5.120241934101976,186.71383237808186,-71.30369664733777
3872,3,3872,169460000000.0,35.18170990505402,-97.437626,7.183037476109798,-5.014178422540712,186.71383237808186,-71.23141732855657
3873,3,3873,169470000000.0,35.18171055892881,-97.437626,7.197762137397292,-4.8356068590281245,186.71383237808186,-71.15913800898994
3874,3,3874,169480000000.0,35.1817112128036,-97.437626,7.212486798684785,-4.596777455636056,186.71383237808186,-71.08685869020874
3875,3,3875,169490000000.0,35.18171186667839,-97.437626,7.2272114599722785,-4.4,186.71383237808186,-71.01457937064211
3876,3,3876,169500000000.0,35.18171252055318,-97.437626,7.241936121259772,-4.4,186.71383237808186,-70.94230005186091
3877,3,3877,169510000000.0,35.18171317442797,-97.437626,7.256660782547265,-4.4,186.71383237808186,-70.87002073229428
3878,3,3878,169520000000.0,35.18171382830276,-97.437626,7.271385443834758,-4.4,186.71383237808186,-70.79774141272765
3879,3,3879,169530000000.0,35.181714489415874,-97.43762599563395,7.2842643922655625,-4.336882395402762,186.713438180442,-70.72466196924992
3880,3,3880,169540000000.0,35.18171515142041,-97.43762599073021,7.296916034580645,-4.3,186.71299543575125,-70.65148398758637
3881,3,3881,169550000000.0,35.18171581342495,-97.43762598582647,7.309567676895728,-4.3,186.71255269106047,-70.57830600592283
3882,3,3882,169560000000.0,35.18171647542949,-97.43762598092275,7.322219319210811,-4.3,186.71210994765275,-70.50512802425928
3883,3,3883,169570000000.0,35.181717137434035,-97.437625976019,7.334870961525894,-4.3,186.71166720296196,-70.4319500418103
3884,3,3884,169580000000.0,35.18171779943857,-97.43762597111527,7.347522603840978,-4.249998470484626,186.7112244582712,-70.35877206014675
3885,3,3885,169590000000.0,35.18171846144311,-97.43762596621153,7.360174246156061,-4.2,186.7107817135804,-70.2855940784832
3886,3,3886,169600000000.0,35.18171912344765,-97.43762596130779,7.3728258884711435,-4.135949203898354,186.71033896888963,-70.21241609681965
3887,3,3887,169610000000.0,35.18171978545219,-97.43762595640405,7.385477530786226,-4.017003985811636,186.70989622419884,-70.1392381151561
3888,3,3888,169620000000.0,35.18172044745673,-97.43762595150032,7.398129173101309,-3.8008216258341045,186.70945348079113,-70.06606013270712
3889,3,3889,169630000000.0,35.18172110946127,-97.43762594659658,7.410780815416393,-3.6460150753611447,186.70901073610034,-69.99288215104357
3890,3,3890,169640000000.0,35.18172177146581,-97.43762594169284,7.423432457731476,-3.306370116649023,186.70856799140955,-69.91970416938003
3891,3,3891,169650000000.0,35.18172243347035,-97.4376259367891,7.436084100046559,-3.2,186.7081252467188,-69.84652618771648
3892,3,3892,169660000000.0,35.181723095474894,-97.43762593188536,7.448735742361642,-3.2,186.70768250202798,-69.7733482052675
3893,3,3893,169670000000.0,35.18172375747943,-97.43762592698164,7.4613873846767245,-3.0430575593840703,186.7072397586203,-69.70017022360395
3894,3,3894,169680000000.0,35.18172441948397,-97.4376259220779,7.474039026991808,-2.869247566642334,186.7067970139295,-69.6269922419404
3895,3,3895,169690000000.0,35.18172508148851,-97.43762591717416,7.486690669306891,-2.7029787719641774,186.70635426923872,-69.55381426027685
3896,3,3896,169700000000.0,35.18172574349305,-97.43762591227042,7.499342311621974,-2.578891024585508,186.70591152454793,-69.4806362786133
3897,3,3897,169710000000.0,35.18172640549759,-97.43762590736668,7.511993953937057,-2.4,186.70546877985717,-69.40745829616432
3898,3,3898,169720000000.0,35.18172706750213,-97.43762590246294,7.52464559625214,-2.278873236196125,186.70502603516638,-69.33428031450077
3899,3,3899,169730000000.0,35.18172776190499,-97.43762589482994,7.537410888347409,-2.0957635158905306,186.70433687284557,-69.25752102268874
3900,3,3900,169740000000.0,35.18172848900027,-97.43762588444285,7.550290861914795,-2.0,186.7033990526762,-69.17714791004656
3901,3,3901,169750000000.0,35.181729216095555,-97.43762587405578,7.563170835482181,-1.9177964056233472,186.70246123378988,-69.09677479740438
3902,3,3902,169760000000.0,35.18172994319083,-97.4376258636687,7.576050809049566,-1.8186711392068302,186.70152341362046,-69.01640168554763
3903,3,3903,169770000000.0,35.181730670286115,-97.43762585328163,7.588930782616953,-1.7226651896382805,186.70058559473415,-68.93602857290546
3904,3,3904,169780000000.0,35.1817313973814,-97.43762584289455,7.601810756184339,-1.7,186.69964777456474,-68.85565546026328
3905,3,3905,169790000000.0,35.18173212447668,-97.43762583250748,7.614690729751724,-1.6513079874384002,186.69870995567842,-68.7752823476211
3906,3,3906,169800000000.0,35.18173285157196,-97.4376258221204,7.62757070331911,-1.6,186.697772135509,-68.69490923576436
3907,3,3907,169810000000.0,35.18173357866724,-97.43762581173333,7.640450676886497,-1.6,186.69683431662267,-68.61453612312218
3908,3,3908,169820000000.0,35.181734305762525,-97.43762580134624,7.653330650453882,-1.5395843137926672,186.6958964964533,-68.53416301048
3909,3,3909,169830000000.0,35.18173503285781,-97.43762579095917,7.666210624021268,-1.5,186.69495867756694,-68.45378989783782
3910,3,3910,169840000000.0,35.18173575995309,-97.43762578057209,7.679090597588654,-1.5,186.69402085739756,-68.37341678519564
3911,3,3911,169850000000.0,35.18173648704837,-97.43762577018502,7.691970571156039,-1.5,186.69308303851122,-68.2930436733389
3912,3,3912,169860000000.0,35.18173721414365,-97.43762575979795,7.704850544723426,-1.5,186.6921452196249,-68.21267056069672
3913,3,3913,169870000000.0,35.181737941238936,-97.43762574941087,7.717730518290812,-1.5,186.6912073994555,-68.13229744805454
3914,3,3914,169880000000.0,35.18173866833422,-97.4376257390238,7.730610491858197,-1.45911170410943,186.69026958056915,-68.05192433541237
3915,3,3915,169890000000.0,35.1817393954295,-97.43762572863672,7.743490465425583,-1.4087095351226506,186.68933176039974,-67.97155122277019
3916,3,3916,169900000000.0,35.18174012252478,-97.43762571824965,7.756370438992969,-1.3,186.68839394151343,-67.89117811091344
3917,3,3917,169910000000.0,35.18174084962006,-97.43762570786257,7.769250412560355,-1.3,186.68745612134404,-67.81080499827127
3918,3,3918,169920000000.0,35.181741574917176,-97.4376257,7.781899312117328,-1.3,186.68674623251056,-67.73063065539631
3919,3,3919,169930000000.0,35.1817422946139,-97.4376257,7.793828531680328,-1.2734641410990553,186.68674623251056,-67.65107537977144
3920,3,3920,169940000000.0,35.18174301431061,-97.4376257,7.805757751243327,-1.2,186.68674623251056,-67.571520104932
3921,3,3921,169950000000.0,35.18174373400733,-97.4376257,7.817686970806326,-1.2,186.68674623251056,-67.49196483009257
3922,3,3922,169960000000.0,35.18174445370405,-97.4376257,7.829616190369325,-1.2,186.68674623251056,-67.4124095544677
3923,3,3923,169970000000.0,35.18174517340076,-97.4376257,7.8415454099323245,-1.2,186.68674623251056,-67.33285427962826
3924,3,3924,169980000000.0,35.181745893097485,-97.4376257,7.853474629495324,-1.2,186.68674623251056,-67.2532990040034
3925,3,3925,169990000000.0,35.1817466127942,-97.4376257,7.865403849058323,-1.2,186.68674623251056,-67.17374372916396
3926,3,3926,170000000000.0,35.181747332490914,-97.4376257,7.877333068621322,-1.2,186.68674623251056,-67.09418845432452
3927,3,3927,170010000000.0,35.181748052187636,-97.4376257,7.889262288184322,-1.2,186.68674623251056,-67.01463317869965
3928,3,3928,170020000000.0,35.18174877188435,-97.4376257,7.901191507747321,-1.1726465641142778,186.68674623251056,-66.93507790386022
3929,3,3929,170030000000.0,35.18174949158107,-97.4376257,7.913120727310321,-1.1,186.68674623251056,-66.85552262823535
3930,3,3930,170040000000.0,35.18175021127779,-97.4376257,7.92504994687332,-1.1,186.68674623251056,-66.77596735339591
3931,3,3931,170050000000.0,35.1817509309745,-97.4376257,7.936979166436319,-1.1,186.68674623251056,-66.69641207855648
3932,3,3932,170060000000.0,35.181751650671224,-97.4376257,7.948908385999318,-1.1,186.68674623251056,-66.61685680293161
3933,3,3933,170070000000.0,35.18175237036794,-97.4376257,7.960837605562317,-1.1,186.68674623251056,-66.53730152809217
3934,3,3934,170080000000.0,35.18175309006465,-97.4376257,7.9727668251253165,-1.1,186.68674623251056,-66.45774625325274
3935,3,3935,170090000000.0,35.181753809761375,-97.4376257,7.984696044688317,-1.1,186.68674623251056,-66.37819097762787
3936,3,3936,170100000000.0,35.18175452945809,-97.4376257,7.996625264251316,-1.1,186.68674623251056,-66.29863570278843
3937,3,3937,170110000000.0,35.18175524915481,-97.4376257,8.008554483814315,-1.0,186.68674623251056,-66.21908042716356
3938,3,3938,170120000000.0,35.181755968851526,-97.4376257,8.020483703377314,-0.9701290692541329,186.68674623251056,-66.13952515232413
3939,3,3939,170130000000.0,35.1817567237979,-97.43762569514229,8.030423945822323,-0.8557500805371054,186.68630764364337,-66.05607337976494
3940,3,3940,170140000000.0,35.181757480338895,-97.43762569006483,8.040274211127032,-0.8,186.68584921485635,-65.97244533855005
3941,3,3941,170150000000.0,35.181758236879894,-97.43762568498738,8.050124476431742,-0.8,186.6853907860693,-65.88881729654972
3942,3,3942,170160000000.0,35.181758993420885,-97.43762567990993,8.059974741736452,-0.7887730052847702,186.68493235728224,-65.80518925533482
3943,3,3943,170170000000.0,35.18175974996188,-97.43762567483247,8.069825007041164,-0.6815215511205627,186.68447392849518,-65.72156121411993
3944,3,3944,170180000000.0,35.181760506502876,-97.43762566975501,8.079675272345874,-0.6096009347954027,186.68401549842508,-65.6379331721196
3945,3,3945,170190000000.0,35.18176126304387,-97.43762566467755,8.089525537650584,-0.5335235652398596,186.68355706963803,-65.55430513090471
3946,3,3946,170200000000.0,35.181762019584866,-97.4376256596001,8.099375802955294,-0.5,186.68309864085097,-65.47067708890438
3947,3,3947,170210000000.0,35.18176277612586,-97.43762565452265,8.109226068260003,-0.42026891780402825,186.68264021206392,-65.38704904768949
3948,3,3948,170220000000.0,35.18176353266686,-97.4376256494452,8.119076333564713,-0.39991227978873134,186.68218178327686,-65.30342100568916
3949,3,3949,170230000000.0,35.18176428920785,-97.43762564436773,8.128926598869423,-0.11078831384059556,186.68172335320676,-65.21979296447427
3950,3,3950,170240000000.0,35.18176504574885,-97.43762563929027,8.138776864174133,0.0,186.6812649244197,-65.13616492247394
3951,3,3951,170250000000.0,35.18176580228984,-97.43762563421282,8.148627129478843,0.0,186.68080649563268,-65.05253688125904
3952,3,3952,170260000000.0,35.18176655883084,-97.43762562913537,8.158477394783553,0.002384950911158152,186.6803480668456,-64.96890883925872
3953,3,3953,170270000000.0,35.18176731537183,-97.43762562405792,8.168327660088263,0.1,186.67988963805857,-64.88528079804382
3954,3,3954,170280000000.0,35.18176807191282,-97.43762561898045,8.178177925392973,0.1,186.67943120798844,-64.80165275682893
3955,3,3955,170290000000.0,35.18176882845382,-97.437625613903,8.188028190697684,0.1500448876669643,186.67897277920142,-64.7180247148286
3956,3,3956,170300000000.0,35.18176958499481,-97.43762560882554,8.197878456002394,0.2,186.67851435041436,-64.63439667361371
3957,3,3957,170310000000.0,35.18177034153581,-97.43762560374809,8.207728721307104,0.2725328287520993,186.6780559216273,-64.55076863161338
3958,3,3958,170320000000.0,35.18177109201024,-97.43762559874503,8.218539012333009,0.3,186.67760420964686,-64.46781118839851
3959,3,3959,170330000000.0,35.18177182538041,-97.43762559395176,8.232056031086458,0.3,186.67717143944597,-64.38674444961862
3960,3,3960,170340000000.0,35.18177255875057,-97.4376255891585,8.245573049839908,0.3,186.67673866924508,-64.30567771162416
3961,3,3961,170350000000.0,35.18177329212074,-97.43762558436522,8.259090068593357,0.3,186.67630589776113,-64.2246109736297
3962,3,3962,170360000000.0,35.1817740254909,-97.43762557957196,8.272607087346808,0.3,186.67587312756024,-64.14354423563523
3963,3,3963,170370000000.0,35.181774758861074,-97.43762557477869,8.286124106100257,0.3,186.67544035735938,-64.06247749685534
3964,3,3964,170380000000.0,35.18177549223124,-97.43762556998541,8.299641124853707,0.3,186.67500758587542,-63.981410758860875
3965,3,3965,170390000000.0,35.1817762256014,-97.43762556519215,8.313158143607156,0.3,186.6745748156745,-63.90034402086641
3966,3,3966,170400000000.0,35.181776958971575,-97.43762556039889,8.326675162360605,0.3,186.67414204547364,-63.81927728208652
3967,3,3967,170410000000.0,35.18177769234174,-97.4376255556056,8.340192181114055,0.3,186.6737092739897,-63.738210544092055
3968,3,3968,170420000000.0,35.181778425711904,-97.43762555081234,8.353709199867504,0.3,186.67327650378877,-63.657143806097594
3969,3,3969,170430000000.0,35.18177915908207,-97.43762554601908,8.367226218620953,0.3,186.6728437335879,-63.57607706810313
3970,3,3970,170440000000.0,35.18177989245224,-97.4376255412258,8.380743237374404,0.3,186.67241096210395,-63.495010329323236
3971,3,3971,170450000000.0,35.181780625822405,-97.43762553643253,8.394260256127852,0.3,186.67197819190307,-63.413943591328774
3972,3,3972,170460000000.0,35.18178135919257,-97.43762553163926,8.407777274881303,0.3,186.67154542041914,-63.33287685333431
3973,3,3973,170470000000.0,35.181782092562734,-97.43762552684599,8.421294293634752,0.3,186.67111265021822,-63.25181011533985
3974,3,3974,170480000000.0,35.181782825932906,-97.43762552205273,8.434811312388202,0.3,186.67067988001733,-63.170743376559955
3975,3,3975,170490000000.0,35.18178355930307,-97.43762551725945,8.448328331141651,0.3,186.6702471085334,-63.08967663856549
3976,3,3976,170500000000.0,35.181784292673235,-97.43762551246618,8.4618453498951,0.3,186.6698143383325,-63.00860990057103
3977,3,3977,170510000000.0,35.1817850260434,-97.43762550767292,8.47536236864855,0.3,186.6693815681316,-62.92754316257657
3978,3,3978,170520000000.0,35.18178575941357,-97.43762550287964,8.488879387402,0.3,186.66894879664767,-62.84647642379667
3979,3,3979,170530000000.0,35.18178651447896,-97.4376255,8.500184597044791,0.3,186.668688801702,-62.763011496004424
3980,3,3980,170540000000.0,35.181787302191715,-97.4376255,8.508161435098975,0.3,186.668688801702,-62.67593772781865
3981,3,3981,170550000000.0,35.18178808990447,-97.4376255,8.516138273153159,0.3,186.668688801702,-62.588863959632874
3982,3,3982,170560000000.0,35.18178887761723,-97.4376255,8.524115111207342,0.3,186.668688801702,-62.5017901914471
3983,3,3983,170570000000.0,35.18178966532999,-97.4376255,8.532091949261527,0.3,186.668688801702,-62.414716423261325
3984,3,3984,170580000000.0,35.181790453042744,-97.4376255,8.540068787315711,0.3,186.668688801702,-62.32764265507555
3985,3,3985,170590000000.0,35.1817912407555,-97.4376255,8.548045625369895,0.2021941961952411,186.668688801702,-62.240568886889776
3986,3,3986,170600000000.0,35.18179202846826,-97.4376255,8.556022463424078,0.2,186.668688801702,-62.153495118704
3987,3,3987,170610000000.0,35.181792816181016,-97.4376255,8.563999301478262,0.2,186.668688801702,-62.066421350518226
3988,3,3988,170620000000.0,35.18179360389377,-97.4376255,8.571976139532447,0.2,186.668688801702,-61.97934758233245
3989,3,3989,170630000000.0,35.18179439160654,-97.4376255,8.57995297758663,0.2,186.668688801702,-61.89227381336124
3990,3,3990,170640000000.0,35.181795179319295,-97.4376255,8.587929815640814,0.2,186.668688801702,-61.80520004517547
3991,3,3991,170650000000.0,35.18179596703205,-97.4376255,8.595906653694998,0.2,186.668688801702,-61.71812627698969
3992,3,3992,170660000000.0,35.18179675474481,-97.4376255,8.603883491749183,0.2,186.668688801702,-61.63105250880392
3993,3,3993,170670000000.0,35.181797542457566,-97.4376255,8.611860329803367,0.2,186.668688801702,-61.543978740618144
3994,3,3994,170680000000.0,35.181798330170324,-97.4376255,8.61983716785755,0.2,186.668688801702,-61.45690497243237
3995,3,3995,170690000000.0,35.18179911788308,-97.4376255,8.627814005911734,0.2,186.668688801702,-61.369831204246594
3996,3,3996,170700000000.0,35.18179990559584,-97.4376255,8.635790843965918,0.2,186.668688801702,-61.28275743606082
3997,3,3997,170710000000.0,35.181800693308595,-97.4376255,8.643767682020103,0.2,186.668688801702,-61.195683667875045
3998,3,3998,170720000000.0,35.18180148102135,-97.4376255,8.651744520074287,0.2,186.668688801702,-61.10860989968927
3999,3,3999,170730000000.0,35.18180227303179,-97.4376255,8.657469545121785,0.2,186.668688801702,-61.02106106571199
4000,3,4000,170740000000.0,35.18180307334189,-97.4376255,8.65884587459361,0.2,186.668688801702,-60.932594787555985
4001,3,4001,170750000000.0,35.181803873651994,-97.4376255,8.660222204065434,0.2,186.668688801702,-60.844128508614546
4002,3,4002,170760000000.0,35.18180467396209,-97.4376255,8.66159853353726,0.2,186.668688801702,-60.75566223045854
4003,3,4003,170770000000.0,35.181805474272196,-97.4376255,8.662974863009085,0.2,186.668688801702,-60.6671959515171
4004,3,4004,170780000000.0,35.18180627458229,-97.4376255,8.66435119248091,0.2,186.668688801702,-60.578729673361096
4005,3,4005,170790000000.0,35.1818070748924,-97.4376255,8.665727521952736,0.2,186.668688801702,-60.49026339441966
4006,3,4006,170800000000.0,35.181807875202495,-97.4376255,8.66710385142456,0.2,186.668688801702,-60.40179711626365
4007,3,4007,170810000000.0,35.18180867551259,-97.4376255,8.668480180896385,0.2,186.668688801702,-60.313330838107646
4008,3,4008,170820000000.0,35.181809475822696,-97.4376255,8.669856510368211,0.2,186.668688801702,-60.22486455916621
4009,3,4009,170830000000.0,35.18181027613279,-97.4376255,8.671232839840036,0.2,186.668688801702,-60.1363982810102
4010,3,4010,170840000000.0,35.1818110764429,-97.4376255,8.672609169311862,0.2,186.668688801702,-60.04793200206876
4011,3,4011,170850000000.0,35.181811876752995,-97.4376255,8.673985498783686,0.2,186.668688801702,-59.95946572391276
4012,3,4012,170860000000.0,35.1818126770631,-97.4376255,8.675361828255511,0.2,186.668688801702,-59.87099944497132
4013,3,4013,170870000000.0,35.1818134773732,-97.4376255,8.676738157727337,0.2,186.668688801702,-59.78253316681531
4014,3,4014,170880000000.0,35.1818142776833,-97.4376255,8.678114487199162,0.2,186.668688801702,-59.69406688787387
4015,3,4015,170890000000.0,35.1818150779934,-97.4376255,8.679490816670986,0.2,186.668688801702,-59.60560060971787
4016,3,4016,170900000000.0,35.1818158783035,-97.4376255,8.680867146142813,0.2,186.668688801702,-59.51713433077643
4017,3,4017,170910000000.0,35.1818166786136,-97.4376255,8.682243475614637,0.2,186.668688801702,-59.428668052620424
4018,3,4018,170920000000.0,35.181817478923705,-97.4376255,8.683619805086462,0.2,186.668688801702,-59.340201773678984
4019,3,4019,170930000000.0,35.18181828680626,-97.43762549635524,8.690997938023614,0.2,186.6683597269344,-59.25089843579542
4020,3,4020,170940000000.0,35.18181909757901,-97.43762549131938,8.700666780715366,0.2,186.66790505365697,-59.161275616373246
4021,3,4021,170950000000.0,35.181819908351756,-97.43762548628352,8.710335623407117,0.2,186.66745038037953,-59.07165279695107
4022,3,4022,170960000000.0,35.1818207191245,-97.43762548124766,8.72000446609887,0.2,186.66699570710213,-58.982029977528896
4023,3,4023,170970000000.0,35.18182152989725,-97.43762547621182,8.72967330879062,0.2,186.66654103510777,-58.89240715810672
4024,3,4024,170980000000.0,35.181822340669996,-97.43762547117596,8.739342151482372,0.2,186.66608636183037,-58.802784338684546
4025,3,4025,170990000000.0,35.18182315144274,-97.4376254661401,8.749010994174125,0.2,186.66563168855296,-58.71316151926237
4026,3,4026,171000000000.0,35.18182396221549,-97.43762546110425,8.758679836865875,0.2,186.66517701527553,-58.623538699840196
4027,3,4027,171010000000.0,35.181824772988236,-97.43762545606839,8.768348679557628,0.2,186.66472234199813,-58.53391588041802
4028,3,4028,171020000000.0,35.18182558376098,-97.43762545103255,8.778017522249378,0.2584911010047237,186.66426767000377,-58.44429306099585
4029,3,4029,171030000000.0,35.18182639453373,-97.43762544599669,8.78768636494113,0.3,186.66381299672634,-58.35467024157367
4030,3,4030,171040000000.0,35.181827205306476,-97.43762544096083,8.797355207632881,0.3,186.66335832344893,-58.2650474221515
4031,3,4031,171050000000.0,35.18182801607922,-97.43762543592497,8.807024050324634,0.3,186.66290365017153,-58.17542460272932
4032,3,4032,171060000000.0,35.18182882685197,-97.43762543088911,8.816692893016386,0.3,186.6624489768941,-58.08580178330715
4033,3,4033,171070000000.0,35.181829637624716,-97.43762542585327,8.826361735708137,0.3,186.66199430489976,-57.99617896388497
4034,3,4034,171080000000.0,35.18183044839746,-97.43762542081741,8.836030578399889,0.3,186.66153963162233,-57.9065561444628
4035,3,4035,171090000000.0,35.18183125917021,-97.43762541578155,8.84569942109164,0.3,186.66108495834493,-57.81693332504062
4036,3,4036,171100000000.0,35.181832069942956,-97.4376254107457,8.855368263783392,0.3,186.66063028506753,-57.72731050561845
4037,3,4037,171110000000.0,35.181832880715696,-97.43762540570984,8.865037106475143,0.3,186.6601756117901,-57.63768768698171
4038,3,4038,171120000000.0,35.18183369148844,-97.43762540067398,8.874705949166895,0.3,186.65972093851266,-57.54806486755953
4039,3,4039,171130000000.0,35.18183448219089,-97.4376253957363,8.877151197116946,0.3,186.6592751298803,-57.46066061940368
4040,3,4040,171140000000.0,35.18183526979211,-97.4376253908138,8.878480274187615,0.3,186.65883069155348,-57.373599180174466
4041,3,4041,171150000000.0,35.18183605739334,-97.4376253858913,8.879809351258283,0.3,186.6583862519436,-57.286537740159815
4042,3,4042,171160000000.0,35.181836844994564,-97.43762538096878,8.881138428328953,0.3,186.65794181233372,-57.1994763009306
4043,3,4043,171170000000.0,35.181837632595794,-97.43762537604627,8.882467505399621,0.3,186.6574973727238,-57.11241486091595
4044,3,4044,171180000000.0,35.18183842019702,-97.43762537112377,8.883796582470291,0.3,186.657052934397,-57.02535342168673
4045,3,4045,171190000000.0,35.18183920779825,-97.43762536620126,8.88512565954096,0.3,186.65660849478712,-56.93829198167208
4046,3,4046,171200000000.0,35.18183999539947,-97.43762536127875,8.886454736611627,0.3,186.65616405517724,-56.85123054244286
4047,3,4047,171210000000.0,35.1818407830007,-97.43762535635625,8.887783813682297,0.3,186.65571961685038,-56.76416910242821
4048,3,4048,171220000000.0,35.181841570601925,-97.43762535143374,8.889112890752966,0.35208006309699663,186.6552751772405,-56.677107663198996
4049,3,4049,171230000000.0,35.181842358203156,-97.43762534651123,8.890441967823635,0.4,186.65483073763062,-56.590046223184345
4050,3,4050,171240000000.0,35.181843145804386,-97.43762534158871,8.891771044894304,0.4,186.65438629802074,-56.502984783169694
4051,3,4051,171250000000.0,35.18184393340561,-97.43762533666622,8.893100121964972,0.7052580428288817,186.6539418596939,-56.41592334394048
4052,3,4052,171260000000.0,35.18184472100684,-97.4376253317437,8.894429199035642,0.8,186.653497420084,-56.32886190392583
4053,3,4053,171270000000.0,35.18184550860806,-97.43762532682119,8.89575827610631,0.8,186.65305298047411,-56.24180046469661
4054,3,4054,171280000000.0,35.181846296209294,-97.4376253218987,8.89708735317698,0.8397436816391646,186.6526085421473,-56.15473902468196
4055,3,4055,171290000000.0,35.18184708381052,-97.43762531697618,8.898416430247648,0.9,186.65216410253743,-56.06767758545274
4056,3,4056,171300000000.0,35.18184787141175,-97.43762531205367,8.899745507318316,1.0188540875196797,186.65171966292752,-55.98061614543809
4057,3,4057,171310000000.0,35.18184865901297,-97.43762530713116,8.901074584388986,1.1680994915140184,186.65127522331764,-55.893554706208874
4058,3,4058,171320000000.0,35.1818494466142,-97.43762530220866,8.902403661459655,1.3077701497230294,186.6508307849908,-55.806493266194224
4059,3,4059,171330000000.0,35.18185027219418,-97.43762529717249,8.911934931770116,1.4468961798738105,186.65037608348612,-55.715233655064935
4060,3,4060,171340000000.0,35.181851128683135,-97.4376252920438,8.928141549072485,1.6068152586960136,186.64991302927638,-55.62055736623904
4061,3,4061,171350000000.0,35.18185198517209,-97.43762528691514,8.944348166374857,1.7,186.6494499763497,-55.525881077413146
4062,3,4062,171360000000.0,35.18185284166104,-97.43762528178645,8.960554783677226,1.8472221609355526,186.64898692213993,-55.43120478858725
4063,3,4063,171370000000.0,35.181853698149986,-97.43762527665778,8.976761400979598,2.0103205459874403,186.64852386921325,-55.33652850054679
4064,3,4064,171380000000.0,35.18185455463894,-97.4376252715291,8.992968018281967,2.1400246994275998,186.6480608150035,-55.2418522117209
4065,3,4065,171390000000.0,35.18185541112789,-97.43762526640043,9.009174635584337,2.3035060747787415,186.6475977620768,-55.147175922895
4066,3,4066,171400000000.0,35.181856267616844,-97.43762526127175,9.025381252886708,2.4811789772464325,186.64713470786708,-55.05249963406911
4067,3,4067,171410000000.0,35.1818571241058,-97.43762525614308,9.041587870189078,2.611098892913912,186.64667165494038,-54.95782334524321
4068,3,4068,171420000000.0,35.18185798059475,-97.4376252510144,9.057794487491448,2.8,186.64620860073063,-54.86314705641732
4069,3,4069,171430000000.0,35.1818588370837,-97.43762524588573,9.074001104793819,2.8,186.64574554780395,-54.768470767591424
4070,3,4070,171440000000.0,35.181859693572655,-97.43762524075704,9.090207722096189,2.8,186.64528249359418,-54.67379447876553
4071,3,4071,171450000000.0,35.18186055006161,-97.43762523562837,9.106414339398558,2.8359975705219465,186.6448194406675,-54.579118189939635
4072,3,4072,171460000000.0,35.18186140655056,-97.43762523049969,9.12262095670093,2.8585211619961437,186.64435638645776,-54.48444190111374
4073,3,4073,171470000000.0,35.18186226303951,-97.43762522537102,9.1388275740033,2.8,186.64389333353105,-54.389765612287846
4074,3,4074,171480000000.0,35.181863119528465,-97.43762522024234,9.155034191305669,2.8,186.6434302793213,-54.29508932346195
4075,3,4075,171490000000.0,35.18186397601742,-97.43762521511367,9.17124080860804,2.8,186.64296722639463,-54.20041303463606
4076,3,4076,171500000000.0,35.18186483250637,-97.43762520998499,9.18744742591041,2.8,186.64250417218486,-54.10573674581016
4077,3,4077,171510000000.0,35.18186568899532,-97.43762520485632,9.20365404321278,2.8,186.64204111925818,-54.01106045698427
4078,3,4078,171520000000.0,35.18186654339844,-97.43762520052925,9.218648049182642,2.8,186.64165044104539,-53.91661473621866
4079,3,4079,171530000000.0,35.18186736061035,-97.43762521049524,9.212020659978936,2.8,186.64255024165155,-53.82628013221151
4080,3,4080,171540000000.0,35.181868177822246,-97.43762522046124,9.20539327077523,2.8,186.64345004354078,-53.73594552898979
4081,3,4081,171550000000.0,35.18186899503415,-97.43762523042724,9.198765881571525,2.8,186.64434984543004,-53.645610924982634
4082,3,4082,171560000000.0,35.18186981224605,-97.43762524039325,9.19213849236782,2.8,186.64524964731928,-53.555276321760914
4083,3,4083,171570000000.0,35.181870629457954,-97.43762525035925,9.185511103164112,2.8,186.64614944920854,-53.46494171775376
4084,3,4084,171580000000.0,35.18187144666985,-97.43762526032525,9.178883713960406,2.792082847942227,186.64704925109777,-53.37460711453204
4085,3,4085,171590000000.0,35.18187226388176,-97.43762527029124,9.1722563247567,2.7,186.64794905170393,-53.284272510524886
4086,3,4086,171600000000.0,35.181873081093656,-97.43762528025724,9.165628935552995,2.7,186.64884885359317,-53.193937907303166
4087,3,4087,171610000000.0,35.18187389830556,-97.43762529022324,9.15900154634929,2.7,186.64974865548243,-53.10360330329601
4088,3,4088,171620000000.0,35.181874715517466,-97.43762530018924,9.152374157145584,2.7,186.65064845737166,-53.01326869928886
4089,3,4089,171630000000.0,35.181875532729364,-97.43762531015524,9.145746767941878,2.7,186.6515482592609,-52.92293409606714
4090,3,4090,171640000000.0,35.18187634994127,-97.43762532012124,9.13911937873817,2.7,186.65244806115012,-52.832599492059984
4091,3,4091,171650000000.0,35.18187716715317,-97.43762533008723,9.132491989534465,2.7,186.65334786175632,-52.742264888838264
4092,3,4092,171660000000.0,35.18187798436507,-97.43762534005323,9.12586460033076,2.6544569214988236,186.65424766364558,-52.65193028483111
4093,3,4093,171670000000.0,35.18187880157697,-97.43762535001923,9.119237211127054,2.6,186.6551474655348,-52.56159568160939
4094,3,4094,171680000000.0,35.18187961878888,-97.43762535998523,9.112609821923348,2.6,186.65604726742404,-52.471261077602236
4095,3,4095,171690000000.0,35.181880436000775,-97.43762536995123,9.105982432719642,2.6,186.65694706931328,-52.380926474380516
4096,3,4096,171700000000.0,35.18188125321268,-97.43762537991724,9.099355043515937,2.6,186.65784687120254,-52.29059187037336
4097,3,4097,171710000000.0,35.18188207042458,-97.43762538988322,9.09272765431223,2.6,186.65874667180873,-52.20025726715164
4098,3,4098,171720000000.0,35.18188288763648,-97.43762539984922,9.086100265108524,2.569331496226535,186.65964647369796,-52.10992266314449
4099,3,4099,171730000000.0,35.18188372172219,-97.4376254049205,9.094807680950264,2.5,186.66010434435492,-52.01772282946678
4100,3,4100,171740000000.0,35.1818845560671,-97.43762540991656,9.103750659326078,2.4729488500772265,186.66055542507104,-51.92549434315893
4101,3,4101,171750000000.0,35.181885390412006,-97.43762541491265,9.11269363770189,2.3,186.66100650707017,-51.833265856851085
4102,3,4102,171760000000.0,35.181886224756916,-97.43762541990873,9.121636616077703,2.3,186.66145758906933,-51.74103737054324
4103,3,4103,171770000000.0,35.181887059101825,-97.4376254249048,9.130579594453517,2.2697672023023023,186.66190866978545,-51.64880888423539
4104,3,4104,171780000000.0,35.181887893446735,-97.43762542990088,9.13952257282933,2.2145292808985912,186.66235975178458,-51.55658039792755
4105,3,4105,171790000000.0,35.181888727791645,-97.43762543489696,9.148465551205144,2.3,186.66281083378377,-51.4643519116197
4106,3,4106,171800000000.0,35.18188956213656,-97.43762543989303,9.157408529580957,2.227196351317956,186.66326191449983,-51.37212342452642
4107,3,4107,171810000000.0,35.18189039648147,-97.43762544488911,9.16635150795677,2.06272467058522,186.663712996499,-51.279894938218575
4108,3,4108,171820000000.0,35.18189123082638,-97.43762544988519,9.175294486332584,1.932673507896114,186.66416407849815,-51.18766645191073
4109,3,4109,171830000000.0,35.18189206517129,-97.43762545488126,9.184237464708398,1.8,186.66461515921424,-51.09543796560288
4110,3,4110,171840000000.0,35.1818928995162,-97.43762545987734,9.193180443084211,1.8,186.6650662412134,-51.00320947929504
4111,3,4111,171850000000.0,35.18189373386111,-97.43762546487342,9.202123421460024,1.8,186.66551732321255,-50.91098099298719
4112,3,4112,171860000000.0,35.18189456820602,-97.43762546986949,9.211066399835838,1.7540440941726911,186.66596840392864,-50.818752506679346
4113,3,4113,171870000000.0,35.18189540255093,-97.43762547486557,9.220009378211651,1.666720337652018,186.66641948592778,-50.7265240203715
4114,3,4114,171880000000.0,35.18189623689584,-97.43762547986165,9.228952356587465,1.5889498421705976,186.66687056792696,-50.634295534063654
4115,3,4115,171890000000.0,35.18189707124075,-97.43762548485772,9.237895334963277,1.4916647738523314,186.66732164864305,-50.54206704775581
4116,3,4116,171900000000.0,35.18189790558566,-97.4376254898538,9.24683831333909,1.4,186.66777273064218,-50.44983856144796
4117,3,4117,171910000000.0,35.18189873993057,-97.43762549484988,9.255781291714904,1.4,186.66822381264137,-50.357610075140116
4118,3,4118,171920000000.0,35.18189957427548,-97.43762549984595,9.264724270090717,1.4,186.66867489335743,-50.26538158883227
4119,3,4119,171930000000.0,35.181900414745066,-97.4376255,9.264854509809647,1.4,186.668688801702,-50.1724760804602
4120,3,4120,171940000000.0,35.1819012554095,-97.4376255,9.264704391161121,1.4,186.668688801702,-50.079549033918624
4121,3,4121,171950000000.0,35.181902096073934,-97.4376255,9.264554272512594,1.4,186.668688801702,-49.98662198737705
4122,3,4122,171960000000.0,35.18190293673836,-97.4376255,9.264404153864069,1.4,186.668688801702,-49.89369494162091
4123,3,4123,171970000000.0,35.181903777402795,-97.4376255,9.264254035215544,1.393061525290886,186.668688801702,-49.80076789507933
4124,3,4124,171980000000.0,35.18190461806722,-97.4376255,9.264103916567018,1.3191138360341619,186.668688801702,-49.70784084932319
4125,3,4125,171990000000.0,35.181905458731656,-97.4376255,9.263953797918493,1.3,186.668688801702,-49.614913802781615
4126,3,4126,172000000000.0,35.18190629939609,-97.4376255,9.263803679269968,1.3,186.668688801702,-49.52198675624004
4127,3,4127,172010000000.0,35.18190714006052,-97.4376255,9.26365356062144,1.3,186.668688801702,-49.4290597104839
4128,3,4128,172020000000.0,35.18190798072495,-97.4376255,9.263503441972915,1.3902897757282808,186.668688801702,-49.33613266394232
4129,3,4129,172030000000.0,35.181908821389385,-97.4376255,9.26335332332439,1.3188178616889814,186.668688801702,-49.24320561740075
4130,3,4130,172040000000.0,35.18190966205381,-97.4376255,9.263203204675865,1.3,186.668688801702,-49.150278571644606
4131,3,4131,172050000000.0,35.181910502718246,-97.4376255,9.26305308602734,1.1909308859322343,186.668688801702,-49.05735152510303
4132,3,4132,172060000000.0,35.18191134338268,-97.4376255,9.262902967378812,1.1,186.668688801702,-48.964424478561455
4133,3,4133,172070000000.0,35.18191218404711,-97.4376255,9.262752848730287,1.0883034493466028,186.668688801702,-48.87149743280531
4134,3,4134,172080000000.0,35.18191302471154,-97.4376255,9.262602730081761,1.0270820805910752,186.668688801702,-48.77857038626374
4135,3,4135,172090000000.0,35.181913865375975,-97.4376255,9.262452611433236,1.0,186.668688801702,-48.68564333972216
4136,3,4136,172100000000.0,35.1819147060404,-97.4376255,9.26230249278471,1.0,186.668688801702,-48.59271629396602
4137,3,4137,172110000000.0,35.181915546704836,-97.4376255,9.262152374136184,1.0,186.668688801702,-48.499789247424445
4138,3,4138,172120000000.0,35.18191638736927,-97.4376255,9.262002255487658,1.0,186.668688801702,-48.40686220088287
4139,3,4139,172130000000.0,35.1819172602148,-97.43762551483128,9.278462731565341,1.0,186.6700278763281,-48.31037785569379
4140,3,4140,172140000000.0,35.18191813355122,-97.4376255298888,9.295176583745532,1.0,186.67138737723144,-48.21383924801552
4141,3,4141,172150000000.0,35.18191900688764,-97.43762554494634,9.311890435925724,1.0,186.67274687941782,-48.11730064033725
4142,3,4142,172160000000.0,35.181919880224065,-97.43762556000387,9.328604288105916,1.0,186.67410638032115,-48.020762031873545
4143,3,4143,172170000000.0,35.18192075356048,-97.43762557506139,9.345318140286107,1.0,186.67546588122445,-47.924223424195276
4144,3,4144,172180000000.0,35.1819216268969,-97.43762559011891,9.3620319924663,1.0,186.67682538212782,-47.82768481651701
4145,3,4145,172190000000.0,35.18192250023333,-97.43762560517644,9.378745844646492,1.0,186.67818488303112,-47.7311462080533
4146,3,4146,172200000000.0,35.181923373569745,-97.43762562023396,9.395459696826682,1.0,186.67954438393446,-47.634607600375034
4147,3,4147,172210000000.0,35.18192424690616,-97.43762563529148,9.412173549006875,1.0,186.68090388483776,-47.538068992696765
4148,3,4148,172220000000.0,35.18192512024259,-97.437625650349,9.428887401187067,1.0,186.68226338574112,-47.44153038423306
4149,3,4149,172230000000.0,35.18192599357901,-97.43762566540654,9.445601253367258,1.0,186.6836228879275,-47.34499177655479
4150,3,4150,172240000000.0,35.181926866915425,-97.43762568046407,9.46231510554745,1.0,186.68498238883083,-47.24845316887652
4151,3,4151,172250000000.0,35.181927740251844,-97.43762569552159,9.479028957727643,1.0,186.68634188973414,-47.151914561198254
4152,3,4152,172260000000.0,35.18192861358827,-97.43762571057911,9.495742809907833,1.0,186.68770139063747,-47.05537595273455
4153,3,4153,172270000000.0,35.18192948692469,-97.43762572563664,9.512456662088026,1.0,186.6890608915408,-46.95883734505628
4154,3,4154,172280000000.0,35.181930360261106,-97.43762574069416,9.529170514268218,1.0,186.69042039244414,-46.86229873737801
4155,3,4155,172290000000.0,35.18193123359753,-97.43762575575168,9.545884366448409,1.0,186.69177989334744,-46.76576012891431
4156,3,4156,172300000000.0,35.18193210693395,-97.4376257708092,9.562598218628601,1.0,186.6931393942508,-46.66922152123604
4157,3,4157,172310000000.0,35.18193298027037,-97.43762578586674,9.579312070808793,1.0,186.69449889643715,-46.57268291355777
4158,3,4158,172320000000.0,35.1819338525118,-97.43762579969821,9.59515693179802,1.0,186.69574770026182,-46.476265345962275
4159,3,4159,172330000000.0,35.18193470800911,-97.43762579478157,9.597713590438696,1.0,186.69530379055473,-46.3816986730825
4160,3,4160,172340000000.0,35.18193556350643,-97.43762578986491,9.60027024907937,1.0,186.69485987956458,-46.287131999417284
4161,3,4161,172350000000.0,35.18193641900374,-97.43762578494825,9.602826907720047,1.0,186.69441596857442,-46.192565326537505
4162,3,4162,172360000000.0,35.18193727450105,-97.43762578003161,9.605383566360723,1.0,186.69397205886733,-46.097998653657726
4163,3,4163,172370000000.0,35.181938129998365,-97.43762577511495,9.6079402250014,1.0,186.6935281478772,-46.00343198077795
4164,3,4164,172380000000.0,35.181938985495684,-97.43762577019831,9.610496883642075,1.0,186.6930842381701,-45.908865307112734
4165,3,4165,172390000000.0,35.181939840992996,-97.43762576528165,9.613053542282751,1.0,186.69264032717993,-45.814298634232955
4166,3,4166,172400000000.0,35.18194069649031,-97.437625760365,9.615610200923427,1.0,186.6921964161898,-45.719731961353176
4167,3,4167,172410000000.0,35.18194155198763,-97.43762575544835,9.618166859564104,1.0,186.6917525064827,-45.62516528768796
4168,3,4168,172420000000.0,35.18194240748494,-97.4376257505317,9.620723518204779,1.0,186.69130859549253,-45.530598614808184
4169,3,4169,172430000000.0,35.18194326298225,-97.43762574561505,9.623280176845455,1.0,186.69086468578547,-45.436031941928405
4170,3,4170,172440000000.0,35.18194411847957,-97.4376257406984,9.625836835486131,1.0,186.6904207747953,-45.34146526826319
4171,3,4171,172450000000.0,35.18194497397688,-97.43762573578174,9.628393494126808,1.0,186.68997686380516,-45.24689859538341
4172,3,4172,172460000000.0,35.181945829474195,-97.4376257308651,9.630950152767483,1.0,186.68953295409807,-45.152331922503635
4173,3,4173,172470000000.0,35.181946684971514,-97.43762572594844,9.633506811408159,1.0,186.6890890431079,-45.05776524883842
4174,3,4174,172480000000.0,35.181947540468826,-97.4376257210318,9.636063470048835,1.0,186.6886451334008,-44.96319857595864
4175,3,4175,172490000000.0,35.18194839596614,-97.43762571611514,9.638620128689512,1.0,186.68820122241067,-44.868631903078864
4176,3,4176,172500000000.0,35.18194925146345,-97.43762571119848,9.641176787330187,1.0,186.6877573114205,-44.774065230199085
4177,3,4177,172510000000.0,35.18195010696077,-97.43762570628184,9.643733445970863,1.0,186.68731340171342,-44.67949855653387
4178,3,4178,172520000000.0,35.18195096245808,-97.43762570136518,9.64629010461154,1.0,186.68686949072327,-44.58493188365409
4179,3,4179,172530000000.0,35.18195184202536,-97.4376257,9.654754800696573,1.0,186.68674623251056,-44.4877045163868
4180,3,4180,172540000000.0,35.181952730845126,-97.4376257,9.665490545077361,1.0,186.68674623251056,-44.38945437982028
4181,3,4181,172550000000.0,35.181953619664895,-97.4376257,9.67622628945815,1.0,186.68674623251056,-44.291204242468325
4182,3,4182,172560000000.0,35.181954508484665,-97.4376257,9.686962033838936,1.0,186.68674623251056,-44.19295410511637
4183,3,4183,172570000000.0,35.18195539730443,-97.4376257,9.697697778219725,0.9123141118841064,186.68674623251056,-44.09470396854985
4184,3,4184,172580000000.0,35.1819562861242,-97.4376257,9.708433522600512,0.9,186.68674623251056,-43.9964538311979
4185,3,4185,172590000000.0,35.18195717494397,-97.4376257,9.7191692669813,0.9,186.68674623251056,-43.89820369384594
4186,3,4186,172600000000.0,35.18195806376373,-97.4376257,9.729905011362089,0.9,186.68674623251056,-43.79995355727942
4187,3,4187,172610000000.0,35.1819589525835,-97.4376257,9.740640755742875,0.9,186.68674623251056,-43.70170341992747
4188,3,4188,172620000000.0,35.18195984140327,-97.4376257,9.751376500123664,0.9,186.68674623251056,-43.603453282575515
4189,3,4189,172630000000.0,35.18196073022303,-97.4376257,9.76211224450445,0.9,186.68674623251056,-43.505203146008995
4190,3,4190,172640000000.0,35.1819616190428,-97.4376257,9.772847988885239,0.9,186.68674623251056,-43.40695300865704
4191,3,4191,172650000000.0,35.18196250786257,-97.4376257,9.783583733266028,0.9,186.68674623251056,-43.30870287130509
4192,3,4192,172660000000.0,35.181963396682335,-97.4376257,9.794319477646814,0.9,186.68674623251056,-43.21045273473857
4193,3,4193,172670000000.0,35.181964285502104,-97.4376257,9.805055222027603,0.9,186.68674623251056,-43.11220259738661
4194,3,4194,172680000000.0,35.181965174321874,-97.4376257,9.81579096640839,0.9,186.68674623251056,-43.01395246003466
4195,3,4195,172690000000.0,35.18196606314164,-97.4376257,9.826526710789178,0.9,186.68674623251056,-42.91570232346814
4196,3,4196,172700000000.0,35.18196695196141,-97.4376257,9.837262455169967,0.9,186.68674623251056,-42.817452186116185
4197,3,4197,172710000000.0,35.18196784078118,-97.4376257,9.847998199550753,0.9,186.68674623251056,-42.71920204876423
4198,3,4198,172720000000.0,35.18196872960094,-97.4376257,9.858733943931542,0.9,186.68674623251056,-42.62095191219771
4199,3,4199,172730000000.0,35.18196963422788,-97.43762570354318,9.861929136549698,0.8394841067368981,186.68706613598232,-42.520954449805686
4200,3,4200,172740000000.0,35.18197054576637,-97.43762570863557,9.86182728867378,0.8,186.68752591326293,-42.420192985609475
4201,3,4201,172750000000.0,35.18197145730486,-97.43762571372795,9.861725440797862,0.8,186.68798569054354,-42.31943152062783
4202,3,4202,172760000000.0,35.18197236884335,-97.43762571882036,9.861623592921942,0.8,186.6884454691072,-42.21867005643162
4203,3,4203,172770000000.0,35.18197328038184,-97.43762572391275,9.861521745046025,0.8,186.6889052463878,-42.117908591449975
4204,3,4204,172780000000.0,35.181974191920325,-97.43762572900515,9.861419897170107,0.6751949852938259,186.68936502495146,-42.017147127253764
4205,3,4205,172790000000.0,35.18197510345882,-97.43762573409754,9.861318049294189,0.6,186.68982480223207,-41.91638566227212
4206,3,4206,172800000000.0,35.18197601499731,-97.43762573918993,9.86121620141827,0.6,186.69028457951265,-41.815624197290475
4207,3,4207,172810000000.0,35.181976926535796,-97.43762574428233,9.861114353542352,0.6,186.69074435807633,-41.714862733094265
4208,3,4208,172820000000.0,35.18197783807429,-97.43762574937472,9.861012505666434,0.6,186.69120413535694,-41.61410126811262
4209,3,4209,172830000000.0,35.181978749612774,-97.4376257544671,9.860910657790516,0.5369192815916563,186.69166391263752,-41.51333980391641
4210,3,4210,172840000000.0,35.18197966115127,-97.43762575955951,9.860808809914596,0.5,186.69212369120118,-41.412578338934765
4211,3,4211,172850000000.0,35.18198057268975,-97.4376257646519,9.860706962038678,0.5,186.69258346848179,-41.311816874738554
4212,3,4212,172860000000.0,35.181981484228245,-97.4376257697443,9.86060511416276,0.5,186.69304324704544,-41.21105540975691
4213,3,4213,172870000000.0,35.18198239576673,-97.43762577483669,9.860503266286843,0.5,186.69350302432605,-41.1102939455607
4214,3,4214,172880000000.0,35.181983307305224,-97.43762577992908,9.860401418410923,0.5,186.69396280160663,-41.009532480579054
4215,3,4215,172890000000.0,35.18198421884371,-97.43762578502148,9.860299570535005,0.5,186.6944225801703,-40.90877101638284
4216,3,4216,172900000000.0,35.1819851303822,-97.43762579011387,9.860197722659088,0.5,186.69488235745092,-40.8080095514012
4217,3,4217,172910000000.0,35.18198604192069,-97.43762579520627,9.86009587478317,0.5,186.69534213601457,-40.70724808720499
4218,3,4218,172920000000.0,35.18198695701324,-97.43762580093978,9.860545071649836,0.5,186.69585979843941,-40.606093756806274
4219,3,4219,172930000000.0,35.18198792915243,-97.43762581696406,9.869839149625195,0.5,186.69730658446917,-40.498633490690565
4220,3,4220,172940000000.0,35.18198890129162,-97.43762583298833,9.879133227600555,0.5,186.69875337049888,-40.39117322457486
4221,3,4221,172950000000.0,35.18198987343081,-97.4376258490126,9.888427305575913,0.5,186.70020015652864,-40.28371295845915
4222,3,4222,172960000000.0,35.18199084557,-97.43762586503688,9.897721383551273,0.5,186.70164694255834,-40.17625269234344
4223,3,4223,172970000000.0,35.18199181770919,-97.43762588106115,9.907015461526633,0.5,186.7030937285881,-40.06879242622773
4224,3,4224,172980000000.0,35.18199278984838,-97.43762589708543,9.916309539501992,0.5,186.7045405146178,-39.96133216011202
4225,3,4225,172990000000.0,35.18199376198757,-97.43762591310968,9.925603617477352,0.5,186.7059872993645,-39.85387189399631
4226,3,4226,173000000000.0,35.18199473412676,-97.43762592913396,9.93489769545271,0.5,186.70743408539423,-39.746411627880605
4227,3,4227,173010000000.0,35.18199570626595,-97.43762594515823,9.94419177342807,0.5,186.708880871424,-39.638951361764896
4228,3,4228,173020000000.0,35.18199667840514,-97.4376259611825,9.953485851403428,0.5,186.7103276574537,-39.53149109564919
4229,3,4229,173030000000.0,35.18199765054433,-97.43762597720678,9.962779929378788,0.5,186.71177444348345,-39.42403082953348
4230,3,4230,173040000000.0,35.18199862268352,-97.43762599323105,9.972074007354149,0.5,186.71322122951315,-39.31657056341777
4231,3,4231,173050000000.0,35.18199959482271,-97.43762600925533,9.981368085329507,0.5,186.7146680155429,-39.20911029730206
