,turnId,pointId,time [ns],lat [deg],lon [deg],speed [mps],steer_angle [deg],x [m],y [m]
0,2,0,95000000000.0,35.18318396852895,-97.43649999870429,10.133513185914104,16.7,85.05038112862779,91.7115591902251
1,2,1,95010000000.0,35.1831844293249,-97.4364990572932,10.135445556051101,16.7,84.96538380172365,91.76249557481512
2,2,2,95020000000.0,35.183184897214474,-97.43649811251494,10.137615030353858,16.7,84.88008246201626,91.81421608795404
3,2,3,95030000000.0,35.18318539428071,-97.43649715388719,10.140759735131052,16.7,84.79353069156717,91.86916178999496
4,2,4,95040000000.0,35.18318589134695,-97.43649619525944,10.143904439908248,16.7,84.70697892111808,91.92410749203589
5,2,5,95050000000.0,35.18318638841319,-97.4364952366317,10.147049144685443,16.7,84.62042715195206,91.97905319407681
6,2,6,95060000000.0,35.18318688547943,-97.43649427800395,10.150193849462637,16.7,84.53387538150297,92.03399889611774
7,2,7,95070000000.0,35.18318738254567,-97.4364933193762,10.153338554239832,16.7,84.44732361105389,92.08894459815866
8,2,8,95080000000.0,35.18318787961191,-97.43649236074846,10.156483259017028,16.7,84.36077184188787,92.14389030019959
9,2,9,95090000000.0,35.183188376678146,-97.43649140212071,10.159627963794224,16.7,84.27422007143878,92.19883600224051
10,2,10,95100000000.0,35.183188873744385,-97.43649044349296,10.162772668571417,16.7,84.18766830098969,92.25378170428144
11,2,11,95110000000.0,35.183189370810624,-97.43648948486522,10.165917373348613,16.7,84.10111653182365,92.30872740632236
12,2,12,95120000000.0,35.18318986787686,-97.43648852623747,10.169062078125808,16.762213961659874,84.01456476137457,92.36367310836329
13,2,13,95130000000.0,35.1831903649431,-97.43648756760973,10.172206782903004,16.8,83.92801299220855,92.41861881040421
14,2,14,95140000000.0,35.18319086200934,-97.43648660898198,10.175351487680198,16.8,83.84146122175946,92.47356451244514
15,2,15,95150000000.0,35.18319135907558,-97.43648565035423,10.178496192457393,16.8,83.75490945131037,92.52851021448606
16,2,16,95160000000.0,35.18319185614182,-97.43648469172649,10.181640897234589,16.737877578812874,83.66835768214435,92.58345591652699
17,2,17,95170000000.0,35.18319235320806,-97.43648373309874,10.184785602011782,16.7,83.58180591169526,92.63840161856791
18,2,18,95180000000.0,35.183192850274295,-97.43648277447099,10.187930306788978,16.780424863097664,83.49525414124616,92.69334732060884
19,2,19,95190000000.0,35.18319334734054,-97.43648181584325,10.191075011566173,16.8,83.40870237208014,92.7482930234352
20,2,20,95200000000.0,35.18319384440678,-97.4364808572155,10.194219716343369,16.8,83.32215060163105,92.80323872547612
21,2,21,95210000000.0,35.18319434147302,-97.43647989858775,10.197364421120563,16.8,83.23559883118197,92.85818442751705
22,2,22,95220000000.0,35.183194835998414,-97.43647895632297,10.199495596674103,16.8,83.15052442715778,92.91284926466446
23,2,23,95230000000.0,35.18319532777008,-97.43647803179225,10.200528317158808,16.8,83.06705118024014,92.96720970453208
24,2,24,95240000000.0,35.18319581954174,-97.43647710726154,10.201561037643513,16.8,82.98357793460553,93.02157014361427
25,2,25,95250000000.0,35.183196311313395,-97.43647618273081,10.202593758128216,16.8,82.90010468768789,93.07593058269646
26,2,26,95260000000.0,35.18319680308505,-97.43647525820009,10.203626478612922,16.8,82.81663144077024,93.13029102177865
27,2,27,95270000000.0,35.18319729485671,-97.43647433366938,10.204659199097627,16.8,82.73315819513563,93.18465146086083
28,2,28,95280000000.0,35.18319778662838,-97.43647340913866,10.205691919582332,16.8,82.649684948218,93.23901190072846
29,2,29,95290000000.0,35.183198278400035,-97.43647248460793,10.206724640067035,16.8,82.56621170130033,93.29337233981065
30,2,30,95300000000.0,35.18319877017169,-97.43647156007722,10.20775736055174,16.8,82.48273845566574,93.34773277889283
31,2,31,95310000000.0,35.18319926194335,-97.4364706355465,10.208790081036446,16.8,82.39926520874809,93.40209321797502
32,2,32,95320000000.0,35.18319975371501,-97.43646971101577,10.20982280152115,16.8,82.31579196183043,93.45645365705721
33,2,33,95330000000.0,35.183200245486674,-97.43646878648507,10.210855522005856,16.8,82.23231871619585,93.51081409692483
34,2,34,95340000000.0,35.18320073725833,-97.43646786195434,10.21188824249056,16.8,82.14884546927819,93.56517453600702
35,2,35,95350000000.0,35.18320122902999,-97.43646693742362,10.212920962975264,16.8,82.06537222236054,93.61953497508921
36,2,36,95360000000.0,35.18320172080165,-97.43646601289291,10.21395368345997,16.8,81.98189897672594,93.6738954141714
37,2,37,95370000000.0,35.183202212573306,-97.43646508836218,10.214986403944675,16.829780839050276,81.89842572980828,93.72825585325359
38,2,38,95380000000.0,35.18320270434497,-97.43646416383146,10.216019124429378,16.85600792460174,81.81495248289065,93.78261629312121
39,2,39,95390000000.0,35.18320319611663,-97.43646323930075,10.217051844914083,16.85330961486042,81.73147923725604,93.8369767322034
40,2,40,95400000000.0,35.18320368788829,-97.43646231477003,10.218084565398788,16.9,81.64800599033839,93.89133717128558
41,2,41,95410000000.0,35.183204179659946,-97.4364613902393,10.219117285883494,16.9,81.56453274342074,93.94569761036777
42,2,42,95420000000.0,35.183204685434845,-97.43646044023686,10.219589912769985,16.9,81.47875972735645,94.00160596773588
43,2,43,95430000000.0,35.18320527361193,-97.43645934034569,10.216766662743723,16.9,81.37945368548912,94.06662306298585
44,2,44,95440000000.0,35.18320586178902,-97.43645824045454,10.213943412717459,16.9504461173241,81.28014764490487,94.13164015823583
45,2,45,95450000000.0,35.18320644996611,-97.43645714056339,10.211120162691195,17.0,81.1808416043206,94.1966572534858
46,2,46,95460000000.0,35.183207038143195,-97.43645604067223,10.208296912664931,17.0,81.0815355624533,94.26167434873577
47,2,47,95470000000.0,35.18320762632029,-97.43645494078108,10.205473662638667,17.0,80.98222952186903,94.32669144477117
48,2,48,95480000000.0,35.18320821449738,-97.43645384088993,10.202650412612405,17.0,80.88292348128478,94.39170854002114
49,2,49,95490000000.0,35.183208802674464,-97.43645274099876,10.199827162586141,17.0,80.78361743941745,94.45672563527111
50,2,50,95500000000.0,35.18320939085155,-97.43645164110761,10.197003912559877,17.0,80.6843113988332,94.52174273052108
51,2,51,95510000000.0,35.18320997902864,-97.43645054121644,10.194180662533613,17.0,80.5850053569659,94.58675982577105
52,2,52,95520000000.0,35.18321056720573,-97.4364494413253,10.19135741250735,17.0,80.48569931638163,94.65177692102102
53,2,53,95530000000.0,35.183211155382814,-97.43644834143414,10.188534162481087,17.0,80.38639327579737,94.716794016271
54,2,54,95540000000.0,35.18321174355991,-97.43644724154298,10.185710912454823,17.0,80.28708723393007,94.7818111123064
55,2,55,95550000000.0,35.183212331736996,-97.43644614165183,10.18288766242856,17.0,80.1877811933458,94.84682820755637
56,2,56,95560000000.0,35.183212919914084,-97.43644504176066,10.180064412402295,17.0,80.08847515147849,94.91184530280634
57,2,57,95570000000.0,35.18321350809117,-97.43644394186951,10.177241162376031,17.0,79.98916911089422,94.97686239805631
58,2,58,95580000000.0,35.18321409626826,-97.43644284197836,10.174417912349769,17.0,79.88986307030997,95.04187949330628
59,2,59,95590000000.0,35.18321465476181,-97.43644179906647,10.172654994223942,17.0,79.79570152492848,95.10361537072413
60,2,60,95600000000.0,35.18321503618771,-97.43644109604618,10.177217147132916,17.0,79.73222782437314,95.14577818958472
61,2,61,95610000000.0,35.18321541761361,-97.4364403930259,10.181779300041892,17.040673128693964,79.66875412510088,95.1879410084453
62,2,62,95620000000.0,35.18321579903951,-97.43643969000561,10.186341452950868,17.1,79.60528042454554,95.2301038273059
63,2,63,95630000000.0,35.18321618046541,-97.43643898698532,10.190903605859845,17.1,79.5418067239902,95.27226664616649
64,2,64,95640000000.0,35.18321656189131,-97.43643828396505,10.19546575876882,17.1,79.47833302471793,95.31442946502708
65,2,65,95650000000.0,35.183216943317206,-97.43643758094476,10.200027911677797,17.047970792183932,79.41485932416259,95.35659228388766
66,2,66,95660000000.0,35.183217324743104,-97.43643687792448,10.204590064586773,17.041166223595674,79.35138562489033,95.39875510274825
67,2,67,95670000000.0,35.183217706169,-97.43643617490419,10.209152217495749,17.1,79.287911924335,95.44091792160884
68,2,68,95680000000.0,35.1832180875949,-97.4364354718839,10.213714370404725,17.1,79.22443822377967,95.48308074046943
69,2,69,95690000000.0,35.1832184690208,-97.43643476886362,10.218276523313701,17.1,79.16096452450739,95.52524355933002
70,2,70,95700000000.0,35.1832188504467,-97.43643406584333,10.222838676222677,17.1,79.09749082395206,95.56740637819061
71,2,71,95710000000.0,35.1832192318726,-97.43643336282305,10.227400829131653,17.1,79.03401712467979,95.6095691970512
72,2,72,95720000000.0,35.1832196132985,-97.43643265980276,10.23196298204063,17.1,78.97054342412446,95.65173201591179
73,2,73,95730000000.0,35.183220113110416,-97.43643176201635,10.229831483263524,17.1,78.88948484544582,95.70698122533585
74,2,74,95740000000.0,35.18322064774891,-97.43643080693398,10.225730857882338,17.1,78.80325317734244,95.76608016460114
75,2,75,95750000000.0,35.18322118238741,-97.43642985185161,10.221630232501152,17.1,78.71702150923906,95.82517910465185
76,2,76,95760000000.0,35.18322171702591,-97.43642889676924,10.217529607119966,17.1,78.6307898411357,95.88427804391713
77,2,77,95770000000.0,35.18322225166441,-97.43642794168689,10.21342898173878,17.1,78.54455817431537,95.94337698396785
78,2,78,95780000000.0,35.183222786302906,-97.43642698660452,10.209328356357593,17.1,78.45832650621199,96.00247592323313
79,2,79,95790000000.0,35.18322332094141,-97.43642603152215,10.205227730976405,17.1,78.37209483810862,96.06157486328385
80,2,80,95800000000.0,35.183223855579904,-97.43642507643978,10.20112710559522,17.1,78.28586317000524,96.12067380254913
81,2,81,95810000000.0,35.183224390218406,-97.4364241213574,10.197026480214033,17.1,78.19963150190188,96.17977274259985
82,2,82,95820000000.0,35.1832249248569,-97.43642316627505,10.192925854832847,17.1,78.11339983508157,96.23887168186513
83,2,83,95830000000.0,35.183225459495404,-97.43642221119268,10.18882522945166,17.1,78.02716816697819,96.29797062191585
84,2,84,95840000000.0,35.1832259941339,-97.43642125611031,10.184724604070475,17.1,77.9409364988748,96.35706956118113
85,2,85,95850000000.0,35.1832265287724,-97.43642030102794,10.180623978689288,17.1,77.85470483077144,96.41616850123185
86,2,86,95860000000.0,35.1832270634109,-97.43641934594558,10.176523353308102,17.083289341291685,77.76847316395111,96.47526744049713
87,2,87,95870000000.0,35.1832275980494,-97.43641839086321,10.172422727926916,17.026103594838986,77.68224149584773,96.53436638054785
88,2,88,95880000000.0,35.1832281326879,-97.43641743578084,10.16832210254573,17.0,77.59600982774437,96.59346532059857
89,2,89,95890000000.0,35.1832286673264,-97.43641648069847,10.164221477164544,17.0,77.50977815964099,96.65256425986385
90,2,90,95900000000.0,35.1832292019649,-97.4364155256161,10.160120851783358,17.0,77.42354649153762,96.71166319991457
91,2,91,95910000000.0,35.183229736603394,-97.43641457053374,10.156020226402172,17.0,77.3373148247173,96.77076213917985
92,2,92,95920000000.0,35.18323026534706,-97.43641363501087,10.154985574797951,17.0,77.25284912760317,96.82920946438344
93,2,93,95930000000.0,35.1832307883664,-97.43641271848173,10.15692821804682,17.0,77.17009832167165,96.88702402201272
94,2,94,95940000000.0,35.18323131138573,-97.43641180195262,10.158870861295691,17.0,77.08734751702316,96.94483857885658
95,2,95,95950000000.0,35.18323183440507,-97.4364108854235,10.16081350454456,17.0,77.00459671237469,97.00265313648586
96,2,96,95960000000.0,35.18323235742441,-97.43640996889437,10.162756147793429,17.0,76.92184590644315,97.06046769411515
97,2,97,95970000000.0,35.18323288044374,-97.43640905236525,10.164698791042298,17.0,76.83909510179467,97.118282250959
98,2,98,95980000000.0,35.18323340346308,-97.43640813583613,10.166641434291169,17.0,76.7563442971462,97.17609680858828
99,2,99,95990000000.0,35.183233926482416,-97.436407219307,10.168584077540038,17.0,76.67359349121466,97.23391136621757
100,2,100,96000000000.0,35.183234449501754,-97.43640630277788,10.170526720788907,17.0,76.59084268656619,97.29172592384685
101,2,101,96010000000.0,35.183234972521085,-97.43640538624877,10.172469364037775,17.0,76.50809188191771,97.3495404806907
102,2,102,96020000000.0,35.18323549554042,-97.43640446971963,10.174412007286646,17.0,76.42534107598617,97.40735503831999
103,2,103,96030000000.0,35.18323601855976,-97.43640355319052,10.176354650535515,17.0,76.3425902713377,97.46516959594928
104,2,104,96040000000.0,35.18323654157909,-97.4364026366614,10.178297293784384,17.0,76.25983946668923,97.52298415279313
105,2,105,96050000000.0,35.18323706459843,-97.43640172013227,10.180239937033253,17.0,76.17708866075769,97.58079871042241
106,2,106,96060000000.0,35.18323758761777,-97.43640080360315,10.182182580282124,17.0,76.0943378561092,97.6386132680517
107,2,107,96070000000.0,35.1832381106371,-97.43639988707403,10.184125223530993,16.942705231127274,76.01158705146072,97.69642782489555
108,2,108,96080000000.0,35.18323863365644,-97.43639897054491,10.186067866779862,16.9,75.92883624681225,97.75424238252484
109,2,109,96090000000.0,35.183239156675775,-97.43639805401578,10.18801051002873,16.9,75.84608544088073,97.81205694015412
110,2,110,96100000000.0,35.18323967969511,-97.43639713748667,10.189953153277601,16.9,75.76333463623224,97.86987149778341
111,2,111,96110000000.0,35.183240202714444,-97.43639622095755,10.19189579652647,16.9,75.68058383158376,97.92768605462726
112,2,112,96120000000.0,35.18324073272864,-97.43639530260486,10.191770490176342,16.9,75.59766838241617,97.98627382405911
113,2,113,96130000000.0,35.183241271954884,-97.43639438185062,10.188921747751905,16.9,75.51453610292715,98.04587989288564
114,2,114,96140000000.0,35.183241811181134,-97.43639346109637,10.186073005327469,16.9,75.43140382343813,98.1054859624976
115,2,115,96150000000.0,35.183242350407376,-97.43639254034213,10.183224262903032,16.9,75.3482715439491,98.16509203132412
116,2,116,96160000000.0,35.18324288963362,-97.43639161958788,10.180375520478595,16.9,75.26513926446007,98.22469810015065
117,2,117,96170000000.0,35.18324342885987,-97.43639069883362,10.177526778054157,16.8566890484857,75.18200698368798,98.2843041697626
118,2,118,96180000000.0,35.18324396808611,-97.43638977807937,10.17467803562972,16.8,75.09887470419896,98.34391023858913
119,2,119,96190000000.0,35.18324450731235,-97.43638885732513,10.171829293205283,16.746998153032095,75.01574242470993,98.40351630741566
120,2,120,96200000000.0,35.1832450465386,-97.43638793657088,10.168980550780846,16.752107886195986,74.9326101452209,98.46312237702762
121,2,121,96210000000.0,35.183245585764844,-97.43638701581663,10.166131808356408,16.8,74.84947786573188,98.52272844585414
122,2,122,96220000000.0,35.183246124991086,-97.43638609506239,10.16328306593197,16.76365537721587,74.76634558624285,98.58233451468067
123,2,123,96230000000.0,35.183246664217336,-97.43638517430814,10.160434323507534,16.744764186375278,74.68321330675383,98.64194058429263
124,2,124,96240000000.0,35.18324720344358,-97.43638425355388,10.157585581083097,16.8,74.60008102598174,98.70154665311915
125,2,125,96250000000.0,35.18324774266982,-97.43638333279964,10.15473683865866,16.74544796997975,74.51694874649272,98.76115272194568
126,2,126,96260000000.0,35.18324828189607,-97.43638241204539,10.151888096234222,16.7,74.43381646700368,98.82075879155764
127,2,127,96270000000.0,35.18324882112231,-97.43638149129114,10.149039353809785,16.7,74.35068418751466,98.88036486038416
128,2,128,96280000000.0,35.18324936034856,-97.4363805705369,10.146190611385348,16.7,74.26755190802564,98.93997092999612
129,2,129,96290000000.0,35.183249899574804,-97.43637964978265,10.143341868960912,16.7,74.1844196285366,98.99957699882265
130,2,130,96300000000.0,35.183250438801046,-97.4363787290284,10.140493126536475,16.70662286827026,74.10128734904758,99.05918306764917
131,2,131,96310000000.0,35.183250978027296,-97.43637780827414,10.137644384112036,16.78986551567613,74.0181550682755,99.11878913726113
132,2,132,96320000000.0,35.183251499481706,-97.43637692917223,10.131836887386562,16.8,73.93878345887967,99.17643070777771
133,2,133,96330000000.0,35.183252015741004,-97.43637606224624,10.125164479429422,16.78932395677473,73.86051117966258,99.23349801062528
134,2,134,96340000000.0,35.18325253200031,-97.43637519532024,10.118492071472282,16.7,73.78223889916244,99.29056531425829
135,2,135,96350000000.0,35.18325304825961,-97.43637432839424,10.111819663515142,16.693416291152626,73.70396661866232,99.34763261710586
136,2,136,96360000000.0,35.183253564518914,-97.43637346146824,10.105147255558004,16.535282922734773,73.62569433816218,99.40469992073886
137,2,137,96370000000.0,35.18325408077821,-97.43637259454225,10.098474847600864,16.576027921968493,73.54742205894509,99.46176722358643
138,2,138,96380000000.0,35.18325459703752,-97.43637172761625,10.091802439643724,16.6,73.46914977844496,99.51883452721944
139,2,139,96390000000.0,35.183255113296816,-97.43637086069025,10.085130031686584,16.520137062076472,73.39087749794483,99.57590183006701
140,2,140,96400000000.0,35.18325562955612,-97.43636999376426,10.078457623729443,16.5,73.31260521872774,99.63296913370002
141,2,141,96410000000.0,35.18325614581542,-97.43636912683826,10.071785215772305,16.38249194089831,73.23433293822761,99.69003643654759
142,2,142,96420000000.0,35.183256662074726,-97.43636825991226,10.065112807815165,16.3,73.15606065772747,99.74710374018059
143,2,143,96430000000.0,35.183257178334024,-97.43636739298626,10.058440399858025,16.3,73.07778837722734,99.80417104302816
144,2,144,96440000000.0,35.18325769459333,-97.43636652606027,10.051767991900885,16.3,72.99951609801026,99.86123834666117
145,2,145,96450000000.0,35.18325821085263,-97.43636565913427,10.045095583943745,16.3,72.92124381751012,99.91830564950874
146,2,146,96460000000.0,35.183258727111934,-97.43636479220827,10.038423175986606,16.23070818446943,72.84297153700997,99.97537295314174
147,2,147,96470000000.0,35.18325924337123,-97.43636392528228,10.031750768029466,16.13566753399602,72.7646992577929,100.03244025598931
148,2,148,96480000000.0,35.18325975963054,-97.43636305835628,10.025078360072326,16.034584810376533,72.68642697729277,100.08950755962232
149,2,149,96490000000.0,35.183260275889836,-97.43636219143028,10.018405952115186,15.933158391887616,72.60815469679262,100.14657486246989
150,2,150,96500000000.0,35.18326079214914,-97.43636132450428,10.011733544158046,15.9,72.52988241629248,100.2036421661029
151,2,151,96510000000.0,35.18326130840844,-97.43636045757829,10.005061136200908,15.787517514383579,72.4516101370754,100.26070946895047
152,2,152,96520000000.0,35.18326182434041,-97.43635959472103,9.99903812134492,15.611429253036958,72.37370521136678,100.31774058921272
153,2,153,96530000000.0,35.183262339244216,-97.436358744644,9.995054903264464,15.44026136406493,72.29695417657888,100.37465805561297
154,2,154,96540000000.0,35.18326285414801,-97.43635789456697,9.991071685184007,15.4,72.22020314179098,100.43157552122778
155,2,155,96550000000.0,35.183263369051815,-97.43635704448994,9.987088467103552,15.325837767854857,72.14345210700307,100.48849298762804
156,2,156,96560000000.0,35.18326388395562,-97.43635619441291,9.983105249023096,15.178252150866562,72.06670107221517,100.54541045402829
157,2,157,96570000000.0,35.183264398859414,-97.43635534433588,9.979122030942639,15.1,71.98995003742726,100.6023279196431
158,2,158,96580000000.0,35.18326491376322,-97.43635449425885,9.975138812862182,15.014553453788002,71.91319900263936,100.65924538604335
159,2,159,96590000000.0,35.18326542866702,-97.43635364418182,9.971155594781726,14.9,71.83644796785146,100.7161628524436
160,2,160,96600000000.0,35.18326594357082,-97.43635279410479,9.967172376701269,14.9,71.75969693306355,100.77308031805842
161,2,161,96610000000.0,35.18326645847462,-97.43635194402776,9.963189158620812,14.9,71.68294589827565,100.82999778445867
162,2,162,96620000000.0,35.183266973378416,-97.43635109395073,9.959205940540356,14.890407027897545,71.60619486348774,100.88691525007349
163,2,163,96630000000.0,35.18326748828222,-97.4363502438737,9.955222722459899,14.8,71.52944382869984,100.94383271647374
164,2,164,96640000000.0,35.18326800318602,-97.43634939379668,9.951239504379444,14.8,71.45269279391194,101.00075018287399
165,2,165,96650000000.0,35.18326851808982,-97.43634854371965,9.947256286298988,14.752458748260658,71.37594175912403,101.0576676484888
166,2,166,96660000000.0,35.18326903299362,-97.43634769364262,9.94327306821853,14.7,71.29919072433613,101.11458511488905
167,2,167,96670000000.0,35.183269547897424,-97.43634684356559,9.939289850138074,14.7,71.22243968954822,101.1715025812893
168,2,168,96680000000.0,35.18327006280122,-97.43634599348856,9.935306632057618,14.7,71.14568865476032,101.22842004690412
169,2,169,96690000000.0,35.183270577705024,-97.43634514341153,9.931323413977161,14.7,71.06893761997242,101.28533751330437
170,2,170,96700000000.0,35.18327109260882,-97.4363442933345,9.927340195896704,14.7,70.99218658518451,101.34225497891919
171,2,171,96710000000.0,35.18327160751262,-97.43634344325747,9.923356977816248,14.7,70.91543555039661,101.39917244531944
172,2,172,96720000000.0,35.183272122416426,-97.43634259318044,9.919373759735791,14.7,70.8386845156087,101.45608991171969
173,2,173,96730000000.0,35.18327268944783,-97.43634167033201,9.915415813419326,14.7,70.75536315833443,101.51876956341823
174,2,174,96740000000.0,35.183273283922034,-97.43634070917278,9.91147117152364,14.7,70.66858282785121,101.58448274164328
175,2,175,96750000000.0,35.183273878396236,-97.43633974801357,9.907526529627955,14.7,70.58180249865103,101.65019591986834
176,2,176,96760000000.0,35.18327447287044,-97.43633878685434,9.903581887732269,14.7,70.49502216816781,101.71590909809339
177,2,177,96770000000.0,35.18327506734464,-97.43633782569512,9.899637245836583,14.7,70.40824183896764,101.78162227631844
178,2,178,96780000000.0,35.18327566181884,-97.43633686453589,9.895692603940896,14.722639388957962,70.3214615084844,101.8473354545435
179,2,179,96790000000.0,35.18327625629304,-97.43633590337667,9.89174796204521,14.791225516124324,70.23468117928424,101.91304863276855
180,2,180,96800000000.0,35.18327685076724,-97.43633494221744,9.887803320149525,14.710127003308395,70.147900848801,101.9787618109936
181,2,181,96810000000.0,35.183277445241444,-97.43633398105823,9.883858678253839,14.782246177647702,70.06112051960083,102.04447498921866
182,2,182,96820000000.0,35.183278039715645,-97.436333019899,9.879914036358153,14.8,69.9743401891176,102.11018816744371
183,2,183,96830000000.0,35.18327863418985,-97.43633205873978,9.875969394462466,14.8,69.88755985991743,102.17590134566876
184,2,184,96840000000.0,35.18327922866405,-97.43633109758055,9.87202475256678,14.8,69.80077952943421,102.24161452389382
185,2,185,96850000000.0,35.18327982313825,-97.43633013642133,9.868080110671094,14.803669974792795,69.71399920023403,102.30732770211887
186,2,186,96860000000.0,35.18328041761245,-97.4363291752621,9.864135468775409,14.888887031157061,69.6272188697508,102.37304088034392
187,2,187,96870000000.0,35.18328101208665,-97.43632821410289,9.860190826879723,14.9,69.54043854055064,102.43875405856897
188,2,188,96880000000.0,35.183281606560854,-97.43632725294367,9.856246184984037,14.912174515409983,69.45365821135046,102.50446723679403
189,2,189,96890000000.0,35.183282201035055,-97.43632629178444,9.85230154308835,14.99294894183886,69.36687788086724,102.57018041501908
190,2,190,96900000000.0,35.18328279550926,-97.43632533062522,9.848356901192664,15.0,69.28009755166707,102.63589359324413
191,2,191,96910000000.0,35.1832834166435,-97.43632433179818,9.844248580715782,15.0,69.18991630119969,102.70455377223655
192,2,192,96920000000.0,35.18328405175712,-97.43632331321972,9.84005443415061,15.0,69.09795175204998,102.77475923202772
193,2,193,96930000000.0,35.18328468687074,-97.43632229464127,9.83586028758544,15.0,69.00598720418331,102.84496469181889
194,2,194,96940000000.0,35.183285321984364,-97.43632127606281,9.83166614102027,15.009051527423816,68.91402265503362,102.91517015161006
195,2,195,96950000000.0,35.183285957097986,-97.43632025748437,9.827471994455099,15.1,68.82205810716697,102.98537561140122
196,2,196,96960000000.0,35.18328659221161,-97.43631923890592,9.823277847889928,15.1,68.7300935593003,103.05558107119239
197,2,197,96970000000.0,35.18328722732523,-97.43631822032746,9.819083701324757,15.1,68.63812901015059,103.12578653098356
198,2,198,96980000000.0,35.18328786243885,-97.43631720174902,9.814889554759587,15.1,68.54616446228394,103.19599199077473
199,2,199,96990000000.0,35.18328842469281,-97.43631630372428,9.81079925439384,15.1,68.46508436544606,103.2581435433967
200,2,200,97000000000.0,35.183288825569115,-97.4363156727153,9.806938964119016,15.1,68.40811236047453,103.30245640991038
201,2,201,97010000000.0,35.18328922644541,-97.43631504170631,9.803078673844192,15.1,68.35114035550298,103.34676927563862
202,2,202,97020000000.0,35.183289627321706,-97.43631441069732,9.799218383569368,15.1,68.29416835053144,103.39108214136687
203,2,203,97030000000.0,35.183290028198,-97.43631377968833,9.795358093294544,15.1,68.2371963455599,103.43539500709511
204,2,204,97040000000.0,35.183290429074304,-97.43631314867935,9.79149780301972,15.1,68.18022434058835,103.47970787360879
205,2,205,97050000000.0,35.1832908299506,-97.43631251767036,9.787637512744896,15.1,68.1232523356168,103.52402073933703
206,2,206,97060000000.0,35.183291230826896,-97.43631188666137,9.783777222470071,15.1,68.06628033064526,103.56833360506528
207,2,207,97070000000.0,35.1832916317032,-97.43631125565238,9.779916932195247,15.1,68.00930832567371,103.61264647157896
208,2,208,97080000000.0,35.183292032579494,-97.43631062464338,9.776056641920423,15.0,67.95233631941912,103.6569593373072
209,2,209,97090000000.0,35.18329243345579,-97.4363099936344,9.7721963516456,15.0,67.89536431444756,103.70127220303544
210,2,210,97100000000.0,35.183292834332086,-97.43630936262541,9.768336061370777,15.01254797999613,67.83839230947602,103.74558506876369
211,2,211,97110000000.0,35.18329323520839,-97.43630873161642,9.764475771095952,15.08664406884149,67.78142030450448,103.78989793527737
212,2,212,97120000000.0,35.183293636084684,-97.43630810060743,9.760615480821128,15.1,67.72444829953294,103.83421080100561
213,2,213,97130000000.0,35.183294164035736,-97.43630728904617,9.75872283742877,15.1,67.65117474349394,103.89257051026775
214,2,214,97140000000.0,35.183294716090536,-97.43630644323744,9.75720342054977,15.1,67.57480908147562,103.95359464787035
215,2,215,97150000000.0,35.183295268145336,-97.4363055974287,9.755684003670769,15.1,67.49844341817425,104.01461878547295
216,2,216,97160000000.0,35.18329582020013,-97.43630475161997,9.754164586791768,15.1,67.42207775615591,104.07564292229011
217,2,217,97170000000.0,35.18329637225493,-97.43630390581124,9.752645169912768,15.1,67.34571209413758,104.13666705989272
218,2,218,97180000000.0,35.18329692430973,-97.43630306000252,9.751125753033767,15.1,67.26934643211926,104.19769119749532
219,2,219,97190000000.0,35.18329747636453,-97.43630221419379,9.749606336154768,15.1,67.19298077010095,104.25871533509792
220,2,220,97200000000.0,35.18329802841933,-97.43630136838506,9.748086919275767,15.1,67.11661510808263,104.31973947270052
221,2,221,97210000000.0,35.18329858047413,-97.43630052257633,9.746567502396767,15.1,67.0402494460643,104.38076361030312
222,2,222,97220000000.0,35.18329913252893,-97.4362996767676,9.745048085517766,15.1,66.96388378404598,104.44178774790572
223,2,223,97230000000.0,35.18329968458373,-97.43629883095888,9.743528668638765,15.1,66.88751812202764,104.50281188550832
224,2,224,97240000000.0,35.18330023663853,-97.43629798515015,9.742009251759765,15.1,66.81115246000932,104.56383602311092
225,2,225,97250000000.0,35.18330078869332,-97.4362971393414,9.740489834880764,15.1,66.73478679670795,104.62486015992809
226,2,226,97260000000.0,35.18330134074812,-97.43629629353268,9.738970418001763,15.1,66.65842113468963,104.68588429753069
227,2,227,97270000000.0,35.18330189280292,-97.43629544772395,9.737451001122762,15.1,66.5820554726713,104.74690843513329
228,2,228,97280000000.0,35.18330244485772,-97.43629460191522,9.735931584243763,15.1,66.50568981065297,104.8079325727359
229,2,229,97290000000.0,35.18330299691252,-97.4362937561065,9.734412167364763,15.1,66.42932414863465,104.8689567103385
230,2,230,97300000000.0,35.183303548967324,-97.43629291029777,9.732892750485762,15.1,66.35295848661633,104.9299808479411
231,2,231,97310000000.0,35.183304101022124,-97.43629206448904,9.731373333606761,15.1,66.27659282459801,104.9910049855437
232,2,232,97320000000.0,35.183304651763514,-97.43629122259216,9.729249666464906,15.1,66.20058035241513,105.0518839388242
233,2,233,97330000000.0,35.18330519015753,-97.43629041747084,9.721445422894622,15.1,66.12788824087804,105.1113980137005
234,2,234,97340000000.0,35.18330572855155,-97.43628961234951,9.713641179324338,15.1,66.05519612805787,105.17091208857678
235,2,235,97350000000.0,35.18330626694557,-97.43628880722818,9.705836935754055,15.1,65.98250401523771,105.23042616345307
236,2,236,97360000000.0,35.18330680533959,-97.43628800210685,9.698032692183771,15.1,65.90981190241754,105.28994023832936
237,2,237,97370000000.0,35.18330734373361,-97.43628719698552,9.690228448613487,15.1,65.83711978959738,105.34945431320565
238,2,238,97380000000.0,35.18330788212763,-97.43628639186419,9.682424205043203,15.1,65.76442767677722,105.40896838808195
239,2,239,97390000000.0,35.18330842052165,-97.43628558674286,9.674619961472919,15.02824790480163,65.69173556395704,105.46848246295824
240,2,240,97400000000.0,35.18330895891566,-97.43628478162152,9.666815717902635,15.0,65.61904345113687,105.52799653704909
241,2,241,97410000000.0,35.18330949730968,-97.43628397650019,9.65901147433235,15.0,65.54635133831671,105.58751061192538
242,2,242,97420000000.0,35.1833100357037,-97.43628317137886,9.651207230762068,15.0,65.47365922549655,105.64702468680167
243,2,243,97430000000.0,35.18331057409772,-97.43628236625753,9.643402987191784,15.0,65.40096711267638,105.70653876167796
244,2,244,97440000000.0,35.18331111249174,-97.4362815611362,9.6355987436215,15.0,65.32827499985622,105.76605283655425
245,2,245,97450000000.0,35.183311650885756,-97.43628075601487,9.627794500051216,15.0,65.25558288703607,105.82556691143054
246,2,246,97460000000.0,35.183312189279775,-97.43627995089355,9.619990256480932,15.0,65.18289077549896,105.88508098630683
247,2,247,97470000000.0,35.183312727673794,-97.43627914577222,9.612186012910648,15.0,65.1101986626788,105.94459506118312
248,2,248,97480000000.0,35.18331326606781,-97.43627834065089,9.604381769340364,15.0,65.03750654985863,106.00410913605941
249,2,249,97490000000.0,35.18331380446183,-97.43627753552956,9.596577525770082,15.0,64.96481443703847,106.0636232109357
250,2,250,97500000000.0,35.183314342855844,-97.43627673040822,9.588773282199798,14.91322061140551,64.8921223242183,106.12313728502656
251,2,251,97510000000.0,35.18331488124986,-97.43627592528689,9.580969038629513,14.9,64.81943021139814,106.18265135990285
252,2,252,97520000000.0,35.18331541964388,-97.43627512016556,9.57316479505923,14.9,64.74673809857796,106.24216543477914
253,2,253,97530000000.0,35.18331596543823,-97.43627430824776,9.569437954676637,14.9,64.67343235190651,106.30249754224579
254,2,254,97540000000.0,35.183316512530865,-97.43627349513761,9.566426435616231,14.822926054182567,64.60001895156903,106.36297316184567
255,2,255,97550000000.0,35.18331705962349,-97.43627268202746,9.563414916555825,14.8,64.52660555123154,106.42344878066012
256,2,256,97560000000.0,35.18331760671612,-97.43627186891732,9.560403397495419,14.8,64.45319215089404,106.48392440026001
257,2,257,97570000000.0,35.18331815380875,-97.43627105580717,9.557391878435013,14.8,64.37977875055657,106.54440001907446
258,2,258,97580000000.0,35.18331870090138,-97.43627024269703,9.554380359374607,14.8,64.30636535150214,106.60487563867434
259,2,259,97590000000.0,35.18331924799401,-97.43626942958689,9.551368840314202,14.8,64.23295195116465,106.6653512574888
260,2,260,97600000000.0,35.18331979508664,-97.43626861647674,9.548357321253796,14.8,64.15953855082716,106.72582687708868
261,2,261,97610000000.0,35.183320342179265,-97.43626780336659,9.54534580219339,14.8,64.08612515048968,106.78630249590313
262,2,262,97620000000.0,35.1833208892719,-97.43626699025644,9.542334283132984,14.8,64.01271175015219,106.84677811550301
263,2,263,97630000000.0,35.18332143636452,-97.4362661771463,9.539322764072578,14.715318405545927,63.9392983498147,106.90725373431746
264,2,264,97640000000.0,35.183321983457155,-97.43626536403616,9.536311245012172,14.7,63.86588495076027,106.96772935391735
265,2,265,97650000000.0,35.18332253054979,-97.43626455092601,9.533299725951766,14.7,63.79247155042278,107.02820497351723
266,2,266,97660000000.0,35.18332307764241,-97.43626373781586,9.53028820689136,14.7,63.719058150085296,107.08868059233168
267,2,267,97670000000.0,35.183323624735046,-97.43626292470572,9.527276687830954,14.7,63.64564474974781,107.14915621193157
268,2,268,97680000000.0,35.18332417182767,-97.43626211159557,9.524265168770548,14.611487806526798,63.57223134941033,107.20963183074602
269,2,269,97690000000.0,35.183324718920304,-97.43626129848542,9.521253649710141,14.526361041151869,63.498817949072844,107.2701074503459
270,2,270,97700000000.0,35.18332526601293,-97.43626048537529,9.518242130649735,14.5,63.42540455001841,107.33058306916035
271,2,271,97710000000.0,35.18332581310556,-97.43625967226514,9.51523061158933,14.428859147064003,63.35199114968092,107.39105868876024
272,2,272,97720000000.0,35.18332636019819,-97.43625885915499,9.512219092528923,14.4,63.278577749343434,107.45153430757469
273,2,273,97730000000.0,35.183326910890536,-97.43625805475601,9.507453542949278,14.4,63.20595085562483,107.51240783979014
274,2,274,97740000000.0,35.18332746186531,-97.43625725104052,9.502550372924498,14.318530246234763,63.13338567184523,107.57331259143385
275,2,275,97750000000.0,35.183328012840086,-97.43625644732502,9.497647202899717,14.3,63.06082048806562,107.63421734307755
276,2,276,97760000000.0,35.18332856381486,-97.43625564360951,9.492744032874937,14.3,62.98825530300296,107.69512209472126
277,2,277,97770000000.0,35.183329114789636,-97.43625483989402,9.487840862850156,14.3,62.91569011922334,107.75602684636496
278,2,278,97780000000.0,35.18332966576441,-97.43625403617851,9.482937692825375,13.856532205570051,62.84312493416068,107.81693159800867
279,2,279,97790000000.0,35.183330216739186,-97.43625323246302,9.478034522800595,13.8,62.77055975038107,107.87783634965237
280,2,280,97800000000.0,35.18333076771396,-97.43625242874752,9.473131352775814,13.77298230416559,62.69799456660147,107.93874110129607
281,2,281,97810000000.0,35.183331318688744,-97.43625162503201,9.468228182751034,13.742976004524182,62.62542938153881,107.99964585372521
282,2,282,97820000000.0,35.18333186966352,-97.43625082131652,9.463325012726253,13.909617146833334,62.55286419775919,108.06055060536892
283,2,283,97830000000.0,35.183332420638294,-97.43625001760103,9.458421842701473,14.304665127475998,62.48029901397958,108.12145535701262
284,2,284,97840000000.0,35.18333297161307,-97.43624921388552,9.453518672676692,14.323027859156802,62.40773382891692,108.18236010865633
285,2,285,97850000000.0,35.183333522587844,-97.43624841017002,9.448615502651911,13.954970579941598,62.33516864513731,108.24326486030003
286,2,286,97860000000.0,35.18333407356262,-97.43624760645453,9.44371233262713,13.752077295580053,62.262603461357706,108.30416961194373
287,2,287,97870000000.0,35.183334624537395,-97.43624680273902,9.43880916260235,13.7,62.19003827629504,108.36507436358744
288,2,288,97880000000.0,35.18333517551217,-97.43624599902353,9.43390599257757,13.7,62.11747309251543,108.42597911523114
289,2,289,97890000000.0,35.183335726486945,-97.43624519530802,9.42900282255279,13.653438084607155,62.04490790745277,108.48688386687485
290,2,290,97900000000.0,35.18333627746173,-97.43624439159252,9.42409965252801,13.674487687794471,61.97234272367316,108.54778861930399
291,2,291,97910000000.0,35.1833368284365,-97.43624358787703,9.41919648250323,13.8,61.89977753989355,108.60869337094769
292,2,292,97920000000.0,35.183337378684435,-97.43624278955303,9.412906560820343,13.8,61.827699139191196,108.66951777741193
293,2,293,97930000000.0,35.18333792461622,-97.43624202324511,9.398381770270953,13.8,61.758511378761675,108.72986507674185
294,2,294,97940000000.0,35.183338470548,-97.43624125693721,9.383856979721564,13.8,61.6893236196152,108.79021237607176
295,2,295,97950000000.0,35.183339016479785,-97.43624049062929,9.369332189172173,13.8,61.62013585918566,108.85055967540168
296,2,296,97960000000.0,35.18333956241157,-97.43623972432137,9.354807398622784,13.8,61.55094809875613,108.9109069747316
297,2,297,97970000000.0,35.18334010834335,-97.43623895801346,9.340282608073394,13.8,61.481760339609664,108.97125427406152
298,2,298,97980000000.0,35.183340654275135,-97.43623819170554,9.325757817524003,13.716687276899195,61.412572579180136,109.03160157339144
299,2,299,97990000000.0,35.18334120020692,-97.43623742539762,9.311233026974614,13.6,61.34338481875059,109.09194887272136
300,2,300,98000000000.0,35.183341746138694,-97.43623665908972,9.296708236425225,13.711824341445853,61.27419705960413,109.15229617126585
301,2,301,98010000000.0,35.18334229207048,-97.4362358927818,9.282183445875834,13.8,61.2050092991746,109.21264347059576
302,2,302,98020000000.0,35.18334283800226,-97.43623512647387,9.267658655326445,13.628152364759242,61.13582153874507,109.27299076992568
303,2,303,98030000000.0,35.183343383934044,-97.43623436016597,9.253133864777055,13.15672610489422,61.0666337795986,109.3333380692556
304,2,304,98040000000.0,35.18334392986583,-97.43623359385805,9.238609074227664,12.892688171314237,60.99744601916906,109.39368536858552
305,2,305,98050000000.0,35.18334447579761,-97.43623282755013,9.224084283678275,12.673178689925097,60.92825825873953,109.45403266791544
306,2,306,98060000000.0,35.183345021729394,-97.43623206124222,9.209559493128884,12.546309528567892,60.85907049959306,109.51437996724536
307,2,307,98070000000.0,35.18334556766118,-97.4362312949343,9.195034702579495,12.2784665006648,60.78988273916354,109.57472726657528
308,2,308,98080000000.0,35.18334611359296,-97.43623052862638,9.180509912030105,11.9,60.720694978733995,109.6350745659052
309,2,309,98090000000.0,35.183346659524744,-97.43622976231848,9.165985121480714,11.9,60.65150721958752,109.69542186523512
310,2,310,98100000000.0,35.18334720545653,-97.43622899601056,9.151460330931325,11.842686212726564,60.582319459158,109.75576916456504
311,2,311,98110000000.0,35.183347751388304,-97.43622822970265,9.136935540381936,11.74916245597631,60.51313170001153,109.81611646310952
312,2,312,98120000000.0,35.183348292815225,-97.43622746815032,9.124679050139413,11.631671129773697,60.44437330839715,109.87596579496511
313,2,313,98130000000.0,35.1833488134763,-97.43622672851964,9.122878633339031,11.349727609330188,60.377594160174695,109.93351967021141
314,2,314,98140000000.0,35.183349334137375,-97.43622598888895,9.121078216538649,11.045693187590325,60.310815010669195,109.99107354545771
315,2,315,98150000000.0,35.18334985479845,-97.43622524925827,9.119277799738267,11.119453364646857,60.244035862446744,110.04862742070401
316,2,316,98160000000.0,35.183350375459526,-97.43622450962758,9.117477382937885,11.150545589877778,60.17725671294123,110.10618129595031
317,2,317,98170000000.0,35.1833508961206,-97.4362237699969,9.115676966137503,10.988981968827051,60.11047756471879,110.1637351711966
318,2,318,98180000000.0,35.183351416781676,-97.43622303036621,9.113876549337121,10.663115971668812,60.04369841521328,110.2212890464429
319,2,319,98190000000.0,35.18335193744275,-97.43622229073553,9.112076132536739,10.55780523784014,59.976919266990826,110.2788429216892
320,2,320,98200000000.0,35.183352458103826,-97.43622155110484,9.110275715736357,10.6,59.91014011748533,110.3363967969355
321,2,321,98210000000.0,35.1833529787649,-97.43622081147416,9.108475298935975,10.548979703211362,59.843360969262875,110.3939506721818
322,2,322,98220000000.0,35.18335349942598,-97.43622007184347,9.106674882135593,10.5,59.77658181975736,110.4515045474281
323,2,323,98230000000.0,35.18335402008705,-97.43621933221279,9.10487446533521,10.5,59.70980267153492,110.5090584226744
324,2,324,98240000000.0,35.18335454074813,-97.4362185925821,9.103074048534827,10.391392840373175,59.64302352202941,110.5666122979207
325,2,325,98250000000.0,35.1833550614092,-97.43621785295142,9.101273631734445,10.3,59.57624437380696,110.624166173167
326,2,326,98260000000.0,35.18335558207028,-97.43621711332072,9.099473214934063,10.3,59.50946522430145,110.6817200484133
327,2,327,98270000000.0,35.18335610273135,-97.43621637369004,9.097672798133681,10.3,59.442686076079006,110.7392739236596
328,2,328,98280000000.0,35.18335662339243,-97.43621563405937,9.0958723813333,10.3,59.37590692785655,110.7968277989059
329,2,329,98290000000.0,35.1833571440535,-97.43621489442867,9.094071964532917,10.3,59.30912777835104,110.8543816741522
330,2,330,98300000000.0,35.18335766471458,-97.436214154798,9.092271547732535,10.3,59.242348630128596,110.91193554939849
331,2,331,98310000000.0,35.18335818537565,-97.4362134151673,9.090471130932153,10.3,59.17556948062309,110.96948942464479
332,2,332,98320000000.0,35.18335870603673,-97.43621267553662,9.088670714131771,10.3,59.10879033240064,111.02704329989109
333,2,333,98330000000.0,35.183359240882005,-97.43621192212804,9.08774513495018,10.3,59.04076721619769,111.0861650968549
334,2,334,98340000000.0,35.18335978414857,-97.43621116053939,9.087338954341536,10.3,58.97200554508805,111.14621778305562
335,2,335,98350000000.0,35.18336032741514,-97.43621039895075,9.086932773732892,10.3,58.90324387526149,111.20627046925634
336,2,336,98360000000.0,35.183360870681696,-97.43620963736211,9.086526593124248,10.26341778797513,58.8344822054349,111.26632315467162
337,2,337,98370000000.0,35.18336141394826,-97.43620887577347,9.086120412515603,10.2,58.765720535608324,111.32637584087234
338,2,338,98380000000.0,35.18336195721483,-97.43620811418482,9.085714231906959,10.2,58.69695886449868,111.38642852707306
339,2,339,98390000000.0,35.18336250048139,-97.43620735259618,9.085308051298316,10.2,58.62819719467211,111.44648121248835
340,2,340,98400000000.0,35.18336304374795,-97.43620659100755,9.084901870689672,10.2,58.55943552484553,111.50653389868907
341,2,341,98410000000.0,35.18336358701452,-97.4362058294189,9.084495690081027,10.1541238697671,58.49067385373589,111.56658658488979
342,2,342,98420000000.0,35.18336413028108,-97.43620506783026,9.084089509472383,10.034229906386194,58.42191218390933,111.62663927030508
343,2,343,98430000000.0,35.18336467354764,-97.43620430624162,9.083683328863739,10.0,58.35315051408274,111.6866919565058
344,2,344,98440000000.0,35.18336521681421,-97.43620354465298,9.083277148255094,9.963267772426146,58.28438884425616,111.74674464270652
345,2,345,98450000000.0,35.183365760080775,-97.43620278306433,9.08287096764645,9.861748807838763,58.21562717314652,111.80679732890724
346,2,346,98460000000.0,35.183366303347334,-97.4362020214757,9.082464787037805,9.757801308551802,58.14686550331995,111.86685001432252
347,2,347,98470000000.0,35.1833668466139,-97.43620125988706,9.082058606429161,9.655781911093666,58.07810383349337,111.92690270052324
348,2,348,98480000000.0,35.183367389880466,-97.43620049829842,9.081652425820517,9.570637801450992,58.009342163666794,111.98695538672396
349,2,349,98490000000.0,35.183367933147025,-97.43619973670977,9.081246245211872,9.331565686932946,57.94058049255717,112.04700807213925
350,2,350,98500000000.0,35.18336847641359,-97.43619897512113,9.08084006460323,9.09617367718803,57.87181882273058,112.10706075833997
351,2,351,98510000000.0,35.18336901968016,-97.43619821353249,9.080433883994585,8.873235087246817,57.803057152904,112.16711344454069
352,2,352,98520000000.0,35.18336956294672,-97.43619745194384,9.080027703385941,8.764771079401807,57.73429548179436,112.22716613074141
353,2,353,98530000000.0,35.183370100558385,-97.43619671351992,9.067748237528379,8.56340168001823,57.66762528825837,112.28659372384286
354,2,354,98540000000.0,35.183370637756134,-97.43619597679158,9.054599683165886,8.327804746371715,57.601108184024596,112.34597556306099
355,2,355,98550000000.0,35.183371174953884,-97.43619524006324,9.041451128803391,8.09870223612197,57.534591079790836,112.40535740227912
356,2,356,98560000000.0,35.183371712151626,-97.4361945033349,9.028302574440898,7.599681183203904,57.46807397555708,112.46473924071182
357,2,357,98570000000.0,35.183372249349375,-97.43619376660656,9.015154020078405,6.9,57.40155687132332,112.52412107992996
358,2,358,98580000000.0,35.18337278654712,-97.43619302987824,9.002005465715913,6.9,57.33503976837262,112.58350291836265
359,2,359,98590000000.0,35.18337332374487,-97.4361922931499,8.98885691135342,6.9,57.26852266413886,112.64288475758079
360,2,360,98600000000.0,35.183373860942616,-97.43619155642156,8.975708356990925,6.796075316433728,57.202005559905096,112.70226659679892
361,2,361,98610000000.0,35.18337439814036,-97.43619081969322,8.962559802628432,6.512640310719922,57.135488455671336,112.76164843523162
362,2,362,98620000000.0,35.18337493533811,-97.43619008296488,8.949411248265939,6.273580851911092,57.068971351437575,112.82103027444975
363,2,363,98630000000.0,35.18337547253585,-97.43618934623655,8.936262693903446,6.168535474628765,57.002454247203815,112.88041211288245
364,2,364,98640000000.0,35.1833760097336,-97.4361886095082,8.923114139540951,5.929408683162206,56.935937142970054,112.93979395210059
365,2,365,98650000000.0,35.18337654693134,-97.43618787277987,8.909965585178458,5.764107503610308,56.869420038736294,112.99917579053329
366,2,366,98660000000.0,35.18337708412909,-97.43618713605153,8.896817030815965,5.67076411210001,56.80290293450252,113.05855762975142
367,2,367,98670000000.0,35.18337762132684,-97.43618639932319,8.883668476453472,5.6,56.73638583026876,113.11793946896955
368,2,368,98680000000.0,35.18337815852458,-97.43618566259485,8.87051992209098,5.538660147043158,56.669868726035,113.17732130740225
369,2,369,98690000000.0,35.18337869572233,-97.43618492586651,8.857371367728485,5.36577341279244,56.60335162180124,113.23670314662039
370,2,370,98700000000.0,35.183379232920075,-97.43618418913817,8.844222813365992,5.3,56.53683451756748,113.29608498505308
371,2,371,98710000000.0,35.183379770117824,-97.43618345240985,8.831074259003499,5.3,56.47031741461677,113.35546682427122
372,2,372,98720000000.0,35.18338029933387,-97.43618272249599,8.8183879615278,5.28575984887373,56.404415569868306,113.41396636590858
373,2,373,98730000000.0,35.18338081584936,-97.4361820034254,8.806437210875073,5.2,56.33949273400476,113.4710619883623
374,2,374,98740000000.0,35.18338133236485,-97.43618128435482,8.794486460222345,5.2,56.274569898141195,113.52815761081601
375,2,375,98750000000.0,35.18338184888035,-97.43618056528422,8.782535709569617,5.2,56.209647060994584,113.58525323405516
376,2,376,98760000000.0,35.18338236539584,-97.43617984621363,8.77058495891689,5.163023052498983,56.14472422513102,113.64234885650887
377,2,377,98770000000.0,35.183382881911335,-97.43617912714303,8.758634208264162,5.1,56.07980138798442,113.69944447896259
378,2,378,98780000000.0,35.183383398426834,-97.43617840807245,8.746683457611434,5.1,56.014878552120855,113.75654010220174
379,2,379,98790000000.0,35.183383914942326,-97.43617768900187,8.734732706958708,5.1,55.9499557162573,113.81363572465546
380,2,380,98800000000.0,35.183384431457824,-97.43617696993127,8.72278195630598,5.1,55.88503287911068,113.8707313478946
381,2,381,98810000000.0,35.183384947973316,-97.43617625086068,8.710831205653252,5.1,55.82011004324713,113.92782697034832
382,2,382,98820000000.0,35.18338546448881,-97.43617553179008,8.698880455000525,5.1,55.755187206100516,113.98492259280204
383,2,383,98830000000.0,35.18338598100431,-97.4361748127195,8.686929704347797,5.1,55.69026437023696,114.04201821604119
384,2,384,98840000000.0,35.1833864975198,-97.43617409364892,8.674978953695069,5.0907126555682565,55.62534153437341,114.0991138384949
385,2,385,98850000000.0,35.18338701403529,-97.43617337457832,8.663028203042343,4.98427770855303,55.560418697226794,114.15620946094862
386,2,386,98860000000.0,35.18338753055079,-97.43617265550773,8.651077452389615,4.824691967602818,55.49549586136323,114.21330508418777
387,2,387,98870000000.0,35.18338804706628,-97.43617193643715,8.639126701736886,4.71095391418451,55.430573025499676,114.27040070664148
388,2,388,98880000000.0,35.18338856358177,-97.43617121736655,8.62717595108416,4.67730919948083,55.36565018835306,114.3274963290952
389,2,389,98890000000.0,35.18338908009727,-97.43617049829597,8.615225200431432,4.5,55.30072735248951,114.38459195233435
390,2,390,98900000000.0,35.18338959661276,-97.43616977922537,8.603274449778704,4.505832481242228,55.23580451534289,114.44168757478806
391,2,391,98910000000.0,35.183390113128254,-97.43616906015478,8.591323699125978,4.588895789603962,55.170881679479336,114.49878319724178
392,2,392,98920000000.0,35.18339062830063,-97.43616835695352,8.58336638134504,3.9126782610523883,55.107391639185295,114.5557303514741
393,2,393,98930000000.0,35.183391142711606,-97.43616766274842,8.577672900665092,3.8,55.04471383723059,114.6125933409617
394,2,394,98940000000.0,35.18339165712258,-97.43616696854332,8.571979419985146,3.8,54.982036035275875,114.66945632966386
395,2,395,98950000000.0,35.183392171533555,-97.43616627433822,8.566285939305198,3.821428186466552,54.91935823332117,114.72631931915146
396,2,396,98960000000.0,35.183392685944526,-97.43616558013312,8.560592458625251,3.983031432881849,54.856680431366456,114.78318230785362
397,2,397,98970000000.0,35.1833932003555,-97.43616488592802,8.554898977945303,4.083543064089952,54.794002629411736,114.84004529734122
398,2,398,98980000000.0,35.183393714766474,-97.43616419172292,8.549205497265357,4.1,54.73132482745703,114.89690828604338
399,2,399,98990000000.0,35.183394229177445,-97.43616349751781,8.543512016585408,4.1,54.66864702421926,114.95377127474555
400,2,400,99000000000.0,35.18339474358842,-97.43616280331271,8.537818535905462,4.007247594696735,54.605969222264555,115.01063426423315
401,2,401,99010000000.0,35.18339525799939,-97.43616210910761,8.532125055225514,3.9189185769385797,54.54329142030985,115.06749725293531
402,2,402,99020000000.0,35.18339577241037,-97.43616141490251,8.526431574545567,3.8188001293242806,54.48061361835513,115.12436024242291
403,2,403,99030000000.0,35.18339628682134,-97.43616072069742,8.520738093865619,3.8,54.417935816400416,115.18122323112507
404,2,404,99040000000.0,35.18339680123232,-97.43616002649232,8.515044613185673,3.8066510778480613,54.35525801444571,115.23808622061267
405,2,405,99050000000.0,35.18339731564329,-97.43615933228722,8.509351132505724,3.9055221251420047,54.292580212490996,115.29494920931484
406,2,406,99060000000.0,35.18339783005426,-97.43615863808212,8.503657651825778,3.9862123623414467,54.22990241053628,115.351812198017
407,2,407,99070000000.0,35.18339834446524,-97.436157943877,8.49796417114583,3.7675283324641535,54.16722460729852,115.4086751875046
408,2,408,99080000000.0,35.18339885887621,-97.43615724967191,8.492270690465883,3.7,54.1045468053438,115.46553817620676
409,2,409,99090000000.0,35.18339937328719,-97.43615655546681,8.486577209785935,3.7,54.041869003389095,115.52240116569436
410,2,410,99100000000.0,35.18339988769816,-97.43615586126171,8.480883729105988,3.7,53.97919120143439,115.57926415439653
411,2,411,99110000000.0,35.18340040210913,-97.43615516705661,8.47519024842604,3.7,53.91651339947967,115.63612714309869
412,2,412,99120000000.0,35.183400892680694,-97.43615448841778,8.462390324849574,3.7,53.85524103189086,115.69035492395926
413,2,413,99130000000.0,35.18340136834767,-97.4361538195111,8.44514739714414,3.7,53.7948473521952,115.74293515109687
414,2,414,99140000000.0,35.18340184401463,-97.43615315060443,8.427904469438708,3.7,53.73445367249954,115.79551537744905
415,2,415,99150000000.0,35.183402319681605,-97.43615248169775,8.410661541733274,3.7,53.674059992803876,115.84809560458666
416,2,416,99160000000.0,35.18340279534858,-97.43615181279107,8.39341861402784,3.7,53.61366631310822,115.90067583172427
417,2,417,99170000000.0,35.18340327101555,-97.43615114388439,8.376175686322407,3.7,53.553272633412554,115.95325605886188
418,2,418,99180000000.0,35.18340374668252,-97.43615047497771,8.358932758616975,3.7,53.4928789537169,116.0058362859995
419,2,419,99190000000.0,35.18340422234949,-97.43614980607103,8.341689830911541,3.7,53.432485274021225,116.05841651235167
420,2,420,99200000000.0,35.18340469801646,-97.43614913716435,8.324446903206107,3.7,53.37209159432556,116.11099673948928
421,2,421,99210000000.0,35.18340517368343,-97.43614846825767,8.307203975500673,3.7,53.3116979146299,116.16357696662689
422,2,422,99220000000.0,35.183405649350405,-97.43614779935099,8.289961047795241,3.7,53.25130423493424,116.2161571937645
423,2,423,99230000000.0,35.18340612501738,-97.43614713044431,8.272718120089808,3.6,53.19091055523858,116.26873742090211
424,2,424,99240000000.0,35.18340660068434,-97.43614646153763,8.255475192384374,3.6,53.13051687554292,116.32131764725429
425,2,425,99250000000.0,35.183407076351315,-97.43614579263095,8.23823226467894,3.5922219631701604,53.07012319584726,116.3738978743919
426,2,426,99260000000.0,35.18340755201829,-97.43614512372427,8.220989336973506,3.512185280757877,53.009729516151594,116.42647810152951
427,2,427,99270000000.0,35.18340802768526,-97.4361444548176,8.203746409268074,3.5,52.94933583645593,116.47905832866712
428,2,428,99280000000.0,35.18340850335223,-97.43614378591091,8.18650348156264,3.5082548684244115,52.888942156760265,116.53163855580473
429,2,429,99290000000.0,35.1834089790192,-97.43614311700425,8.169260553857207,3.5985495889154304,52.82854847834766,116.58421878215691
430,2,430,99300000000.0,35.18340945468617,-97.43614244809757,8.152017626151773,3.521615723497226,52.768154798652,116.63679900929452
431,2,431,99310000000.0,35.18340993035314,-97.43614177919089,8.134774698446341,3.5,52.70776111895634,116.68937923643213
432,2,432,99320000000.0,35.18341039584694,-97.4361411347906,8.122266303120282,3.5,52.64958005158668,116.74083492088229
433,2,433,99330000000.0,35.183410848025694,-97.4361405224652,8.11595464127512,3.5,52.59429493378225,116.7908187602508
434,2,434,99340000000.0,35.183411300204455,-97.43613991013979,8.10964297942996,3.5,52.53900981597781,116.84080260040474
435,2,435,99350000000.0,35.183411752383215,-97.43613929781439,8.103331317584798,3.5,52.483724699456445,116.89078644055868
436,2,436,99360000000.0,35.183412204561975,-97.43613868548898,8.097019655739636,3.5,52.42843958165201,116.94077028071263
437,2,437,99370000000.0,35.183412656740735,-97.43613807316359,8.090707993894474,3.5,52.37315446513063,116.99075412086657
438,2,438,99380000000.0,35.183413108919495,-97.43613746083818,8.084396332049314,3.5,52.3178693473262,117.04073796102051
439,2,439,99390000000.0,35.183413561098256,-97.43613684851277,8.078084670204152,3.5,52.262584229521764,117.09072180117445
440,2,440,99400000000.0,35.183414013277016,-97.43613623618738,8.07177300835899,3.5,52.207299113000396,117.1407056413284
441,2,441,99410000000.0,35.18341446545577,-97.43613562386197,8.065461346513828,3.430800105472492,52.15201399519596,117.1906894806969
442,2,442,99420000000.0,35.18341491763453,-97.43613501153658,8.059149684668668,3.4,52.09672887867459,117.24067332085085
443,2,443,99430000000.0,35.18341536981329,-97.43613439921117,8.052838022823506,3.4,52.04144376087015,117.29065716100479
444,2,444,99440000000.0,35.18341582199205,-97.43613378688576,8.046526360978344,3.4,51.98615864306572,117.34064100115873
445,2,445,99450000000.0,35.18341627417081,-97.43613317456037,8.040214699133182,3.4,51.930873526544346,117.39062484131267
446,2,446,99460000000.0,35.18341672634957,-97.43613256223496,8.033903037288022,3.4,51.875588408739915,117.44060868146661
447,2,447,99470000000.0,35.18341717852833,-97.43613194990955,8.02759137544286,3.4,51.82030329093548,117.49059252162056
448,2,448,99480000000.0,35.18341763070709,-97.43613133758416,8.021279713597698,3.4,51.7650181744141,117.5405763617745
449,2,449,99490000000.0,35.183418082885844,-97.43613072525875,8.014968051752536,3.4,51.70973305660967,117.590560201143
450,2,450,99500000000.0,35.183418535064604,-97.43613011293336,8.008656389907376,3.4,51.654447940088296,117.64054404129695
451,2,451,99510000000.0,35.183418987243364,-97.43612950060795,8.002344728062214,3.4,51.599162822283866,117.69052788145089
452,2,452,99520000000.0,35.183419439422124,-97.43612888828254,7.996033066217052,3.4,51.543877704479435,117.74051172160483
453,2,453,99530000000.0,35.18341992098582,-97.43612823396627,7.988606025317042,3.4,51.484801351583336,117.793743772515
454,2,454,99540000000.0,35.18342051822044,-97.43612741435707,7.97678840422361,3.4,51.41080117050735,117.85976208711318
455,2,455,99550000000.0,35.18342111545505,-97.43612659474786,7.964970783130178,3.4,51.336800988148305,117.92578040092593
456,2,456,99560000000.0,35.183421712689665,-97.43612577513866,7.953153162036746,3.4,51.26280080707232,117.99179871552411
457,2,457,99570000000.0,35.183422309924275,-97.43612495552945,7.941335540943314,3.4,51.188800624713274,118.05781702933686
458,2,458,99580000000.0,35.18342290715889,-97.43612413592025,7.929517919849882,3.4,51.114800443637286,118.12383534393504
459,2,459,99590000000.0,35.1834235043935,-97.43612331631104,7.91770029875645,3.4,51.04080026127824,118.18985365774779
460,2,460,99600000000.0,35.18342410162812,-97.43612249670184,7.905882677663018,3.4,50.966800080202255,118.25587197234597
461,2,461,99610000000.0,35.18342469886273,-97.43612167709263,7.894065056569586,3.4,50.89279989784321,118.32189028615872
462,2,462,99620000000.0,35.18342529609735,-97.43612085748343,7.882247435476154,3.4,50.818799716767224,118.3879086007569
463,2,463,99630000000.0,35.183425893331965,-97.43612003787422,7.870429814382722,3.4,50.74479953440818,118.45392691535508
464,2,464,99640000000.0,35.183426490566575,-97.43611921826502,7.85861219328929,3.4,50.6707993533322,118.51994522916783
465,2,465,99650000000.0,35.18342708780119,-97.43611839865581,7.846794572195858,3.4,50.59679917097315,118.58596354376601
466,2,466,99660000000.0,35.1834276850358,-97.43611757904661,7.834976951102426,3.4,50.52279898989716,118.65198185757876
467,2,467,99670000000.0,35.18342828227042,-97.4361167594374,7.823159330008994,3.3390083556228696,50.44879880753812,118.71800017217694
468,2,468,99680000000.0,35.18342887950503,-97.4361159398282,7.8113417089155615,3.384867913889067,50.37479862646214,118.78401848598969
469,2,469,99690000000.0,35.18342937207959,-97.43611526411561,7.797266085918153,3.325550427694038,50.31379046096492,118.83846767753624
470,2,470,99700000000.0,35.183429743446275,-97.43611475505116,7.78057544822718,3.3,50.26782848115387,118.87951855128435
471,2,471,99710000000.0,35.183430114812964,-97.43611424598672,7.763884810536205,3.3,50.22186650134282,118.92056942503245
472,2,472,99720000000.0,35.18343048617965,-97.43611373692227,7.747194172845231,3.3,50.17590452153177,118.96162029878056
473,2,473,99730000000.0,35.18343085754634,-97.43611322785782,7.730503535154257,3.3,50.12994254172072,119.00267117252866
474,2,474,99740000000.0,35.18343122891303,-97.43611271879337,7.713812897463283,3.3,50.08398056190967,119.04372204627677
475,2,475,99750000000.0,35.18343160027972,-97.43611220972892,7.697122259772309,3.3,50.038018582098616,119.08477292002488
476,2,476,99760000000.0,35.18343197164641,-97.43611170066447,7.6804316220813345,3.3,49.99205660228757,119.12582379377298
477,2,477,99770000000.0,35.183432343013095,-97.43611119160002,7.663740984390361,3.240124032705781,49.94609462247652,119.16687466752109
478,2,478,99780000000.0,35.183432714379784,-97.43611068253557,7.647050346699387,3.2,49.90013264266547,119.20792554126919
479,2,479,99790000000.0,35.18343308574647,-97.43611017347112,7.630359709008412,3.2,49.85417066285442,119.2489764150173
480,2,480,99800000000.0,35.18343345711316,-97.43610966440667,7.613669071317438,3.2,49.80820868304337,119.2900272887654
481,2,481,99810000000.0,35.18343382847985,-97.43610915534222,7.5969784336264645,3.1581227255722815,49.76224670323232,119.3310781625135
482,2,482,99820000000.0,35.18343419984654,-97.43610864627777,7.58028779593549,3.0688046048390785,49.71628472342127,119.37212903626161
483,2,483,99830000000.0,35.183434571213226,-97.43610813721332,7.563597158244516,3.0161239275004306,49.67032274361022,119.41317991000972
484,2,484,99840000000.0,35.183434942579915,-97.43610762814887,7.5469065205535415,3.0,49.624360763799174,119.45423078375782
485,2,485,99850000000.0,35.1834353139466,-97.43610711908443,7.530215882862568,3.0,49.57839878398813,119.49528165750593
486,2,486,99860000000.0,35.18343568531329,-97.43610661001998,7.513525245171594,3.0,49.53243680417707,119.53633253125403
487,2,487,99870000000.0,35.18343605667998,-97.43610610095553,7.496834607480619,3.0,49.48647482436602,119.57738340500214
488,2,488,99880000000.0,35.18343642804667,-97.43610559189108,7.480143969789646,3.0,49.44051284455497,119.61843427875024
489,2,489,99890000000.0,35.18343679941336,-97.43610508282663,7.463453332098672,2.938357842190265,49.39455086474393,119.65948515249835
490,2,490,99900000000.0,35.183437170780046,-97.43610457376218,7.446762694407697,2.9,49.34858888493287,119.70053602624645
491,2,491,99910000000.0,35.183437542146734,-97.43610406469773,7.430072056716723,2.9,49.302626905121826,119.74158689999456
492,2,492,99920000000.0,35.18343791351342,-97.43610355563328,7.413381419025749,2.9,49.25666492531078,119.78263777374266
493,2,493,99930000000.0,35.18343831942539,-97.43610299280444,7.397978387273046,2.9,49.20584871128869,119.82750728278774
494,2,494,99940000000.0,35.18343876018282,-97.43610237574404,7.383874149708278,2.9,49.150136085102645,119.876228608572
495,2,495,99950000000.0,35.18343920094024,-97.43610175868365,7.369769912143512,2.9,49.094423458916594,119.92494993435628
496,2,496,99960000000.0,35.18343964169767,-97.43610114162325,7.355665674578745,2.9,49.038710832730544,119.97367126014055
497,2,497,99970000000.0,35.18344008245509,-97.43610052456287,7.341561437013978,2.9,48.982998207827556,120.02239258592482
498,2,498,99980000000.0,35.18344052321252,-97.43609990750248,7.327457199449211,2.9,48.927285581641506,120.07111391170909
499,2,499,99990000000.0,35.18344096396994,-97.43609929044209,7.313352961884444,2.9,48.87157295545546,120.11983523749336
500,2,500,100000000000.0,35.18344140472736,-97.4360986733817,7.2992487243196775,2.9,48.81586032926941,120.1685565624922
501,2,501,100010000000.0,35.183441845484786,-97.4360980563213,7.28514448675491,2.9,48.76014770308336,120.21727788827647
502,2,502,100020000000.0,35.18344228624221,-97.4360974392609,7.271040249190143,2.9,48.70443507689732,120.26599921406074
503,2,503,100030000000.0,35.18344272699964,-97.43609682220051,7.256936011625377,2.9,48.64872245071127,120.31472053984501
504,2,504,100040000000.0,35.18344316775706,-97.43609620514012,7.242831774060609,2.9,48.59300982452522,120.36344186562928
505,2,505,100050000000.0,35.18344360851449,-97.43609558807972,7.2287275364958425,2.9,48.537297198339175,120.41216319141355
506,2,506,100060000000.0,35.18344404927191,-97.43609497101933,7.214623298931076,2.9,48.481584572153125,120.46088451719783
507,2,507,100070000000.0,35.18344449002933,-97.43609435395894,7.200519061366308,2.9,48.425871945967074,120.50960584219666
508,2,508,100080000000.0,35.183444930786756,-97.43609373689854,7.186414823801542,2.9,48.370159319781024,120.55832716798093
509,2,509,100090000000.0,35.18344537154418,-97.43609311983815,7.172310586236775,2.9,48.31444669359498,120.6070484937652
510,2,510,100100000000.0,35.183445812301606,-97.43609250277775,7.1582063486720084,2.9,48.25873406740893,120.65576981954948
511,2,511,100110000000.0,35.18344625305903,-97.43609188571736,7.144102111107241,2.9,48.20302144122288,120.70449114533375
512,2,512,100120000000.0,35.18344668621028,-97.43609127760269,7.130956497110341,2.9,48.14811649852164,120.75237168450641
513,2,513,100130000000.0,35.183447091233276,-97.43609070257004,7.1213559520874,2.9,48.09619843824482,120.79714292634037
514,2,514,100140000000.0,35.18344749625627,-97.4360901275374,7.111755407064459,2.9,48.044280377968,120.84191416817433
515,2,515,100150000000.0,35.18344790127926,-97.43608955250475,7.102154862041518,2.9,47.99236231769119,120.88668540922285
516,2,516,100160000000.0,35.18344830630225,-97.43608897747211,7.092554317018577,2.9,47.94044425741437,120.9314566510568
517,2,517,100170000000.0,35.18344871132525,-97.43608840243947,7.082953771995636,2.9,47.88852619713755,120.97622789289076
518,2,518,100180000000.0,35.18344911634824,-97.43608782740682,7.073353226972695,2.9,47.83660813686073,121.02099913472472
519,2,519,100190000000.0,35.18344952137123,-97.43608725237418,7.0637526819497545,2.9573720738952427,47.78469007658392,121.06577037577324
520,2,520,100200000000.0,35.183449926394225,-97.43608667734154,7.054152136926813,3.0,47.7327720163071,121.1105416176072
521,2,521,100210000000.0,35.18345033141722,-97.43608610230889,7.044551591903872,3.0,47.68085395603028,121.15531285944115
522,2,522,100220000000.0,35.183450736440214,-97.43608552727625,7.0349510468809315,3.0,47.628935895753465,121.20008410127511
523,2,523,100230000000.0,35.1834511414632,-97.43608495224359,7.02535050185799,3.0,47.5770178341936,121.24485534232363
524,2,524,100240000000.0,35.1834515464862,-97.43608437721095,7.01574995683505,3.0,47.52509977391678,121.28962658415759
525,2,525,100250000000.0,35.18345195150919,-97.4360838021783,7.006149411812109,3.0,47.47318171363996,121.33439782599154
526,2,526,100260000000.0,35.18345235653218,-97.43608322714566,6.996548866789167,3.0477596802356084,47.42126365336314,121.37916906704007
527,2,527,100270000000.0,35.18345276155517,-97.43608265211302,6.986948321766227,3.1,47.36934559308632,121.42394030887402
528,2,528,100280000000.0,35.18345316657817,-97.43608207708037,6.977347776743286,3.144785631303784,47.3174275328095,121.46871155070798
529,2,529,100290000000.0,35.18345357160116,-97.43608150204773,6.967747231720344,3.2525068445374323,47.26550947253269,121.51348279254194
530,2,530,100300000000.0,35.18345397662415,-97.43608092701508,6.958146686697404,3.33168324793322,47.21359141225587,121.55825403359046
531,2,531,100310000000.0,35.183454381647145,-97.43608035198244,6.948546141674463,3.3949504017147927,47.161673351979054,121.60302527542441
532,2,532,100320000000.0,35.183454781269205,-97.43607978023485,6.937717151664153,3.407842920328317,47.11005188971553,121.64719949792442
533,2,533,100330000000.0,35.18345516105281,-97.43607922055375,6.92237589295995,3.5243338781077562,47.05951987680407,121.68918077786756
534,2,534,100340000000.0,35.18345554083641,-97.43607866087265,6.907034634255747,3.623735440871851,47.00898786389261,121.73116205702527
535,2,535,100350000000.0,35.18345592062002,-97.43607810119155,6.891693375551545,3.7283394094409625,46.958455850981146,121.77314333696842
536,2,536,100360000000.0,35.18345630040362,-97.43607754151046,6.876352116847341,3.861849385770454,46.907923838069685,121.81512461612613
537,2,537,100370000000.0,35.18345668018723,-97.43607698182934,6.861010858143138,4.016911520977089,46.85739182387516,121.85710589606927
538,2,538,100380000000.0,35.18345705997083,-97.43607642214825,6.845669599438936,4.112897296712218,46.80685981096371,121.89908717522698
539,2,539,100390000000.0,35.183457439754434,-97.43607586246715,6.830328340734733,4.2,46.75632779805225,121.94106845517013
540,2,540,100400000000.0,35.183457819538035,-97.43607530278605,6.81498708203053,4.2,46.70579578514078,121.98304973432784
541,2,541,100410000000.0,35.183458199321635,-97.43607474310495,6.799645823326327,4.2,46.655263772229326,122.02503101348555
542,2,542,100420000000.0,35.18345857910524,-97.43607418342386,6.784304564622124,4.213342400289133,46.604731759317865,122.06701229342869
543,2,543,100430000000.0,35.18345895888884,-97.43607362374276,6.7689633059179215,4.327065641293023,46.554199746406404,122.1089935725864
544,2,544,100440000000.0,35.18345933867245,-97.43607306406166,6.753622047213718,4.4,46.50366773349494,122.15097485252954
545,2,545,100450000000.0,35.18345971845605,-97.43607250438056,6.738280788509515,4.4,46.45313572058348,122.19295613168725
546,2,546,100460000000.0,35.18346009823966,-97.43607194469946,6.722939529805313,4.422909738390456,46.40260370767202,122.2349374116304
547,2,547,100470000000.0,35.18346047802326,-97.43607138501837,6.7075982711011095,4.484209485510609,46.35207169476056,122.27691869078811
548,2,548,100480000000.0,35.183460857806864,-97.43607082533727,6.692257012396906,4.5,46.30153968184911,122.31889997073125
549,2,549,100490000000.0,35.183461237590464,-97.43607026565617,6.676915753692704,4.5,46.25100766893764,122.36088124988896
550,2,550,100500000000.0,35.183461617374064,-97.43606970597507,6.661574494988501,4.5,46.20047565602618,122.40286252904667
551,2,551,100510000000.0,35.18346199715767,-97.43606914629397,6.6462332362842975,4.5,46.149943643114725,122.44484380898982
552,2,552,100520000000.0,35.183462377651836,-97.43606859411113,6.63092418053301,4.5,46.10008862657176,122.48690363389784
553,2,553,100530000000.0,35.183462760942795,-97.43606807144165,6.615741876226479,4.5,46.052898287176085,122.52927261660076
554,2,554,100540000000.0,35.18346314423376,-97.43606754877216,6.6005595719199475,4.5,46.005707946497346,122.57164160008912
555,2,555,100550000000.0,35.18346352752472,-97.43606702610266,6.585377267613416,4.5,45.958517605818614,122.61401058279205
556,2,556,100560000000.0,35.18346391081568,-97.43606650343317,6.570194963306885,4.522314237065814,45.91132726513988,122.65637956549497
557,2,557,100570000000.0,35.18346429410664,-97.43606598076367,6.5550126590003535,4.579890286534694,45.86413692446115,122.6987485481979
558,2,558,100580000000.0,35.1834646773976,-97.43606545809419,6.539830354693822,4.596290877069593,45.81694658506547,122.74111753090082
559,2,559,100590000000.0,35.18346506068857,-97.4360649354247,6.524648050387291,4.5,45.76975624438674,122.78348651438918
560,2,560,100600000000.0,35.18346544397953,-97.4360644127552,6.5094657460807595,4.5,45.72256590370801,122.8258554970921
561,2,561,100610000000.0,35.18346582727049,-97.4360638900857,6.494283441774228,4.5,45.67537556302928,122.86822447979503
562,2,562,100620000000.0,35.18346621056145,-97.43606336741621,6.479101137467697,4.5,45.62818522235054,122.91059346249796
563,2,563,100630000000.0,35.18346659385241,-97.43606284474671,6.4639188331611654,4.5,45.58099488167181,122.95296244520088
564,2,564,100640000000.0,35.18346697714337,-97.43606232207723,6.448736528854634,4.5,45.53380454227614,122.9953314279038
565,2,565,100650000000.0,35.183467360434335,-97.43606179940774,6.433554224548103,4.5,45.486614201597405,123.03770041139217
566,2,566,100660000000.0,35.183467743725295,-97.43606127673824,6.418371920241571,4.5,45.439423860918666,123.08006939409509
567,2,567,100670000000.0,35.183468127016255,-97.43606075406875,6.40318961593504,4.492049212734854,45.39223352023994,123.12243837679802
568,2,568,100680000000.0,35.183468510307215,-97.43606023139925,6.388007311628509,4.4,45.3450431795612,123.16480735950094
569,2,569,100690000000.0,35.183468893598175,-97.43605970872977,6.372825007321977,4.4,45.297852840165525,123.20717634220387
570,2,570,100700000000.0,35.183469276889134,-97.43605918606028,6.357642703015446,4.4,45.25066249948679,123.24954532490679
571,2,571,100710000000.0,35.1834696601801,-97.43605866339078,6.342460398708915,4.4,45.20347215880806,123.29191430839515
572,2,572,100720000000.0,35.183470042159904,-97.43605814416662,6.327313603908979,4.4,45.15659288774944,123.33413835575854
573,2,573,100730000000.0,35.18347041389019,-97.43605765187516,6.312444392338574,4.4,45.11214529314156,123.37522942173223
574,2,574,100740000000.0,35.18347078562048,-97.4360571595837,6.2975751807681695,4.4,45.067697698533685,123.41632048770592
575,2,575,100750000000.0,35.18347115735077,-97.43605666729223,6.282705969197765,4.4,45.02325010392581,123.45741155446504
576,2,576,100760000000.0,35.18347152908106,-97.43605617500076,6.267836757627361,4.4,44.978802508034875,123.49850262043873
577,2,577,100770000000.0,35.18347190081135,-97.4360556827093,6.252967546056956,4.4,44.93435491342699,123.53959368641242
578,2,578,100780000000.0,35.183472272541636,-97.43605519041783,6.238098334486551,4.4,44.88990731881912,123.5806847523861
579,2,579,100790000000.0,35.18347264427193,-97.43605469812637,6.2232291229161465,4.4,44.845459724211246,123.62177581914523
580,2,580,100800000000.0,35.18347301600222,-97.4360542058349,6.208359911345742,4.4,44.801012129603365,123.66286688511892
581,2,581,100810000000.0,35.183473387732505,-97.43605371354344,6.193490699775337,4.4,44.75656453499549,123.7039579510926
582,2,582,100820000000.0,35.18347375946279,-97.43605322125198,6.178621488204933,4.4,44.71211694038761,123.7450490170663
583,2,583,100830000000.0,35.18347413119309,-97.43605272896052,6.163752276634528,4.4,44.66766934577973,123.78614008382542
584,2,584,100840000000.0,35.183474502923374,-97.43605223666906,6.1488830650641235,4.4,44.623221751171855,123.8272311497991
585,2,585,100850000000.0,35.18347487465366,-97.4360517443776,6.134013853493719,4.4,44.57877415656397,123.86832221577279
586,2,586,100860000000.0,35.18347524638395,-97.43605125208612,6.119144641923314,4.303027514363551,44.534326560673044,123.90941328174648
587,2,587,100870000000.0,35.183475618114244,-97.43605075979465,6.104275430352909,4.3,44.48987896606516,123.9505043485056
588,2,588,100880000000.0,35.18347598984453,-97.43605026750319,6.089406218782505,4.299927348398792,44.44543137145729,123.99159541447929
589,2,589,100890000000.0,35.18347636157482,-97.43604977521173,6.0745370072121005,4.213148082742294,44.40098377684941,124.03268648045298
590,2,590,100900000000.0,35.18347673330511,-97.43604928292027,6.059667795641696,4.216144466135231,44.356536182241534,124.0737775472121
591,2,591,100910000000.0,35.1834771050354,-97.4360487906288,6.044798584071291,4.36480766067388,44.31208858763366,124.11486861318579
592,2,592,100920000000.0,35.18347746910346,-97.43604830720393,6.030492531710683,4.627711008355946,44.26844153244579,124.15511269625952
593,2,593,100930000000.0,35.18347780373015,-97.4360478578481,6.018350363209069,4.690385539612332,44.22787047316585,124.19210233066067
594,2,594,100940000000.0,35.18347813835684,-97.43604740849224,6.006208194707455,4.4,44.18729941260287,124.22909196506183
595,2,595,100950000000.0,35.18347847298353,-97.4360469591364,5.99406602620584,4.4,44.146728353322935,124.26608159946298
596,2,596,100960000000.0,35.18347880761022,-97.43604650978057,5.981923857704226,4.4,44.106157294043,124.30307123386413
597,2,597,100970000000.0,35.18347914223691,-97.43604606042472,5.969781689202612,4.4,44.06558623348001,124.34006086826528
598,2,598,100980000000.0,35.1834794768636,-97.43604561106888,5.9576395207009964,4.4,44.02501517420008,124.37705050266644
599,2,599,100990000000.0,35.183479811490294,-97.43604516171304,5.945497352199382,4.312806892808684,43.984444114920144,124.41404013706759
600,2,600,101000000000.0,35.183480146116985,-97.43604471235719,5.933355183697768,4.407506801615468,43.943873054357155,124.45102977146874
601,2,601,101010000000.0,35.183480480743675,-97.43604426300135,5.9212130151961535,4.630145605777923,43.90330199507722,124.48801940586989
602,2,602,101020000000.0,35.183480815370366,-97.43604381364551,5.909070846694539,4.628425054444416,43.86273093579729,124.52500904027104
603,2,603,101030000000.0,35.18348114999706,-97.43604336428966,5.896928678192925,4.6,43.8221598752343,124.5619986746722
604,2,604,101040000000.0,35.18348148462375,-97.43604291493382,5.884786509691311,4.505435722750344,43.781588815954365,124.59898830907335
605,2,605,101050000000.0,35.18348181925044,-97.43604246557798,5.872644341189695,4.411204680267549,43.74101775667443,124.6359779434745
606,2,606,101060000000.0,35.18348215387713,-97.43604201622213,5.860502172688081,4.4,43.70044669611144,124.67296757787565
607,2,607,101070000000.0,35.18348248850382,-97.4360415668663,5.848360004186467,4.4,43.65987563683151,124.7099572122768
608,2,608,101080000000.0,35.18348282313051,-97.43604111751046,5.836217835684852,4.4,43.619304577551574,124.74694684667796
609,2,609,101090000000.0,35.1834831577572,-97.4360406681546,5.824075667183238,4.4,43.578733516988585,124.78393648107911
610,2,610,101100000000.0,35.18348349238389,-97.43604021879877,5.811933498681624,4.396453887632918,43.53816245770865,124.82092611548026
611,2,611,101110000000.0,35.18348382701058,-97.43603976944293,5.799791330180009,4.170687518047199,43.49759139842872,124.85791574988141
612,2,612,101120000000.0,35.183484161637274,-97.43603932008708,5.787649161678394,4.1,43.45702033786573,124.89490538428257
613,2,613,101130000000.0,35.18348450626886,-97.43603886292856,5.7750726724550585,4.1,43.4157447965571,124.93300095993916
614,2,614,101140000000.0,35.18348487567393,-97.43603838644955,5.76142074584137,4.1,43.37272486400522,124.97383499658312
615,2,615,101150000000.0,35.183485245079005,-97.43603790997055,5.747768819227682,4.1,43.32970493145334,125.01466903322708
616,2,616,101160000000.0,35.18348561448408,-97.43603743349153,5.734116892613994,4.1,43.286684997618416,125.05550306987104
617,2,617,101170000000.0,35.183485983889156,-97.43603695701253,5.720464966000305,4.1,43.24366506506654,125.09633710730043
618,2,618,101180000000.0,35.18348635329423,-97.43603648053353,5.706813039386617,4.1,43.20064513251466,125.13717114394439
619,2,619,101190000000.0,35.1834867226993,-97.43603600405451,5.693161112772929,4.1,43.157625198679725,125.17800518058834
620,2,620,101200000000.0,35.18348709210437,-97.43603552757551,5.6795091861592395,4.1,43.114605266127846,125.2188392172323
621,2,621,101210000000.0,35.18348746150944,-97.43603505109651,5.665857259545551,4.1,43.07158533357597,125.25967325387626
622,2,622,101220000000.0,35.18348783091452,-97.4360345746175,5.652205332931863,4.1,43.02856539974104,125.30050729130565
623,2,623,101230000000.0,35.183488200319594,-97.43603409813849,5.638553406318175,4.1,42.98554546718916,125.3413413279496
624,2,624,101240000000.0,35.183488569724666,-97.43603362165949,5.624901479704486,4.1,42.942525534637284,125.38217536459356
625,2,625,101250000000.0,35.18348893912974,-97.43603314518047,5.611249553090798,4.1,42.89950560080236,125.42300940123752
626,2,626,101260000000.0,35.18348930853481,-97.43603266870147,5.59759762647711,4.1,42.85648566825048,125.46384343788148
627,2,627,101270000000.0,35.18348967793989,-97.43603219222246,5.583945699863421,4.1,42.81346573441554,125.50467747531087
628,2,628,101280000000.0,35.18349004734496,-97.43603171574345,5.570293773249733,4.1,42.77044580186367,125.54551151195483
629,2,629,101290000000.0,35.18349041675003,-97.43603123926445,5.556641846636045,4.1,42.727425869311794,125.58634554859879
630,2,630,101300000000.0,35.183490786155105,-97.43603076278544,5.5429899200223565,4.1,42.68440593547685,125.62717958524274
631,2,631,101310000000.0,35.183491155560176,-97.43603028630643,5.529337993408668,4.1,42.64138600292498,125.6680136218867
632,2,632,101320000000.0,35.183491498596815,-97.43602984423137,5.512114281565249,4.1,42.60147230409982,125.7059328919722
633,2,633,101330000000.0,35.183491824703495,-97.4360294242455,5.492597291012065,4.1,42.563552975915854,125.74198072431727
634,2,634,101340000000.0,35.18349215081017,-97.43602900425962,5.473080300458881,4.1,42.52563364644883,125.77802855587692
635,2,635,101350000000.0,35.18349247691685,-97.43602858427376,5.4535633099056975,4.1,42.487714318264864,125.81407638822199
636,2,636,101360000000.0,35.183492803023526,-97.43602816428788,5.434046319352514,4.1,42.44979498879784,125.85012422056707
637,2,637,101370000000.0,35.183493129130206,-97.43602774430201,5.414529328799331,4.1,42.41187566061387,125.88617205291214
638,2,638,101380000000.0,35.18349345523688,-97.43602732431614,5.395012338246147,4.1,42.373956332429906,125.92221988447179
639,2,639,101390000000.0,35.18349378134356,-97.43602690433026,5.375495347692963,4.1,42.33603700296288,125.95826771681686
640,2,640,101400000000.0,35.18349410745024,-97.4360264843444,5.355978357139779,4.1,42.298117674778915,125.99431554916194
641,2,641,101410000000.0,35.18349443355691,-97.43602606435851,5.336461366586596,4.1,42.26019834531189,126.03036338072158
642,2,642,101420000000.0,35.18349475966359,-97.43602564437265,5.316944376033412,4.1,42.222279017127924,126.06641121306666
643,2,643,101430000000.0,35.18349508577027,-97.43602522438678,5.297427385480228,4.1,42.18435968894396,126.10245904541173
644,2,644,101440000000.0,35.18349541187695,-97.4360248044009,5.277910394927044,4.1,42.146440359476934,126.13850687775681
645,2,645,101450000000.0,35.18349573798362,-97.43602438441503,5.258393404373861,4.1,42.108521031292966,126.17455470931645
646,2,646,101460000000.0,35.1834960640903,-97.43602396442915,5.238876413820678,4.1,42.07060170182594,126.21060254166153
647,2,647,101470000000.0,35.18349639019698,-97.43602354444329,5.219359423267494,4.1,42.032682373641975,126.2466503740066
648,2,648,101480000000.0,35.18349671630366,-97.43602312445742,5.19984243271431,4.1,41.99476304545801,126.28269820635168
649,2,649,101490000000.0,35.18349704241033,-97.43602270447154,5.180325442161126,4.031741434307144,41.956843715990985,126.31874603791132
650,2,650,101500000000.0,35.18349736851701,-97.43602228448567,5.160808451607942,4.0,41.91892438780702,126.3547938702564
651,2,651,101510000000.0,35.18349769462369,-97.43602186449979,5.141291461054759,4.0,41.881005058339994,126.39084170260148
652,2,652,101520000000.0,35.1834980140534,-97.43602145651347,5.125192088029164,4.0,41.84416913502368,126.42615146267303
653,2,653,101530000000.0,35.18349832212483,-97.43602106893974,5.1149064775450634,4.0,41.80917620592823,126.4602056783157
654,2,654,101540000000.0,35.183498630196254,-97.436020681366,5.104620867060963,4.0,41.77418327683278,126.49425989395837
655,2,655,101550000000.0,35.183498938267675,-97.43602029379228,5.094335256576864,4.0,41.73919034902038,126.52831410881561
656,2,656,101560000000.0,35.1834992463391,-97.43601990621855,5.0840496460927636,4.0,41.70419741992494,126.56236832445828
657,2,657,101570000000.0,35.183499554410524,-97.43601951864483,5.073764035608664,4.0,41.66920449211254,126.59642253931551
658,2,658,101580000000.0,35.18349986248195,-97.43601913107109,5.063478425124564,4.062065714062298,41.63421156301709,126.63047675495818
659,2,659,101590000000.0,35.18350017055338,-97.43601874349737,5.053192814640464,4.1,41.5992186352047,126.66453097060085
660,2,660,101600000000.0,35.1835004786248,-97.43601835592364,5.042907204156364,4.1,41.56422570610925,126.69858518545809
661,2,661,101610000000.0,35.18350078669623,-97.4360179683499,5.032621593672264,4.1,41.529232777013796,126.73263940110076
662,2,662,101620000000.0,35.18350109476766,-97.43601758077618,5.022335983188165,4.1,41.494239849201406,126.76669361674342
663,2,663,101630000000.0,35.18350140283908,-97.43601719320245,5.012050372704064,4.1,41.459246920105954,126.80074783160066
664,2,664,101640000000.0,35.183501710910505,-97.43601680562873,5.001764762219964,4.1,41.424253992293565,126.83480204724333
665,2,665,101650000000.0,35.183502018981926,-97.43601641805499,4.991479151735865,4.1,41.38926106319811,126.86885626210056
666,2,666,101660000000.0,35.183502327053354,-97.43601603048127,4.9811935412517645,4.1,41.35426813538572,126.90291047774323
667,2,667,101670000000.0,35.18350263512478,-97.43601564290753,4.970907930767665,4.1,41.31927520629027,126.9369646933859
668,2,668,101680000000.0,35.1835029431962,-97.4360152553338,4.960622320283565,4.1,41.28428227719482,126.97101890824314
669,2,669,101690000000.0,35.18350325126763,-97.43601486776008,4.950336709799465,4.1,41.24928934938243,127.00507312388581
670,2,670,101700000000.0,35.18350355933905,-97.43601448018634,4.940051099315365,4.1,41.21429642028698,127.03912733874304
671,2,671,101710000000.0,35.18350386741048,-97.43601409261262,4.929765488831265,4.1,41.17930349247458,127.07318155438571
672,2,672,101720000000.0,35.18350416939876,-97.43601370788892,4.916574278638887,4.1,41.14456788443274,127.10656333882554
673,2,673,101730000000.0,35.18350445264248,-97.43601333194725,4.894429769681193,4.1,41.11062518161811,127.13787309983445
674,2,674,101740000000.0,35.1835047358862,-97.43601295600558,4.8722852607235,4.1,41.07668247880348,127.16918286084336
675,2,675,101750000000.0,35.18350501912992,-97.43601258006393,4.850140751765807,4.1,41.042739777271905,127.20049262106684
676,2,676,101760000000.0,35.18350530237364,-97.43601220412226,4.827996242808114,4.1,41.00879707445728,127.23180238207576
677,2,677,101770000000.0,35.18350558561736,-97.4360118281806,4.80585173385042,4.1,40.97485437164264,127.26311214308467
678,2,678,101780000000.0,35.183505868861076,-97.43601145223893,4.783707224892726,4.1,40.940911668828015,127.29442190330815
679,2,679,101790000000.0,35.1835061521048,-97.43601107629728,4.7615627159350336,4.1,40.90696896729644,127.32573166431706
680,2,680,101800000000.0,35.18350643534852,-97.43601070035561,4.73941820697734,4.1,40.87302626448181,127.35704142532597
681,2,681,101810000000.0,35.183506718592234,-97.43601032441394,4.717273698019647,4.1,40.83908356166718,127.38835118554945
682,2,682,101820000000.0,35.183507001835956,-97.43600994847228,4.695129189061953,4.1,40.80514085885255,127.41966094655837
683,2,683,101830000000.0,35.18350728507967,-97.43600957253062,4.6729846801042605,4.079028228433604,40.771198157320974,127.45097070678185
684,2,684,101840000000.0,35.18350756832339,-97.43600919658896,4.650840171146567,4.0,40.73725545450635,127.48228046779076
685,2,685,101850000000.0,35.183507851567114,-97.43600882064729,4.628695662188873,4.0,40.70331275169172,127.51359022879967
686,2,686,101860000000.0,35.18350813481083,-97.43600844470562,4.60655115323118,4.0,40.669370048877084,127.54489998902315
687,2,687,101870000000.0,35.18350841805455,-97.43600806876397,4.5844066442734865,4.0,40.63542734734551,127.57620975003206
688,2,688,101880000000.0,35.18350870129827,-97.4360076928223,4.562262135315794,4.0,40.601484644530885,127.60751951104098
689,2,689,101890000000.0,35.18350898454199,-97.43600731688063,4.5401176263581,4.0,40.56754194171625,127.63882927126446
690,2,690,101900000000.0,35.18350926778571,-97.43600694093898,4.517973117400407,4.0,40.53359924018468,127.67013903227337
691,2,691,101910000000.0,35.18350955102943,-97.43600656499731,4.4958286084427135,4.0,40.49965653737004,127.70144879328228
692,2,692,101920000000.0,35.18350978731915,-97.43600622716559,4.473023755674376,4.0,40.46915467302805,127.72756825915337
693,2,693,101930000000.0,35.183510013793985,-97.43600589730006,4.4500808699501135,4.0,40.43937205357566,127.75260278705801
694,2,694,101940000000.0,35.183510240268824,-97.43600556743455,4.42713798422585,4.0,40.409589435406325,127.77763731574808
695,2,695,101950000000.0,35.18351046674366,-97.43600523756902,4.404195098501587,4.0,40.379806815953934,127.80267184443815
696,2,696,101960000000.0,35.1835106932185,-97.43600490770349,4.381252212777325,4.0,40.350024196501536,127.82770637312822
697,2,697,101970000000.0,35.18351091969334,-97.43600457783796,4.358309327053061,4.0,40.320241577049146,127.8527409018183
698,2,698,101980000000.0,35.18351114616817,-97.43600424797245,4.335366441328798,4.0,40.29045895887982,127.87777542972293
699,2,699,101990000000.0,35.18351137264301,-97.43600391810692,4.312423555604536,4.0,40.26067633942742,127.902809958413
700,2,700,102000000000.0,35.18351159911785,-97.43600358824139,4.289480669880272,4.0,40.23089371997503,127.92784448710307
701,2,701,102010000000.0,35.18351182559269,-97.43600325837588,4.266537784156009,4.0,40.201111101805694,127.95287901579314
702,2,702,102020000000.0,35.18351205206753,-97.43600292851035,4.243594898431747,4.0,40.1713284823533,127.97791354448321
703,2,703,102030000000.0,35.18351227854236,-97.43600259864482,4.220652012707483,3.9735620221107077,40.141545862900905,128.00294807238785
704,2,704,102040000000.0,35.1835125050172,-97.4360022687793,4.19770912698322,3.9,40.11176324473158,128.02798260107792
705,2,705,102050000000.0,35.18351273149204,-97.43600193891378,4.174766241258958,3.9,40.081980625279186,128.053017129768
706,2,706,102060000000.0,35.183512957966876,-97.43600160904825,4.151823355534694,3.9,40.052198005826796,128.07805165845807
707,2,707,102070000000.0,35.183513184441715,-97.43600127918272,4.128880469810431,3.8803867469719684,40.0224153863744,128.10308618714814
708,2,708,102080000000.0,35.18351341091655,-97.4360009493172,4.105937584086169,3.8,39.99263276820506,128.12812071505277
709,2,709,102090000000.0,35.183513637391385,-97.43600061945168,4.082994698361905,3.8,39.96285014875267,128.15315524374284
710,2,710,102100000000.0,35.183513863866224,-97.43600028958615,4.060051812637642,3.7578964841664186,39.93306752930028,128.17818977243292
711,2,711,102110000000.0,35.18351409034106,-97.43599995972063,4.03710892691338,3.7,39.90328491113095,128.203224301123
712,2,712,102120000000.0,35.18351432269146,-97.43599963554124,4.020230890924325,3.7,39.87401567638932,128.2289083137779
713,2,713,102130000000.0,35.183514560557434,-97.43599931669961,4.00904612914095,3.663239627887573,39.84522837348411,128.2552020187434
714,2,714,102140000000.0,35.18351479842341,-97.435998997858,3.997861367357574,3.6,39.81644107186195,128.2814957237089
715,2,715,102150000000.0,35.183515036289386,-97.43599867901636,3.986676605574199,3.5610609227996797,39.78765376895674,128.3077894286744
716,2,716,102160000000.0,35.183515274155354,-97.43599836017474,3.9754918437908233,3.5,39.758866466051536,128.33408313285446
717,2,717,102170000000.0,35.18351551202133,-97.43599804133311,3.9643070820074477,3.475230924651474,39.73007916314632,128.36037683781996
718,2,718,102180000000.0,35.183515749887306,-97.43599772249148,3.953122320224072,3.4,39.70129186024111,128.38667054278545
719,2,719,102190000000.0,35.18351598775328,-97.43599740364985,3.9419375584406966,3.4,39.6725045573359,128.41296424775095
720,2,720,102200000000.0,35.18351622561926,-97.43599708480824,3.930752796657321,3.4,39.643717255713746,128.43925795271645
721,2,721,102210000000.0,35.18351646348523,-97.4359967659666,3.9195680348739455,3.3613403094902496,39.61492995280854,128.46555165768194
722,2,722,102220000000.0,35.18351670135121,-97.43599644712498,3.90838327309057,3.3,39.58614264990332,128.49184536264744
723,2,723,102230000000.0,35.18351693921718,-97.43599612828335,3.8971985113071943,3.3,39.557355346998115,128.5181390668275
724,2,724,102240000000.0,35.183517177083154,-97.43599580944172,3.8860137495238187,3.3,39.5285680440929,128.544432771793
725,2,725,102250000000.0,35.18351741494913,-97.4359954906001,3.874828987740443,3.252978713079659,39.499780742470755,128.5707264767585
726,2,726,102260000000.0,35.183517652815105,-97.43599517175848,3.863644225957068,3.2,39.47099343956554,128.597020181724
727,2,727,102270000000.0,35.18351789068108,-97.43599485291685,3.8524594641736924,3.2,39.442206136660324,128.6233138866895
728,2,728,102280000000.0,35.18351812854706,-97.43599453407522,3.841274702390317,3.2,39.41341883375512,128.64960759165498
729,2,729,102290000000.0,35.18351836641303,-97.43599421523359,3.8300899406069413,3.1616553119556015,39.3846315308499,128.67590129662048
730,2,730,102300000000.0,35.183518604279,-97.43599389639198,3.8189051788235657,3.1,39.355844229227756,128.70219500080054
731,2,731,102310000000.0,35.18351884214498,-97.43599357755035,3.80772041704019,3.1,39.32705692632254,128.72848870576604
732,2,732,102320000000.0,35.18351905598143,-97.43599329202476,3.789958934330213,3.1,39.301277633951486,128.752126187034
733,2,733,102330000000.0,35.18351926209485,-97.43599301720687,3.770083711665149,3.1,39.276465108812644,128.7749099644438
734,2,734,102340000000.0,35.18351946820827,-97.43599274238898,3.750208489000085,3.1,39.25165258367381,128.79769374185358
735,2,735,102350000000.0,35.18351967432169,-97.43599246757108,3.730333266335021,3.1,39.22684005853497,128.82047751926336
736,2,736,102360000000.0,35.18351988043511,-97.43599219275319,3.710458043669957,3.1,39.202027533396134,128.84326129667315
737,2,737,102370000000.0,35.183520086548526,-97.4359919179353,3.690582821004893,3.1,39.17721500825729,128.86604507408293
738,2,738,102380000000.0,35.183520292661946,-97.4359916431174,3.670707598339829,3.1,39.15240248311845,128.88882885149272
739,2,739,102390000000.0,35.183520498775366,-97.43599136829951,3.650832375674765,3.1,39.127589957979616,128.9116126289025
740,2,740,102400000000.0,35.183520704888785,-97.43599109348162,3.630957153009701,3.1,39.102777432840774,128.9343964063123
741,2,741,102410000000.0,35.183520911002205,-97.43599081866373,3.611081930344637,3.1,39.07796490770193,128.95718018372207
742,2,742,102420000000.0,35.183521117115625,-97.43599054384583,3.5912067076795733,3.1,39.0531523825631,128.97996396113186
743,2,743,102430000000.0,35.183521323229044,-97.43599026902794,3.5713314850145093,3.1,39.02833985742426,129.00274773854164
744,2,744,102440000000.0,35.183521529342464,-97.43598999421005,3.5514562623494452,3.1,39.00352733228542,129.02553151595143
745,2,745,102450000000.0,35.18352173545589,-97.43598971939215,3.531581039684381,3.1,38.97871480714658,129.04831529414665
746,2,746,102460000000.0,35.18352194156931,-97.43598944457426,3.511705817019317,3.1,38.95390228200774,129.07109907155643
747,2,747,102470000000.0,35.18352214768273,-97.43598916975637,3.491830594354253,3.1,38.9290897568689,129.09388284896622
748,2,748,102480000000.0,35.18352235379615,-97.43598889493848,3.471955371689189,3.1,38.90427723173006,129.116666626376
749,2,749,102490000000.0,35.18352255990957,-97.43598862012058,3.452080149024125,3.1,38.87946470659123,129.1394504037858
750,2,750,102500000000.0,35.18352276602299,-97.43598834530269,3.432204926359061,3.1,38.85465218145239,129.16223418119557
751,2,751,102510000000.0,35.18352297213641,-97.4359880704848,3.412329703693997,3.1,38.829839656313546,129.18501795860536
752,2,752,102520000000.0,35.1835231702493,-97.43598780571804,3.394010322993877,3.1,38.805934619862114,129.20691735781986
753,2,753,102530000000.0,35.18352335528898,-97.43598755737531,3.3782332552209406,3.1,38.78351246185109,129.22737164419686
754,2,754,102540000000.0,35.183523540328665,-97.43598730903258,3.3624561874480046,3.1,38.76109030384006,129.24782593057387
755,2,755,102550000000.0,35.18352372536835,-97.43598706068985,3.346679119675068,3.1,38.73866814582904,129.2682802177363
756,2,756,102560000000.0,35.183523910408034,-97.43598681234711,3.3309020519021315,3.02893473689485,38.71624598653496,129.2887345041133
757,2,757,102570000000.0,35.183524095447716,-97.43598656400438,3.315124984129195,3.0640100619596247,38.693823828523925,129.3091887904903
758,2,758,102580000000.0,35.183524280487404,-97.43598631566165,3.2993479163562585,3.1,38.6714016705129,129.32964307765275
759,2,759,102590000000.0,35.183524465527086,-97.43598606731892,3.283570848583322,3.1,38.64897951250188,129.35009736402975
760,2,760,102600000000.0,35.18352465056677,-97.43598581897618,3.2677937808103854,3.1,38.626557353207794,129.37055165040675
761,2,761,102610000000.0,35.18352483560645,-97.43598557063345,3.252016713037449,3.1,38.60413519519677,129.39100593678376
762,2,762,102620000000.0,35.18352502064614,-97.43598532229072,3.236239645264513,3.1,38.58171303718574,129.4114602239462
763,2,763,102630000000.0,35.18352520568582,-97.43598507394798,3.2204625774915763,3.1,38.559290877891655,129.4319145103232
764,2,764,102640000000.0,35.1835253907255,-97.43598482560525,3.2046855097186397,3.1,38.53686871988063,129.4523687967002
765,2,765,102650000000.0,35.18352557576519,-97.43598457726252,3.188908441945703,3.1,38.51444656186961,129.47282308386264
766,2,766,102660000000.0,35.18352576080487,-97.43598432891979,3.1731313741727667,3.0452546142164856,38.49202440385858,129.49327737023964
767,2,767,102670000000.0,35.18352594584455,-97.43598408057704,3.15735430639983,3.045170958646637,38.4696022445645,129.51373165661664
768,2,768,102680000000.0,35.18352613088424,-97.43598383223431,3.1415772386268936,3.0382898775824674,38.44718008655347,129.53418594377908
769,2,769,102690000000.0,35.18352631592392,-97.43598358389158,3.125800170853957,3.0627931501756978,38.42475792854245,129.55464023015608
770,2,770,102700000000.0,35.1835265009636,-97.43598333554885,3.110023103081021,3.1,38.40233577053142,129.57509451653308
771,2,771,102710000000.0,35.18352668600329,-97.43598308720611,3.0942460353080845,3.0461757657903945,38.37991361123734,129.59554880369552
772,2,772,102720000000.0,35.18352687104297,-97.43598283886338,3.078468967535148,3.0314417278528634,38.35749145322631,129.61600309007252
773,2,773,102730000000.0,35.183527039170045,-97.43598260429214,3.0589516694695527,3.1,38.336312683253745,129.6345878567388
774,2,774,102740000000.0,35.183527204159425,-97.43598237227582,3.0387404701707577,3.1,38.31536459036038,129.652825782846
775,2,775,102750000000.0,35.183527369148806,-97.4359821402595,3.0185292708719627,3.1,38.29441649746701,129.67106370895323
776,2,776,102760000000.0,35.183527534138186,-97.43598190824318,2.998318071573167,3.1,38.27346840457365,129.68930163506045
777,2,777,102770000000.0,35.18352769912757,-97.43598167622686,2.978106872274372,3.1,38.25252031168028,129.7075395619531
778,2,778,102780000000.0,35.183527864116954,-97.43598144421054,2.957895672975577,3.1,38.231572218786916,129.72577748806032
779,2,779,102790000000.0,35.183528029106334,-97.43598121219422,2.937684473676782,3.1,38.21062412589355,129.74401541416754
780,2,780,102800000000.0,35.183528194095715,-97.4359809801779,2.9174732743779868,3.1,38.18967603300019,129.76225334027475
781,2,781,102810000000.0,35.1835283590851,-97.43598074816158,2.8972620750791918,3.1,38.16872794010682,129.7804912671674
782,2,782,102820000000.0,35.18352852407448,-97.43598051614526,2.8770508757803968,3.084975447377549,38.14777984721346,129.79872919327462
783,2,783,102830000000.0,35.18352868906386,-97.43598028412895,2.8568396764816018,3.028077453191158,38.12683175432009,129.81696711938184
784,2,784,102840000000.0,35.18352885405324,-97.43598005211263,2.8366284771828063,3.0,38.10588366142673,129.83520504548906
785,2,785,102850000000.0,35.18352901904263,-97.4359798200963,2.8164172778840113,3.0,38.08493556853336,129.8534429723817
786,2,786,102860000000.0,35.18352918403201,-97.43597958807999,2.7962060785852163,3.0,38.06398747564,129.87168089848893
787,2,787,102870000000.0,35.18352934902139,-97.43597935606367,2.7759948792864213,3.0,38.04303938274663,129.88991882459615
788,2,788,102880000000.0,35.18352951401077,-97.43597912404735,2.755783679987626,3.0,38.022091289853265,129.90815675070337
789,2,789,102890000000.0,35.18352967900016,-97.43597889203103,2.735572480688831,3.0,38.001143196959895,129.92639467759602
790,2,790,102900000000.0,35.18352984398954,-97.43597866001471,2.715361281390036,2.9033535113964057,37.98019510406654,129.94463260370324
791,2,791,102910000000.0,35.18353000897892,-97.43597842799839,2.6951500820912404,2.669486081523356,37.95924701117317,129.96287052981046
792,2,792,102920000000.0,35.18353015878454,-97.4359782172662,2.6755742156588025,2.6,37.94022060114106,129.97943004328064
793,2,793,102930000000.0,35.18353028990591,-97.43597803272502,2.656780152778054,2.6,37.92355890349978,129.99392419929777
794,2,794,102940000000.0,35.18353042102728,-97.43597784818382,2.637986089897306,2.6,37.906897204575436,130.0084183553149
795,2,795,102950000000.0,35.183530552148646,-97.43597766364265,2.619192027016558,2.6,37.890235506934154,130.022912511332
796,2,796,102960000000.0,35.183530683270014,-97.43597747910145,2.6003979641358095,2.5435914568527056,37.873573808009816,130.03740666734913
797,2,797,102970000000.0,35.18353081439139,-97.43597729456027,2.5816039012550616,2.5,37.85691211036853,130.0519008241517
798,2,798,102980000000.0,35.18353094551276,-97.43597711001908,2.562809838374313,2.434272399959153,37.840250411444195,130.0663949801688
799,2,799,102990000000.0,35.183531076634125,-97.4359769254779,2.544015775493565,2.4,37.82358871380291,130.08088913618593
800,2,800,103000000000.0,35.18353120775549,-97.43597674093671,2.525221712612817,2.3313492322668568,37.80692701487857,130.09538329220305
801,2,801,103010000000.0,35.18353133887686,-97.43597655639553,2.5064276497320686,2.3,37.79026531723729,130.10987744822017
802,2,802,103020000000.0,35.18353146999823,-97.43597637185434,2.48763358685132,2.3,37.773603618312954,130.1243716042373
803,2,803,103030000000.0,35.1835316011196,-97.43597618731316,2.468839523970572,2.2540961310329437,37.756941920671665,130.13886576025442
804,2,804,103040000000.0,35.18353173224097,-97.43597600277197,2.450045461089824,2.2,37.74028022174733,130.15335991705697
805,2,805,103050000000.0,35.18353186336234,-97.43597581823079,2.4312513982090755,2.2,37.723618524106044,130.1678540730741
806,2,806,103060000000.0,35.18353199448371,-97.4359756336896,2.412457335328327,2.1587158301419365,37.7069568251817,130.18234822909122
807,2,807,103070000000.0,35.183532125605076,-97.43597544914842,2.3936632724475793,2.0714079338646836,37.69029512754042,130.19684238510834
808,2,808,103080000000.0,35.183532256726444,-97.43597526460722,2.374869209566831,2.0,37.67363342861608,130.21133654112546
809,2,809,103090000000.0,35.18353238784781,-97.43597508006604,2.3560751466860825,2.0,37.656971730974796,130.22583069714258
810,2,810,103100000000.0,35.18353251896919,-97.43597489552485,2.337281083805334,2.0,37.64031003205046,130.24032485394514
811,2,811,103110000000.0,35.183532650090555,-97.43597471098367,2.3184870209245863,1.957810358914893,37.623648334409175,130.25481900996226
812,2,812,103120000000.0,35.18353278121192,-97.43597452644248,2.299692958043838,1.8624181860307043,37.60698663548484,130.26931316597938
813,2,813,103130000000.0,35.183532910702226,-97.43597436715733,2.278003498140095,1.8,37.59260523274174,130.28362702406469
814,2,814,103140000000.0,35.18353303991973,-97.43597421209633,2.255829774405879,1.8,37.57860521630822,130.29791072698472
815,2,815,103150000000.0,35.183533169137235,-97.43597405703532,2.2336560506716623,1.7663838373741423,37.5646051998747,130.31219442990476
816,2,816,103160000000.0,35.18353329835474,-97.43597390197431,2.211482326937446,1.7,37.550605182158115,130.3264781328248
817,2,817,103170000000.0,35.18353342757224,-97.4359737469133,2.1893086032032296,1.688917502815052,37.5366051657246,130.34076183574484
818,2,818,103180000000.0,35.18353355678975,-97.4359735918523,2.1671348794690135,1.6,37.522605149291074,130.35504553866488
819,2,819,103190000000.0,35.18353368600725,-97.4359734367913,2.144961155734797,1.562821825273353,37.508605132857554,130.36932924158492
820,2,820,103200000000.0,35.183533815224756,-97.4359732817303,2.122787432000581,1.5,37.49460511642403,130.38361294450496
821,2,821,103210000000.0,35.18353394444226,-97.43597312666928,2.1006137082663643,1.5,37.48060509870746,130.397896647425
822,2,822,103220000000.0,35.183534073659764,-97.43597297160828,2.078439984532148,1.4856828368751152,37.46660508227394,130.41218035034504
823,2,823,103230000000.0,35.18353420287727,-97.43597281654728,2.0562662607979316,1.4,37.45260506584041,130.42646405326508
824,2,824,103240000000.0,35.18353433209477,-97.43597266148628,2.0340925370637155,1.4,37.43860504940689,130.44074775618512
825,2,825,103250000000.0,35.18353446131228,-97.43597250642526,2.011918813329499,1.4,37.42460503169031,130.45503145910516
826,2,826,103260000000.0,35.18353459052978,-97.43597235136426,1.9897450895952826,1.4,37.41060501525679,130.4693151620252
827,2,827,103270000000.0,35.183534719747286,-97.43597219630325,1.9675713658610663,1.4,37.396604998823264,130.48359886494524
828,2,828,103280000000.0,35.18353484896479,-97.43597204124225,1.94539764212685,1.4,37.38260498238974,130.49788256786528
829,2,829,103290000000.0,35.183534978182294,-97.43597188618124,1.9232239183926336,1.4,37.36860496467317,130.51216627078531
830,2,830,103300000000.0,35.1835351073998,-97.43597173112023,1.9010501946584173,1.4,37.35460494823965,130.52644997370535
831,2,831,103310000000.0,35.1835352366173,-97.43597157605923,1.878876470924201,1.4,37.34060493180612,130.5407336766254
832,2,832,103320000000.0,35.183535340573435,-97.43597143913985,1.8547629184596883,1.4,37.32824287057149,130.552224987522
833,2,833,103330000000.0,35.183535420209076,-97.43597131968637,1.828781788882597,1.4,37.31745775642929,130.56102791120125
834,2,834,103340000000.0,35.18353549984472,-97.43597120023291,1.802800659305506,1.3286749611159767,37.306672643570145,130.56983083566593
835,2,835,103350000000.0,35.18353557948037,-97.43597108077944,1.7768195297284148,1.3,37.295887529427944,130.5786337601306
836,2,836,103360000000.0,35.18353565911602,-97.43597096132598,1.7508384001513237,1.3,37.28510241656879,130.58743668459527
837,2,837,103370000000.0,35.183535738751665,-97.4359708418725,1.7248572705742327,1.3,37.27431730242659,130.59623960905995
838,2,838,103380000000.0,35.18353581838731,-97.43597072241903,1.6988761409971416,1.3,37.26353218828438,130.60504253352462
839,2,839,103390000000.0,35.18353589802295,-97.43597060296557,1.6728950114200505,1.3,37.252747075425226,130.61384545720387
840,2,840,103400000000.0,35.1835359776586,-97.4359704835121,1.6469138818429592,1.285315924957653,37.241961961283025,130.62264838166854
841,2,841,103410000000.0,35.18353605729425,-97.43597036405862,1.620932752265868,0.9890653390295409,37.231176847140816,130.63145130613321
842,2,842,103420000000.0,35.183536136929895,-97.43597024460516,1.594951622688777,0.9,37.22039173428167,130.6402542305979
843,2,843,103430000000.0,35.18353621656554,-97.43597012515168,1.568970493111686,0.9,37.20960662013946,130.64905715506256
844,2,844,103440000000.0,35.18353629620118,-97.43597000569822,1.5429893635345948,0.9,37.198821507280314,130.6578600787418
845,2,845,103450000000.0,35.18353637583683,-97.43596988624475,1.5170082339575037,0.9,37.188036393138105,130.66666300320648
846,2,846,103460000000.0,35.18353645547248,-97.43596976679127,1.4910271043804126,0.9,37.177251278995904,130.67546592767115
847,2,847,103470000000.0,35.183536535108125,-97.43596964733781,1.4650459748033215,0.7676180125211775,37.16646616613675,130.68426885213583
848,2,848,103480000000.0,35.18353661474377,-97.43596952788434,1.4390648452262305,0.7,37.15568105199455,130.6930717766005
849,2,849,103490000000.0,35.18353669437941,-97.43596940843086,1.4130837156491391,0.6059704829181459,37.14489593785234,130.70187470027975
850,2,850,103500000000.0,35.18353677401506,-97.4359692889774,1.387102586072048,0.49255641425927993,37.13411082499319,130.71067762474442
851,2,851,103510000000.0,35.18353685365071,-97.43596916952393,1.361121456494957,0.3428231341511366,37.123325710850985,130.7194805492091
852,2,852,103520000000.0,35.18353692725127,-97.43596906226747,1.341178622241971,0.22630032762112384,37.113641830945035,130.7276163551461
853,2,853,103530000000.0,35.18353699244832,-97.43596897199463,1.3296437593299801,0.19504951889142053,37.10549135243915,130.7348232370019
854,2,854,103540000000.0,35.18353705764537,-97.43596888172179,1.3181088964179892,0.10361877402342821,37.097340875216325,130.7420301188577
855,2,855,103550000000.0,35.18353712284242,-97.43596879144896,1.3065740335059985,0.001595725714932092,37.0891903979935,130.74923700071352
856,2,856,103560000000.0,35.18353718803947,-97.43596870117611,1.2950391705940076,0.0,37.08103991948761,130.75644388335476
857,2,857,103570000000.0,35.18353725323652,-97.43596861090327,1.2835043076820167,-0.1362580301170033,37.07288944226478,130.76365076521057
858,2,858,103580000000.0,35.18353731843357,-97.43596852063044,1.2719694447700258,-0.2,37.064738965041954,130.77085764706638
859,2,859,103590000000.0,35.18353738363062,-97.43596843035759,1.260434581858035,-0.2,37.056588486536064,130.7780645289222
860,2,860,103600000000.0,35.18353744882768,-97.43596834008476,1.248899718946044,-0.2,37.04843800931324,130.78527141156343
861,2,861,103610000000.0,35.18353751402473,-97.43596824981192,1.237364856034053,-0.2,37.04028753209041,130.79247829341924
862,2,862,103620000000.0,35.18353757922178,-97.43596815953907,1.2258299931220622,-0.27953506708208814,37.03213705358452,130.79968517527504
863,2,863,103630000000.0,35.18353764441883,-97.43596806926624,1.2142951302100713,-0.3,37.02398657636169,130.80689205713085
864,2,864,103640000000.0,35.183537709615884,-97.43596797899339,1.2027602672980804,-0.3,37.01583609785581,130.8140989397721
865,2,865,103650000000.0,35.18353777481293,-97.43596788872055,1.1912254043860897,-0.3,37.007685620632984,130.8213058216279
866,2,866,103660000000.0,35.18353784000998,-97.43596779844772,1.1796905414740988,-0.3,36.99953514341016,130.8285127034837
867,2,867,103670000000.0,35.18353790520703,-97.43596770817487,1.168155678562108,-0.3,36.99138466490427,130.83571958533952
868,2,868,103680000000.0,35.18353797040409,-97.43596761790204,1.156620815650117,-0.3,36.98323418768144,130.84292646798076
869,2,869,103690000000.0,35.18353803560114,-97.4359675276292,1.145085952738126,-0.3,36.97508371045861,130.85013334983657
870,2,870,103700000000.0,35.18353810079819,-97.43596743735635,1.1335510898261352,-0.3,36.96693323195273,130.85734023169238
871,2,871,103710000000.0,35.18353816599524,-97.43596734708352,1.1220162269141443,-0.3,36.9587827547299,130.86454711354818
872,2,872,103720000000.0,35.18353822399575,-97.43596727120512,1.1078414473262315,-0.3,36.95193190965909,130.87095848984447
873,2,873,103730000000.0,35.18353827415082,-97.43596721101902,1.0907887214916419,-0.3,36.946497878392144,130.87650263161208
874,2,874,103740000000.0,35.18353832430589,-97.43596715083292,1.073735995657052,-0.3,36.94106384712521,130.8820467733797
875,2,875,103750000000.0,35.18353837446097,-97.43596709064684,1.0566832698224622,-0.2006753382233089,36.935629817141326,130.88759091593275
876,2,876,103760000000.0,35.183538424616046,-97.43596703046074,1.0396305439878726,-0.2023612301409026,36.93019578587439,130.89313505770036
877,2,877,103770000000.0,35.183538474771126,-97.43596697027465,1.0225778181532827,-0.26770736042474985,36.924761754607445,130.8986792002534
878,2,878,103780000000.0,35.1835385249262,-97.43596691008857,1.005525092318693,-0.3,36.919327724623564,130.90422334202103
879,2,879,103790000000.0,35.18353857508127,-97.43596684990247,0.9884723664841033,-0.3,36.91389369335663,130.90976748378864
880,2,880,103800000000.0,35.18353862523635,-97.43596678971637,0.9714196406495135,-0.3,36.90845966208969,130.9153116263417
881,2,881,103810000000.0,35.183538675391425,-97.43596672953029,0.9543669148149238,-0.3,36.90302563210581,130.9208557681093
882,2,882,103820000000.0,35.183538725546505,-97.4359666693442,0.937314188980334,-0.3,36.89759160083887,130.92639991066235
883,2,883,103830000000.0,35.18353877570158,-97.4359666091581,0.9202614631457443,-0.3,36.892157569571935,130.93194405242997
884,2,884,103840000000.0,35.18353882585665,-97.43596654897202,0.9032087373111546,-0.3,36.88672353958805,130.93748819419758
885,2,885,103850000000.0,35.18353887601173,-97.43596648878592,0.8861560114765648,-0.3,36.88128950832111,130.94303233675063
886,2,886,103860000000.0,35.183538926166804,-97.43596642859983,0.869103285641975,-0.3,36.875855477054166,130.94857647851825
887,2,887,103870000000.0,35.183538976321884,-97.43596636841374,0.8520505598073853,-0.3,36.87042144707029,130.9541206210713
888,2,888,103880000000.0,35.18353902647696,-97.43596630822765,0.8349978339727955,-0.3,36.86498741580335,130.9596647628389
889,2,889,103890000000.0,35.18353907663203,-97.43596624804157,0.8179451081382058,-0.3,36.85955338581947,130.96520890460653
890,2,890,103900000000.0,35.18353912678711,-97.43596618785547,0.800892382303616,-0.3,36.85411935455253,130.97075304715958
891,2,891,103910000000.0,35.18353917694218,-97.43596612766937,0.7838396564690262,-0.3,36.848685323285586,130.9762971889272
892,2,892,103920000000.0,35.18353922133857,-97.43596607866142,0.7693050228042415,-0.3,36.84426053487317,130.9812047655474
893,2,893,103930000000.0,35.18353926083473,-97.43596603916528,0.7569131036665399,-0.3,36.840694540545606,130.98557067079255
894,2,894,103940000000.0,35.183539300330885,-97.43596599966912,0.7445211845288381,-0.3,36.83712854493497,130.9899365760377
895,2,895,103950000000.0,35.18353933982704,-97.43596596017296,0.7321292653911363,-0.3,36.83356254932434,130.99430248128286
896,2,896,103960000000.0,35.1835393793232,-97.43596592067681,0.7197373462534346,-0.2357069131159216,36.82999655371371,130.998668386528
897,2,897,103970000000.0,35.18353941881936,-97.43596588118065,0.7073454271157329,-0.2,36.826430558103084,131.00303429177316
898,2,898,103980000000.0,35.183539458315515,-97.43596584168449,0.6949535079780311,-0.26873931365139603,36.82286456249246,131.0074001970183
899,2,899,103990000000.0,35.183539497811665,-97.43596580218833,0.6825615888403294,-0.3,36.819298566881834,131.01176610147803
900,2,900,104000000000.0,35.18353953730782,-97.43596576269218,0.6701696697026276,-0.3,36.8157325712712,131.01613200672318
901,2,901,104010000000.0,35.18353957680398,-97.43596572319602,0.6577777505649259,-0.3,36.81216657566057,131.02049791196833
902,2,902,104020000000.0,35.18353961630014,-97.43596568369986,0.6453858314272242,-0.3,36.80860058004994,131.0248638172135
903,2,903,104030000000.0,35.183539655796295,-97.4359656442037,0.6329939122895224,-0.3,36.80503458443931,131.02922972245864
904,2,904,104040000000.0,35.18353969529245,-97.43596560470755,0.6206019931518207,-0.3,36.80146858882869,131.0335956277038
905,2,905,104050000000.0,35.18353973478861,-97.43596556521139,0.608210074014119,-0.3,36.797902593218055,131.03796153294894
906,2,906,104060000000.0,35.18353977428477,-97.43596552571525,0.5958181548764172,-0.3,36.79433659889049,131.0423274381941
907,2,907,104070000000.0,35.183539813780925,-97.43596548621909,0.5834262357387154,-0.3,36.79077060327985,131.04669334343924
908,2,908,104080000000.0,35.183539853277075,-97.43596544672293,0.5710343166010137,-0.3,36.787204607669224,131.05105924789896
909,2,909,104090000000.0,35.18353989277323,-97.43596540722677,0.558642397463312,-0.3,36.783638612058596,131.0554251531441
910,2,910,104100000000.0,35.18353993226939,-97.43596536773062,0.5462504783256102,-0.3,36.780072616447974,131.05979105838927
911,2,911,104110000000.0,35.18353997176555,-97.43596532823446,0.5338585591879085,-0.3,36.776506620837345,131.06415696363442
912,2,912,104120000000.0,35.18354000569583,-97.4359652900323,0.5231488543782783,-0.3,36.77305745660385,131.06790761726757
913,2,913,104130000000.0,35.1835400256718,-97.43596525507435,0.51665666360733,-0.3,36.769901202876056,131.0701157611129
914,2,914,104140000000.0,35.183540045647774,-97.4359652201164,0.5101644728363817,-0.3,36.76674494914827,131.07232390495824
915,2,915,104150000000.0,35.183540065623745,-97.43596518515845,0.5036722820654334,-0.3,36.76358869542048,131.07453204880358
916,2,916,104160000000.0,35.18354008559972,-97.4359651502005,0.4971800912944851,-0.3,36.760432441692686,131.0767401926489
917,2,917,104170000000.0,35.18354010557569,-97.43596511524255,0.4906879005235368,-0.3,36.7572761879649,131.07894833649425
918,2,918,104180000000.0,35.183540125551666,-97.4359650802846,0.48419570975258847,-0.3,36.7541199342371,131.08115648112502
919,2,919,104190000000.0,35.18354014552764,-97.43596504532665,0.47770351898164015,-0.3,36.750963680509315,131.08336462497036
920,2,920,104200000000.0,35.18354016550361,-97.43596501036869,0.4712113282106919,-0.3,36.747807425498465,131.0855727688157
921,2,921,104210000000.0,35.18354018547958,-97.43596497541074,0.4647191374397436,-0.3,36.74465117177068,131.08778091266103
922,2,922,104220000000.0,35.18354020545555,-97.43596494045279,0.45822694666879527,-0.3,36.74149491804288,131.08998905650637
923,2,923,104230000000.0,35.18354022543152,-97.43596490549484,0.45173475589784695,-0.3,36.738338664315094,131.0921972003517
924,2,924,104240000000.0,35.18354024540749,-97.43596487053689,0.44524256512689864,-0.3,36.735182410587306,131.09440534419704
925,2,925,104250000000.0,35.18354026538346,-97.43596483557894,0.4387503743559503,-0.3,36.73202615685951,131.09661348804238
926,2,926,104260000000.0,35.183540285359435,-97.435964800621,0.43225818358500206,-0.3,36.728869903131724,131.09882163188772
927,2,927,104270000000.0,35.183540305335406,-97.43596476566304,0.42576599281405375,-0.3,36.725713649403936,131.10102977573305
928,2,928,104280000000.0,35.18354032531138,-97.4359647307051,0.41927380204310544,-0.22698530843969844,36.72255739567614,131.1032379195784
929,2,929,104290000000.0,35.18354034528735,-97.43596469574715,0.4127816112721571,-0.2704533393891901,36.71940114194835,131.10544606342373
930,2,930,104300000000.0,35.18354036526332,-97.4359646607892,0.40628942050120886,-0.3,36.716244888220565,131.10765420726906
931,2,931,104310000000.0,35.18354038523929,-97.43596462583125,0.39979722973026055,-0.3,36.71308863449277,131.1098623511144
932,2,932,104320000000.0,35.183540402616856,-97.43596459345785,0.3941626045765025,-0.3,36.71016573301931,131.11178326726588
933,2,933,104330000000.0,35.18354041264019,-97.43596456839953,0.39095513802738413,-0.3,36.70790328801865,131.1128912467224
934,2,934,104340000000.0,35.183540422663526,-97.43596454334119,0.3877476714782658,-0.3,36.705640841734926,131.11399922617892
935,2,935,104350000000.0,35.18354043268686,-97.43596451828286,0.3845402049291474,-0.3,36.703378396734266,131.11510720563544
936,2,936,104360000000.0,35.18354044271019,-97.43596449322452,0.38133273838002907,-0.3,36.70111595045054,131.11621518430653
937,2,937,104370000000.0,35.183540452733524,-97.43596446816619,0.37812527183091066,-0.3,36.698853505449875,131.11732316376305
938,2,938,104380000000.0,35.18354046275686,-97.43596444310786,0.3749178052817923,-0.3,36.69659106044921,131.11843114321957
939,2,939,104390000000.0,35.18354047278019,-97.43596441804952,0.37171033873267395,-0.3,36.69432861416549,131.11953912189065
940,2,940,104400000000.0,35.18354048280352,-97.4359643929912,0.3685028721835556,-0.3,36.692066169164825,131.12064710134717
941,2,941,104410000000.0,35.18354049282686,-97.43596436793287,0.36529540563443724,-0.3,36.68980372416416,131.1217550808037
942,2,942,104420000000.0,35.18354050285019,-97.43596434287453,0.3620879390853189,-0.3,36.687541277880435,131.12286306026022
943,2,943,104430000000.0,35.18354051287352,-97.4359643178162,0.3588804725362005,-0.3,36.685278832879774,131.1239710389313
944,2,944,104440000000.0,35.183540522896855,-97.43596429275786,0.3556730059870821,-0.3,36.68301638659605,131.12507901838782
945,2,945,104450000000.0,35.18354053292019,-97.43596426769953,0.35246553943796377,-0.3,36.68075394159539,131.12618699784434
946,2,946,104460000000.0,35.183540542943526,-97.4359642426412,0.3492580728888454,-0.3,36.678491496594724,131.12729497730086
947,2,947,104470000000.0,35.18354055296685,-97.43596421758286,0.34605060633972706,-0.3,36.676229050311,131.12840295597195
948,2,948,104480000000.0,35.18354056299019,-97.43596419252454,0.34284313979060865,-0.3,36.67396660531034,131.12951093542847
949,2,949,104490000000.0,35.183540573013524,-97.43596416746621,0.3396356732414903,-0.3,36.67170416030968,131.130618914885
950,2,950,104500000000.0,35.18354058303685,-97.43596414240787,0.33642820669237194,-0.3,36.66944171402596,131.13172689355608
951,2,951,104510000000.0,35.18354059306019,-97.43596411734954,0.3332207401432536,-0.3,36.66717926902529,131.1328348730126
952,2,952,104520000000.0,35.1835406045791,-97.43596409236817,0.33093894533207463,-0.3,36.6649237717816,131.13410817374657
953,2,953,104530000000.0,35.18354061946399,-97.43596406756002,0.3307404801811733,-0.3,36.662683915010234,131.1357535494612
954,2,954,104540000000.0,35.18354063434887,-97.43596404275188,0.330542015030272,-0.3,36.66044405823886,131.13739892439042
955,2,955,104550000000.0,35.18354064923376,-97.43596401794375,0.33034354987937065,-0.3,36.65820420275054,131.13904430010507
956,2,956,104560000000.0,35.183540664118645,-97.4359639931356,0.3301450847284694,-0.3,36.655964345979164,131.14068967503428
957,2,957,104570000000.0,35.18354067900353,-97.43596396832746,0.32994661957756805,-0.3,36.6537244892078,131.1423350499635
958,2,958,104580000000.0,35.18354069388842,-97.43596394351931,0.3297481544266667,-0.3,36.65148463243642,131.14398042567814
959,2,959,104590000000.0,35.1835407087733,-97.43596391871117,0.3295496892757654,-0.3,36.649244775665046,131.14562580060735
960,2,960,104600000000.0,35.18354072365819,-97.43596389390302,0.32935122412486406,-0.3,36.64700491889367,131.147271176322
961,2,961,104610000000.0,35.18354073854307,-97.43596386909488,0.3291527589739628,-0.3,36.644765062122296,131.1489165512512
962,2,962,104620000000.0,35.18354075342796,-97.43596384428673,0.32895429382306146,-0.3,36.64252520535092,131.15056192696585
963,2,963,104630000000.0,35.183540768312845,-97.43596381947859,0.32875582867216013,-0.3,36.640285348579546,131.15220730189506
964,2,964,104640000000.0,35.183540783197735,-97.43596379467044,0.3285573635212588,-0.3,36.63804549180818,131.1538526776097
965,2,965,104650000000.0,35.18354079808262,-97.4359637698623,0.32835889837035753,-0.3,36.6358056350368,131.15549805253892
966,2,966,104660000000.0,35.18354081296751,-97.43596374505415,0.3281604332194562,-0.3,36.63356577826543,131.15714342825356
967,2,967,104670000000.0,35.18354082785239,-97.43596372024601,0.3279619680685549,-0.3,36.63132592149405,131.15878880318277
968,2,968,104680000000.0,35.18354084273728,-97.43596369543786,0.32776350291765355,-0.33092157761019964,36.629086064722685,131.16043417889742
969,2,969,104690000000.0,35.18354085762216,-97.43596367062972,0.3275650377667522,-0.4,36.6268462079513,131.16207955382663
970,2,970,104700000000.0,35.18354087250705,-97.43596364582157,0.32736657261585095,-0.4,36.62460635117993,131.16372492954127
971,2,971,104710000000.0,35.183540887391935,-97.43596362101343,0.3271681074649496,-0.4,36.62236649440856,131.16537030447049
972,2,972,104720000000.0,35.18354090532522,-97.43596359391401,0.327958541286675,-0.4256513203950987,36.619919765125886,131.16735265019585
973,2,973,104730000000.0,35.183540940139224,-97.43596355412659,0.3342250611198298,-0.5,36.61632747196641,131.171200989819
974,2,974,104740000000.0,35.183540974953225,-97.43596351433916,0.3404915809529846,-0.5,36.61273517880693,131.17504932944215
975,2,975,104750000000.0,35.183541009767225,-97.43596347455174,0.3467581007861394,-0.5521532257952296,36.60914288564745,131.1788976690653
976,2,976,104760000000.0,35.183541044581226,-97.4359634347643,0.3530246206192942,-0.6415746905339249,36.60555059120491,131.18274600868844
977,2,977,104770000000.0,35.18354107939522,-97.43596339497688,0.35929114045244903,-0.7239847381530139,36.60195829804543,131.18659434752615
978,2,978,104780000000.0,35.18354111420922,-97.43596335518946,0.3655576602856038,-0.9072328855085732,36.598366004885946,131.1904426871493
979,2,979,104790000000.0,35.18354114902322,-97.43596331540202,0.3718241801187586,-1.1,36.59477371044341,131.19429102677245
980,2,980,104800000000.0,35.18354118383722,-97.4359632756146,0.3780906999519134,-1.1,36.59118141728393,131.1981393663956
981,2,981,104810000000.0,35.18354121865122,-97.43596323582717,0.3843572197850682,-1.1410849096870352,36.58758912412445,131.20198770601874
982,2,982,104820000000.0,35.183541253465215,-97.43596319603975,0.39062373961822305,-1.2306317105112003,36.58399683096496,131.20583604485645
983,2,983,104830000000.0,35.183541288279216,-97.43596315625231,0.39689025945137785,-1.3705445207696458,36.58040453652243,131.2096843844796
984,2,984,104840000000.0,35.183541323093216,-97.43596311646489,0.40315677928453264,-1.5322807897419093,36.57681224336295,131.21353272410275
985,2,985,104850000000.0,35.18354135790722,-97.43596307667747,0.40942329911768743,-1.5909665939275686,36.57321995020347,131.2173810637259
986,2,986,104860000000.0,35.18354139272122,-97.43596303689003,0.4156898189508422,-1.8235838019918527,36.56962765576093,131.22122940334904
987,2,987,104870000000.0,35.18354142753521,-97.4359629971026,0.4219563387839971,-1.991647102697937,36.566035362601454,131.22507774218676
988,2,988,104880000000.0,35.18354146234921,-97.43596295731518,0.42822285861715187,-2.1146997345131378,36.562443069441976,131.2289260818099
989,2,989,104890000000.0,35.18354149716321,-97.43596291752776,0.43448937845030666,-2.325010713144637,36.55885077628249,131.23277442143305
990,2,990,104900000000.0,35.18354153197721,-97.43596287774032,0.44075589828346146,-2.557922291362055,36.55525848183996,131.2366227610562
991,2,991,104910000000.0,35.18354156679121,-97.4359628379529,0.44702241811661625,-2.758512607333968,36.55166618868047,131.24047110067934
992,2,992,104920000000.0,35.18354160237625,-97.43596279738611,0.4535465386953556,-2.9945508563880745,36.548003528792286,131.24440467088107
993,2,993,104930000000.0,35.183541653912755,-97.43596274069597,0.4653999334354581,-3.1,36.542885137396674,131.25010151592988
994,2,994,104940000000.0,35.18354170544925,-97.43596268400582,0.47725332817556054,-3.343068813488878,36.537766744718006,131.25579836019327
995,2,995,104950000000.0,35.183541756985754,-97.43596262731567,0.48910672291566304,-3.5475808091553898,36.532648353322394,131.26149520524208
996,2,996,104960000000.0,35.18354180852225,-97.43596257062552,0.5009601176557655,-3.8697424421371447,36.52752996064373,131.26719204950547
997,2,997,104970000000.0,35.183541860058746,-97.43596251393538,0.5128135123958679,-4.351411096489792,36.52241156924812,131.27288889376885
998,2,998,104980000000.0,35.18354191159525,-97.43596245724522,0.5246669071359704,-4.4,36.51729317656945,131.27858573881767
999,2,999,104990000000.0,35.183541963131745,-97.43596240055507,0.5365203018760729,-4.436454223784121,36.51217478389079,131.28428258308105
1000,2,1000,105000000000.0,35.18354201466825,-97.43596234386493,0.5483736966161754,-4.663463423133044,36.50705639249518,131.28997942812987
1001,2,1001,105010000000.0,35.183542066204744,-97.43596228717477,0.5602270913562778,-4.8951488092066215,36.50193799981651,131.29567627239325
1002,2,1002,105020000000.0,35.18354211774125,-97.43596223048463,0.5720804860963803,-5.093876519280892,36.4968196084209,131.30137311744207
1003,2,1003,105030000000.0,35.18354216927774,-97.43596217379448,0.5839338808364828,-5.360332682752393,36.49170121574224,131.30706996170545
1004,2,1004,105040000000.0,35.183542220814246,-97.43596211710432,0.5957872755765852,-5.637995211096967,36.48658282306357,131.31276680675427
1005,2,1005,105050000000.0,35.18354227235074,-97.43596206041418,0.6076406703166877,-5.848699077330111,36.481464431667966,131.31846365101765
1006,2,1006,105060000000.0,35.18354232388724,-97.43596200372403,0.6194940650567902,-6.175137336840581,36.47634603898929,131.32416049528103
1007,2,1007,105070000000.0,35.18354237542374,-97.43596194703389,0.6313474597968927,-6.430857071284842,36.471227647593686,131.32985734032985
1008,2,1008,105080000000.0,35.18354242696024,-97.43596189034373,0.6432008545369952,-6.6,36.46610925491502,131.33555418459324
1009,2,1009,105090000000.0,35.18354247849674,-97.43596183365358,0.6550542492770977,-6.91893176233469,36.46099086223635,131.34125102964205
1010,2,1010,105100000000.0,35.183542530033236,-97.43596177696344,0.6669076440172,-7.1828301506249135,36.455872470840745,131.34694787390544
1011,2,1011,105110000000.0,35.18354258156974,-97.43596172027328,0.6787610387573025,-7.482680165864648,36.45075407816208,131.35264471895425
1012,2,1012,105120000000.0,35.18354263822413,-97.43596165221983,0.6910270671653764,-7.845944999213272,36.44460972567124,131.35890729557602
1013,2,1013,105130000000.0,35.18354269772767,-97.43596157784042,0.7035228090677712,-8.1,36.43789422008364,131.36548481628452
1014,2,1014,105140000000.0,35.183542757231194,-97.435961503461,0.716018550970166,-8.138433565416054,36.43117871449604,131.3720623362076
1015,2,1015,105150000000.0,35.18354281673473,-97.43596142908159,0.7285142928725608,-8.360681154275758,36.42446320890844,131.3786398569161
1016,2,1016,105160000000.0,35.18354287623826,-97.43596135470217,0.7410100347749555,-8.633513526677286,36.417747703320835,131.3852173776246
1017,2,1017,105170000000.0,35.1835429357418,-97.43596128032276,0.7535057766773503,-8.793730486075024,36.411032197733235,131.3917948983331
1018,2,1018,105180000000.0,35.18354299524533,-97.43596120594333,0.7660015185797451,-8.987163211108069,36.40431669086258,131.3983724190416
1019,2,1019,105190000000.0,35.18354305474886,-97.43596113156391,0.77849726048214,-9.332588174306338,36.39760118527497,131.40494993896468
1020,2,1020,105200000000.0,35.183543114252394,-97.4359610571845,0.7909930023845347,-9.538624245149439,36.39088567968737,131.41152745967318
1021,2,1021,105210000000.0,35.18354317375593,-97.43596098280508,0.8034887442869295,-9.692248211471377,36.38417017409977,131.41810498038168
1022,2,1022,105220000000.0,35.18354323325946,-97.43596090842567,0.8159844861893243,-9.832698736322243,36.37745466851217,131.4246825010902
1023,2,1023,105230000000.0,35.18354329276299,-97.43596083404626,0.8284802280917191,-9.987143864014772,36.37073916292457,131.43126002101326
1024,2,1024,105240000000.0,35.183543352266526,-97.43596075966684,0.8409759699941138,-10.134733816532998,36.36402365733697,131.43783754172176
1025,2,1025,105250000000.0,35.18354341177006,-97.43596068528743,0.8534717118965087,-10.339148747479827,36.35730815174937,131.44441506243027
1026,2,1026,105260000000.0,35.183543471273595,-97.43596061090801,0.8659674537989035,-10.548837379685233,36.350592646161765,131.45099258313877
1027,2,1027,105270000000.0,35.18354353077712,-97.4359605365286,0.8784631957012983,-10.700838728241198,36.343877140574165,131.45757010306184
1028,2,1028,105280000000.0,35.18354359028066,-97.43596046214918,0.890958937603693,-11.1,36.337161634986565,131.46414762377034
1029,2,1029,105290000000.0,35.18354364978419,-97.43596038776977,0.9034546795060878,-11.1,36.330446129398965,131.47072514447885
1030,2,1030,105300000000.0,35.183543709287726,-97.43596031339034,0.9159504214084826,-11.1,36.3237306225283,131.47730266518735
1031,2,1031,105310000000.0,35.18354376879125,-97.43596023901092,0.9284461633108774,-11.125862587742304,36.3170151169407,131.48388018511042
1032,2,1032,105320000000.0,35.183543832038595,-97.43596015194211,0.9426892613372083,-11.252660117067087,36.309153921736645,131.49087154624937
1033,2,1033,105330000000.0,35.183543899415284,-97.43596005087707,0.9588596682422531,-11.3,36.30002904693797,131.49831936546434
1034,2,1034,105340000000.0,35.18354396679198,-97.43595994981203,0.9750300751472979,-11.4,36.29090417213929,131.50576718546475
1035,2,1035,105350000000.0,35.183544034168676,-97.43595984874699,0.9912004820523427,-11.4,36.28177929734062,131.51321500546516
1036,2,1036,105360000000.0,35.18354410154537,-97.43595974768193,1.0073708889573876,-11.4,36.272654421258885,131.52066282546556
1037,2,1037,105370000000.0,35.18354416892207,-97.4359596466169,1.0235412958624324,-11.50793989797995,36.26352954646022,131.52811064546597
1038,2,1038,105380000000.0,35.183544236298765,-97.43595954555185,1.0397117027674772,-11.639457707447606,36.25440467166154,131.53555846546638
1039,2,1039,105390000000.0,35.18354430367546,-97.43595944448681,1.055882109672522,-11.7,36.24527979686287,131.5430062854668
1040,2,1040,105400000000.0,35.18354437105215,-97.43595934342177,1.0720525165775667,-11.703920379441952,36.23615492206419,131.55045410468176
1041,2,1041,105410000000.0,35.18354443842885,-97.43595924235672,1.0882229234826115,-11.777818832473907,36.22703004598246,131.55790192468217
1042,2,1042,105420000000.0,35.18354450580554,-97.43595914129168,1.1043933303876563,-11.866699318560878,36.21790517118379,131.56534974468258
1043,2,1043,105430000000.0,35.18354457318224,-97.43595904022663,1.120563737292701,-11.9,36.208780296385115,131.572797564683
1044,2,1044,105440000000.0,35.183544640558935,-97.4359589391616,1.1367341441977459,-11.9,36.199655421586435,131.5802453846834
1045,2,1045,105450000000.0,35.18354470793563,-97.43595883809655,1.1529045511027907,-12.13619754224451,36.19053054678776,131.5876932046838
1046,2,1046,105460000000.0,35.18354477531233,-97.43595873703151,1.1690749580078355,-12.2,36.18140567198909,131.5951410246842
1047,2,1047,105470000000.0,35.18354484268902,-97.43595863596646,1.1852453649128802,-12.2,36.172280795907355,131.60258884389918
1048,2,1048,105480000000.0,35.18354491006571,-97.43595853490142,1.201415771817925,-12.2,36.16315592110868,131.6100366638996
1049,2,1049,105490000000.0,35.18354497744241,-97.43595843383638,1.2175861787229698,-12.274927330225246,36.15403104631,131.6174844839
1050,2,1050,105500000000.0,35.183545044819105,-97.43595833277134,1.2337565856280146,-12.401293490956657,36.14490617151133,131.6249323039004
1051,2,1051,105510000000.0,35.1835451121958,-97.4359582317063,1.2499269925330594,-12.556243412691453,36.13578129671266,131.63238012390082
1052,2,1052,105520000000.0,35.1835451795725,-97.43595813064125,1.2660973994381042,-12.66532711798183,36.126656421913985,131.63982794390122
1053,2,1053,105530000000.0,35.18354525646119,-97.43595800825057,1.2826804079157268,-12.7,36.11560611515971,131.64832721960465
1054,2,1054,105540000000.0,35.183545337488525,-97.43595787658114,1.2994429385327928,-12.784742825274035,36.1037180577485,131.65728398151714
1055,2,1055,105550000000.0,35.18354541851586,-97.43595774491172,1.3162054691498588,-12.887823527809157,36.0918300003373,131.66624074342963
1056,2,1056,105560000000.0,35.1835454995432,-97.4359576132423,1.3329679997669248,-13.082576095603875,36.0799419429261,131.6751975053421
1057,2,1057,105570000000.0,35.18354558057054,-97.43595748157287,1.3497305303839908,-13.291904297411257,36.06805388551489,131.6841542672546
1058,2,1058,105580000000.0,35.183545661597876,-97.43595734990345,1.3664930610010568,-13.5,36.056165828103694,131.69311102916708
1059,2,1059,105590000000.0,35.18354574262521,-97.43595721823402,1.3832555916181228,-13.66191464016349,36.04427777069249,131.70206779107957
1060,2,1060,105600000000.0,35.18354582365255,-97.4359570865646,1.4000181222351888,-13.994139399277106,36.03238971328129,131.71102455299206
1061,2,1061,105610000000.0,35.183545904679896,-97.43595695489518,1.416780652852255,-14.845096890383411,36.020501655870085,131.71998131568998
1062,2,1062,105620000000.0,35.183545985707234,-97.43595682322575,1.433543183469321,-15.1,36.008613598458886,131.72893807760246
1063,2,1063,105630000000.0,35.18354606673457,-97.43595669155633,1.450305714086387,-15.1,35.99672554104768,131.73789483951495
1064,2,1064,105640000000.0,35.18354614776191,-97.4359565598869,1.467068244703453,-15.1,35.984837483636475,131.74685160142744
1065,2,1065,105650000000.0,35.18354622878925,-97.43595642821748,1.483830775320519,-15.637301840232425,35.97294942622528,131.75580836333992
1066,2,1066,105660000000.0,35.183546309816585,-97.43595629654806,1.500593305937585,-15.8,35.96106136881408,131.7647651252524
1067,2,1067,105670000000.0,35.18354639084392,-97.43595616487863,1.5173558365546511,-16.13860616496485,35.94917331140288,131.7737218871649
1068,2,1068,105680000000.0,35.18354647187126,-97.43595603320921,1.5341183671717171,-16.4,35.937285253991675,131.78267864907738
1069,2,1069,105690000000.0,35.1835465528986,-97.43595590153978,1.5508808977887831,-16.66485482288282,35.92539719658047,131.79163541098987
1070,2,1070,105700000000.0,35.18354663392594,-97.43595576987036,1.5676434284058494,-16.991901798792643,35.91350913916927,131.8005921736878
1071,2,1071,105710000000.0,35.18354671495328,-97.43595563820094,1.5844059590229154,-17.532577913369046,35.901621081758066,131.80954893560028
1072,2,1072,105720000000.0,35.18354679598062,-97.43595550653151,1.6011684896399814,-17.902867540757107,35.88973302434687,131.81850569751276
1073,2,1073,105730000000.0,35.18354691086948,-97.43595535056723,1.614822296045563,-18.0,35.875651452922234,131.83120551241416
1074,2,1074,105740000000.0,35.18354702752573,-97.4359551933349,1.628313844394436,-18.25626482770039,35.86145539426674,131.84410069379751
1075,2,1075,105750000000.0,35.18354714418197,-97.43595503610257,1.6418053927433092,-18.653018898685335,35.847259334328186,131.85699587518087
1076,2,1076,105760000000.0,35.18354726083822,-97.43595487887023,1.6552969410921823,-18.978312221941923,35.83306327438962,131.86989105656423
1077,2,1077,105770000000.0,35.183547377494456,-97.43595472163791,1.6687884894410554,-19.351924523789112,35.81886721573412,131.88278623716215
1078,2,1078,105780000000.0,35.1835474941507,-97.43595456440558,1.6822800377899285,-20.077928792886425,35.80467115579556,131.8956814185455
1079,2,1079,105790000000.0,35.18354761080695,-97.43595440717326,1.6957715861388016,-21.3,35.79047509714006,131.90857659992886
1080,2,1080,105800000000.0,35.18354772746319,-97.43595424994092,1.7092631344876748,-21.3,35.77627903720151,131.92147178131222
1081,2,1081,105810000000.0,35.18354784411944,-97.43595409270858,1.7227546828365479,-21.3,35.76208297726295,131.93436696269558
1082,2,1082,105820000000.0,35.183547960775684,-97.43595393547626,1.736246231185421,-21.57190019071493,35.74788691860745,131.94726214407893
1083,2,1083,105830000000.0,35.18354807743193,-97.43595377824393,1.749737779534294,-21.7,35.73369085866889,131.9601573254623
1084,2,1084,105840000000.0,35.183548194088175,-97.43595362101159,1.7632293278831672,-22.435819507074797,35.71949479873033,131.97305250684565
1085,2,1085,105850000000.0,35.18354831074442,-97.43595346377927,1.7767208762320403,-22.82441185158403,35.70529874007483,131.985947688229
1086,2,1086,105860000000.0,35.183548427400666,-97.43595330654693,1.7902124245809135,-23.222615696256817,35.691102680136275,131.99884286961236
1087,2,1087,105870000000.0,35.18354854405691,-97.4359531493146,1.8037039729297866,-23.74696781452562,35.67690662019772,132.01173805099572
1088,2,1088,105880000000.0,35.18354866071316,-97.43595299208228,1.8171955212786597,-24.22720515323634,35.66271056154222,132.02463323237907
1089,2,1089,105890000000.0,35.1835487773694,-97.43595283484994,1.8306870696275328,-24.70760780682808,35.64851450160366,132.03752841376243
1090,2,1090,105900000000.0,35.18354889402565,-97.43595267761762,1.844178617976406,-25.218353187259893,35.63431844294816,132.0504235951458
1091,2,1091,105910000000.0,35.18354901068189,-97.43595252038529,1.857670166325279,-25.669045237429998,35.620122383009594,132.0633187757437
1092,2,1092,105920000000.0,35.18354912646369,-97.435952357428,1.8703587197825984,-26.156610030849656,35.60540943304688,132.07611729612836
1093,2,1093,105930000000.0,35.18354923938851,-97.4359521757663,1.8804237589363617,-26.783336180336466,35.58900771623764,132.08860000609263
1094,2,1094,105940000000.0,35.18354935231334,-97.43595199410463,1.890488798090125,-27.31738390471972,35.57260600071146,132.10108271684234
1095,2,1095,105950000000.0,35.18354946523817,-97.43595181244294,1.9005538372438884,-27.829372910358785,35.556204283902225,132.11356542759205
1096,2,1096,105960000000.0,35.183549578163,-97.43595163078126,1.9106188763976517,-29.1546979048325,35.53980256837605,132.12604813834176
1097,2,1097,105970000000.0,35.18354969108783,-97.43595144911957,1.920683915551415,-30.2,35.52340085156681,132.13853084909147
1098,2,1098,105980000000.0,35.183549804012664,-97.4359512674579,1.9307489547051784,-30.2,35.506999136040626,132.15101355984118
1099,2,1099,105990000000.0,35.183549916937494,-97.4359510857962,1.9408139938589417,-30.2,35.49059741923139,132.16349627059088
1100,2,1100,106000000000.0,35.183550029862324,-97.43595090413453,1.9508790330127048,-30.512410294241626,35.47419570370521,132.1759789813406
1101,2,1101,106010000000.0,35.18355014278715,-97.43595072247284,1.9609440721664682,-31.008937172967485,35.45779398689598,132.18846169130487
1102,2,1102,106020000000.0,35.18355025571198,-97.43595054081116,1.9710091113202315,-31.49570717519547,35.44139227136979,132.20094440205457
1103,2,1103,106030000000.0,35.18355036863681,-97.43595035914949,1.9810741504739948,-32.05838422707572,35.42499055584362,132.21342711280428
1104,2,1104,106040000000.0,35.18355048156164,-97.4359501774878,1.9911391896277582,-32.59936476173828,35.40858883903438,132.225909823554
1105,2,1105,106050000000.0,35.18355059448647,-97.43594999582612,2.0012042287815217,-33.09615125071915,35.3921871235082,132.2383925343037
1106,2,1106,106060000000.0,35.1835507074113,-97.43594981416443,2.011269267935285,-33.604776830692245,35.37578540669896,132.2508752450534
1107,2,1107,106070000000.0,35.18355082033613,-97.43594963250275,2.021334307089048,-34.0961677213573,35.35938369117279,132.26335795580312
1108,2,1108,106080000000.0,35.18355093326096,-97.43594945084106,2.0313993462428113,-34.683626051519106,35.342981974363546,132.27584066655282
1109,2,1109,106090000000.0,35.183551046185784,-97.43594926917939,2.0414643853965746,-35.27682517321111,35.32658025883737,132.2883233765171
1110,2,1110,106100000000.0,35.183551159110614,-97.4359490875177,2.051529424550338,-35.87978265240513,35.310178542028126,132.3008060872668
1111,2,1111,106110000000.0,35.183551272035444,-97.43594890585602,2.0615944637041013,-37.508097270174524,35.293776826501954,132.31328879801652
1112,2,1112,106120000000.0,35.183551384960275,-97.43594872419433,2.0716595028578646,-38.6,35.27737510969271,132.32577150876622
1113,2,1113,106130000000.0,35.1835515136841,-97.43594854000015,2.08394735803837,-38.6,35.26074474175225,132.34000064052154
1114,2,1114,106140000000.0,35.18355164483539,-97.43594835541685,2.0965767415796037,-38.6,35.24407924112819,132.35449810400098
1115,2,1115,106150000000.0,35.183551775986686,-97.43594817083356,2.1092061251208376,-38.97179532634558,35.22741374050415,132.36899556826586
1116,2,1116,106160000000.0,35.183551907137975,-97.43594798625026,2.1218355086620715,-39.52369686102493,35.2107482398801,132.3834930317453
1117,2,1117,106170000000.0,35.183552038289264,-97.43594780166696,2.1344648922033054,-40.10034368110391,35.19408273925605,132.39799049522475
1118,2,1118,106180000000.0,35.18355216944055,-97.43594761708366,2.1470942757445393,-40.83420058774955,35.177417238631996,132.4124879587042
1119,2,1119,106190000000.0,35.18355230059185,-97.43594743250036,2.159723659285773,-41.601695463059734,35.160751738007946,132.42698542296907
1120,2,1120,106200000000.0,35.18355243174314,-97.43594724791706,2.172353042827007,-42.30298410283239,35.144086237383895,132.4414828864485
1121,2,1121,106210000000.0,35.18355256289443,-97.43594706333377,2.184982426368241,-42.99363433848114,35.1274207380429,132.45598034992796
1122,2,1122,106220000000.0,35.183552694045716,-97.43594687875047,2.197611809909475,-43.733643291621014,35.11075523741886,132.4704778134074
1123,2,1123,106230000000.0,35.18355282519701,-97.43594669416717,2.2102411934507087,-44.63851278241254,35.09408973679481,132.48497527767228
1124,2,1124,106240000000.0,35.1835529563483,-97.43594650958387,2.2228705769919426,-45.606835216417124,35.077424236170756,132.49947274115172
1125,2,1125,106250000000.0,35.18355308749959,-97.43594632500057,2.2354999605331765,-46.47264306854305,35.060758735546706,132.51397020463116
1126,2,1126,106260000000.0,35.18355321865088,-97.43594614041727,2.2481293440744103,-47.31476146052308,35.044093234922656,132.5284676681106
1127,2,1127,106270000000.0,35.183553349802175,-97.43594595583397,2.2607587276156442,-48.1887698771668,35.027427734298605,132.54296513237549
1128,2,1128,106280000000.0,35.183553480953464,-97.43594577125067,2.273388111156878,-50.040830616882886,35.01076223367456,132.55746259585493
1129,2,1129,106290000000.0,35.18355361210475,-97.43594558666739,2.286017494698112,-51.9,34.99409673433357,132.57196005933437
1130,2,1130,106300000000.0,35.18355374325604,-97.43594540208409,2.298646878239346,-51.9,34.97743123370952,132.58645752281382
1131,2,1131,106310000000.0,35.18355387440734,-97.43594521750079,2.3112762617805798,-52.5274516002342,34.960765733085466,132.6009549870787
1132,2,1132,106320000000.0,35.183554005558626,-97.43594503291749,2.3239056453218137,-53.98276206512642,34.944100232461416,132.61545245055814
1133,2,1133,106330000000.0,35.18355415818676,-97.43594482065443,2.339594498739137,-55.4,34.92493560504787,132.63232396430865
1134,2,1134,106340000000.0,35.18355436606705,-97.4359445371813,2.363154265028271,-56.06615591277688,34.89934162340491,132.65530305164916
1135,2,1135,106350000000.0,35.18355457394733,-97.43594425370817,2.386714031317405,-57.091219559094256,34.873747641761945,132.67828213820422
1136,2,1136,106360000000.0,35.183554781827624,-97.43594397023506,2.4102737976065396,-58.10804038012995,34.848153661402044,132.70126122554473
1137,2,1137,106370000000.0,35.183554989707915,-97.43594368676193,2.4338335638956736,-59.31487091990406,34.82255967975909,132.72424031288523
1138,2,1138,106380000000.0,35.183555197588205,-97.4359434032888,2.457393330184808,-60.478078251946236,34.79696569811613,132.74721940022573
1139,2,1139,106390000000.0,35.183555405468496,-97.43594311981569,2.480953096473942,-62.110694458464785,34.77137171775623,132.77019848756623
1140,2,1140,106400000000.0,35.18355561334879,-97.43594283634256,2.504512862763076,-63.370186111014704,34.74577773611327,132.79317757490674
1141,2,1141,106410000000.0,35.18355582122908,-97.43594255286943,2.5280726290522106,-64.60316370037226,34.72018375447031,132.81615666224724
1142,2,1142,106420000000.0,35.18355602910937,-97.43594226939632,2.5516323953413447,-65.93836851972257,34.694589774110405,132.83913574958774
1143,2,1143,106430000000.0,35.18355623698966,-97.4359419859232,2.575192161630479,-67.22665525020318,34.66899579246745,132.86211483692824
1144,2,1144,106440000000.0,35.18355644486995,-97.43594170245007,2.598751927919613,-68.78175338737405,34.64340181082449,132.88509392426874
1145,2,1145,106450000000.0,35.18355665275024,-97.43594141897695,2.622311694208747,-70.08563582861763,34.61780783046459,132.90807301160925
1146,2,1146,106460000000.0,35.18355686063053,-97.43594113550382,2.6458714604978817,-71.30563069086534,34.59221384882163,132.93105209894975
1147,2,1147,106470000000.0,35.18355706851082,-97.4359408520307,2.6694312267870157,-72.35108243083698,34.56661986717867,132.95403118629025
1148,2,1148,106480000000.0,35.18355727639111,-97.43594056855757,2.6929909930761498,-73.47267924565864,34.54102588553572,132.97701027363075
1149,2,1149,106490000000.0,35.183557455471934,-97.43594031159161,2.7126165337031285,-74.9729867379609,34.517825160466316,132.9968058676154
1150,2,1150,106500000000.0,35.18355759230984,-97.43594009350619,2.726471371453699,-76.48656367792584,34.498134848951715,133.01193192958578
1151,2,1151,106510000000.0,35.18355772914774,-97.43593987542079,2.74032620920427,-78.0,34.478444538720176,133.02705799155618
1152,2,1152,106520000000.0,35.18355786598565,-97.43593965733538,2.7541810469548405,-78.16587405034325,34.45875422848863,133.04218405352657
1153,2,1153,106530000000.0,35.18355800282355,-97.43593943924996,2.768035884705411,-79.27422214803256,34.439063916974035,133.05731011549696
1154,2,1154,106540000000.0,35.18355813966146,-97.43593922116456,2.7818907224559815,-80.49380790884929,34.41937360674249,133.07243617746735
1155,2,1155,106550000000.0,35.18355827649936,-97.43593900307916,2.7957455602065524,-81.58500560473566,34.39968329651096,133.08756223943774
1156,2,1156,106560000000.0,35.18355841333726,-97.43593878499374,2.809600397957123,-82.65392048558698,34.379992984996356,133.1026883006227
1157,2,1157,106570000000.0,35.183558550175164,-97.43593856690833,2.8234552357076934,-83.63378231028614,34.36030267476481,133.1178143625931
1158,2,1158,106580000000.0,35.18355868701307,-97.43593834882292,2.8373100734582644,-84.7385183072565,34.34061236325021,133.1329404245635
1159,2,1159,106590000000.0,35.18355882385097,-97.43593813073751,2.851164911208835,-86.15785596464649,34.32092205301867,133.14806648653388
1160,2,1160,106600000000.0,35.18355896068888,-97.43593791265211,2.8650197489594054,-87.40655186546999,34.30123174278714,133.16319254850427
1161,2,1161,106610000000.0,35.18355909752678,-97.43593769456669,2.8788745867099763,-88.3598810774199,34.28154143127254,133.17831861047466
1162,2,1162,106620000000.0,35.18355923436469,-97.43593747648129,2.892729424460547,-89.63709465937345,34.26185112104099,133.19344467244505
1163,2,1163,106630000000.0,35.18355937120259,-97.43593725839587,2.9065842622111173,-90.88502266554515,34.24216080952639,133.20857073441545
1164,2,1164,106640000000.0,35.183559508040496,-97.43593704031046,2.920439099961688,-92.42729532710965,34.22247049929485,133.22369679638584
1165,2,1165,106650000000.0,35.18355964487839,-97.43593682222506,2.9342939377122588,-93.70524187080704,34.20278018906331,133.2388228575708
1166,2,1166,106660000000.0,35.1835597817163,-97.43593660413964,2.9481487754628293,-95.68258013702402,34.18308987754872,133.2539489195412
1167,2,1167,106670000000.0,35.1835599185542,-97.43593638605424,2.9620036132133998,-98.9699857264571,34.16339956731717,133.26907498151158
1168,2,1168,106680000000.0,35.18356005539211,-97.43593616796882,2.9758584509639707,-99.9,34.14370925580257,133.28420104348197
1169,2,1169,106690000000.0,35.18356019223001,-97.43593594988342,2.9897132887145412,-99.9,34.12401894557103,133.29932710545236
1170,2,1170,106700000000.0,35.183560329067916,-97.43593573179801,3.0035681264651117,-100.33097397801718,34.10432863533949,133.31445316742276
1171,2,1171,106710000000.0,35.18356046590582,-97.4359355137126,3.0174229642156822,-101.6549879675352,34.0846383238249,133.32957922939315
1172,2,1172,106720000000.0,35.183560603508546,-97.43593529401484,3.0312528215660928,-102.68558027805517,34.06480243915956,133.34478983468742
1173,2,1173,106730000000.0,35.183560778490424,-97.43593499551633,3.043861809995174,-103.9991705990713,34.03785185888959,133.36413233146786
1174,2,1174,106740000000.0,35.1835609534723,-97.43593469701783,3.056470798424255,-105.5441915292929,34.01090127861963,133.3834748282483
1175,2,1175,106750000000.0,35.18356112845419,-97.43593439851934,3.0690797868533366,-106.95978635679238,33.983950699632715,133.40281732581417
1176,2,1176,106760000000.0,35.183561303436065,-97.43593410002083,3.081688775282418,-108.13077166830764,33.95700011936275,133.4221598225946
1177,2,1177,106770000000.0,35.18356147841794,-97.43593380152232,3.094297763711499,-109.2360493446635,33.930049539092785,133.44150231937505
1178,2,1178,106780000000.0,35.18356165339983,-97.43593350302382,3.1069067521405804,-110.34590809855256,33.903098958822824,133.46084481694092
1179,2,1179,106790000000.0,35.183561828381706,-97.43593320452533,3.119515740569662,-111.77125785260027,33.87614837983592,133.48018731372136
1180,2,1180,106800000000.0,35.18356200336358,-97.43593290602682,3.132124728998743,-113.00060250901674,33.84919779956596,133.4995298105018
1181,2,1181,106810000000.0,35.18356217834547,-97.43593260752831,3.1447337174278243,-113.98445609423204,33.82224721929599,133.51887230806767
1182,2,1182,106820000000.0,35.183562353327346,-97.43593230902982,3.1573427058569052,-115.30941973686765,33.79529664030908,133.5382148048481
1183,2,1183,106830000000.0,35.183562528309224,-97.43593201053132,3.1699516942859867,-118.29001470878458,33.768346060039114,133.55755730162855
1184,2,1184,106840000000.0,35.1835627032911,-97.43593171203281,3.182560682715068,-118.3,33.74139547976915,133.576899798409
1185,2,1185,106850000000.0,35.18356287827299,-97.43593141353432,3.195169671144149,-118.67014245774389,33.71444490078225,133.59624229597486
1186,2,1186,106860000000.0,35.183563053254865,-97.43593111503581,3.2077786595732305,-120.0041949088747,33.687494320512286,133.6155847927553
1187,2,1187,106870000000.0,35.18356322823674,-97.43593081653731,3.220387648002312,-121.12104691028536,33.66054374024232,133.63492728953574
1188,2,1188,106880000000.0,35.18356340321863,-97.43593051803882,3.232996636431393,-121.42273936549091,33.63359316125541,133.6542697871016
1189,2,1189,106890000000.0,35.183563578200506,-97.43593021954031,3.2456056248604743,-123.20346761211465,33.606642580985444,133.67361228388205
1190,2,1190,106900000000.0,35.18356375318238,-97.4359299210418,3.2582146132895557,-123.39835792118872,33.57969200071548,133.6929547806625
1191,2,1191,106910000000.0,35.18356392816427,-97.43592962254331,3.2708236017186367,-124.92171397817046,33.55274142172858,133.71229727822836
1192,2,1192,106920000000.0,35.18356410224374,-97.43592930719751,3.2858446120474483,-126.10698374117719,33.52426974714717,133.73154002332754
1193,2,1193,106930000000.0,35.18356427569474,-97.43592898011848,3.302545465576037,-126.36169724620207,33.4947387121978,133.75071329679471
1194,2,1194,106940000000.0,35.18356444914574,-97.43592865303945,3.3192463191046255,-127.23510901072764,33.46520767853149,133.7698865702619
1195,2,1195,106950000000.0,35.18356462259675,-97.43592832596042,3.335947172633214,-128.25299099435964,33.43567664358212,133.7890598445145
1196,2,1196,106960000000.0,35.18356479604775,-97.43592799888138,3.352648026161803,-129.18685668094048,33.40614560863275,133.80823311798167
1197,2,1197,106970000000.0,35.18356496949875,-97.43592767180236,3.369348879690391,-130.59688836025427,33.37661457496644,133.82740639144885
1198,2,1198,106980000000.0,35.18356514294975,-97.43592734472332,3.3860497332189796,-131.0,33.34708354001706,133.84657966570146
1199,2,1199,106990000000.0,35.18356531640075,-97.43592701764429,3.4027505867475685,-131.91843401727806,33.317552505067695,133.86575293916863
1200,2,1200,107000000000.0,35.18356548985175,-97.43592669056527,3.419451440276157,-133.06189013562323,33.28802147140138,133.8849262126358
1201,2,1201,107010000000.0,35.18356566330275,-97.43592636348623,3.4361522938047453,-135.0038568504631,33.25849043645201,133.90409948610298
1202,2,1202,107020000000.0,35.18356583675376,-97.4359260364072,3.452853147333334,-135.4,33.22895940150264,133.9232727603556
1203,2,1203,107030000000.0,35.18356601020476,-97.43592570932817,3.4695540008619226,-135.41710872222214,33.199428367836326,133.94244603382276
1204,2,1204,107040000000.0,35.183566183655756,-97.43592538224914,3.486254854390511,-136.23959582115563,33.16989733288695,133.96161930728994
1205,2,1205,107050000000.0,35.18356635710676,-97.4359250551701,3.5029557079191,-137.6008663766413,33.14036629793758,133.98079258154254
1206,2,1206,107060000000.0,35.18356653055776,-97.43592472809108,3.5196565614476882,-138.4862924138765,33.110835264271266,133.99996585500972
1207,2,1207,107070000000.0,35.18356670400876,-97.43592440101204,3.5363574149762766,-139.29380453684684,33.081304229321894,134.0191391284769
1208,2,1208,107080000000.0,35.18356687745976,-97.43592407393301,3.5530582685048655,-140.27269661268792,33.05177319437253,134.03831240194407
1209,2,1209,107090000000.0,35.18356705091077,-97.43592374685399,3.569759122033454,-140.5,33.02224216070621,134.05748567619668
1210,2,1210,107100000000.0,35.18356722436177,-97.43592341977495,3.5864599755620423,-141.2518259660776,32.992711125756834,134.07665894966385
1211,2,1211,107110000000.0,35.183567397812766,-97.43592309269593,3.6031608290906307,-142.39878664466661,32.96318009209053,134.09583222313103
1212,2,1212,107120000000.0,35.18356756806201,-97.43592274943859,3.617145595027396,-143.29798768011602,32.93218836404995,134.11465157456675
1213,2,1213,107130000000.0,35.18356773372015,-97.43592238298268,3.627235682136273,-144.13848198642637,32.899102103475556,134.1329634257164
1214,2,1214,107140000000.0,35.1835678993783,-97.43592201652679,3.6373257692451495,-144.9050017474685,32.866015844184226,134.1512752776515
1215,2,1215,107150000000.0,35.18356806503645,-97.43592165007088,3.647415856354026,-145.63595850229834,32.83292958360983,134.16958712880117
1216,2,1216,107160000000.0,35.1835682306946,-97.43592128361499,3.6575059434629025,-147.73629291482317,32.7998433243185,134.18789898073626
1217,2,1217,107170000000.0,35.18356839635274,-97.43592091715908,3.6675960305717794,-148.6,32.76675706374411,134.20621083188593
1218,2,1218,107180000000.0,35.18356856201089,-97.43592055070319,3.677686117680656,-148.6,32.73367080445278,134.22452268382102
1219,2,1219,107190000000.0,35.183568727669034,-97.43592018424728,3.6877762047895324,-148.6,32.700584543878385,134.24283453497068
1220,2,1220,107200000000.0,35.183568893327184,-97.43591981779139,3.697866291898409,-150.58024307786718,32.667498284587055,134.26114638690578
1221,2,1221,107210000000.0,35.18356905898533,-97.43591945133548,3.707956379007286,-151.71446316638037,32.63441202401267,134.27945823805544
1222,2,1222,107220000000.0,35.18356922464347,-97.43591908487959,3.7180464661161623,-152.82174893729973,32.60132576472133,134.2977700892051
1223,2,1223,107230000000.0,35.18356939030162,-97.4359187184237,3.728136553225039,-153.3,32.56823950543,134.3160819411402
1224,2,1224,107240000000.0,35.183569555959764,-97.43591835196779,3.7382266403339153,-154.23252740362415,32.53515324485561,134.33439379228986
1225,2,1225,107250000000.0,35.183569721617914,-97.43591798551189,3.748316727442792,-155.62044292534324,32.502066985564284,134.35270564422495
1226,2,1226,107260000000.0,35.18356988727606,-97.43591761905599,3.7584068145516687,-157.14249830990093,32.46898072498989,134.37101749537462
1227,2,1227,107270000000.0,35.18357005293421,-97.43591725260009,3.768496901660545,-158.25604375510508,32.43589446569855,134.3893293473097
1228,2,1228,107280000000.0,35.18357021859235,-97.43591688614418,3.7785869887694217,-159.49025445974465,32.40280820512416,134.40764119845937
1229,2,1229,107290000000.0,35.1835703842505,-97.43591651968829,3.7886770758782986,-159.7,32.369721945832836,134.42595305039447
1230,2,1230,107300000000.0,35.183570549908644,-97.43591615323238,3.798767162987175,-162.08591750578802,32.33663568525844,134.44426490154413
1231,2,1231,107310000000.0,35.18357071556679,-97.43591578677649,3.8088572500960516,-163.31945084487532,32.30354942596711,134.4625767526938
1232,2,1232,107320000000.0,35.18357087265818,-97.43591539897902,3.8217986450806505,-164.54471631731724,32.268536296412584,134.47994163520292
1233,2,1233,107330000000.0,35.18357102084445,-97.43591498899704,3.837703970498249,-167.52914953846155,32.231520190749464,134.49632214513642
1234,2,1234,107340000000.0,35.18357116903071,-97.43591457901505,3.853609295915848,-167.8,32.194504083803274,134.51270265428448
1235,2,1235,107350000000.0,35.183571317216966,-97.43591416903305,3.8695146213334466,-167.8,32.15748797685709,134.52908316343255
1236,2,1236,107360000000.0,35.183571465403226,-97.43591375905106,3.8854199467510453,-168.44420823597275,32.1204718699109,134.5454636725806
1237,2,1237,107370000000.0,35.18357161358949,-97.43591334906907,3.901325272168644,-169.3545447380395,32.08345576296472,134.5618441825141
1238,2,1238,107380000000.0,35.18357176177575,-97.43591293908707,3.9172305975862423,-170.79905063399693,32.046439656018535,134.57822469166217
1239,2,1239,107390000000.0,35.18357190996201,-97.4359125291051,3.933135923003841,-172.3011866891461,32.00942355035541,134.59460520081024
1240,2,1240,107400000000.0,35.18357205814827,-97.4359121191231,3.9490412484214397,-173.6113533746519,31.972407443409217,134.6109857099583
1241,2,1241,107410000000.0,35.18357220633454,-97.43591170914111,3.9649465738390384,-174.58277731448487,31.93539133646303,134.6273662198918
1242,2,1242,107420000000.0,35.1835723545208,-97.43591129915912,3.980851899256637,-175.2957942256581,31.898375229516848,134.64374672903986
1243,2,1243,107430000000.0,35.18357250270706,-97.43591088917712,3.9967572246742358,-176.19776360113644,31.861359122570658,134.66012723818793
1244,2,1244,107440000000.0,35.183572650893325,-97.43591047919513,4.012662550091834,-177.44785940643368,31.82434301562447,134.67650774812142
1245,2,1245,107450000000.0,35.183572799079585,-97.43591006921315,4.028567875509433,-178.67210235071985,31.787326909961344,134.6928882572695
1246,2,1246,107460000000.0,35.183572947265844,-97.43590965923116,4.044473200927031,-179.7988542715892,31.75031080301516,134.70926876641755
1247,2,1247,107470000000.0,35.183573095452104,-97.43590924924916,4.06037852634463,-180.8881041376712,31.713294696068974,134.72564927556562
1248,2,1248,107480000000.0,35.18357324363837,-97.43590883926717,4.076283851762229,-182.1649550588152,31.676278589122788,134.7420297854991
1249,2,1249,107490000000.0,35.18357339182463,-97.43590842928518,4.0921891771798276,-183.14841491403624,31.639262482176605,134.75841029464718
1250,2,1250,107500000000.0,35.18357354001089,-97.43590801930318,4.108094502597426,-183.8950226298852,31.602246375230415,134.77479080379524
1251,2,1251,107510000000.0,35.18357368819715,-97.4359076093212,4.123999828015025,-185.5859754706032,31.56523026956729,134.7911713129433
1252,2,1252,107520000000.0,35.183573830503725,-97.43590719140671,4.138525708808443,-186.9,31.5274979598611,134.8069018817894
1253,2,1253,107530000000.0,35.18357395474257,-97.43590674911644,4.148812685031394,-186.9,31.48756483041144,134.82063524371455
1254,2,1254,107540000000.0,35.183574078981415,-97.43590630682615,4.159099661254346,-187.409543878863,31.447631699678723,134.8343686056397
1255,2,1255,107550000000.0,35.18357420322026,-97.43590586453587,4.169386637477297,-188.4778259876814,31.407698568946007,134.84810196756484
1256,2,1256,107560000000.0,35.1835743274591,-97.4359054222456,4.179673613700249,-189.25249547249913,31.367765439496345,134.86183532870456
1257,2,1257,107570000000.0,35.18357445169794,-97.43590497995531,4.1899605899232,-189.79359846636518,31.32783230876363,134.8755686906297
1258,2,1258,107580000000.0,35.18357457593679,-97.43590453766502,4.200247566146151,-190.45351984657938,31.287899178030912,134.88930205255485
1259,2,1259,107590000000.0,35.18357470017563,-97.43590409537475,4.210534542369103,-191.15120389879934,31.247966048581247,134.90303541448
1260,2,1260,107600000000.0,35.18357482441447,-97.43590365308447,4.220821518592055,-191.77399956277378,31.20803291784853,134.91676877561972
1261,2,1261,107610000000.0,35.183574948653316,-97.43590321079418,4.231108494815007,-192.41628114306684,31.168099787115807,134.93050213754486
1262,2,1262,107620000000.0,35.18357507289216,-97.4359027685039,4.241395471037958,-193.03183918909085,31.12816665638309,134.94423549947
1263,2,1263,107630000000.0,35.183575197131006,-97.43590232621362,4.251682447260909,-193.7917799495814,31.08823352693343,134.95796886139516
1264,2,1264,107640000000.0,35.183575321369844,-97.43590188392334,4.261969423483861,-194.50918752655755,31.048300396200712,134.97170222253487
1265,2,1265,107650000000.0,35.18357544560869,-97.43590144163305,4.272256399706812,-195.06724149771847,31.008367265467996,134.98543558446002
1266,2,1266,107660000000.0,35.183575569847534,-97.43590099934278,4.282543375929764,-196.19321565577425,30.968434136018335,134.99916894638517
1267,2,1267,107670000000.0,35.18357569408638,-97.43590055705249,4.292830352152715,-197.4,30.928501005285618,135.01290230831032
1268,2,1268,107680000000.0,35.183575818325224,-97.4359001147622,4.3031173283756665,-197.4,30.888567874552898,135.02663567023546
1269,2,1269,107690000000.0,35.18357594256406,-97.43589967247193,4.313404304598619,-197.4,30.848634745103237,135.04036903137518
1270,2,1270,107700000000.0,35.18357606680291,-97.43589923018165,4.32369128082157,-197.67515688579618,30.80870161437052,135.05410239330033
1271,2,1271,107710000000.0,35.18357619104175,-97.43589878789136,4.333978257044521,-198.18767619998087,30.768768483637796,135.06783575522547
1272,2,1272,107720000000.0,35.183576316317854,-97.43589834318969,4.344202686434079,-198.65969342995842,30.728617635990833,135.08168377558263
1273,2,1273,107730000000.0,35.183576448990145,-97.43589788129356,4.353981125769412,-199.1655482419995,30.68691434893493,135.09634937062216
1274,2,1274,107740000000.0,35.18357658166244,-97.43589741939742,4.363759565104746,-199.77607078139437,30.645211061879024,135.11101496644713
1275,2,1275,107750000000.0,35.183576714334734,-97.4358969575013,4.373538004440079,-200.31613097837075,30.603507776106177,135.12568056148666
1276,2,1276,107760000000.0,35.183576847007025,-97.43589649560516,4.3833164437754135,-200.79988297303723,30.56180448905027,135.1403461565262
1277,2,1277,107770000000.0,35.183576979679316,-97.43589603370904,4.393094883110748,-201.2975308504354,30.520101203277424,135.15501175156572
1278,2,1278,107780000000.0,35.183577112351614,-97.4358955718129,4.402873322446081,-201.91114529457954,30.478397916221518,135.1696773473907
1279,2,1279,107790000000.0,35.183577245023905,-97.43589510991679,4.412651761781415,-202.584667268172,30.43669463044867,135.18434294243022
1280,2,1280,107800000000.0,35.183577377696196,-97.43589464802065,4.4224302011167484,-203.2973689520981,30.394991343392764,135.19900853746975
1281,2,1281,107810000000.0,35.18357751036849,-97.43589418612453,4.432208640452083,-203.9409406350897,30.353288057619917,135.21367413250928
1282,2,1282,107820000000.0,35.183577643040785,-97.4358937242284,4.441987079787417,-205.1683341103736,30.31158477056401,135.22833972833425
1283,2,1283,107830000000.0,35.183577775713076,-97.43589326233226,4.45176551912275,-207.0,30.269881483508104,135.24300532337378
1284,2,1284,107840000000.0,35.18357790838537,-97.43589280043614,4.461543958458084,-207.0,30.228178197735257,135.2576709184133
1285,2,1285,107850000000.0,35.18357804105766,-97.43589233854,4.471322397793418,-207.0,30.18647491067935,135.27233651345284
1286,2,1286,107860000000.0,35.18357817372995,-97.43589187664388,4.481100837128752,-207.43811805016642,30.144771624906504,135.28700210849237
1287,2,1287,107870000000.0,35.18357830640225,-97.43589141474774,4.490879276464086,-208.22035688969112,30.103068337850598,135.30166770431734
1288,2,1288,107880000000.0,35.18357843907454,-97.43589095285162,4.500657715799419,-208.5,30.06136505207775,135.31633329935687
1289,2,1289,107890000000.0,35.18357857174683,-97.43589049095549,4.510436155134753,-209.51030067452876,30.019661765021844,135.3309988943964
1290,2,1290,107900000000.0,35.18357870441912,-97.43589002905937,4.520214594470087,-210.51465719703188,29.977958479248997,135.34566448943593
1291,2,1291,107910000000.0,35.18357883709142,-97.43588956716323,4.529993033805421,-211.37858521524663,29.93625519219309,135.3603300852609
1292,2,1292,107920000000.0,35.18357896976371,-97.4358891052671,4.539771473140755,-212.0258334692738,29.894551905137185,135.37499568030043
1293,2,1293,107930000000.0,35.18357908819587,-97.43588861270511,4.54901732334383,-212.7971268550088,29.850079886244576,135.3880871714719
1294,2,1294,107940000000.0,35.18357920242473,-97.4358881110914,4.5581059678587685,-213.8111363466142,29.80479061225736,135.4007140297709
1295,2,1295,107950000000.0,35.1835793166536,-97.43588760947767,4.567194612373706,-214.75183479792366,29.75950133698709,135.41334088885534
1296,2,1296,107960000000.0,35.18357943088247,-97.43588710786396,4.576283256888645,-215.6011318577085,29.714212062999874,135.42596774793978
1297,2,1297,107970000000.0,35.18357954511133,-97.43588660625025,4.585371901403583,-216.23489049002922,29.668922789012658,135.43859460623878
1298,2,1298,107980000000.0,35.1835796593402,-97.43588610463654,4.594460545918521,-217.2365986088889,29.623633515025446,135.45122146532321
1299,2,1299,107990000000.0,35.183579773569065,-97.43588560302283,4.603549190433459,-218.31002628857001,29.57834424103823,135.46384832440765
1300,2,1300,108000000000.0,35.183579887797926,-97.43588510140911,4.612637834948398,-219.56412541869892,29.533054967051015,135.47647518270665
1301,2,1301,108010000000.0,35.183580002026794,-97.4358845997954,4.6217264794633355,-221.6,29.4877656930638,135.48910204179109
1302,2,1302,108020000000.0,35.183580116255655,-97.43588409818169,4.630815123978274,-221.6,29.44247641907659,135.5017289000901
1303,2,1303,108030000000.0,35.18358023048452,-97.43588359656798,4.6399037684932125,-221.6,29.397187145089376,135.51435575917452
1304,2,1304,108040000000.0,35.18358034471339,-97.43588309495426,4.64899241300815,-222.52195832734478,29.35189787110216,135.52698261825896
1305,2,1305,108050000000.0,35.18358045894225,-97.43588259334055,4.658081057523089,-223.27595045161289,29.306608597114945,135.53960947655796
1306,2,1306,108060000000.0,35.18358057317112,-97.43588209172684,4.667169702038027,-224.09249749309123,29.261319323127736,135.5522363356424
1307,2,1307,108070000000.0,35.18358068739998,-97.43588159011311,4.676258346552965,-224.57927589626334,29.21603004785746,135.5648631939414
1308,2,1308,108080000000.0,35.18358080162885,-97.4358810884994,4.685346991067903,-225.26938846361057,29.17074077387025,135.57749005302583
1309,2,1309,108090000000.0,35.18358091585772,-97.43588058688569,4.694435635582842,-226.00731305399756,29.125451499883035,135.59011691211026
1310,2,1310,108100000000.0,35.18358103008658,-97.43588008527198,4.7035242800977795,-226.6175871895639,29.080162225895815,135.60274377040926
1311,2,1311,108110000000.0,35.18358114431545,-97.43587958365826,4.712612924612718,-227.20731893795062,29.0348729519086,135.6153706294937
1312,2,1312,108120000000.0,35.183581258544315,-97.43587908204455,4.7217015691276565,-227.68556732453982,28.98958367792139,135.62799748857813
1313,2,1313,108130000000.0,35.18358133897465,-97.43587855247608,4.732600055960452,-228.21982296191877,28.941770448696793,135.63688825754554
1314,2,1314,108140000000.0,35.18358140015144,-97.435878006983,4.744529530619219,-228.78375627284635,28.892519431525503,135.6436507400926
1315,2,1315,108150000000.0,35.18358146132823,-97.43587746148994,4.7564590052779865,-229.21489396610554,28.843268415637272,135.65041322263966
1316,2,1316,108160000000.0,35.18358152250502,-97.43587691599686,4.768388479936754,-229.82548344717824,28.794017398465986,135.65717570518672
1317,2,1317,108170000000.0,35.18358158368182,-97.43587637050379,4.780317954595522,-230.68908076901903,28.744766382577755,135.6639381885192
1318,2,1318,108180000000.0,35.18358164485861,-97.43587582501071,4.79224742925429,-230.8,28.695515365406465,135.67070067106627
1319,2,1319,108190000000.0,35.183581706035405,-97.43587527951765,4.804176903913057,-230.85091618064757,28.646264349518233,135.67746315361333
1320,2,1320,108200000000.0,35.183581767212196,-97.43587473402458,4.816106378571824,-231.15237353958884,28.597013333630002,135.6842256361604
1321,2,1321,108210000000.0,35.18358182838899,-97.4358741885315,4.828035853230592,-231.39662348870345,28.54776231645872,135.69098811870745
1322,2,1322,108220000000.0,35.18358188956579,-97.43587364303843,4.8399653278893595,-231.6017837343781,28.498511300570488,135.69775060203995
1323,2,1323,108230000000.0,35.18358195074258,-97.43587309754535,4.851894802548127,-231.93229343063462,28.4492602833992,135.704513084587
1324,2,1324,108240000000.0,35.18358201191937,-97.43587255205229,4.863824277206895,-232.26947009716432,28.40000926751097,135.71127556713407
1325,2,1325,108250000000.0,35.18358207309616,-97.43587200655921,4.875753751865663,-232.53229916783778,28.35075825033968,135.71803804968113
1326,2,1326,108260000000.0,35.18358213427295,-97.43587146106614,4.88768322652443,-232.78424645850743,28.30150723445145,135.7248005322282
1327,2,1327,108270000000.0,35.18358219544975,-97.43587091557306,4.899612701183197,-233.09293109708187,28.252256217280163,135.73156301556068
1328,2,1328,108280000000.0,35.18358225662654,-97.43587037008,4.911542175841965,-233.2,28.203005201391935,135.73832549810774
1329,2,1329,108290000000.0,35.183582317803335,-97.43586982458693,4.9234716505007325,-233.21490753674675,28.153754185503704,135.7450879806548
1330,2,1330,108300000000.0,35.18358237898013,-97.43586927909385,4.9354011251595,-233.3214083390987,28.10450316833241,135.75185046320186
1331,2,1331,108310000000.0,35.183582440156925,-97.43586873360078,4.947330599818268,-233.41941749333333,28.055252152444183,135.75861294653436
1332,2,1332,108320000000.0,35.183582500338495,-97.43586818724994,4.959212125023375,-233.5,28.00592368991533,135.7652654172766
1333,2,1333,108330000000.0,35.18358251586519,-97.43586760241126,4.968942184349772,-233.50177621837315,27.953120271128828,135.76698173809731
1334,2,1334,108340000000.0,35.18358253139188,-97.43586701757259,4.978672243676169,-233.6,27.90031685234233,135.7686980581326
1335,2,1335,108350000000.0,35.18358254691857,-97.43586643273392,4.988402303002566,-233.6,27.847513433555832,135.77041437895332
1336,2,1336,108360000000.0,35.18358256244526,-97.43586584789524,4.998132362328963,-233.6,27.794710014769333,135.7721306989886
1337,2,1337,108370000000.0,35.18358257797195,-97.43586526305657,5.007862421655361,-233.6,27.741906595982837,135.7738470190239
1338,2,1338,108380000000.0,35.18358259349864,-97.4358646782179,5.017592480981758,-233.6,27.689103177196337,135.7755633398446
1339,2,1339,108390000000.0,35.18358260902533,-97.43586409337922,5.027322540308155,-233.6,27.63629975840984,135.7772796598799
1340,2,1340,108400000000.0,35.183582624552024,-97.43586350854056,5.037052599634553,-233.6,27.583496340906397,135.7789959807006
1341,2,1341,108410000000.0,35.18358264007871,-97.43586292370189,5.046782658960949,-233.6,27.5306929221199,135.7807123007359
1342,2,1342,108420000000.0,35.183582655605406,-97.43586233886322,5.056512718287347,-233.6,27.477889503333394,135.78242862155662
1343,2,1343,108430000000.0,35.18358267113209,-97.43586175402454,5.066242777613744,-233.6,27.425086084546898,135.7841449415919
1344,2,1344,108440000000.0,35.18358268665879,-97.43586116918587,5.075972836940141,-233.6,27.372282665760398,135.78586126241262
1345,2,1345,108450000000.0,35.183582702185475,-97.4358605843472,5.085702896266539,-233.6,27.319479246973902,135.7875775824479
1346,2,1346,108460000000.0,35.18358271771216,-97.43585999950852,5.095432955592936,-233.6,27.266675828187402,135.7892939024832
1347,2,1347,108470000000.0,35.18358273323886,-97.43585941466985,5.1051630149193326,-233.6,27.213872409400906,135.7910102233039
1348,2,1348,108480000000.0,35.183582748765545,-97.43585882983118,5.11489307424573,-233.6,27.161068990614403,135.7927265433392
1349,2,1349,108490000000.0,35.18358276429224,-97.4358582449925,5.124623133572127,-233.6,27.108265571827907,135.79444286415992
1350,2,1350,108500000000.0,35.18358277981893,-97.43585766015383,5.134353192898525,-233.6,27.055462153041404,135.7961591841952
1351,2,1351,108510000000.0,35.18358279534562,-97.43585707531517,5.144083252224922,-233.6,27.002658735537967,135.79787550501592
1352,2,1352,108520000000.0,35.183582793296225,-97.43585650447693,5.1529663649341275,-233.6,26.951119376131135,135.79764896466088
1353,2,1353,108530000000.0,35.183582783722585,-97.43585593963223,5.161486903637623,-233.6,26.900121156537374,135.796590694533
1354,2,1354,108540000000.0,35.183582774148945,-97.43585537478754,5.17000744234112,-233.6,26.84912293694361,135.7955324244051
1355,2,1355,108550000000.0,35.183582764575306,-97.43585480994284,5.178527981044616,-233.6,26.79812471734984,135.79447415427722
1356,2,1356,108560000000.0,35.183582755001666,-97.43585424509813,5.187048519748113,-233.6,26.74712649647302,135.79341588414934
1357,2,1357,108570000000.0,35.183582745428026,-97.43585368025343,5.195569058451609,-233.6,26.696128276879254,135.79235761402145
1358,2,1358,108580000000.0,35.18358273585439,-97.43585311540873,5.2040895971551056,-233.6,26.645130057285492,135.79129934389357
1359,2,1359,108590000000.0,35.18358272628075,-97.43585255056402,5.2126101358586014,-233.6,26.594131836408668,135.79024107376569
1360,2,1360,108600000000.0,35.18358271670711,-97.43585198571932,5.221130674562098,-233.6,26.543133616814902,135.7891828036378
1361,2,1361,108610000000.0,35.18358270713347,-97.43585142087463,5.229651213265594,-233.6,26.492135397221137,135.78812453350992
1362,2,1362,108620000000.0,35.18358269755983,-97.43585085602993,5.238171751969091,-233.6,26.441137177627372,135.78706626338203
1363,2,1363,108630000000.0,35.183582687986195,-97.43585029118522,5.246692290672587,-233.6,26.39013895675055,135.78600799403958
1364,2,1364,108640000000.0,35.183582678412556,-97.43584972634052,5.255212829376084,-233.6,26.339140737156786,135.7849497239117
1365,2,1365,108650000000.0,35.183582668838916,-97.43584916149582,5.2637333680795795,-233.6,26.28814251756302,135.7838914537838
1366,2,1366,108660000000.0,35.18358265926528,-97.43584859665113,5.272253906783076,-233.6,26.237144297969255,135.78283318365592
1367,2,1367,108670000000.0,35.18358264969164,-97.43584803180642,5.280774445486572,-233.6,26.186146077092435,135.78177491352804
1368,2,1368,108680000000.0,35.183582640118,-97.43584746696172,5.289294984190069,-233.6,26.13514785749867,135.78071664340015
1369,2,1369,108690000000.0,35.18358263054436,-97.43584690211702,5.297815522893565,-233.6,26.0841496379049,135.77965837327227
1370,2,1370,108700000000.0,35.18358262097072,-97.43584633727232,5.306336061597062,-233.6,26.03315141831114,135.77860010314438
1371,2,1371,108710000000.0,35.18358261139708,-97.43584577242761,5.3148566003005575,-233.6,25.982153197434315,135.7775418330165
1372,2,1372,108720000000.0,35.18358260182344,-97.43584520758291,5.323377139004054,-233.6,25.931154977840553,135.77648356288861
1373,2,1373,108730000000.0,35.18358253837214,-97.43584461930271,5.324465891905198,-233.6,25.878040833293383,135.76946965665385
1374,2,1374,108740000000.0,35.18358246224471,-97.43584402550869,5.32380612076387,-233.6,25.82442886110902,135.76105452998647
1375,2,1375,108750000000.0,35.183582386117266,-97.43584343171466,5.323146349622544,-233.6,25.770816888924653,135.75263940253365
1376,2,1376,108760000000.0,35.18358230998982,-97.43584283792063,5.322486578481216,-233.6,25.71720491674029,135.74422427508082
1377,2,1377,108770000000.0,35.18358223386239,-97.4358422441266,5.321826807339889,-233.6460335546834,25.663592944555926,135.73580914841344
1378,2,1378,108780000000.0,35.183582157734946,-97.43584165033258,5.321167036198562,-233.69468228511454,25.609980972371563,135.72739402096062
1379,2,1379,108790000000.0,35.183582081607504,-97.43584105653855,5.320507265057235,-233.7,25.5563690001872,135.7189788935078
1380,2,1380,108800000000.0,35.18358200548007,-97.43584046274452,5.319847493915908,-233.7,25.502757028002836,135.7105637668404
1381,2,1381,108810000000.0,35.18358192935263,-97.4358398689505,5.319187722774581,-233.7,25.44914505581847,135.7021486393876
1382,2,1382,108820000000.0,35.183581853225185,-97.43583927515647,5.3185279516332535,-233.7,25.395533083634106,135.69373351193477
1383,2,1383,108830000000.0,35.18358177709775,-97.43583868136244,5.317868180491927,-233.77860750292535,25.341921111449743,135.68531838526738
1384,2,1384,108840000000.0,35.18358170097031,-97.43583808756841,5.3172084093506,-233.8,25.28830913926538,135.67690325781456
1385,2,1385,108850000000.0,35.18358162484287,-97.43583749377439,5.316548638209272,-233.89723852661416,25.234697167081016,135.66848813114717
1386,2,1386,108860000000.0,35.18358154871543,-97.43583689998036,5.315888867067946,-233.9787304000825,25.18108519489665,135.66007300369435
1387,2,1387,108870000000.0,35.18358147258799,-97.43583630618633,5.315229095926618,-234.04528548905637,25.12747322271229,135.65165787624153
1388,2,1388,108880000000.0,35.18358139646055,-97.4358357123923,5.314569324785292,-234.1,25.073861250527923,135.64324274957414
1389,2,1389,108890000000.0,35.18358132033311,-97.43583511859829,5.313909553643964,-234.13993979158607,25.020249279626615,135.63482762212132
1390,2,1390,108900000000.0,35.18358124420567,-97.43583452480426,5.313249782502637,-234.24704157920107,24.966637307442255,135.6264124946685
1391,2,1391,108910000000.0,35.183581168078234,-97.43583393101024,5.31259001136131,-234.3,24.91302533525789,135.6179973680011
1392,2,1392,108920000000.0,35.18358108713955,-97.43583334084194,5.312447543597749,-234.3278246187091,24.859740719826984,135.6090504059479
1393,2,1393,108930000000.0,35.18358096550854,-97.43583278133929,5.316680302792327,-234.43849010810393,24.80922481826998,135.59560531398745
1394,2,1394,108940000000.0,35.18358084387753,-97.43583222183663,5.320913061986905,-234.5,24.758708916712976,135.582160222027
1395,2,1395,108950000000.0,35.18358072224652,-97.43583166233398,5.325145821181484,-234.5,24.70819301515597,135.56871513006655
1396,2,1396,108960000000.0,35.18358060061551,-97.43583110283133,5.329378580376062,-234.5,24.657677113598968,135.5552700381061
1397,2,1397,108970000000.0,35.183580478984496,-97.43583054332868,5.3336113395706395,-234.5,24.607161212041962,135.54182494614565
1398,2,1398,108980000000.0,35.183580357353485,-97.43582998382603,5.337844098765218,-234.5,24.556645310484956,135.5283798541852
1399,2,1399,108990000000.0,35.18358023572247,-97.43582942432337,5.342076857959796,-234.5,24.506129408927954,135.51493476143932
1400,2,1400,109000000000.0,35.183580114091455,-97.43582886482072,5.3463096171543745,-234.5,24.45561350737095,135.50148966947887
1401,2,1401,109010000000.0,35.183579992460444,-97.43582830531807,5.350542376348953,-234.5,24.405097605813946,135.48804457751842
1402,2,1402,109020000000.0,35.18357987082943,-97.43582774581542,5.354775135543531,-234.5,24.35458170425694,135.47459948555797
1403,2,1403,109030000000.0,35.18357974919842,-97.43582718631276,5.3590078947381095,-234.5,24.304065802699935,135.46115439359752
1404,2,1404,109040000000.0,35.18357962756741,-97.43582662681011,5.363240653932688,-234.5,24.253549901142932,135.44770930163708
1405,2,1405,109050000000.0,35.1835795059364,-97.43582606730746,5.367473413127266,-234.5,24.203033999585926,135.43426420967663
1406,2,1406,109060000000.0,35.18357938430539,-97.43582550780481,5.371706172321844,-234.5,24.152518098028924,135.42081911771618
1407,2,1407,109070000000.0,35.18357926267438,-97.43582494830216,5.375938931516423,-234.5,24.10200219647192,135.40737402575573
1408,2,1408,109080000000.0,35.18357914104337,-97.4358243887995,5.380171690711001,-234.5,24.051486294914916,135.39392893379528
1409,2,1409,109090000000.0,35.183579019412356,-97.43582382929685,5.384404449905579,-234.5,24.00097039335791,135.38048384183483
1410,2,1410,109100000000.0,35.183578897781345,-97.4358232697942,5.388637209100158,-234.5,23.950454491800905,135.36703874987438
1411,2,1411,109110000000.0,35.183578776150334,-97.43582271029155,5.392869968294736,-234.5,23.899938590243902,135.35359365791393
1412,2,1412,109120000000.0,35.18357865451932,-97.4358221507889,5.397102727489314,-234.5,23.849422688686897,135.34014856595348
1413,2,1413,109130000000.0,35.18357848508425,-97.43582151807412,5.4013997112771825,-234.5,23.79229667317774,135.32141921268035
1414,2,1414,109140000000.0,35.18357827681472,-97.43582082588422,5.405748869010719,-234.5,23.729800817774066,135.2983970992686
1415,2,1415,109150000000.0,35.183578068545195,-97.43582013369434,5.410098026744257,-234.5,23.667304963653446,135.27537498585687
1416,2,1416,109160000000.0,35.18357786027567,-97.43581944150444,5.414447184477795,-234.50021003058194,23.60480910824977,135.25235287244513
1417,2,1417,109170000000.0,35.18357765200614,-97.43581874931455,5.4187963422113326,-234.58009386670278,23.54231325412915,135.2293307590334
1418,2,1418,109180000000.0,35.18357744373662,-97.43581805712465,5.423145499944869,-234.6,23.479817398725473,135.20630864562165
1419,2,1419,109190000000.0,35.1835772354671,-97.43581736493476,5.427494657678407,-234.6,23.417321544604853,135.18328653299534
1420,2,1420,109200000000.0,35.18357702719757,-97.43581667274486,5.431843815411945,-234.6,23.35482568920118,135.1602644195836
1421,2,1421,109210000000.0,35.183576818928046,-97.43581598055498,5.4361929731454826,-234.6,23.29232983508056,135.13724230617186
1422,2,1422,109220000000.0,35.18357661065852,-97.43581528836508,5.440542130879019,-234.6,23.229833979676883,135.11422019276011
1423,2,1423,109230000000.0,35.183576402388994,-97.43581459617519,5.444891288612557,-234.6,23.167338125556263,135.09119807934837
1424,2,1424,109240000000.0,35.18357619411947,-97.43581390398529,5.449240446346095,-234.6,23.104842270152588,135.06817596593663
1425,2,1425,109250000000.0,35.18357598584994,-97.4358132117954,5.453589604079633,-234.6,23.042346416031968,135.0451538525249
1426,2,1426,109260000000.0,35.18357577758042,-97.4358125196055,5.457938761813169,-234.6,22.979850560628293,135.02213173989858
1427,2,1427,109270000000.0,35.1835755693109,-97.43581182741562,5.462287919546707,-234.6,22.917354706507673,134.99910962648684
1428,2,1428,109280000000.0,35.18357536104137,-97.43581113522572,5.466637077280245,-234.6,22.854858851103995,134.9760875130751
1429,2,1429,109290000000.0,35.183575158818655,-97.43581049465237,5.470593777511808,-234.6,22.79702330730055,134.95373381415703
1430,2,1430,109300000000.0,35.183574977214725,-97.43581003008417,5.473212252846178,-234.6,22.755078766921528,134.933659315722
1431,2,1431,109310000000.0,35.18357479561079,-97.43580956551597,5.475830728180548,-234.6,22.713134226542508,134.91358481650153
1432,2,1432,109320000000.0,35.18357461400685,-97.43580910094776,5.478449203514918,-234.6,22.671189686163487,134.89351031728106
1433,2,1433,109330000000.0,35.18357443240292,-97.43580863637956,5.481067678849287,-234.6,22.62924514578447,134.87343581884602
1434,2,1434,109340000000.0,35.18357425079898,-97.43580817181135,5.4836861541836575,-234.6,22.58730060412239,134.85336131962555
1435,2,1435,109350000000.0,35.183574069195046,-97.43580770724314,5.4863046295180276,-234.6,22.54535606374337,134.83328682040508
1436,2,1436,109360000000.0,35.183573887591116,-97.43580724267494,5.488923104852398,-234.6,22.50341152336435,134.81321232197004
1437,2,1437,109370000000.0,35.18357370598718,-97.43580677810674,5.491541580186768,-234.6,22.46146698298533,134.79313782274957
1438,2,1438,109380000000.0,35.18357352438325,-97.43580631353854,5.494160055521137,-234.6,22.419522442606308,134.77306332431453
1439,2,1439,109390000000.0,35.18357334277931,-97.43580584897033,5.496778530855507,-234.6,22.37757790222729,134.75298882509406
1440,2,1440,109400000000.0,35.183573161175374,-97.43580538440213,5.499397006189877,-234.6,22.335633361848267,134.7329143258736
1441,2,1441,109410000000.0,35.183572979571444,-97.43580491983391,5.502015481524247,-234.6,22.29368882018619,134.71283982743856
1442,2,1442,109420000000.0,35.18357279796751,-97.43580445526571,5.504633956858617,-234.6,22.25174427980717,134.6927653282181
1443,2,1443,109430000000.0,35.18357261636357,-97.43580399069751,5.5072524321929865,-234.6,22.20979973942815,134.67269082899762
1444,2,1444,109440000000.0,35.18357243475964,-97.4358035261293,5.509870907527357,-234.5037987176451,22.16785519904913,134.65261633056258
1445,2,1445,109450000000.0,35.1835722531557,-97.4358030615611,5.512489382861727,-234.5,22.125910658670108,134.6325418313421
1446,2,1446,109460000000.0,35.18357207155177,-97.4358025969929,5.515107858196097,-234.5,22.083966118291087,134.61246733290707
1447,2,1447,109470000000.0,35.183571889947835,-97.4358021324247,5.517726333530466,-234.26625065282622,22.04202157791207,134.5923928336866
1448,2,1448,109480000000.0,35.1835717083439,-97.43580166785648,5.520344808864836,-234.1,22.00007703624999,134.57231833446613
1449,2,1449,109490000000.0,35.18357152673997,-97.43580120328828,5.522963284199206,-233.94305798236087,21.95813249587097,134.5522438360311
1450,2,1450,109500000000.0,35.18357134513603,-97.43580073872008,5.525581759533576,-233.8049362093823,21.91618795549195,134.53216933681063
1451,2,1451,109510000000.0,35.1835711635321,-97.43580027415187,5.528200234867946,-233.60585537955342,21.87424341511293,134.5120948383756
1452,2,1452,109520000000.0,35.18357098192816,-97.43579980958367,5.530818710202316,-233.3748612964015,21.832298874733908,134.49202033915512
1453,2,1453,109530000000.0,35.183570755052735,-97.43579929271179,5.532260905075622,-233.2,21.78563198435292,134.46694152927037
1454,2,1454,109540000000.0,35.18357049096656,-97.4357987328491,5.532736260196929,-232.9418859967284,21.735083575248215,134.43774944346927
1455,2,1455,109550000000.0,35.18357022688038,-97.4357981729864,5.533211615318234,-232.61808725519265,21.684535166143508,134.40855735688274
1456,2,1456,109560000000.0,35.1835699627942,-97.4357976131237,5.53368697043954,-232.29871258534902,21.633986757038798,134.37936527108164
1457,2,1457,109570000000.0,35.18356969870802,-97.435797053261,5.534162325560846,-231.85636285644935,21.58343834793409,134.3501731844951
1458,2,1458,109580000000.0,35.183569434621845,-97.4357964933983,5.534637680682152,-231.6,21.532889938829385,134.320981098694
1459,2,1459,109590000000.0,35.18356917053566,-97.4357959335356,5.535113035803457,-231.35543329523696,21.48234152972468,134.29178901210747
1460,2,1460,109600000000.0,35.18356890644949,-97.4357953736729,5.535588390924763,-230.81535207385718,21.43179312061997,134.26259692630637
1461,2,1461,109610000000.0,35.183568642363305,-97.4357948138102,5.536063746046069,-228.53872575517474,21.381244711515265,134.23340483971984
1462,2,1462,109620000000.0,35.18356837827713,-97.4357942539475,5.536539101167374,-227.7,21.33069630241056,134.20421275391874
1463,2,1463,109630000000.0,35.18356811419095,-97.43579369408481,5.537014456288681,-227.7,21.280147893305852,134.1750206673322
1464,2,1464,109640000000.0,35.18356785010477,-97.43579313422211,5.537489811409986,-227.7,21.229599484201145,134.1458285815311
1465,2,1465,109650000000.0,35.18356758601859,-97.43579257435941,5.537965166531292,-227.7,21.17905107509644,134.11663649494457
1466,2,1466,109660000000.0,35.183567321932415,-97.43579201449671,5.538440521652598,-227.7,21.128502665991732,134.08744440914347
1467,2,1467,109670000000.0,35.18356705784623,-97.43579145463401,5.5389158767739035,-226.89390977108113,21.077954256887026,134.05825232255694
1468,2,1468,109680000000.0,35.18356679376006,-97.43579089477132,5.539391231895209,-226.3,21.02740584778232,134.02906023675584
1469,2,1469,109690000000.0,35.183566529673875,-97.43579033490862,5.539866587016515,-225.73035895509574,20.976857438677612,133.9998681501693
1470,2,1470,109700000000.0,35.1835662655877,-97.43578977504593,5.540341942137821,-224.90209617821074,20.926309030855965,133.9706760643682
1471,2,1471,109710000000.0,35.18356600150152,-97.43578921518323,5.540817297259126,-223.87366119987362,20.875760621751258,133.94148397778167
1472,2,1472,109720000000.0,35.18356571258993,-97.43578870424349,5.548906362203059,-223.10230155683092,20.829629327091382,133.90954769104198
1473,2,1473,109730000000.0,35.18356540817985,-97.43578822384633,5.56174866254101,-222.9,20.78625563502647,133.87589820086887
1474,2,1474,109740000000.0,35.183565103769766,-97.43578774344917,5.57459096287896,-222.18823016848677,20.74288194296156,133.84224870991034
1475,2,1475,109750000000.0,35.18356479935969,-97.435787263052,5.58743326321691,-221.190020157378,20.69950825089665,133.80859921973723
1476,2,1476,109760000000.0,35.1835644949496,-97.43578678265484,5.6002755635548604,-220.42716938786663,20.656134558831738,133.7749497287787
1477,2,1477,109770000000.0,35.18356419053952,-97.43578630225768,5.613117863892811,-218.4343020959946,20.612760866766827,133.7413002386056
1478,2,1478,109780000000.0,35.18356388612944,-97.43578582186052,5.6259601642307615,-217.0,20.569387174701916,133.70765074843248
1479,2,1479,109790000000.0,35.183563581719355,-97.43578534146336,5.638802464568712,-217.0,20.526013482637005,133.67400125747395
1480,2,1480,109800000000.0,35.183563277309275,-97.4357848610662,5.651644764906663,-216.5385651885926,20.482639790572097,133.64035176730084
1481,2,1481,109810000000.0,35.183562972899196,-97.43578438066905,5.664487065244613,-216.1,20.439266099790242,133.60670227712774
1482,2,1482,109820000000.0,35.18356266848911,-97.43578390027189,5.677329365582563,-214.62002976399262,20.39589240772533,133.5730527861692
1483,2,1483,109830000000.0,35.18356236407903,-97.43578341987472,5.690171665920514,-213.4,20.35251871566042,133.5394032959961
1484,2,1484,109840000000.0,35.18356205966895,-97.43578293947756,5.703013966258464,-212.5614159698811,20.30914502359551,133.505753805823
1485,2,1485,109850000000.0,35.183561755258864,-97.4357824590804,5.715856266596414,-211.17096625138672,20.265771331530598,133.47210431486445
1486,2,1486,109860000000.0,35.183561450848785,-97.43578197868324,5.728698566934364,-210.14185686323341,20.222397639465687,133.43845482469135
1487,2,1487,109870000000.0,35.1835611464387,-97.43578149828608,5.741540867272315,-208.81516539866328,20.179023947400776,133.4048053337328
1488,2,1488,109880000000.0,35.18356084202862,-97.43578101788891,5.754383167610265,-207.6,20.135650255335865,133.3711558435597
1489,2,1489,109890000000.0,35.18356053761854,-97.43578053749175,5.767225467948215,-205.95196560256232,20.092276563270953,133.3375063533866
1490,2,1490,109900000000.0,35.18356023320845,-97.43578005709459,5.780067768286166,-203.74904196971488,20.048902871206042,133.30385686242806
1491,2,1491,109910000000.0,35.183559928798374,-97.43577957669744,5.792910068624116,-202.07225384131922,20.00552918042419,133.27020737225496
1492,2,1492,109920000000.0,35.183559624388295,-97.43577909630028,5.805752368962066,-198.1870999382294,19.96215548835928,133.23655788208185
1493,2,1493,109930000000.0,35.183559287848674,-97.43577862302466,5.811972360264571,-194.8,19.919424780088583,133.1993567923699
1494,2,1494,109940000000.0,35.18355892910874,-97.43577815466975,5.813616584925449,-194.8,19.877138348479455,133.15970168028855
1495,2,1495,109950000000.0,35.18355857036882,-97.43577768631485,5.815260809586328,-194.8,19.834851918153383,133.12004656899262
1496,2,1496,109960000000.0,35.18355821162889,-97.43577721795994,5.816905034247207,-193.74902615501802,19.792565486544255,133.0803914576967
1497,2,1497,109970000000.0,35.18355785288897,-97.43577674960504,5.818549258908085,-192.16550946865033,19.750279056218186,133.04073634640076
1498,2,1498,109980000000.0,35.18355749414904,-97.43577628125014,5.820193483568964,-189.8749407410446,19.707992625892114,133.00108123510483
1499,2,1499,109990000000.0,35.18355713540912,-97.43577581289523,5.821837708229843,-186.8897207834696,19.665706194282986,132.9614261238089
1500,2,1500,110000000000.0,35.18355677666919,-97.43577534454033,5.823481932890721,-185.6,19.623419763956914,132.92177101251298
1501,2,1501,110010000000.0,35.18355641792926,-97.43577487618543,5.8251261575516,-184.48636774821458,19.581133333630845,132.88211590043161
1502,2,1502,110020000000.0,35.183556059189335,-97.43577440783052,5.826770382212478,-182.83724610387875,19.538846902021717,132.84246078913569
1503,2,1503,110030000000.0,35.18355570044941,-97.43577393947562,5.828414606873357,-180.5694962380697,19.49656047169565,132.80280567783976
1504,2,1504,110040000000.0,35.183555341709486,-97.43577347112073,5.830058831534236,-178.47820179050626,19.45427404136958,132.76315056654383
1505,2,1505,110050000000.0,35.18355498296956,-97.43577300276581,5.831703056195114,-176.32694689833247,19.411987609760452,132.7234954552479
1506,2,1506,110060000000.0,35.183554624229636,-97.43577253441092,5.833347280855993,-174.48737582415544,19.36970117943438,132.68384034395197
1507,2,1507,110070000000.0,35.183554265489704,-97.435772066056,5.834991505516872,-172.61162135088279,19.32741474782525,132.6441852318706
1508,2,1508,110080000000.0,35.18355390674978,-97.4357715977011,5.8366357301777505,-170.2003833945115,19.285128317499183,132.60453012057468
1509,2,1509,110090000000.0,35.183553548009854,-97.43577112934621,5.8382799548386295,-168.1645537341142,19.242841887173114,132.56487500927875
1510,2,1510,110100000000.0,35.18355318926993,-97.4357706609913,5.8399241794995085,-160.8426316118237,19.200555455563986,132.52521989798282
1511,2,1511,110110000000.0,35.183552830530004,-97.4357701926364,5.841568404160387,-158.9,19.158269025237914,132.4855647866869
1512,2,1512,110120000000.0,35.18355247179008,-97.4357697242815,5.843212628821266,-158.9,19.11598259491184,132.44590967539096
1513,2,1513,110130000000.0,35.18355207003313,-97.43576927003313,5.846847208882304,-158.9,19.074969803273586,132.40149946219475
1514,2,1514,110140000000.0,35.183551628747416,-97.43576882874741,5.85231074629741,-157.27101434538758,19.035127371883586,132.35271973939703
1515,2,1515,110150000000.0,35.1835511874617,-97.4357683874617,5.857774283712515,-155.00718168737083,18.995284941776642,132.3039400165993
1516,2,1516,110160000000.0,35.18355074617599,-97.43576794617599,5.86323782112762,-153.20208924000238,18.95544251038664,132.2551602938016
1517,2,1517,110170000000.0,35.183550304890275,-97.43576750489028,5.868701358542726,-151.34381308261143,18.915600080279695,132.20638057100388
1518,2,1518,110180000000.0,35.18354986360456,-97.43576706360456,5.874164895957831,-148.78500165214734,18.875757648889692,132.15760084820616
1519,2,1519,110190000000.0,35.18354942231884,-97.43576662231885,5.879628433372936,-146.60115158592666,18.83591521878275,132.108821124623
1520,2,1520,110200000000.0,35.18354898103313,-97.43576618103313,5.885091970788042,-144.16537700236918,18.796072787392745,132.0600414018253
1521,2,1521,110210000000.0,35.18354853974741,-97.43576573974741,5.890555508203147,-142.12258614947186,18.75623035600275,132.01126167902757
1522,2,1522,110220000000.0,35.1835480984617,-97.4357652984617,5.896019045618252,-140.16137250655325,18.716387925895802,131.96248195622985
1523,2,1523,110230000000.0,35.183547657175986,-97.43576485717598,5.901482583033358,-137.69185890647017,18.676545494505802,131.91370223343213
1524,2,1524,110240000000.0,35.18354721589027,-97.43576441589028,5.906946120448463,-135.0057674817815,18.636703064398855,131.86492251063441
1525,2,1525,110250000000.0,35.18354677460456,-97.43576397460455,5.912409657863568,-132.69923711830117,18.596860633008856,131.8161427878367
1526,2,1526,110260000000.0,35.183546333318844,-97.43576353331883,5.917873195278674,-126.78529306466744,18.557018201618853,131.76736306503898
1527,2,1527,110270000000.0,35.18354589203312,-97.43576309203313,5.923336732693779,-123.4,18.51717577151191,131.71858334145583
1528,2,1528,110280000000.0,35.18354545074741,-97.4357626507474,5.928800270108884,-123.4,18.47733334012191,131.6698036186581
1529,2,1529,110290000000.0,35.183545009461696,-97.4357622094617,5.93426380752399,-123.4,18.437490910014965,131.6210238958604
1530,2,1530,110300000000.0,35.18354456817598,-97.43576176817598,5.9397273449390955,-121.96569265380116,18.397648478624962,131.57224417306267
1531,2,1531,110310000000.0,35.18354412689027,-97.43576132689026,5.945190882354201,-119.58992121440109,18.35780604723496,131.52346445026495
1532,2,1532,110320000000.0,35.18354369816761,-97.43576089341862,5.9526065273394435,-117.9114302754362,18.31866912688586,131.4760734477187
1533,2,1533,110330000000.0,35.18354328274018,-97.43576046821642,5.962088047468166,-116.21110224393432,18.280278830592785,131.43015209967885
1534,2,1534,110340000000.0,35.18354286731276,-97.43576004301423,5.971569567596887,-113.62578755578836,18.241888535582767,131.38423075242443
1535,2,1535,110350000000.0,35.18354245188533,-97.43575961781204,5.98105108772561,-111.13694910417614,18.20349824057275,131.33830940438457
1536,2,1536,110360000000.0,35.1835420364579,-97.43575919260985,5.990532607854332,-109.34697621435717,18.16510794556273,131.29238805634472
1537,2,1537,110370000000.0,35.18354162103047,-97.43575876740766,6.000014127983055,-107.52350633978011,18.12671765055271,131.24646670830487
1538,2,1538,110380000000.0,35.18354120560304,-97.43575834220546,6.009495648111777,-105.06756290950904,18.088327354259636,131.200545360265
1539,2,1539,110390000000.0,35.18354079017561,-97.43575791700327,6.018977168240499,-103.23773853183674,18.04993705924962,131.15462401222516
1540,2,1540,110400000000.0,35.18354037474818,-97.43575749180108,6.028458688369222,-101.39002400297485,18.0115467642396,131.1087026641853
1541,2,1541,110410000000.0,35.18353995932076,-97.4357570665989,6.037940208497944,-99.27303339940222,17.973156469229583,131.06278131693088
1542,2,1542,110420000000.0,35.18353954389333,-97.43575664139671,6.0474217286266665,-97.5243725870071,17.93476617421956,131.01685996889103
1543,2,1543,110430000000.0,35.1835391284659,-97.4357562161945,6.056903248755388,-95.13711763030476,17.896375877926488,130.97093862085117
1544,2,1544,110440000000.0,35.18353871303847,-97.43575579099232,6.06638476888411,-92.74452660191741,17.85798558291647,130.92501727281132
1545,2,1545,110450000000.0,35.183538297611044,-97.43575536579013,6.075866289012833,-90.7137681308512,17.81959528790645,130.87909592477146
1546,2,1546,110460000000.0,35.183537882183614,-97.43575494058794,6.085347809141555,-88.77793508626526,17.781204992896434,130.8331745767316
1547,2,1547,110470000000.0,35.183537466756185,-97.43575451538575,6.0948293292702775,-87.07116672410407,17.742814697886413,130.78725322869175
1548,2,1548,110480000000.0,35.18353705132876,-97.43575409018355,6.104310849399,-84.78645510623082,17.70442440159334,130.74133188143733
1549,2,1549,110490000000.0,35.18353663590133,-97.43575366498136,6.113792369527722,-82.42211466349468,17.66603410658332,130.69541053339748
1550,2,1550,110500000000.0,35.183536220473904,-97.43575323977917,6.123273889656445,-80.29765210666972,17.6276438115733,130.64948918535762
1551,2,1551,110510000000.0,35.183535805046475,-97.43575281457699,6.132755409785167,-78.58665329965444,17.589253516563282,130.60356783731777
1552,2,1552,110520000000.0,35.183535389357885,-97.43575238848148,6.142296727141177,-77.11096645081544,17.55078256598555,130.55761762065345
1553,2,1553,110530000000.0,35.183534963479175,-97.4357519275304,6.1541712275604015,-75.13006770236528,17.50916460611013,130.51054098804173
1554,2,1554,110540000000.0,35.18353453760047,-97.43575146657933,6.166045727979626,-72.97003867002643,17.467546646234712,130.46346435621544
1555,2,1555,110550000000.0,35.18353411172176,-97.43575100562826,6.177920228398851,-70.91427760658335,17.425928686359295,130.41638772360372
1556,2,1556,110560000000.0,35.18353368584306,-97.43575054467719,6.189794728818076,-69.20075254256689,17.38431072648388,130.36931109177743
1557,2,1557,110570000000.0,35.18353325996435,-97.43575008372612,6.201669229237301,-67.75713042127073,17.34269276660846,130.3222344591657
1558,2,1558,110580000000.0,35.18353283408564,-97.43574962277505,6.213543729656526,-64.64024285542033,17.30107480673304,130.275157826554
1559,2,1559,110590000000.0,35.183532408206936,-97.43574916182398,6.225418230075751,-59.8,17.259456846857624,130.2280811947277
1560,2,1560,110600000000.0,35.183531982328226,-97.4357487008729,6.237292730494976,-59.8,17.217838886982207,130.181004562116
1561,2,1561,110610000000.0,35.18353155644952,-97.43574823992184,6.249167230914201,-59.8,17.17622092710679,130.1339279302897
1562,2,1562,110620000000.0,35.18353113057081,-97.43574777897076,6.2610417313334255,-59.437933101522496,17.13460296723137,130.08685129767798
1563,2,1563,110630000000.0,35.18353070469211,-97.4357473180197,6.27291623175265,-57.77896273854892,17.092985007355953,130.0397746658517
1564,2,1564,110640000000.0,35.1835302788134,-97.43574685706862,6.284790732171875,-56.14342112681749,17.051367047480536,129.99269803323998
1565,2,1565,110650000000.0,35.18352985293469,-97.43574639611755,6.2966652325911,-54.78283359326334,17.00974908760512,129.94562140062826
1566,2,1566,110660000000.0,35.18352942705599,-97.43574593516648,6.308539733010325,-53.46126808165472,16.968131127729702,129.89854476880197
1567,2,1567,110670000000.0,35.18352900117728,-97.43574547421541,6.32041423342955,-52.36213027611112,16.92651316785428,129.85146813619025
1568,2,1568,110680000000.0,35.183528575298574,-97.43574501326434,6.332288733848776,-51.045092996398246,16.884895207978868,129.80439150436396
1569,2,1569,110690000000.0,35.183528149419864,-97.43574455231327,6.3441632342680006,-49.669450866333555,16.843277248103448,129.75731487175224
1570,2,1570,110700000000.0,35.18352772354116,-97.4357440913622,6.356037734687225,-48.39482664660206,16.80165928822803,129.71023823992596
1571,2,1571,110710000000.0,35.18352729766245,-97.43574363041112,6.36791223510645,-47.37745216043977,16.76004132835261,129.66316160731424
1572,2,1572,110720000000.0,35.183526870222195,-97.43574316825882,6.3800045918599855,-46.5112533741589,16.71831491290016,129.61591236145637
1573,2,1573,110730000000.0,35.18352642077439,-97.4357426891771,6.395167281319457,-45.338422190543916,16.675059988346327,129.56623040126644
1574,2,1574,110740000000.0,35.183525971326596,-97.43574221009538,6.410329970778928,-44.099051892482535,16.63180506379249,129.51654844186194
1575,2,1575,110750000000.0,35.1835255218788,-97.43574173101366,6.4254926602384,-42.052813347692,16.588550139238652,129.46686648245745
1576,2,1576,110760000000.0,35.183525072430996,-97.43574125193194,6.440655349697872,-40.6,16.545295214684817,129.41718452226752
1577,2,1577,110770000000.0,35.1835246229832,-97.43574077285024,6.455818039157344,-40.6,16.502040291414037,129.36750256286302
1578,2,1578,110780000000.0,35.1835241735354,-97.43574029376852,6.470980728616816,-40.282851476646755,16.458785366860205,129.31782060345853
1579,2,1579,110790000000.0,35.18352372408761,-97.4357398146868,6.486143418076288,-39.25612086806066,16.41553044230637,129.26813864405403
1580,2,1580,110800000000.0,35.1835232746398,-97.43573933560508,6.501306107535759,-38.35070667701662,16.37227551775253,129.2184566838641
1581,2,1581,110810000000.0,35.18352282519201,-97.43573885652336,6.51646879699523,-37.416047847567384,16.329020593198695,129.1687747244596
1582,2,1582,110820000000.0,35.18352237574421,-97.43573837744164,6.531631486454702,-36.67126513118714,16.285765668644864,129.11909276505511
1583,2,1583,110830000000.0,35.183521926296415,-97.43573789835992,6.546794175914174,-35.77109802066414,16.242510744091025,129.06941080565062
1584,2,1584,110840000000.0,35.18352147684861,-97.4357374192782,6.561956865373646,-34.770566958181824,16.19925581953719,129.0197288454607
1585,2,1585,110850000000.0,35.183521027400815,-97.43573694019648,6.577119554833118,-33.97630435846964,16.156000894983354,128.9700468860562
1586,2,1586,110860000000.0,35.18352057795302,-97.43573646111476,6.59228224429259,-33.266273479085115,16.11274597042952,128.9203649266517
1587,2,1587,110870000000.0,35.183520128505215,-97.43573598203304,6.6074449337520615,-32.627261517091576,16.069491045875683,128.87068296646177
1588,2,1588,110880000000.0,35.18351967905742,-97.43573550295132,6.6226076232115325,-31.863921641801763,16.026236121321844,128.82100100705728
1589,2,1589,110890000000.0,35.18351922960962,-97.4357350238696,6.637770312671004,-31.069920621428707,15.982981196768009,128.77131904765278
1590,2,1590,110900000000.0,35.183518780161826,-97.43573454478788,6.652933002130476,-30.513878333082182,15.939726272214175,128.7216370882483
1591,2,1591,110910000000.0,35.18351833071402,-97.43573406570616,6.668095691589948,-29.57249321951401,15.89647134766034,128.67195512805836
1592,2,1592,110920000000.0,35.183517881266226,-97.43573358662444,6.68325838104942,-28.04043967179123,15.853216423106502,128.62227316865386
1593,2,1593,110930000000.0,35.18351739371454,-97.43573308525026,6.696368743456819,-27.9,15.807948776338426,128.56837920507218
1594,2,1594,110940000000.0,35.18351689775244,-97.43573257895561,6.709026109583849,-27.775221083901062,15.7622368734377,128.51355555475294
1595,2,1595,110950000000.0,35.183516401790335,-97.43573207266097,6.721683475710878,-27.084997123548497,15.716524971820036,128.45873190364827
1596,2,1596,110960000000.0,35.18351590582824,-97.43573156636633,6.734340841837908,-26.42474159215562,15.670813070202366,128.40390825332904
1597,2,1597,110970000000.0,35.18351540986613,-97.43573106007167,6.746998207964937,-25.98151294031904,15.625101167301642,128.34908460222437
1598,2,1598,110980000000.0,35.183514913904034,-97.43573055377703,6.759655574091967,-25.334853066387172,15.579389265683975,128.29426095190513
1599,2,1599,110990000000.0,35.18351441794193,-97.4357300474824,6.772312940218996,-24.616943895544168,15.533677364066305,128.23943730080046
1600,2,1600,111000000000.0,35.18351392197983,-97.43572954118774,6.784970306346025,-24.01529124940266,15.487965461165581,128.18461365048123
1601,2,1601,111010000000.0,35.18351342601773,-97.4357290348931,6.797627672473055,-23.428073464124093,15.442253559547915,128.129790000162
1602,2,1602,111020000000.0,35.18351293005563,-97.43572852859846,6.810285038600084,-23.048824711909376,15.396541657930248,128.07496634905732
1603,2,1603,111030000000.0,35.18351243409353,-97.4357280223038,6.822942404727114,-22.412293572803925,15.350829755029523,128.02014269873808
1604,2,1604,111040000000.0,35.183511938131424,-97.43572751600917,6.835599770854143,-21.71845057127541,15.305117853411854,127.96531904763341
1605,2,1605,111050000000.0,35.183511442169326,-97.43572700971451,6.848257136981172,-21.22748287485027,15.259405950511129,127.91049539731418
1606,2,1606,111060000000.0,35.18351094620722,-97.43572650341987,6.860914503108202,-20.717931873083177,15.213694048893462,127.85567174620951
1607,2,1607,111070000000.0,35.18351045024512,-97.43572599712523,6.8735718692352314,-20.236708757915817,15.167982147275794,127.80084809589027
1608,2,1608,111080000000.0,35.18350995428302,-97.43572549083058,6.886229235362261,-18.290218040093276,15.122270244375068,127.7460244447856
1609,2,1609,111090000000.0,35.18350945832092,-97.43572498453594,6.8988866014892904,-18.2,15.076558342757401,127.69120079446637
1610,2,1610,111100000000.0,35.18350896235882,-97.4357244782413,6.9115439676163195,-18.2,15.030846441139735,127.63637714414713
1611,2,1611,111110000000.0,35.18350846639672,-97.43572397194664,6.9242013337433495,-18.148808588203696,14.985134538239008,127.58155349304246
1612,2,1612,111120000000.0,35.18350797953932,-97.43572346793613,6.932206732140933,-17.834507890754736,14.93962886375466,127.52773627656737
1613,2,1613,111130000000.0,35.18350750324738,-97.43572296657618,6.93481380382287,-17.31321259735394,14.894362501327253,127.47508696501669
1614,2,1614,111140000000.0,35.18350702695543,-97.43572246521624,6.937420875504807,-16.836205675298444,14.849096140182905,127.422437653466
1615,2,1615,111150000000.0,35.183506550663495,-97.43572196385631,6.940027947186744,-16.450175497450797,14.803829779038557,127.36978834270076
1616,2,1616,111160000000.0,35.18350607437155,-97.43572146249637,6.942635018868681,-16.14730787764033,14.758563417894212,127.31713903115008
1617,2,1617,111170000000.0,35.18350559807961,-97.43572096113643,6.945242090550619,-15.851594552783128,14.713297055466805,127.26448972038483
1618,2,1618,111180000000.0,35.18350512178767,-97.43572045977649,6.947849162232556,-15.49106999979851,14.668030694322457,127.21184040883415
1619,2,1619,111190000000.0,35.183504645495724,-97.43571995841656,6.950456233914493,-15.178153178378182,14.62276433317811,127.15919109728347
1620,2,1620,111200000000.0,35.183504169203786,-97.4357194570566,6.95306330559643,-14.961317753864751,14.577497970750706,127.10654178651822
1621,2,1621,111210000000.0,35.18350369291184,-97.43571895569667,6.955670377278367,-14.701694560582553,14.532231609606358,127.05389247496754
1622,2,1622,111220000000.0,35.183503216619904,-97.43571845433674,6.958277448960304,-14.415572126398773,14.48696524846201,127.0012431642023
1623,2,1623,111230000000.0,35.18350274032796,-97.43571795297679,6.960884520642242,-14.203636390820746,14.441698886034603,126.94859385265161
1624,2,1624,111240000000.0,35.183502264036015,-97.43571745161685,6.963491592324179,-13.942898226094544,14.396432524890258,126.89594454110093
1625,2,1625,111250000000.0,35.18350178774408,-97.43571695025692,6.966098664006116,-13.7,14.35116616374591,126.84329523033568
1626,2,1626,111260000000.0,35.18350131145213,-97.43571644889698,6.9687057356880535,-13.658634749888876,14.305899802601562,126.790645918785
1627,2,1627,111270000000.0,35.183500835160196,-97.43571594753703,6.971312807369991,-13.43010275940952,14.260633440174155,126.73799660801976
1628,2,1628,111280000000.0,35.18350035886825,-97.4357154461771,6.973919879051928,-13.14300789075417,14.215367079029809,126.68534729646908
1629,2,1629,111290000000.0,35.18349988257631,-97.43571494481716,6.976526950733866,-13.09258350768869,14.170100717885461,126.6326979849184
1630,2,1630,111300000000.0,35.18349940628437,-97.43571444345721,6.979134022415803,-12.976525854596954,14.124834355458056,126.58004867415315
1631,2,1631,111310000000.0,35.183498929992425,-97.43571394209728,6.98174109409774,-12.775694875117681,14.079567994313708,126.52739936260247
1632,2,1632,111320000000.0,35.183498448053854,-97.4357134378742,6.987377246169176,-12.624930450486362,14.034043127853572,126.47412587298305
1633,2,1633,111330000000.0,35.18349796084251,-97.43571293097756,6.995841928113009,-12.515234532536011,13.988276873349271,126.42026953090166
1634,2,1634,111340000000.0,35.183497473631164,-97.4357124240809,7.004306610056842,-12.39035881324765,13.942510617561911,126.36641318882027
1635,2,1635,111350000000.0,35.18349698641982,-97.43571191718425,7.012771292000675,-12.273317341463596,13.896744361774553,126.31255684673889
1636,2,1636,111360000000.0,35.18349649920848,-97.4357114102876,7.021235973944508,-12.091131121771625,13.850978105987194,126.25870050544293
1637,2,1637,111370000000.0,35.183496011997136,-97.43571090339096,7.029700655888341,-12.034339660981104,13.80521185148289,126.20484416336154
1638,2,1638,111380000000.0,35.18349552478579,-97.4357103964943,7.038165337832174,-12.0,13.759445595695531,126.15098782128015
1639,2,1639,111390000000.0,35.183495037574446,-97.43570988959765,7.046630019776007,-11.894773849168825,13.713679339908172,126.09713147919877
1640,2,1640,111400000000.0,35.1834945503631,-97.43570938270099,7.05509470171984,-11.759847639975316,13.667913084120814,126.04327513711738
1641,2,1641,111410000000.0,35.183494063151755,-97.43570887580434,7.063559383663673,-11.7,13.622146828333454,125.98941879503599
1642,2,1642,111420000000.0,35.18349357594041,-97.4357083689077,7.072024065607506,-11.549470121884262,13.576380573829153,125.9355624529546
1643,2,1643,111430000000.0,35.183493088729065,-97.43570786201104,7.080488747551339,-11.4,13.530614318041795,125.88170611087321
1644,2,1644,111440000000.0,35.18349260151772,-97.43570735511439,7.088953429495171,-11.4,13.484848062254434,125.82784976879182
1645,2,1645,111450000000.0,35.183492114306375,-97.43570684821773,7.097418111439004,-11.4,13.439081806467076,125.77399342671043
1646,2,1646,111460000000.0,35.18349162709503,-97.4357063413211,7.105882793382837,-11.4,13.393315551962775,125.72013708462904
1647,2,1647,111470000000.0,35.183491139883685,-97.43570583442444,7.11434747532667,-11.342010123863108,13.347549296175416,125.66628074254766
1648,2,1648,111480000000.0,35.18349065267234,-97.43570532752778,7.122812157270503,-11.3,13.301783040388058,125.61242440046627
1649,2,1649,111490000000.0,35.183490165460995,-97.43570482063113,7.131276839214336,-11.224055187654079,13.256016784600698,125.55856805838488
1650,2,1650,111500000000.0,35.18348967824966,-97.43570431373448,7.139741521158169,-11.121459042643483,13.210250528813338,125.50471171708892
1651,2,1651,111510000000.0,35.18348919103831,-97.43570380683784,7.148206203102002,-11.1,13.164484274309038,125.45085537500754
1652,2,1652,111520000000.0,35.18348870099408,-97.4357032930736,7.157970177459147,-11.055148975486635,13.118097964250081,125.39668588591226
1653,2,1653,111530000000.0,35.1834881994314,-97.4357027513859,7.173017057896008,-11.002688384931472,13.069190524246604,125.34124314713623
1654,2,1654,111540000000.0,35.18348769786872,-97.43570220969822,7.188063938332869,-11.0,13.020283085526188,125.28580040836019
1655,2,1655,111550000000.0,35.18348719630604,-97.43570166801052,7.20311081876973,-11.0,12.971375645522711,125.23035766958415
1656,2,1656,111560000000.0,35.18348669474336,-97.43570112632283,7.218157699206591,-10.9308278263527,12.922468205519236,125.17491493080811
1657,2,1657,111570000000.0,35.18348619318068,-97.43570058463513,7.233204579643452,-10.842932208674094,12.87356076551576,125.11947219203208
1658,2,1658,111580000000.0,35.183485691617996,-97.43570004294743,7.248251460080313,-10.726879600657854,12.824653325512282,125.06402945325604
1659,2,1659,111590000000.0,35.183485190055315,-97.43569950125973,7.263298340517174,-10.7,12.775745885508806,125.00858671448
1660,2,1660,111600000000.0,35.18348468849263,-97.43569895957204,7.278345220954035,-10.7,12.726838445505331,124.95314397570397
1661,2,1661,111610000000.0,35.18348418692995,-97.43569841788434,7.293392101390896,-10.635102373572593,12.677931005501856,124.89770123692793
1662,2,1662,111620000000.0,35.18348368536727,-97.43569787619666,7.3084389818277575,-10.544044461108415,12.629023566781438,124.84225849815189
1663,2,1663,111630000000.0,35.18348318380459,-97.43569733450896,7.323485862264619,-10.5,12.58011612677796,124.78681575937586
1664,2,1664,111640000000.0,35.18348268224191,-97.43569679282126,7.33853274270148,-10.422498455736147,12.531208686774486,124.73137302059982
1665,2,1665,111650000000.0,35.18348218067923,-97.43569625113356,7.353579623138341,-10.31894948414388,12.48230124677101,124.67593028182378
1666,2,1666,111660000000.0,35.18348167911655,-97.43569570944587,7.368626503575202,-10.3,12.433393806767535,124.62048754304774
1667,2,1667,111670000000.0,35.183481177553865,-97.43569516775817,7.383673384012063,-10.248465291394291,12.384486366764056,124.56504480427171
1668,2,1668,111680000000.0,35.183480675991184,-97.43569462607047,7.398720264448924,-10.2,12.335578926760581,124.50960206549567
1669,2,1669,111690000000.0,35.1834801744285,-97.43569408438277,7.413767144885785,-10.140305163632869,12.286671486757106,124.45415932671963
1670,2,1670,111700000000.0,35.18347967286582,-97.43569354269509,7.428814025322646,-9.973190570859657,12.237764048036688,124.3987165879436
1671,2,1671,111710000000.0,35.18347917130315,-97.4356930010074,7.443860905759507,-9.787986419111615,12.188856608033213,124.343273849953
1672,2,1672,111720000000.0,35.183478641424514,-97.4356924338733,7.457129442270337,-9.655724855619637,12.137651685291756,124.28470106581528
1673,2,1673,111730000000.0,35.18347803083164,-97.43569179420457,7.465328832315967,-9.550447079623169,12.079897817086827,124.21720612912623
1674,2,1674,111740000000.0,35.183477420238766,-97.43569115453585,7.473528222361597,-9.32265515840563,12.022143948881899,124.1497111932226
1675,2,1675,111750000000.0,35.18347680964589,-97.43569051486712,7.4817276124072265,-9.2,11.96439008067697,124.08221625653354
1676,2,1676,111760000000.0,35.18347619905301,-97.43568987519839,7.489927002452856,-9.2,11.906636212472044,124.01472131984448
1677,2,1677,111770000000.0,35.183475588460134,-97.43568923552967,7.498126392498486,-9.151710697674686,11.848882344267118,123.94722638315542
1678,2,1678,111780000000.0,35.18347497786726,-97.43568859586094,7.506325782544116,-9.043817772883378,11.791128476062188,123.8797314472518
1679,2,1679,111790000000.0,35.183474367274385,-97.43568795619221,7.514525172589746,-8.936076256936506,11.733374607857261,123.81223651056274
1680,2,1680,111800000000.0,35.18347375668151,-97.43568731652348,7.522724562635376,-8.837381547403739,11.675620739652333,123.74474157387368
1681,2,1681,111810000000.0,35.18347314608863,-97.43568667685476,7.530923952681006,-8.743762242498539,11.617866871447406,123.67724663718462
1682,2,1682,111820000000.0,35.18347253549576,-97.43568603718603,7.539123342726636,-8.7,11.560113003242476,123.609751701281
1683,2,1683,111830000000.0,35.18347192490288,-97.4356853975173,7.547322732772266,-8.649202572652838,11.50235913503755,123.54225676459194
1684,2,1684,111840000000.0,35.183471314310005,-97.43568475784858,7.555522122817896,-8.6,11.444605266832621,123.47476182790288
1685,2,1685,111850000000.0,35.18347070371713,-97.43568411817984,7.563721512863526,-8.6,11.386851397344635,123.40726689121382
1686,2,1686,111860000000.0,35.18347009312426,-97.43568347851111,7.571920902909156,-8.42891237899073,11.329097529139709,123.3397719553102
1687,2,1687,111870000000.0,35.18346948253138,-97.43568283884238,7.580120292954786,-8.206726923565775,11.27134366093478,123.27227701862114
1688,2,1688,111880000000.0,35.1834688719385,-97.43568219917366,7.588319683000416,-8.20990043356223,11.213589792729852,123.20478208193208
1689,2,1689,111890000000.0,35.18346826742779,-97.43568156561821,7.596747954506268,-8.361840291608477,11.15638787538144,123.13795946805598
1690,2,1690,111900000000.0,35.18346775291008,-97.43568102251619,7.608562805575878,-8.354679612576538,11.107352740352013,123.08108468056517
1691,2,1691,111910000000.0,35.183467238392375,-97.43568047941417,7.620377656645488,-8.221356040813392,11.058317605322587,123.02420989307436
1692,2,1692,111920000000.0,35.183466723874666,-97.43567993631214,7.632192507715097,-8.0,11.0092824690101,122.96733510558354
1693,2,1693,111930000000.0,35.18346620935696,-97.43567939321012,7.644007358784708,-8.0,10.960247333980673,122.91046031809273
1694,2,1694,111940000000.0,35.18346569483925,-97.43567885010809,7.655822209854318,-8.0,10.911212197668188,122.85358553060192
1695,2,1695,111950000000.0,35.18346518032154,-97.43567830700607,7.667637060923927,-8.035993722323214,10.86217706263876,122.7967107431111
1696,2,1696,111960000000.0,35.18346466580383,-97.43567776390405,7.679451911993537,-8.063939559107073,10.813141927609333,122.7398359556203
1697,2,1697,111970000000.0,35.183464151286124,-97.43567722080202,7.6912667630631475,-8.0,10.764106791296848,122.68296116812948
1698,2,1698,111980000000.0,35.183463636768415,-97.4356766777,7.703081614132757,-8.0,10.71507165626742,122.62608638063867
1699,2,1699,111990000000.0,35.183463122250714,-97.43567613459798,7.714896465202367,-8.0,10.666036521237993,122.56921159393329
1700,2,1700,112000000000.0,35.183462648624854,-97.43567564862487,7.722148114887461,-7.940348602914689,10.622159392008,122.51685699133475
1701,2,1701,112010000000.0,35.18346220609469,-97.43567520609469,7.725929736323146,-7.793364269602988,10.582204601979702,122.46793970685133
1702,2,1702,112020000000.0,35.18346176356452,-97.43567476356452,7.7297113577588314,-7.7,10.542249813234465,122.4190224223679
1703,2,1703,112030000000.0,35.18346132103435,-97.43567432103436,7.733492979194517,-7.711828467083134,10.502295024489225,122.37010513709905
1704,2,1704,112040000000.0,35.183460878504185,-97.43567387850419,7.737274600630202,-7.8,10.462340235743987,122.32118785261562
1705,2,1705,112050000000.0,35.18346043597401,-97.43567343597402,7.741056222065887,-7.8,10.42238544699875,122.27227056734677
1706,2,1706,112060000000.0,35.18345999344385,-97.43567299344386,7.744837843501572,-7.764690118559245,10.382430658253512,122.22335328286334
1707,2,1707,112070000000.0,35.18345955091368,-97.43567255091368,7.748619464937256,-7.7,10.342475868225215,122.17443599837992
1708,2,1708,112080000000.0,35.18345910838351,-97.43567210838351,7.752401086372942,-7.7,10.302521079479975,122.12551871311106
1709,2,1709,112090000000.0,35.183458665853344,-97.43567166585335,7.756182707808627,-7.7,10.262566290734737,122.07660142862764
1710,2,1710,112100000000.0,35.18345822332318,-97.43567122332318,7.759964329244312,-7.7,10.222611501989498,122.02768414414422
1711,2,1711,112110000000.0,35.183457780793006,-97.43567078079302,7.763745950679997,-7.7,10.18265671324426,121.97876685887536
1712,2,1712,112120000000.0,35.183457323367705,-97.43567032267104,7.767968353599827,-7.71626976690895,10.141294184478589,121.92820306608155
1713,2,1713,112130000000.0,35.18345677406963,-97.43566976837936,7.774909483772519,-7.781484955970449,10.091248766034916,121.86748365721186
1714,2,1714,112140000000.0,35.18345622477156,-97.43566921408767,7.7818506139452115,-7.7,10.041203347591242,121.80676424834218
1715,2,1715,112150000000.0,35.18345567547349,-97.43566865979598,7.788791744117903,-7.7,9.991157929147569,121.74604483947249
1716,2,1716,112160000000.0,35.18345512617542,-97.43566810550429,7.795732874290595,-7.7,9.941112510703896,121.6853254306028
1717,2,1717,112170000000.0,35.183454576877345,-97.4356675512126,7.802674004463286,-7.7,9.891067092260222,121.62460602173311
1718,2,1718,112180000000.0,35.18345402757927,-97.4356669969209,7.809615134635979,-7.721084656652399,9.841021672533492,121.56388661286343
1719,2,1719,112190000000.0,35.1834534782812,-97.43566644262921,7.81655626480867,-7.8,9.790976254089818,121.50316720399374
1720,2,1720,112200000000.0,35.18345292898313,-97.43566588833752,7.823497394981362,-7.8,9.740930835646145,121.44244779512405
1721,2,1721,112210000000.0,35.183452379685065,-97.43566533404584,7.8304385251540545,-7.8,9.690885417202471,121.3817283870398
1722,2,1722,112220000000.0,35.18345183038699,-97.43566477975415,7.837379655326746,-7.8,9.6408399987588,121.32100897817011
1723,2,1723,112230000000.0,35.18345128108892,-97.43566422546246,7.844320785499438,-7.8,9.590794580315126,121.26028956930043
1724,2,1724,112240000000.0,35.18345073179085,-97.43566367117076,7.851261915672129,-7.8,9.540749160588396,121.19957016043074
1725,2,1725,112250000000.0,35.18345018249278,-97.43566311687907,7.858203045844822,-7.8,9.490703742144722,121.13885075156105
1726,2,1726,112260000000.0,35.183449633194705,-97.43566256258738,7.865144176017513,-7.838007669724671,9.440658323701049,121.07813134269136
1727,2,1727,112270000000.0,35.18344908389663,-97.4356620082957,7.872085306190205,-7.918937013311632,9.390612905257376,121.01741193382168
1728,2,1728,112280000000.0,35.18344853459856,-97.435661454004,7.879026436362897,-8.0,9.340567486813702,120.95669252495199
1729,2,1729,112290000000.0,35.18344798530049,-97.43566089971232,7.885967566535589,-8.0,9.290522068370029,120.8959731160823
1730,2,1730,112300000000.0,35.18344743600242,-97.43566034542062,7.892908696708281,-8.0,9.240476648643298,120.83525370721262
1731,2,1731,112310000000.0,35.183446886704346,-97.43565979112893,7.899849826880972,-8.0,9.190431230199625,120.77453429834293
1732,2,1732,112320000000.0,35.183446335242145,-97.43565923524214,7.906456774145322,-8.0,9.140241794954097,120.71357566671637
1733,2,1733,112330000000.0,35.18344576695252,-97.43565866695252,7.910465245638829,-8.0,9.088932542948893,120.65075693116114
1734,2,1734,112340000000.0,35.18344519866289,-97.43565809866288,7.914473717132335,-8.029166727814097,9.03762328966063,120.58793819560591
1735,2,1735,112350000000.0,35.18344463037326,-97.43565753037325,7.918482188625841,-8.1,8.98631403637237,120.52511946005069
1736,2,1736,112360000000.0,35.18344406208363,-97.43565696208363,7.922490660119347,-8.1,8.935004784367166,120.46230072449546
1737,2,1737,112370000000.0,35.183443493794,-97.43565639379399,7.926499131612854,-8.1,8.883695531078903,120.39948198894024
1738,2,1738,112380000000.0,35.18344292550437,-97.43565582550437,7.93050760310636,-8.1,8.832386279073699,120.33666325338501
1739,2,1739,112390000000.0,35.18344235721474,-97.43565525721473,7.934516074599867,-8.1,8.781077025785438,120.27384451704435
1740,2,1740,112400000000.0,35.18344178892511,-97.43565468892511,7.938524546093373,-8.123437117363343,8.729767773780233,120.21102578148913
1741,2,1741,112410000000.0,35.18344122063548,-97.43565412063548,7.94253301758688,-8.184827806789993,8.678458520491972,120.1482070459339
1742,2,1742,112420000000.0,35.18344065234585,-97.43565355234585,7.946541489080386,-8.2,8.627149268486768,120.08538831037868
1743,2,1743,112430000000.0,35.18344008405622,-97.43565298405622,7.950549960573892,-8.2021408552784,8.575840015198507,120.02256957482345
1744,2,1744,112440000000.0,35.183439515766594,-97.43565241576658,7.954558432067398,-8.3,8.524530761910246,119.95975083926822
1745,2,1745,112450000000.0,35.183438947476965,-97.43565184747696,7.958566903560905,-8.3063269816867,8.473221509905041,119.896932103713
1746,2,1746,112460000000.0,35.183438379187336,-97.43565127918733,7.962575375054412,-8.410343141316186,8.421912256616778,119.83411336815777
1747,2,1747,112470000000.0,35.1834378108977,-97.4356507108977,7.966583846547918,-8.471577589832926,8.370603004611574,119.77129463181711
1748,2,1748,112480000000.0,35.18343724260807,-97.43565014260807,7.970592318041424,-8.5,8.319293751323315,119.70847589626189
1749,2,1749,112490000000.0,35.18343667431844,-97.43564957431845,7.9746007895349305,-8.5,8.26798449931811,119.64565716070666
1750,2,1750,112500000000.0,35.183436106028815,-97.43564900602881,7.978609261028437,-8.61630985523671,8.216675246029848,119.58283842515144
1751,2,1751,112510000000.0,35.183435537739186,-97.43564843773918,7.982617732521943,-8.708133696293865,8.165365992741586,119.52001968959621
1752,2,1752,112520000000.0,35.18343497578767,-97.43564787578767,7.985260246457158,-8.83932425057396,8.114628990847407,119.4579015689699
1753,2,1753,112530000000.0,35.18343442312101,-97.435647323121,7.985901734545301,-8.96822361899298,8.064730291324924,119.39680979607985
1754,2,1754,112540000000.0,35.183433870454344,-97.43564677045434,7.986543222633445,-9.001660709229444,8.014831591802443,119.3357180231898
1755,2,1755,112550000000.0,35.18343331778768,-97.43564621778768,7.987184710721588,-9.207308096831472,7.964932892279959,119.27462625029975
1756,2,1756,112560000000.0,35.183432765121026,-97.43564566512103,7.987826198809732,-9.436876219199558,7.915034194040535,119.21353447819513
1757,2,1757,112570000000.0,35.18343221245436,-97.43564511245437,7.9884676868978755,-9.657879160012023,7.865135494518053,119.15244270530508
1758,2,1758,112580000000.0,35.1834316597877,-97.4356445597877,7.9891091749860195,-9.87113027075295,7.8152367949955694,119.09135093241503
1759,2,1759,112590000000.0,35.183431107121045,-97.43564400712104,7.989750663074163,-9.917746810271836,7.765338095473088,119.03025916031041
1760,2,1760,112600000000.0,35.18343055445438,-97.43564345445438,7.990392151162306,-10.145826008564514,7.715439395950606,118.96916738742036
1761,2,1761,112610000000.0,35.18343000178772,-97.43564290178772,7.99103363925045,-10.445803742717196,7.665540696428122,118.9080756145303
1762,2,1762,112620000000.0,35.183429449121064,-97.43564234912107,7.991675127338593,-11.11007696105165,7.615641998188698,118.84698384242569
1763,2,1763,112630000000.0,35.1834288964544,-97.4356417964544,7.992316615426737,-11.2,7.565743298666215,118.78589206953563
1764,2,1764,112640000000.0,35.18342834378774,-97.43564124378774,7.99295810351488,-11.2,7.515844599143734,118.72480029664558
1765,2,1765,112650000000.0,35.18342779112108,-97.43564069112108,7.993599591603024,-11.213168872465555,7.465945899621251,118.66370852454097
1766,2,1766,112660000000.0,35.18342723845442,-97.43564013845442,7.994241079691167,-11.429117174702997,7.4160472000987685,118.60261675165091
1767,2,1767,112670000000.0,35.18342668578776,-97.43563958578777,7.994882567779311,-11.58398793763251,7.366148501859343,118.54152497876086
1768,2,1768,112680000000.0,35.1834261331211,-97.4356390331211,7.995524055867454,-11.7,7.316249802336862,118.48043320665624
1769,2,1769,112690000000.0,35.18342558045444,-97.43563848045444,7.996165543955598,-11.895577000625492,7.2663511028143795,118.41934143376619
1770,2,1770,112700000000.0,35.18342502778778,-97.43563792778778,7.996807032043741,-12.023813932376122,7.216452403291897,118.35824966087614
1771,2,1771,112710000000.0,35.18342447512112,-97.43563737512112,7.9974485201318855,-12.254226820751446,7.166553703769414,118.29715788877152
1772,2,1772,112720000000.0,35.18342391706759,-97.43563682344701,7.998765529918781,-12.319706771704578,7.116744619405965,118.23547065170672
1773,2,1773,112730000000.0,35.18342332600878,-97.43563627785426,8.00422145743141,-12.547917757325003,7.067484602868574,118.17013501036996
1774,2,1774,112740000000.0,35.183422734949964,-97.43563573226152,8.009677384944037,-12.60503970332542,7.018224587614241,118.1047993690332
1775,2,1775,112750000000.0,35.18342214389115,-97.43563518666876,8.015133312456665,-12.710244669927471,6.9689645710768495,118.03946372769644
1776,2,1776,112760000000.0,35.183421552832336,-97.435634641076,8.020589239969292,-12.843714137542005,6.919704554539459,117.97412808635968
1777,2,1777,112770000000.0,35.18342096177352,-97.43563409548325,8.02604516748192,-13.22280988803028,6.870444538002069,117.90879244502293
1778,2,1778,112780000000.0,35.183420370714714,-97.4356335498905,8.031501094994548,-13.4,6.821184521464677,117.8434568044716
1779,2,1779,112790000000.0,35.1834197796559,-97.43563300429776,8.036957022507176,-13.4,6.771924506210344,117.77812116313484
1780,2,1780,112800000000.0,35.183419188597085,-97.435632458705,8.042412950019804,-13.433797562379098,6.722664489672954,117.71278552179808
1781,2,1781,112810000000.0,35.18341859753827,-97.43563191311225,8.047868877532432,-13.73809697839809,6.673404473135563,117.64744988046132
1782,2,1782,112820000000.0,35.18341800647946,-97.43563136751949,8.05332480504506,-14.052319556878425,6.624144456598172,117.58211423912456
1783,2,1783,112830000000.0,35.18341741542064,-97.43563082192674,8.058780732557688,-14.10798483196999,6.574884440060781,117.5167785977878
1784,2,1784,112840000000.0,35.18341682436183,-97.435630276334,8.064236660070316,-14.313661111802924,6.525624424806448,117.45144295645105
1785,2,1785,112850000000.0,35.183416233303014,-97.43562973074124,8.069692587582944,-14.521013739860365,6.476364408269057,117.38610731511429
1786,2,1786,112860000000.0,35.1834156422442,-97.43562918514849,8.075148515095572,-14.823011830776954,6.427104391731666,117.32077167377753
1787,2,1787,112870000000.0,35.183415051185385,-97.43562863955573,8.0806044426082,-15.1486549392814,6.377844375194275,117.25543603244077
1788,2,1788,112880000000.0,35.18341446012657,-97.43562809396299,8.086060370120826,-15.40808940013376,6.328584359939942,117.19010039110401
1789,2,1789,112890000000.0,35.183413869067756,-97.43562754837023,8.091516297633454,-15.802045736980961,6.279324343402552,117.12476474976725
1790,2,1790,112900000000.0,35.18341327800894,-97.43562700277748,8.096972225146082,-16.148272051895628,6.23006432686516,117.05942910843049
1791,2,1791,112910000000.0,35.18341268695013,-97.43562645718472,8.10242815265871,-16.478963473093266,6.18080431032777,116.99409346709373
1792,2,1792,112920000000.0,35.18341211279226,-97.43562592428746,8.102502171211784,-16.83904882833303,6.1326905338385505,116.93062605657062
1793,2,1793,112930000000.0,35.18341157067528,-97.43562541545838,8.092373143471667,-17.234367596686546,6.086749804027701,116.87070044572707
1794,2,1794,112940000000.0,35.18341102855831,-97.43562490662929,8.08224411573155,-17.6170493530261,6.04080907421685,116.81077483566895
1795,2,1795,112950000000.0,35.18341048644133,-97.43562439780018,8.072115087991435,-18.460078764204685,5.994868343122941,116.7508492248254
1796,2,1796,112960000000.0,35.18340994432435,-97.4356238889711,8.061986060251318,-18.6,5.94892761331209,116.69092361398185
1797,2,1797,112970000000.0,35.183409402207374,-97.435623380142,8.051857032511203,-18.6,5.9029868835012405,116.6309980031383
1798,2,1798,112980000000.0,35.183408860090395,-97.43562287131292,8.041728004771086,-18.84989191184383,5.85704615369039,116.57107239229475
1799,2,1799,112990000000.0,35.18340831797342,-97.43562236248383,8.031598977030969,-19.0,5.811105423879539,116.5111467814512
1800,2,1800,113000000000.0,35.183407775856445,-97.43562185365472,8.021469949290854,-19.60556998147366,5.765164692785631,116.45122117139309
1801,2,1801,113010000000.0,35.183407233739466,-97.43562134482563,8.011340921550737,-19.8986180326865,5.71922396297478,116.39129556054954
1802,2,1802,113020000000.0,35.18340669162249,-97.43562083599654,8.001211893810622,-20.17298482330405,5.673283233163929,116.33136994970599
1803,2,1803,113030000000.0,35.18340614950551,-97.43562032716746,7.991082866070505,-20.621631484694284,5.627342503353079,116.27144433886244
1804,2,1804,113040000000.0,35.18340560738853,-97.43561981833835,7.980953838330389,-20.918313730424742,5.581401772259171,116.21151872801889
1805,2,1805,113050000000.0,35.18340506527156,-97.43561930950926,7.970824810590272,-21.26953542070188,5.535461042448319,116.15159311796077
1806,2,1806,113060000000.0,35.18340452315458,-97.43561880068017,7.960695782850156,-21.515190049190064,5.489520312637469,116.09166750711722
1807,2,1807,113070000000.0,35.1834039810376,-97.43561829185109,7.95056675511004,-21.84834820647402,5.443579582826619,116.03174189627367
1808,2,1808,113080000000.0,35.18340343892062,-97.43561778302198,7.940437727369924,-22.228030892129375,5.39763885173271,115.97181628543012
1809,2,1809,113090000000.0,35.18340289680364,-97.4356172741929,7.930308699629808,-22.598013307029106,5.35169812192186,115.91189067458657
1810,2,1810,113100000000.0,35.18340235468666,-97.4356167653638,7.920179671889691,-22.979181761016072,5.305757392111009,115.85196506374302
1811,2,1811,113110000000.0,35.18340181256969,-97.43561625653471,7.910050644149575,-24.252576588634767,5.2598166623001585,115.79203945368491
1812,2,1812,113120000000.0,35.18340127045271,-97.43561574770561,7.899921616409459,-24.8,5.21387593120625,115.73211384284136
1813,2,1813,113130000000.0,35.18340071828221,-97.43561523275531,7.8916652586836955,-24.8,5.1673825345927344,115.67107691523248
1814,2,1814,113140000000.0,35.183400144416126,-97.43561470459538,7.88745013613627,-24.8,5.1196964781896375,115.60764175855411
1815,2,1815,113150000000.0,35.183399570550044,-97.43561417643544,7.883235013588844,-24.8,5.072010420503484,115.54420660187574
1816,2,1816,113160000000.0,35.18339899668396,-97.4356136482755,7.879019891041418,-25.077915606039543,5.024324364100388,115.48077144519738
1817,2,1817,113170000000.0,35.18339842281788,-97.43561312011558,7.874804768493992,-25.439702130177515,4.976638307697292,115.41733628851901
1818,2,1818,113180000000.0,35.1833978489518,-97.43561259195563,7.870589645946566,-25.91420389528317,4.928952250011138,115.35390113184064
1819,2,1819,113190000000.0,35.18339727508572,-97.4356120637957,7.8663745233991405,-26.325491920923614,4.881266193608042,115.29046597516228
1820,2,1820,113200000000.0,35.183396701219635,-97.43561153563577,7.862159400851715,-26.761925696360812,4.833580137204945,115.22703081848391
1821,2,1821,113210000000.0,35.183396127353554,-97.43561100747584,7.857944278304289,-26.999549995002045,4.785894080801849,115.16359566180554
1822,2,1822,113220000000.0,35.18339555348747,-97.4356104793159,7.853729155756863,-27.378917995340544,4.7382080231156944,115.10016050512718
1823,2,1823,113230000000.0,35.18339497962139,-97.43560995115597,7.849514033209437,-27.8970923632708,4.690521966712598,115.03672534844881
1824,2,1824,113240000000.0,35.18339440575531,-97.43560942299604,7.845298910662011,-28.222040859923606,4.642835910309502,114.97329019177045
1825,2,1825,113250000000.0,35.18339383188923,-97.4356088948361,7.841083788114585,-28.664487379407113,4.595149852623349,114.90985503509208
1826,2,1826,113260000000.0,35.183393258023145,-97.43560836667616,7.8368686655671596,-29.04452857253467,4.547463796220252,114.84641987841371
1827,2,1827,113270000000.0,35.18339268415706,-97.43560783851623,7.832653543019734,-30.0166699421866,4.499777739817156,114.78298472173535
1828,2,1828,113280000000.0,35.18339211029098,-97.4356073103563,7.828438420472308,-30.8,4.45209168341406,114.71954956505698
1829,2,1829,113290000000.0,35.1833915364249,-97.43560678219636,7.824223297924882,-30.8,4.404405625727906,114.65611440837861
1830,2,1830,113300000000.0,35.18339096255882,-97.43560625403643,7.820008175377455,-30.8,4.3567195693248095,114.59267925170025
1831,2,1831,113310000000.0,35.183390388692736,-97.4356057258765,7.8157930528300295,-31.05230602863033,4.309033512921713,114.52924409502188
1832,2,1832,113320000000.0,35.183389814826654,-97.43560519771655,7.811577930282604,-31.434915439140358,4.261347455235559,114.46580893834351
1833,2,1833,113330000000.0,35.1833892371373,-97.43560468169937,7.80665784353821,-31.6,4.21475773307169,114.40195115694152
1834,2,1834,113340000000.0,35.183388657160336,-97.43560417294766,7.801315950477537,-32.333011750655004,4.168823989509547,114.33784050351164
1835,2,1835,113350000000.0,35.18338807718337,-97.43560366419594,7.795974057416864,-32.5,4.122890244664346,114.27372985008176
1836,2,1836,113360000000.0,35.18338749720641,-97.43560315544423,7.79063216435619,-33.05546645779995,4.0769565011022015,114.20961919665189
1837,2,1837,113370000000.0,35.183386917229456,-97.4356026466925,7.785290271295517,-33.592726544667926,4.031022756257,114.14550854400744
1838,2,1838,113380000000.0,35.18338633725249,-97.43560213794078,7.779948378234844,-33.8,3.985089011411799,114.08139789057756
1839,2,1839,113390000000.0,35.18338575727553,-97.43560162918907,7.7746064851741705,-34.12830618227186,3.9391552678496553,114.01728723714768
1840,2,1840,113400000000.0,35.18338517729857,-97.43560112043734,7.7692645921134975,-34.560505136616705,3.893221523004454,113.9531765837178
1841,2,1841,113410000000.0,35.18338459732161,-97.43560061168563,7.7639226990528245,-34.99214053128327,3.8472877794423104,113.88906593107336
1842,2,1842,113420000000.0,35.18338401734465,-97.4356001029339,7.758580805992151,-35.42984077715882,3.801354034597109,113.82495527764348
1843,2,1843,113430000000.0,35.18338343736769,-97.43559959418218,7.753238912931478,-35.919299750967774,3.7554202897519073,113.7608446242136
1844,2,1844,113440000000.0,35.183382857390725,-97.43559908543047,7.747897019870805,-36.58267740867511,3.7094865461897633,113.69673397078373
1845,2,1845,113450000000.0,35.18338227741377,-97.43559857667874,7.742555126810131,-37.1,3.6635528013445624,113.63262331813928
1846,2,1846,113460000000.0,35.18338169743681,-97.43559806792703,7.737213233749458,-37.1,3.6176190577824188,113.5685126647094
1847,2,1847,113470000000.0,35.183381117459845,-97.4355975591753,7.731871340688785,-37.202474022705104,3.5716853129372175,113.50440201127952
1848,2,1848,113480000000.0,35.18338053748288,-97.43559705042358,7.726529447628111,-37.56400898684011,3.525751568092016,113.44029135784965
1849,2,1849,113490000000.0,35.18337995750593,-97.43559654167187,7.721187554567438,-37.97380845466805,3.4798178245298725,113.3761807052052
1850,2,1850,113500000000.0,35.183379377528965,-97.43559603292015,7.715845661506764,-38.34604415702606,3.433884079684671,113.31207005177532
1851,2,1851,113510000000.0,35.183378797552,-97.43559552416843,7.710503768446091,-38.64568282120227,3.387950336122527,113.24795939834544
1852,2,1852,113520000000.0,35.18337821757504,-97.43559501541671,7.705161875385418,-38.95365837491087,3.342016591277326,113.18384874491557
1853,2,1853,113530000000.0,35.18337763723003,-97.43559453999673,7.700448903742382,-39.422663538825404,3.2990922747449423,113.11969740757846
1854,2,1854,113540000000.0,35.183377056873525,-97.43559406561836,7.69575558587338,-39.81724607230066,3.256262002486474,113.05554479940923
1855,2,1855,113550000000.0,35.18337647651701,-97.43559359123999,7.691062268004377,-40.21959321531443,3.2134317302280064,112.99139219045458
1856,2,1856,113560000000.0,35.1833758961605,-97.43559311686163,7.686368950135375,-40.601571030327975,3.1706014579695383,112.92723958149992
1857,2,1857,113570000000.0,35.18337531580399,-97.43559264248327,7.681675632266373,-40.99313987100505,3.127771186994128,112.8630869733307
1858,2,1858,113580000000.0,35.18337473544748,-97.4355921681049,7.67698231439737,-41.55307280450388,3.0849409147356597,112.79893436437604
1859,2,1859,113590000000.0,35.183374155090966,-97.43559169372654,7.672288996528368,-42.023376039252064,3.0421106424771915,112.73478175542138
1860,2,1860,113600000000.0,35.18337357473446,-97.43559121934817,7.6675956786593655,-42.53822004344605,2.999280370218724,112.67062914725216
1861,2,1861,113610000000.0,35.18337299437795,-97.4355907449698,7.662902360790364,-44.37498616333026,2.9564500979602557,112.6064765382975
1862,2,1862,113620000000.0,35.183372414021434,-97.43559027059143,7.658209042921361,-46.2,2.9136198257017876,112.54232392934284
1863,2,1863,113630000000.0,35.18337183366493,-97.43558979621307,7.653515725052358,-46.2,2.8707895534433194,112.47817132117362
1864,2,1864,113640000000.0,35.183371253308415,-97.4355893218347,7.648822407183356,-46.2,2.8279592811848513,112.41401871221896
1865,2,1865,113650000000.0,35.1833706729519,-97.43558884745634,7.644129089314354,-46.2,2.7851290102094413,112.3498661032643
1866,2,1866,113660000000.0,35.183370092595396,-97.43558837307798,7.639435771445352,-46.2,2.742298737950973,112.28571349509508
1867,2,1867,113670000000.0,35.18336951223888,-97.43558789869961,7.634742453576349,-46.38217660269946,2.699468465692505,112.22156088614042
1868,2,1868,113680000000.0,35.18336893188237,-97.43558742432124,7.630049135707347,-46.94947544433141,2.6566381934340373,112.15740827718577
1869,2,1869,113690000000.0,35.183368351525864,-97.43558694994287,7.6253558178383445,-47.62752442634309,2.6138079211755687,112.09325566901654
1870,2,1870,113700000000.0,35.18336777116935,-97.4355864755645,7.620662499969342,-48.26421038702225,2.5709776489171006,112.02910306006189
1871,2,1871,113710000000.0,35.18336719081284,-97.43558600118614,7.61596918210034,-48.7435091094558,2.528147376658633,111.96495045110723
1872,2,1872,113720000000.0,35.18336660724364,-97.43558552925363,7.612188656997246,-49.21815265875655,2.485537934012184,111.90044271212372
1873,2,1873,113730000000.0,35.18336600606485,-97.43558507072743,7.613411393526228,-49.87862851365524,2.4441389086726897,111.83398840864342
1874,2,1874,113740000000.0,35.183365404886054,-97.43558461220123,7.61463413005521,-50.43967455109961,2.4027398833331954,111.76753410437769
1875,2,1875,113750000000.0,35.18336480370726,-97.43558415367502,7.615856866584191,-50.976432943908186,2.361340857993701,111.70107980089739
1876,2,1876,113760000000.0,35.183364202528466,-97.43558369514884,7.617079603113173,-52.07459364302065,2.319941833937265,111.63462549663166
1877,2,1877,113770000000.0,35.183363601349676,-97.43558323662263,7.618302339642154,-53.0,2.278542808597771,111.56817119315136
1878,2,1878,113780000000.0,35.183363000170885,-97.43558277809643,7.619525076171136,-53.0,2.2371437832582766,111.50171688967106
1879,2,1879,113790000000.0,35.18336239899209,-97.43558231957023,7.6207478127001185,-53.335358708892656,2.1957447579187828,111.43526258540533
1880,2,1880,113800000000.0,35.1833617978133,-97.43558186104404,7.6219705492291,-53.8857521671222,2.1543457338623457,111.36880828192503
1881,2,1881,113810000000.0,35.1833611966345,-97.43558140251784,7.623193285758082,-54.381958426479336,2.1129467085228515,111.3023539776593
1882,2,1882,113820000000.0,35.18336059545571,-97.43558094399164,7.624416022287063,-54.90447160677327,2.0715476831833577,111.235899674179
1883,2,1883,113830000000.0,35.18335999427691,-97.43558048546545,7.625638758816045,-55.58428487728405,2.030148659126921,111.16944536991326
1884,2,1884,113840000000.0,35.18335939309812,-97.43558002693925,7.626861495345027,-56.21353560561124,1.988749633787427,111.10299106643296
1885,2,1885,113850000000.0,35.183358791919325,-97.43557956841305,7.628084231874008,-56.83660095969453,1.9473506084479328,111.03653676216723
1886,2,1886,113860000000.0,35.183358190740535,-97.43557910988685,7.62930696840299,-57.40916895542947,1.9059515831084386,110.97008245868693
1887,2,1887,113870000000.0,35.18335758956174,-97.43557865136066,7.6305297049319725,-57.92513610890673,1.8645525590520022,110.9036281544212
1888,2,1888,113880000000.0,35.18335698838295,-97.43557819283446,7.631752441460954,-58.540991247444175,1.8231535337125082,110.8371738509409
1889,2,1889,113890000000.0,35.18335638720415,-97.43557773430825,7.632975177989936,-59.194829663769745,1.781754508373014,110.77071954667517
1890,2,1890,113900000000.0,35.18335578602536,-97.43557727578207,7.634197914518917,-59.79049016709059,1.7403554843165772,110.70426524319487
1891,2,1891,113910000000.0,35.18335518484657,-97.43557681725586,7.635420651047899,-60.241454443201576,1.6989564589770831,110.63781093971457
1892,2,1892,113920000000.0,35.183354603150676,-97.4355763904593,7.634253827515417,-60.63099572749922,1.660422212601147,110.57351027567677
1893,2,1893,113930000000.0,35.18335403899849,-97.43557599223423,7.630935285225321,-61.47175398857251,1.624467604879975,110.51114889280683
1894,2,1894,113940000000.0,35.1833534748463,-97.43557559400915,7.627616742935223,-62.7,1.5885129958757456,110.44878750993689
1895,2,1895,113950000000.0,35.183352910694104,-97.43557519578408,7.624298200645126,-62.7,1.552558388154574,110.38642612628152
1896,2,1896,113960000000.0,35.183352346541916,-97.43557479755901,7.620979658355028,-62.878372540274846,1.516603780433402,110.32406474341158
1897,2,1897,113970000000.0,35.18335178238973,-97.43557439933393,7.617661116064931,-63.264171373330555,1.4806491714291725,110.26170336054165
1898,2,1898,113980000000.0,35.18335121823754,-97.43557400110886,7.614342573774834,-63.70014906317089,1.4446945637080009,110.19934197767171
1899,2,1899,113990000000.0,35.18335065408535,-97.43557360288378,7.611024031484736,-64.22399546636545,1.4087399547037713,110.13698059480177
1900,2,1900,114000000000.0,35.183350089933164,-97.43557320465871,7.607705489194639,-64.64374585827849,1.3727853469825997,110.07461921193183
1901,2,1901,114010000000.0,35.183349525780976,-97.43557280643364,7.604386946904541,-65.0252556025971,1.3368307392614278,110.0122578290619
1902,2,1902,114020000000.0,35.18334896162878,-97.43557240820856,7.601068404614445,-65.26651720778294,1.3008761302571983,109.94989644540652
1903,2,1903,114030000000.0,35.18334839747659,-97.43557200998349,7.597749862324347,-65.70149402851793,1.2649215225360266,109.88753506253659
1904,2,1904,114040000000.0,35.183347833324405,-97.4355716117584,7.59443132003425,-66.0405824143892,1.228966913531797,109.82517367966665
1905,2,1905,114050000000.0,35.183347269172216,-97.43557121353334,7.5911127777441525,-66.33062747905213,1.1930123058106252,109.76281229679671
1906,2,1906,114060000000.0,35.18334670502003,-97.43557081530825,7.587794235454055,-66.56578583321654,1.157057696806396,109.70045091392677
1907,2,1907,114070000000.0,35.18334614086784,-97.43557041708318,7.584475693163958,-66.79003250455501,1.121103089085224,109.63808953105683
1908,2,1908,114080000000.0,35.183345576715645,-97.43557001885812,7.58115715087386,-66.99436689621953,1.0851484813640522,109.57572814740146
1909,2,1909,114090000000.0,35.18334501256346,-97.43556962063303,7.577838608583763,-67.32310471703974,1.0491938723598229,109.51336676453153
1910,2,1910,114100000000.0,35.18334444841127,-97.43556922240796,7.574520066293666,-67.63579334533013,1.013239264638651,109.45100538166159
1911,2,1911,114110000000.0,35.18334388425908,-97.43556882418288,7.571201524003569,-68.0,0.9772846556344216,109.38864399879165
1912,2,1912,114120000000.0,35.18334332010689,-97.43556842595781,7.567882981713471,-68.0,0.9413300479132499,109.32628261592171
1913,2,1913,114130000000.0,35.183342737235314,-97.4355680320029,7.565827695286083,-68.0,0.9057609810422056,109.26185199162788
1914,2,1914,114140000000.0,35.18334212981007,-97.43556764364907,7.5654293836514315,-68.0166691863647,0.870697618499048,109.19470720531649
1915,2,1915,114150000000.0,35.18334152238483,-97.43556725529523,7.5650310720167795,-68.11689615539015,0.8356342559558901,109.1275624190051
1916,2,1916,114160000000.0,35.18334091495959,-97.43556686694137,7.564632760382128,-68.21417581861861,0.8005708921296748,109.06041763269371
1917,2,1917,114170000000.0,35.183340307534344,-97.43556647858753,7.564234448747476,-68.29150101033095,0.765507529586517,108.99327284638233
1918,2,1918,114180000000.0,35.183339700109094,-97.43556609023369,7.563836137112825,-68.3978314337037,0.7304441670433593,108.9261280592855
1919,2,1919,114190000000.0,35.18333909268385,-97.43556570187984,7.563437825478174,-68.5,0.6953808032171439,108.85898327297411
1920,2,1920,114200000000.0,35.18333848525861,-97.435565313526,7.563039513843522,-68.5155395582581,0.6603174406739862,108.79183848666273
1921,2,1921,114210000000.0,35.18333787783337,-97.43556492517216,7.562641202208871,-68.59274907655485,0.6252540781308285,108.72469370035134
1922,2,1922,114220000000.0,35.183337270408124,-97.43556453681832,7.562242890574219,-68.7173368106215,0.5901907155876708,108.65754891403995
1923,2,1923,114230000000.0,35.18333666298288,-97.43556414846447,7.561844578939568,-68.8,0.5551273517614553,108.59040412772856
1924,2,1924,114240000000.0,35.18333605555764,-97.43556376011063,7.561446267304916,-68.88380477690785,0.5200639892182977,108.52325934141717
1925,2,1925,114250000000.0,35.1833354481324,-97.43556337175679,7.561047955670265,-69.09139508429215,0.4850006266751399,108.45611455510578
1926,2,1926,114260000000.0,35.183334840707154,-97.43556298340293,7.560649644035613,-69.21641305611479,0.44993726284892455,108.3889697687944
1927,2,1927,114270000000.0,35.18333423328191,-97.43556259504909,7.560251332400962,-69.47237073996189,0.4148739003057668,108.32182498248301
1928,2,1928,114280000000.0,35.18333362585667,-97.43556220669525,7.559853020766311,-69.7,0.3798105377626091,108.25468019617162
1929,2,1929,114290000000.0,35.183333018431426,-97.4355618183414,7.559454709131659,-69.7,0.34474717393639376,108.18753540986023
1930,2,1930,114300000000.0,35.183332411006184,-97.43556142998756,7.559056397497008,-69.91364161212057,0.309683811393236,108.12039062354884
1931,2,1931,114310000000.0,35.18333180358094,-97.43556104163372,7.558658085862356,-70.09998334104942,0.27462044885007825,108.05324583723745
1932,2,1932,114320000000.0,35.1833311961557,-97.43556065327988,7.558259774227705,-70.4157820105895,0.2395570863069205,107.98610105092607
1933,2,1933,114330000000.0,35.18333057343699,-97.43556027493722,7.5578549996741975,-70.6,0.2053976044931571,107.91726572487761
1934,2,1934,114340000000.0,35.18332992204121,-97.43555991536675,7.557438106373911,-70.87957800904485,0.17293301099378494,107.84526043535834
1935,2,1935,114350000000.0,35.18332927064543,-97.43555955579627,7.557021213073623,-71.20481576346542,0.14046841621135517,107.77325514583907
1936,2,1936,114360000000.0,35.18332861924965,-97.43555919622581,7.556604319773337,-71.41082523252561,0.10800382271198299,107.7012498563198
1937,2,1937,114370000000.0,35.18332796785386,-97.43555883665533,7.556187426473049,-71.81990036566057,0.0755392279295532,107.6292445660151
1938,2,1938,114380000000.0,35.18332731645808,-97.43555847708485,7.555770533172763,-72.1,0.043074633147123426,107.55723927649584
1939,2,1939,114390000000.0,35.1833266650623,-97.43555811751439,7.555353639872475,-72.36840469369706,0.01061003964775125,107.48523398697657
1940,2,1940,114400000000.0,35.18332601366652,-97.43555775794391,7.554936746572189,-72.67980682839173,-0.021854555134678533,107.4132286974573
1941,2,1941,114410000000.0,35.183325362270736,-97.43555739837345,7.554519853271901,-73.26488525752049,-0.054319148634050705,107.3412234071526
1942,2,1942,114420000000.0,35.183324710874956,-97.43555703880297,7.5541029599716145,-73.68053932968601,-0.08678374341648049,107.26921811763333
1943,2,1943,114430000000.0,35.183324059479176,-97.4355566792325,7.553686066671327,-74.04179275314279,-0.11924833691585265,107.19721282811406
1944,2,1944,114440000000.0,35.183323408083396,-97.43555631966203,7.55326917337104,-74.17855608584728,-0.15171293169828243,107.1252075385948
1945,2,1945,114450000000.0,35.183322756687616,-97.43555596009156,7.552852280070753,-74.598327445606,-0.18417752519765462,107.05320224907553
1946,2,1946,114460000000.0,35.18332210529183,-97.43555560052108,7.552435386770466,-74.89093503540866,-0.2166421199800844,106.98119695877082
1947,2,1947,114470000000.0,35.18332145389605,-97.43555524095062,7.552018493470179,-75.13226154943948,-0.24910671347945657,106.90919166925156
1948,2,1948,114480000000.0,35.18332080250027,-97.43555488138014,7.551601600169892,-75.52731359487856,-0.28157130826188637,106.83718637973229
1949,2,1949,114490000000.0,35.18332015110449,-97.43555452180968,7.551184706869605,-75.7,-0.3140359017612585,106.76518109021302
1950,2,1950,114500000000.0,35.1833194997087,-97.4355541622392,7.550767813569318,-75.7,-0.3465004965436883,106.69317579990832
1951,2,1951,114510000000.0,35.18331884831292,-97.43555380266874,7.550350920269031,-75.7,-0.3789650900430605,106.62117051038905
1952,2,1952,114520000000.0,35.183318202043345,-97.43555344868936,7.550054420365474,-75.7,-0.410924879920991,106.54973187140044
1953,2,1953,114530000000.0,35.1833175830408,-97.43555312444994,7.550398310669341,-75.71102239628229,-0.44019953429798114,106.48130732965896
1954,2,1954,114540000000.0,35.18331696403825,-97.43555280021052,7.5507422009732075,-75.8,-0.46947418867497126,106.41288278791748
1955,2,1955,114550000000.0,35.183316345035706,-97.43555247597108,7.551086091277074,-75.8,-0.49874884433501904,106.34445824696144
1956,2,1956,114560000000.0,35.18331572603316,-97.43555215173166,7.551429981580941,-75.8,-0.528023498712009,106.27603370521996
1957,2,1957,114570000000.0,35.18331510703061,-97.43555182749222,7.551773871884807,-75.78188427110994,-0.5572981543720569,106.20760916347848
1958,2,1958,114580000000.0,35.18331448802806,-97.4355515032528,7.552117762188674,-75.65598259420608,-0.5865728087490469,106.139184621737
1959,2,1959,114590000000.0,35.18331386902552,-97.43555117901336,7.55246165249254,-75.5,-0.6158474644090948,106.07076008078096
1960,2,1960,114600000000.0,35.18331325002297,-97.43555085477394,7.552805542796406,-75.46972800377398,-0.6451221187860848,106.00233553903948
1961,2,1961,114610000000.0,35.18331263102042,-97.43555053053451,7.553149433100273,-75.4,-0.674396773163075,105.933910997298
1962,2,1962,114620000000.0,35.18331201201787,-97.43555020629508,7.5534933234041395,-75.4,-0.7036714288231227,105.86548645555652
